[80000, 10000, 0, 0, 0, 0]
[80000, 10000, 0, 0, -0.840686274509804, 0.0015892566252135563]
[80000, 10000, 0, 0, -0.840686274509804, 0.0015892566252135563]
[80000, 10000, 0, 0, -0.840686274509804, 0.0015892566252135563]
[80000, 10000, 0, 0, -0.840686274509804, 0.0015892566252135563]
[80000, 10000, 0, 0, -0.840686274509804, 0.0015892566252135563]
[80000, 10000, 0, 0, -0.840686274509804, 0.0015892566252135563]
[80000, 10000, 0, 0, -0.840686274509804, 0.0015892566252135563]
[80000, 10000, 0, 0, -0.840686274509804, 0.0015892566252135563]
[80000, 10000, 0, 0, -0.840686274509804, 0.0007946283126067782]
[80000, 10000, 0, 0, -0.840686274509804, 0.0007946283126067782]
[80000, 10000, 0, 0, -0.840686274509804, 0.0015892566252135563]
[80000, 10000, 0, 0, -0.840686274509804, 0.0015892566252135563]
[80000, 10000, 0, 0, -0.840686274509804, 0.0015892566252135563]
[80000, 10000, 0, 0, -0.840686274509804, 0.0015892566252135563]
[80000, 10000, 0, 0, -0.840686274509804, 0.0015892566252135563]
[80000, 10000, 0, 0, -0.840686274509804, 0.0015892566252135563]
[80000, 10000, 0, 0, -0.840686274509804, 0.0015892566252135563]
[80000, 10000, 0, 0, -0.840686274509804, 0.0015892566252135563]
[80000, 10000, 0, 0, -0.840686274509804, 0.0015892566252135563]
[80000, 10000, 0, 0, -0.840686274509804, 0.0015892566252135563]
[80000, 10000, 0, 0, -0.840686274509804, 0.0015892566252135563]
[80000, 10000, 0, 0, -0.840686274509804, 0.0015892566252135563]
[80000, 10000, 0, 0, -0.840686274509804, 0.0015892566252135563]
[80000, 10000, 0, 0, -0.840686274509804, 0.0015892566252135563]
[80000, 10000, 0, 0, -0.840686274509804, 0.0015892566252135563]
[80000, 10000, 0, 0, -0.840686274509804, 0.0015892566252135563]
[80000, 10000, 0, 0, -0.840686274509804, 0.0015892566252135563]
[80000, 10000, 0, 0, -0.840686274509804, 0.0015892566252135563]
[80000, 10000, 0, 0, -0.840686274509804, 0.0015892566252135563]
[80000, 10000, 0, 0, -0.840686274509804, 0.0007946283126067782]
[80000, 10000, 0, 0, -0.840686274509804, 0.0007946283126067782]
[80000, 10000, 0, 0, -0.840686274509804, 0.0015892566252135563]
[80000, 10000, 0, 0, -0.840686274509804, 0.0015892566252135563]
[80000, 10000, 0, 0, -0.840686274509804, 0.0015892566252135563]
[80000, 10000, 0, 0, -0.840686274509804, 0.0015892566252135563]
[80000, 10000, 0, 0, -0.840686274509804, 0.0007946283126067782]
[80000, 10000, 0, 0, -0.840686274509804, 0.0007946283126067782]
[80000, 10000, 0, 0, -0.840686274509804, 0.0015892566252135563]
[80000, 10000, 0, 0, -0.840686274509804, 0.0015892566252135563]
[80000, 10000, 0, 0, -0.840686274509804, 0.0015892566252135563]
[80000, 10000, 0, 0, -0.840686274509804, 0.0015892566252135563]
[80000, 10000, 0, 0, -0.840686274509804, 0.0015892566252135563]
[80000, 10000, 0, 0, -0.840686274509804, 0.0015892566252135563]
[80000, 10000, 0, 0, -0.840686274509804, 0.0015892566252135563]
[80000, 10000, 0, 0, -0.840686274509804, 0.0015892566252135563]
[80000, 10000, 0, 0, -0.840686274509804, 0.0015892566252135563]
[80000, 10000, 0, 0, -0.840686274509804, 0.0015892566252135563]
[80000, 10000, 0, 0, -0.840686274509804, 0.0015892566252135563]
[80000, 10000, 0, 0, -0.840686274509804, 0.0015892566252135563]
[80000, 10000, 0, 0, -0.840686274509804, 0.0015892566252135563]
[80000, 10000, 0, 0, -0.840686274509804, 0.0015892566252135563]
[80000, 10000, 0, 0, -0.840686274509804, 0.0015892566252135563]
[80000, 10000, 0, 0, -0.840686274509804, 0.0015892566252135563]
[80000, 10000, 0, 0, -0.840686274509804, 0.0015892566252135563]
[80000, 10000, 0, 0, -0.840686274509804, 0.0007946283126067782]
[80000, 10000, 0, 0, -0.840686274509804, 0.0015892566252135563]
[80000, 10000, 0, 0, -0.840686274509804, 0.0015892566252135563]
[80000, 10000, 0, 0, -0.840686274509804, 0.0015892566252135563]
[80000, 10000, 0, 0, -0.840686274509804, 0.0015892566252135563]
[80000, 10000, 0, 0, -0.840686274509804, 0.0015892566252135563]
[80000, 10000, 0, 0, -0.840686274509804, 0.0007946283126067782]
[80000, 10000, 0, 0, -0.840686274509804, 0.0015892566252135563]
[80000, 10000, 0, 0, -0.840686274509804, 0.0015892566252135563]
[80000, 10000, 0, 0, -0.840686274509804, 0.0015892566252135563]
[80000, 10000, 0, 0, -0.840686274509804, 0.0015892566252135563]
[80000, 10000, 0, 0, -0.840686274509804, 0.0015892566252135563]
[80000, 10000, 0, 0, -0.840686274509804, 0.0007946283126067782]
[80000, 10000, 0, 0, -0.840686274509804, 0.0015892566252135563]
[80000, 10000, 0, 0, -0.840686274509804, 0.0015892566252135563]
[80000, 10000, 0, 0, -0.840686274509804, 0.0015892566252135563]
[80000, 10000, 0, 0, -0.840686274509804, 0.0015892566252135563]
[80000, 10000, 0, 0, -0.840686274509804, 0.0015892566252135563]
[80000, 10000, 0, 0, -0.840686274509804, 0.0015892566252135563]
[80000, 10000, 0, 0, -0.840686274509804, 0.0015892566252135563]
[80000, 10000, 0, 0, -0.840686274509804, 0.0015892566252135563]
[80000, 10000, 0, 0, -0.840686274509804, 0.0015892566252135563]
[80000, 10000, 0, 0, -0.840686274509804, 0.0015892566252135563]
[80000, 10000, 0, 0, -0.840686274509804, 0.0015892566252135563]
[80000, 10000, 0, 0, -0.840686274509804, 0.0015892566252135563]
[80000, 10000, 0, 0, -0.840686274509804, 0.0015892566252135563]
[80000, 10000, 0, 0, -0.840686274509804, 0.0015892566252135563]
[80000, 10000, 0, 0, -0.840686274509804, 0.0015892566252135563]
[80000, 10000, 0, 0, -0.840686274509804, 0.0015892566252135563]
[80000, 10000, 0, 0, -0.840686274509804, 0.0015892566252135563]
[80000, 10000, 0, 0, -0.840686274509804, 0.0007946283126067782]
[80000, 10000, 0, 0, -0.840686274509804, 0.0007946283126067782]
[80000, 10000, 0, 0, -0.840686274509804, 0.0015892566252135563]
[80000, 10000, 0, 0, -0.840686274509804, 0.0015892566252135563]
[80000, 10000, 0, 0, -0.840686274509804, 0.0015892566252135563]
[79950, 10000, 65522, 0, -0.840686274509804, 0.0015892566252135563]
[79775, 10000, 65500, 0, -0.840686274509804, 0.0015892566252135563]
[79588, 10000, 65481, 0, -0.7806372549019607, 0.0015892566252135563]
[79413, 10000, 65465, 0, -0.7806372549019607, 0.0015892566252135563]
[79231, 10000, 65452, 0, -0.7806372549019607, 0.0015892566252135563]
[79057, 10000, 65443, 0, -0.840686274509804, 0.0015892566252135563]
[78881, 10000, 65433, 0, -0.840686274509804, 0.0007946283126067782]
[78700, 10000, 65426, 0, -0.840686274509804, 0.0007946283126067782]
[78536, 10000, 65423, 0, -0.840686274509804, 0.0015892566252135563]
[78316, 10000, 65411, 0, -0.840686274509804, 0.0015892566252135563]
[78093, 10000, 65406, 0, -0.840686274509804, 0.0015892566252135563]
[77904, 10000, 65402, 0, -0.840686274509804, 0.0015892566252135563]
[77714, 10000, 65400, 0, -0.840686274509804, 0.0015892566252135563]
[77535, 10000, 65397, 0, -0.840686274509804, 0.0007946283126067782]
[77346, 10000, 65395, 0, -0.840686274509804, 0.0007946283126067782]
[77143, 10000, 65393, 0, -0.840686274509804, 0.0007946283126067782]
[76943, 10000, 65392, 0, -0.840686274509804, 0.0007946283126067782]
[76740, 10000, 65391, 0, -0.840686274509804, 0.0015892566252135563]
[76540, 10000, 65389, 0, -0.840686274509804, 0.0007946283126067782]
[76338, 10000, 65389, 0, -0.840686274509804, 0.0007946283126067782]
[76139, 10000, 65388, 0, -0.7806372549019607, 0.0007946283126067782]
[75939, 10000, 65388, 0, -0.7806372549019607, 0.0015892566252135563]
[75741, 10000, 65388, 0, -0.7806372549019607, 0.0015892566252135563]
[75538, 10000, 65388, 0, -0.7806372549019607, 0.0015892566252135563]
[75341, 10000, 65387, 0, -0.7806372549019607, 0.0015892566252135563]
[75138, 10000, 65387, 0, -0.7806372549019607, 0.0015892566252135563]
[74941, 10000, 65387, 0, -0.7806372549019607, 0.0015892566252135563]
[74740, 10000, 65387, 0, -0.7806372549019607, 0.0015892566252135563]
[74542, 10000, 65387, 0, -0.7806372549019607, 0.0015892566252135563]
[74342, 10000, 65387, 0, -0.7806372549019607, 0.0015892566252135563]
[74140, 10000, 65387, 0, -0.7806372549019607, 0.0015892566252135563]
[73942, 10000, 65387, 0, -0.7806372549019607, 0.0015892566252135563]
[73742, 10000, 65386, 0, -0.7806372549019607, 0.0015892566252135563]
[73541, 10000, 65386, 0, -0.7806372549019607, 0.0015892566252135563]
[73340, 10000, 65386, 0, -0.7806372549019607, 0.0023838849378203346]
[73137, 10000, 65386, 0, -0.7806372549019607, 0.0023838849378203346]
[72937, 10000, 65386, 0, -0.7806372549019607, 0.0023838849378203346]
[72733, 10000, 65386, 0, -0.7806372549019607, 0.0023838849378203346]
[72535, 10000, 65385, 0, -0.7806372549019607, 0.0023838849378203346]
[72332, 10000, 65386, 0, -0.7806372549019607, 0.0023838849378203346]
[72133, 10000, 65386, 0, -0.7806372549019607, 0.0023838849378203346]
[71931, 10000, 65386, 0, -0.7806372549019607, 0.0023838849378203346]
[71733, 10000, 65386, 0, -0.7806372549019607, 0.0023838849378203346]
[71534, 10000, 65386, 0, -0.7806372549019607, 0.0023838849378203346]
[71335, 10000, 65386, 0, -0.7806372549019607, 0.0023838849378203346]
[71134, 10000, 65386, 0, -0.7806372549019607, 0.0023838849378203346]
[70935, 10000, 65386, 0, -0.7806372549019607, 0.0023838849378203346]
[70734, 10000, 65386, 0, -0.7806372549019607, 0.0023838849378203346]
[70532, 10000, 65386, 0, -0.7806372549019607, 0.0023838849378203346]
[70335, 10000, 65386, 0, -0.7205882352941176, 0.0023838849378203346]
[70136, 10000, 65386, 0, -0.7205882352941176, 0.0023838849378203346]
[69935, 10000, 65386, 0, -0.7205882352941176, 0.0023838849378203346]
[69735, 10000, 65386, 0, -0.7205882352941176, 0.0023838849378203346]
[69532, 10000, 65386, 0, -0.7205882352941176, 0.0023838849378203346]
[69333, 10000, 65386, 0, -0.7205882352941176, 0.0031785132504271126]
[69131, 10000, 65386, 0, -0.7205882352941176, 0.0031785132504271126]
[68930, 10000, 65386, 0, -0.7205882352941176, 0.0031785132504271126]
[68726, 10000, 65386, 0, -0.7205882352941176, 0.0031785132504271126]
[68527, 10000, 65385, 0, -0.7205882352941176, 0.0031785132504271126]
[68324, 10000, 65386, 0, -0.7205882352941176, 0.0031785132504271126]
[68127, 10000, 65386, 0, -0.7205882352941176, 0.0031785132504271126]
[67923, 10000, 65386, 0, -0.7205882352941176, 0.0031785132504271126]
[67727, 10000, 65386, 0, -0.7205882352941176, 0.0031785132504271126]
[67528, 10000, 65386, 0, -0.7205882352941176, 0.0031785132504271126]
[67327, 10000, 65386, 0, -0.7205882352941176, 0.0031785132504271126]
[67128, 10000, 65386, 0, -0.7205882352941176, 0.0031785132504271126]
[66927, 10000, 65386, 0, -0.7205882352941176, 0.0031785132504271126]
[66726, 10000, 65386, 0, -0.7205882352941176, 0.0031785132504271126]
[66528, 10000, 65386, 0, -0.7205882352941176, 0.0031785132504271126]
[66328, 10000, 65386, 0, -0.7205882352941176, 0.0031785132504271126]
[66129, 10000, 65386, 0, -0.7205882352941176, 0.003973141563033891]
[65929, 10000, 65386, 0, -0.7205882352941176, 0.003973141563033891]
[65728, 10000, 65386, 0, -0.7205882352941176, 0.003973141563033891]
[65528, 10000, 65386, 0, -0.7205882352941176, 0.003973141563033891]
[65326, 10000, 65386, 0, -0.7205882352941176, 0.003973141563033891]
[65123, 10000, 65386, 0, -0.6605392156862745, 0.003973141563033891]
[64922, 10000, 65386, 0, -0.6605392156862745, 0.003973141563033891]
[64719, 10000, 65385, 0, -0.7205882352941176, 0.003973141563033891]
[64508, 10000, 65386, 0, -0.7205882352941176, 0.004767769875640669]
[64318, 10000, 65386, 0, -0.6605392156862745, 0.003973141563033891]
[64120, 10000, 65386, 0, -0.6605392156862745, 0.003973141563033891]
[63917, 10000, 65386, 0, -0.6605392156862745, 0.003973141563033891]
[63721, 10000, 65386, 0, -0.6605392156862745, 0.003973141563033891]
[63502, 10000, 65386, 0, -0.6605392156862745, 0.003973141563033891]
[63320, 10000, 65386, 0, -0.6605392156862745, 0.003973141563033891]
[63120, 10000, 65386, 0, -0.6605392156862745, 0.003973141563033891]
[62920, 10000, 65386, 0, -0.6605392156862745, 0.004767769875640669]
[62720, 10000, 65386, 0, -0.6605392156862745, 0.004767769875640669]
[62520, 10000, 65386, 0, -0.6605392156862745, 0.003973141563033891]
[62320, 10000, 65386, 0, -0.6605392156862745, 0.003973141563033891]
[62120, 10000, 65386, 0, -0.6605392156862745, 0.003973141563033891]
[61920, 10000, 65386, 0, -0.6605392156862745, 0.004767769875640669]
[61720, 10000, 65386, 0, -0.6605392156862745, 0.004767769875640669]
[61519, 10000, 65386, 0, -0.6605392156862745, 0.004767769875640669]
[61317, 10000, 65386, 0, -0.6605392156862745, 0.004767769875640669]
[61116, 10000, 65386, 0, -0.6605392156862745, 0.004767769875640669]
[60913, 10000, 65386, 0, -0.6605392156862745, 0.004767769875640669]
[60712, 10000, 65385, 0, -0.6605392156862745, 0.004767769875640669]
[60511, 10000, 65386, 0, -0.6605392156862745, 0.004767769875640669]
[60310, 10000, 65385, 0, -0.6605392156862745, 0.004767769875640669]
[60112, 10000, 65386, 0, -0.6605392156862745, 0.004767769875640669]
[59911, 10000, 65386, 0, -0.6004901960784313, 0.004767769875640669]
[59710, 10000, 65386, 0, -0.6004901960784313, 0.004767769875640669]
[59510, 10000, 65386, 0, -0.6004901960784313, 0.004767769875640669]
[59311, 10000, 65386, 0, -0.6004901960784313, 0.004767769875640669]
[59112, 10000, 65386, 0, -0.6004901960784313, 0.004767769875640669]
[58911, 10000, 65386, 0, -0.6004901960784313, 0.004767769875640669]
[58712, 10000, 65386, 0, -0.6004901960784313, 0.004767769875640669]
[58513, 10000, 65386, 0, -0.6004901960784313, 0.004767769875640669]
[58312, 10000, 65386, 0, -0.6004901960784313, 0.004767769875640669]
[58113, 10000, 65386, 0, -0.6004901960784313, 0.005562398188247448]
[57914, 10000, 65386, 0, -0.6004901960784313, 0.005562398188247448]
[57712, 10000, 65386, 0, -0.6004901960784313, 0.005562398188247448]
[57513, 10000, 65386, 0, -0.6004901960784313, 0.005562398188247448]
[57307, 10000, 65386, 0, -0.6004901960784313, 0.005562398188247448]
[57110, 10000, 65386, 0, -0.6004901960784313, 0.004767769875640669]
[56907, 10000, 65386, 0, -0.6004901960784313, 0.004767769875640669]
[56705, 10000, 65385, 0, -0.6004901960784313, 0.005562398188247448]
[56500, 10000, 65386, 0, -0.6004901960784313, 0.005562398188247448]
[56304, 10000, 65385, 0, -0.6004901960784313, 0.005562398188247448]
[56103, 10000, 65386, 0, -0.6004901960784313, 0.005562398188247448]
[55889, 10000, 65386, 0, -0.6004901960784313, 0.005562398188247448]
[55698, 10000, 65386, 0, -0.6004901960784313, 0.005562398188247448]
[55498, 10000, 65386, 0, -0.6004901960784313, 0.005562398188247448]
[55305, 10000, 65386, 0, -0.6004901960784313, 0.005562398188247448]
[55106, 10000, 65386, 0, -0.5404411764705882, 0.005562398188247448]
[54905, 10000, 65386, 0, -0.5404411764705882, 0.005562398188247448]
[54706, 10000, 65386, 0, -0.5404411764705882, 0.005562398188247448]
[54508, 10000, 65386, 0, -0.5404411764705882, 0.005562398188247448]
[54307, 10000, 65386, 0, -0.5404411764705882, 0.005562398188247448]
[54108, 10000, 65386, 0, -0.5404411764705882, 0.005562398188247448]
[53907, 10000, 65386, 0, -0.5404411764705882, 0.006357026500854225]
[53707, 10000, 65386, 0, -0.5404411764705882, 0.006357026500854225]
[53507, 10000, 65386, 0, -0.5404411764705882, 0.005562398188247448]
[53304, 10000, 65386, 0, -0.5404411764705882, 0.005562398188247448]
[53104, 10000, 65386, 0, -0.5404411764705882, 0.005562398188247448]
[52901, 10000, 65386, 0, -0.5404411764705882, 0.005562398188247448]
[52701, 10000, 65385, 0, -0.5404411764705882, 0.005562398188247448]
[52497, 10000, 65386, 0, -0.5404411764705882, 0.006357026500854225]
[52298, 10000, 65385, 0, -0.5404411764705882, 0.006357026500854225]
[52098, 10000, 65386, 0, -0.5404411764705882, 0.006357026500854225]
[51899, 10000, 65386, 0, -0.5404411764705882, 0.006357026500854225]
[51698, 10000, 65386, 0, -0.5404411764705882, 0.006357026500854225]
[51501, 10000, 65386, 0, -0.4803921568627451, 0.006357026500854225]
[51299, 10000, 65386, 0, -0.4803921568627451, 0.006357026500854225]
[51102, 10000, 65386, 0, -0.4803921568627451, 0.006357026500854225]
[50900, 10000, 65386, 0, -0.4803921568627451, 0.006357026500854225]
[50702, 10000, 65386, 0, -0.4803921568627451, 0.006357026500854225]
[50501, 10000, 65386, 0, -0.4803921568627451, 0.006357026500854225]
[50302, 10000, 65386, 0, -0.4803921568627451, 0.006357026500854225]
[50101, 10000, 65386, 0, -0.4803921568627451, 0.006357026500854225]
[49902, 10000, 65386, 0, -0.4803921568627451, 0.006357026500854225]
[49700, 10000, 65386, 0, -0.4803921568627451, 0.006357026500854225]
[49502, 10000, 65386, 0, -0.4803921568627451, 0.006357026500854225]
[49298, 10000, 65386, 0, -0.4803921568627451, 0.006357026500854225]
[49098, 10000, 65386, 0, -0.420343137254902, 0.006357026500854225]
[48895, 10000, 65386, 0, -0.420343137254902, 0.006357026500854225]
[48694, 10000, 65385, 0, -0.420343137254902, 0.006357026500854225]
[48493, 10000, 65386, 0, -0.420343137254902, 0.006357026500854225]
[48293, 10000, 65385, 0, -0.420343137254902, 0.006357026500854225]
[48093, 10000, 65386, 0, -0.420343137254902, 0.006357026500854225]
[47894, 10000, 65386, 0, -0.420343137254902, 0.006357026500854225]
[47691, 10000, 65386, 0, -0.420343137254902, 0.006357026500854225]
[47494, 10000, 65386, 0, -0.420343137254902, 0.006357026500854225]
[47293, 10000, 65386, 0, -0.420343137254902, 0.006357026500854225]
[47095, 10000, 65386, 0, -0.420343137254902, 0.006357026500854225]
[46895, 10000, 65386, 0, -0.3602941176470588, 0.007151654813461003]
[46694, 10000, 65386, 0, -0.3602941176470588, 0.007151654813461003]
[46496, 10000, 65386, 0, -0.3602941176470588, 0.007151654813461003]
[46295, 10000, 65386, 0, -0.3602941176470588, 0.007151654813461003]
[46096, 10000, 65386, 0, -0.3602941176470588, 0.007151654813461003]
[45897, 10000, 65386, 0, -0.3602941176470588, 0.007151654813461003]
[45696, 10000, 65386, 0, -0.3602941176470588, 0.007151654813461003]
[45496, 10000, 65386, 0, -0.3602941176470588, 0.007151654813461003]
[45293, 10000, 65386, 0, -0.3602941176470588, 0.007151654813461003]
[45093, 10000, 65386, 0, -0.3002450980392157, 0.007151654813461003]
[44890, 10000, 65386, 0, -0.3002450980392157, 0.007151654813461003]
[44689, 10000, 65385, 0, -0.3002450980392157, 0.007151654813461003]
[44486, 10000, 65386, 0, -0.3002450980392157, 0.007151654813461003]
[44288, 10000, 65386, 0, -0.3002450980392157, 0.007151654813461003]
[44083, 10000, 65386, 0, -0.3002450980392157, 0.007151654813461003]
[43885, 10000, 65386, 0, -0.3002450980392157, 0.007151654813461003]
[43629, 10000, 65400, 0, -0.3002450980392157, 0.007151654813461003]
[43627, 10000, 65421, 0, -0.3002450980392157, 0.007151654813461003]
[43624, 10000, 65441, 0, -0.3602941176470588, 0.007151654813461003]
[43623, 10000, 65456, 0, -0.3002450980392157, 0.007151654813461003]
[43621, 10000, 65469, 0, -0.3002450980392157, 0.007151654813461003]
[43620, 10000, 65480, -1, -0.3002450980392157, 0.007151654813461003]
[43619, 10000, 65494, 0, -0.3002450980392157, 0.007151654813461003]
[43619, 10000, 65501, 0, -0.3002450980392157, 0.007151654813461003]
[43619, 10000, 65507, 0, -0.3002450980392157, 0.007151654813461003]
[43618, 10000, 65512, 0, -0.3002450980392157, 0.007151654813461003]
[43618, 10000, 65516, 0, -0.3002450980392157, 0.007151654813461003]
[43618, 10000, 65519, 0, -0.3002450980392157, 0.007151654813461003]
[43618, 10000, 65522, 0, -0.3602941176470588, 0.007151654813461003]
[43633, 10000, 65530, 0, -0.3602941176470588, 0.007151654813461003]
[43648, 10000, 65533, 0, -0.3602941176470588, 0.007151654813461003]
[43666, 10000, 0, 0, -0.3602941176470588, 0.007151654813461003]
[43684, 10000, 2, 0, -0.3602941176470588, 0.007151654813461003]
[43703, 10000, 4, 0, -0.3602941176470588, 0.007151654813461003]
[43722, 10000, 6, 0, -0.3602941176470588, 0.007151654813461003]
[43742, 10000, 8, 0, -0.3602941176470588, 0.007151654813461003]
[43760, 10000, 9, 0, -0.3602941176470588, 0.007151654813461003]
[43778, 10000, 10, 0, -0.3602941176470588, 0.007151654813461003]
[43795, 10000, 11, 0, -0.3602941176470588, 0.007151654813461003]
[43814, 10000, 12, 0, -0.3602941176470588, 0.007151654813461003]
[43833, 10000, 12, 0, -0.3602941176470588, 0.007151654813461003]
[43850, 10000, 13, 0, -0.3602941176470588, 0.007151654813461003]
[43867, 10000, 13, 0, -0.3602941176470588, 0.007151654813461003]
[43904, 10000, 13, 0, -0.3602941176470588, 0.007151654813461003]
[43923, 10000, 13, 0, -0.420343137254902, 0.007151654813461003]
[43941, 10000, 13, 0, -0.420343137254902, 0.007151654813461003]
[43959, 10000, 13, 0, -0.420343137254902, 0.007151654813461003]
[43979, 10000, 14, 0, -0.420343137254902, 0.007151654813461003]
[43997, 10000, 14, 0, -0.420343137254902, 0.007151654813461003]
[44014, 10000, 14, 0, -0.420343137254902, 0.007151654813461003]
[44033, 10000, 14, 0, -0.420343137254902, 0.007151654813461003]
[44051, 10000, 15, 0, -0.420343137254902, 0.007151654813461003]
[44069, 10000, 15, 0, -0.420343137254902, 0.007151654813461003]
[44086, 10000, 15, 0, -0.420343137254902, 0.007151654813461003]
[44103, 10000, 15, 0, -0.420343137254902, 0.007151654813461003]
[44121, 10000, 15, 0, -0.420343137254902, 0.007151654813461003]
[44141, 10000, 15, 0, -0.420343137254902, 0.007151654813461003]
[44159, 10000, 15, 0, -0.420343137254902, 0.007151654813461003]
[44179, 10000, 15, 0, -0.420343137254902, 0.007151654813461003]
[44199, 10000, 15, 0, -0.420343137254902, 0.007151654813461003]
[44219, 10000, 15, 0, -0.420343137254902, 0.007151654813461003]
[44239, 10000, 15, 0, -0.420343137254902, 0.007151654813461003]
[44261, 10000, 15, 0, -0.420343137254902, 0.007151654813461003]
[44279, 10000, 15, 0, -0.420343137254902, 0.007151654813461003]
[44300, 10000, 15, 0, -0.420343137254902, 0.007151654813461003]
[44319, 10000, 15, 0, -0.420343137254902, 0.007151654813461003]
[44339, 10000, 15, 0, -0.420343137254902, 0.007151654813461003]
[44359, 10000, 15, 0, -0.420343137254902, 0.007151654813461003]
[44379, 10000, 15, 0, -0.420343137254902, 0.007151654813461003]
[44400, 10000, 15, 0, -0.4803921568627451, 0.007151654813461003]
[44419, 10000, 15, 0, -0.4803921568627451, 0.007151654813461003]
[44439, 10000, 15, 0, -0.4803921568627451, 0.007151654813461003]
[44460, 10000, 15, 0, -0.4803921568627451, 0.006357026500854225]
[44480, 10000, 15, 0, -0.4803921568627451, 0.006357026500854225]
[44499, 10000, 15, 0, -0.4803921568627451, 0.006357026500854225]
[44519, 10000, 15, 0, -0.4803921568627451, 0.006357026500854225]
[44540, 10000, 15, 0, -0.4803921568627451, 0.006357026500854225]
[44560, 10000, 15, 0, -0.4803921568627451, 0.006357026500854225]
[44579, 10000, 15, 0, -0.4803921568627451, 0.006357026500854225]
[44599, 10000, 15, 0, -0.4803921568627451, 0.006357026500854225]
[44620, 10000, 15, 0, -0.4803921568627451, 0.006357026500854225]
[44640, 10000, 15, 0, -0.4803921568627451, 0.006357026500854225]
[44659, 10000, 15, 0, -0.4803921568627451, 0.006357026500854225]
[44679, 10000, 15, 0, -0.4803921568627451, 0.006357026500854225]
[44700, 10000, 15, 0, -0.4803921568627451, 0.006357026500854225]
[44720, 10000, 15, 0, -0.4803921568627451, 0.007151654813461003]
[44739, 10000, 15, 0, -0.4803921568627451, 0.006357026500854225]
[44760, 10000, 15, 0, -0.4803921568627451, 0.006357026500854225]
[44781, 10000, 15, 0, -0.4803921568627451, 0.006357026500854225]
[44800, 10000, 15, 0, -0.4803921568627451, 0.006357026500854225]
[44820, 10000, 15, 0, -0.4803921568627451, 0.006357026500854225]
[44842, 10000, 15, 0, -0.4803921568627451, 0.006357026500854225]
[44862, 10000, 15, 0, -0.4803921568627451, 0.006357026500854225]
[44882, 10000, 15, 0, -0.4803921568627451, 0.006357026500854225]
[44901, 10000, 15, 0, -0.4803921568627451, 0.006357026500854225]
[44922, 10000, 15, 0, -0.4803921568627451, 0.006357026500854225]
[44943, 10000, 15, 0, -0.4803921568627451, 0.006357026500854225]
[44962, 10000, 15, 0, -0.4803921568627451, 0.006357026500854225]
[44983, 10000, 15, 0, -0.4803921568627451, 0.006357026500854225]
[45003, 10000, 15, 0, -0.4803921568627451, 0.006357026500854225]
[45024, 10000, 15, 0, -0.4803921568627451, 0.006357026500854225]
[45044, 10000, 15, 0, -0.4803921568627451, 0.006357026500854225]
[45063, 10000, 15, 0, -0.4803921568627451, 0.006357026500854225]
[45083, 10000, 15, 0, -0.4803921568627451, 0.006357026500854225]
[45104, 10000, 15, 0, -0.4803921568627451, 0.006357026500854225]
[45124, 10000, 15, 0, -0.5404411764705882, 0.006357026500854225]
[45144, 10000, 15, 0, -0.5404411764705882, 0.006357026500854225]
[45164, 10000, 15, 0, -0.5404411764705882, 0.006357026500854225]
[45184, 10000, 15, 0, -0.5404411764705882, 0.006357026500854225]
[45205, 10000, 15, 0, -0.5404411764705882, 0.006357026500854225]
[45224, 10000, 15, 0, -0.5404411764705882, 0.006357026500854225]
[45245, 10000, 15, 0, -0.5404411764705882, 0.006357026500854225]
[45265, 10000, 15, 0, -0.5404411764705882, 0.006357026500854225]
[45285, 10000, 15, 0, -0.5404411764705882, 0.006357026500854225]
[45305, 10000, 15, 0, -0.5404411764705882, 0.006357026500854225]
[45325, 10000, 15, 0, -0.5404411764705882, 0.006357026500854225]
[45346, 10000, 15, 0, -0.5404411764705882, 0.006357026500854225]
[45367, 10000, 15, 0, -0.5404411764705882, 0.006357026500854225]
[45387, 10000, 15, 0, -0.5404411764705882, 0.006357026500854225]
[45407, 10000, 15, 0, -0.5404411764705882, 0.006357026500854225]
[45427, 10000, 15, 0, -0.5404411764705882, 0.006357026500854225]
[45447, 10000, 15, 0, -0.5404411764705882, 0.006357026500854225]
[45467, 10000, 15, 0, -0.5404411764705882, 0.006357026500854225]
[45487, 10000, 15, 0, -0.5404411764705882, 0.006357026500854225]
[45509, 10000, 15, 0, -0.5404411764705882, 0.006357026500854225]
[45529, 10000, 15, 0, -0.5404411764705882, 0.006357026500854225]
[45548, 10000, 15, 0, -0.5404411764705882, 0.006357026500854225]
[45568, 10000, 15, 0, -0.5404411764705882, 0.006357026500854225]
[45589, 10000, 15, 0, -0.5404411764705882, 0.006357026500854225]
[45608, 10000, 15, 0, -0.5404411764705882, 0.006357026500854225]
[45628, 10000, 15, 0, -0.5404411764705882, 0.006357026500854225]
[45648, 10000, 15, 0, -0.5404411764705882, 0.006357026500854225]
[45669, 10000, 15, 0, -0.5404411764705882, 0.006357026500854225]
[45688, 10000, 15, 0, -0.5404411764705882, 0.006357026500854225]
[45708, 10000, 15, 0, -0.5404411764705882, 0.006357026500854225]
[45727, 10000, 15, 0, -0.5404411764705882, 0.006357026500854225]
[45748, 10000, 15, 0, -0.5404411764705882, 0.006357026500854225]
[45768, 10000, 15, 0, -0.5404411764705882, 0.006357026500854225]
[45788, 10000, 15, 0, -0.5404411764705882, 0.006357026500854225]
[45808, 10000, 15, 0, -0.5404411764705882, 0.006357026500854225]
[45829, 10000, 15, 0, -0.5404411764705882, 0.006357026500854225]
[45849, 10000, 15, 0, -0.5404411764705882, 0.006357026500854225]
[45868, 10000, 15, 0, -0.5404411764705882, 0.006357026500854225]
[45889, 10000, 15, 0, -0.5404411764705882, 0.006357026500854225]
[45909, 10000, 15, 0, -0.5404411764705882, 0.006357026500854225]
[45930, 10000, 15, 0, -0.5404411764705882, 0.006357026500854225]
[45949, 10000, 15, 0, -0.5404411764705882, 0.006357026500854225]
[45969, 10000, 15, 0, -0.5404411764705882, 0.006357026500854225]
[45990, 10000, 15, 0, -0.5404411764705882, 0.006357026500854225]
[46010, 10000, 15, 0, -0.5404411764705882, 0.006357026500854225]
[46029, 10000, 15, 0, -0.5404411764705882, 0.006357026500854225]
[46049, 10000, 15, 0, -0.5404411764705882, 0.006357026500854225]
[46070, 10000, 15, 0, -0.5404411764705882, 0.006357026500854225]
[46089, 10000, 15, 0, -0.5404411764705882, 0.006357026500854225]
[46108, 10000, 15, 0, -0.5404411764705882, 0.006357026500854225]
[46128, 10000, 15, 0, -0.5404411764705882, 0.006357026500854225]
[46150, 10000, 15, 0, -0.5404411764705882, 0.006357026500854225]
[46168, 10000, 15, 0, -0.5404411764705882, 0.006357026500854225]
[46187, 10000, 15, 0, -0.5404411764705882, 0.006357026500854225]
[46208, 10000, 15, 0, -0.6004901960784313, 0.006357026500854225]
[46228, 10000, 15, 0, -0.6004901960784313, 0.006357026500854225]
[46248, 10000, 15, 0, -0.6004901960784313, 0.006357026500854225]
[46267, 10000, 15, 0, -0.6004901960784313, 0.006357026500854225]
[46287, 10000, 15, 0, -0.6004901960784313, 0.006357026500854225]
[46308, 10000, 15, 0, -0.6004901960784313, 0.006357026500854225]
[46327, 10000, 15, 0, -0.6004901960784313, 0.006357026500854225]
[46347, 10000, 15, 0, -0.6004901960784313, 0.006357026500854225]
[46367, 10000, 15, 0, -0.6004901960784313, 0.006357026500854225]
[46388, 10000, 15, 0, -0.6004901960784313, 0.006357026500854225]
[46407, 10000, 15, 0, -0.6004901960784313, 0.006357026500854225]
[46427, 10000, 15, 0, -0.6004901960784313, 0.006357026500854225]
[46449, 10000, 15, 0, -0.6004901960784313, 0.006357026500854225]
[46468, 10000, 15, 0, -0.6004901960784313, 0.006357026500854225]
[46487, 10000, 15, 0, -0.6004901960784313, 0.006357026500854225]
[46507, 10000, 15, 0, -0.6004901960784313, 0.006357026500854225]
[46527, 10000, 15, 0, -0.6004901960784313, 0.006357026500854225]
[46548, 10000, 15, 0, -0.6004901960784313, 0.006357026500854225]
[46567, 10000, 15, 0, -0.6004901960784313, 0.006357026500854225]
[46586, 10000, 15, 0, -0.6004901960784313, 0.006357026500854225]
[46606, 10000, 15, 0, -0.6004901960784313, 0.006357026500854225]
[46627, 10000, 15, 0, -0.6004901960784313, 0.006357026500854225]
[46646, 10000, 15, 0, -0.6004901960784313, 0.006357026500854225]
[46666, 10000, 15, 0, -0.6004901960784313, 0.006357026500854225]
[46686, 10000, 15, 0, -0.6004901960784313, 0.006357026500854225]
[46706, 10000, 15, 0, -0.6004901960784313, 0.006357026500854225]
[46726, 10000, 15, 0, -0.6004901960784313, 0.006357026500854225]
[46745, 10000, 15, 0, -0.6004901960784313, 0.006357026500854225]
[46765, 10000, 15, 0, -0.6004901960784313, 0.006357026500854225]
[46786, 10000, 15, 0, -0.6004901960784313, 0.006357026500854225]
[46806, 10000, 15, 0, -0.6004901960784313, 0.006357026500854225]
[46825, 10000, 15, 0, -0.6004901960784313, 0.006357026500854225]
[46845, 10000, 15, 0, -0.6004901960784313, 0.006357026500854225]
[46866, 10000, 15, 0, -0.6004901960784313, 0.006357026500854225]
[46886, 10000, 15, 0, -0.6004901960784313, 0.006357026500854225]
[46906, 10000, 15, 0, -0.6004901960784313, 0.006357026500854225]
[46926, 10000, 15, 0, -0.6004901960784313, 0.006357026500854225]
[46947, 10000, 15, 0, -0.6004901960784313, 0.006357026500854225]
[46966, 10000, 15, 0, -0.6004901960784313, 0.006357026500854225]
[46986, 10000, 15, 0, -0.6004901960784313, 0.006357026500854225]
[47006, 10000, 15, 0, -0.6004901960784313, 0.006357026500854225]
[47027, 10000, 15, 0, -0.6004901960784313, 0.006357026500854225]
[47047, 10000, 15, 0, -0.6004901960784313, 0.006357026500854225]
[47066, 10000, 15, 0, -0.6004901960784313, 0.006357026500854225]
[47086, 10000, 15, 0, -0.6004901960784313, 0.006357026500854225]
[47106, 10000, 15, 0, -0.6004901960784313, 0.006357026500854225]
[47126, 10000, 15, 0, -0.6004901960784313, 0.006357026500854225]
[47145, 10000, 15, 0, -0.6004901960784313, 0.006357026500854225]
[47165, 10000, 15, 0, -0.6004901960784313, 0.006357026500854225]
[47186, 10000, 15, 0, -0.6004901960784313, 0.006357026500854225]
[47205, 10000, 15, 0, -0.6004901960784313, 0.006357026500854225]
[47225, 10000, 15, 0, -0.6004901960784313, 0.006357026500854225]
[47245, 10000, 15, 0, -0.6004901960784313, 0.006357026500854225]
[47266, 10000, 15, 0, -0.6004901960784313, 0.006357026500854225]
[47285, 10000, 15, 0, -0.6004901960784313, 0.006357026500854225]
[47305, 10000, 15, 0, -0.6004901960784313, 0.006357026500854225]
[47325, 10000, 15, 0, -0.6004901960784313, 0.006357026500854225]
[47347, 10000, 15, 0, -0.6004901960784313, 0.006357026500854225]
[47366, 10000, 15, 0, -0.6004901960784313, 0.006357026500854225]
[47385, 10000, 15, 0, -0.6004901960784313, 0.006357026500854225]
[47406, 10000, 15, 0, -0.6004901960784313, 0.006357026500854225]
[47427, 10000, 15, 0, -0.6004901960784313, 0.006357026500854225]
[47447, 10000, 15, 0, -0.6004901960784313, 0.006357026500854225]
[47466, 10000, 15, 0, -0.6004901960784313, 0.006357026500854225]
[47486, 10000, 15, 0, -0.6004901960784313, 0.006357026500854225]
[47507, 10000, 15, 0, -0.6004901960784313, 0.006357026500854225]
[47526, 10000, 15, 0, -0.6004901960784313, 0.006357026500854225]
[47546, 10000, 15, 0, -0.6004901960784313, 0.006357026500854225]
[47566, 10000, 15, 0, -0.6004901960784313, 0.006357026500854225]
[47586, 10000, 15, 0, -0.6004901960784313, 0.006357026500854225]
[47606, 10000, 15, 0, -0.6004901960784313, 0.006357026500854225]
[47625, 10000, 15, 0, -0.6004901960784313, 0.006357026500854225]
[47645, 10000, 15, 0, -0.6004901960784313, 0.006357026500854225]
[47666, 10000, 15, 0, -0.6004901960784313, 0.006357026500854225]
[47685, 10000, 15, 0, -0.6004901960784313, 0.006357026500854225]
[47705, 10000, 15, 0, -0.6004901960784313, 0.006357026500854225]
[47724, 10000, 15, 0, -0.6004901960784313, 0.006357026500854225]
[47745, 10000, 15, 0, -0.6004901960784313, 0.006357026500854225]
[47765, 10000, 15, 0, -0.6004901960784313, 0.006357026500854225]
[47784, 10000, 15, 0, -0.6004901960784313, 0.005562398188247448]
[47804, 10000, 15, 0, -0.6004901960784313, 0.006357026500854225]
[47825, 10000, 15, 0, -0.6004901960784313, 0.006357026500854225]
[47845, 10000, 15, 0, -0.6004901960784313, 0.006357026500854225]
[47864, 10000, 15, 0, -0.6605392156862745, 0.005562398188247448]
[47885, 10000, 15, 0, -0.6605392156862745, 0.005562398188247448]
[47905, 10000, 15, 0, -0.6605392156862745, 0.005562398188247448]
[47925, 10000, 15, 0, -0.6605392156862745, 0.005562398188247448]
[47945, 10000, 15, 0, -0.6605392156862745, 0.005562398188247448]
[47965, 10000, 15, 0, -0.6605392156862745, 0.005562398188247448]
[47986, 10000, 15, 0, -0.6605392156862745, 0.005562398188247448]
[48005, 10000, 15, 0, -0.6605392156862745, 0.005562398188247448]
[48025, 10000, 15, 0, -0.6605392156862745, 0.005562398188247448]
[48045, 10000, 15, 0, -0.6605392156862745, 0.005562398188247448]
[48066, 10000, 15, 0, -0.6605392156862745, 0.005562398188247448]
[48085, 10000, 15, 0, -0.6605392156862745, 0.005562398188247448]
[48104, 10000, 15, 0, -0.6605392156862745, 0.005562398188247448]
[48125, 10000, 15, 0, -0.6605392156862745, 0.005562398188247448]
[48145, 10000, 15, 0, -0.6605392156862745, 0.005562398188247448]
[48165, 10000, 15, 0, -0.6605392156862745, 0.005562398188247448]
[48184, 10000, 15, 0, -0.6605392156862745, 0.005562398188247448]
[48204, 10000, 15, 0, -0.6605392156862745, 0.005562398188247448]
[48225, 10000, 15, 0, -0.6605392156862745, 0.005562398188247448]
[48244, 10000, 15, 0, -0.6605392156862745, 0.005562398188247448]
[48264, 10000, 15, 0, -0.6605392156862745, 0.005562398188247448]
[48284, 10000, 15, 0, -0.6605392156862745, 0.005562398188247448]
[48305, 10000, 15, 0, -0.6605392156862745, 0.005562398188247448]
[48324, 10000, 15, 0, -0.6605392156862745, 0.005562398188247448]
[48344, 10000, 15, 0, -0.6605392156862745, 0.005562398188247448]
[48364, 10000, 15, 0, -0.6605392156862745, 0.005562398188247448]
[48385, 10000, 15, 0, -0.6605392156862745, 0.005562398188247448]
[48404, 10000, 15, 0, -0.6605392156862745, 0.005562398188247448]
[48427, 10000, 15, 0, -0.6605392156862745, 0.005562398188247448]
[48444, 10000, 15, 0, -0.6605392156862745, 0.005562398188247448]
[48465, 10000, 15, 0, -0.6605392156862745, 0.005562398188247448]
[48485, 10000, 15, 0, -0.6605392156862745, 0.005562398188247448]
[48504, 10000, 15, 0, -0.6605392156862745, 0.005562398188247448]
[48525, 10000, 15, 0, -0.6605392156862745, 0.005562398188247448]
[48545, 10000, 15, 0, -0.6605392156862745, 0.005562398188247448]
[48565, 10000, 15, 0, -0.6605392156862745, 0.005562398188247448]
[48584, 10000, 15, 0, -0.6605392156862745, 0.005562398188247448]
[48605, 10000, 15, 0, -0.6605392156862745, 0.005562398188247448]
[48626, 10000, 15, 0, -0.6605392156862745, 0.005562398188247448]
[48645, 10000, 15, 0, -0.6605392156862745, 0.005562398188247448]
[48664, 10000, 15, 0, -0.6605392156862745, 0.005562398188247448]
[48685, 10000, 15, 0, -0.6605392156862745, 0.005562398188247448]
[48706, 10000, 15, 0, -0.6605392156862745, 0.005562398188247448]
[48725, 10000, 15, 0, -0.6605392156862745, 0.005562398188247448]
[48745, 10000, 15, 0, -0.6605392156862745, 0.005562398188247448]
[48765, 10000, 15, 0, -0.6605392156862745, 0.005562398188247448]
[48786, 10000, 15, 0, -0.6605392156862745, 0.005562398188247448]
[48806, 10000, 15, 0, -0.6605392156862745, 0.005562398188247448]
[48826, 10000, 15, 0, -0.6605392156862745, 0.005562398188247448]
[48846, 10000, 15, 0, -0.6605392156862745, 0.005562398188247448]
[48868, 10000, 15, 0, -0.6605392156862745, 0.005562398188247448]
[48887, 10000, 15, 0, -0.6605392156862745, 0.005562398188247448]
[48907, 10000, 15, 0, -0.6605392156862745, 0.005562398188247448]
[48928, 10000, 15, 0, -0.6605392156862745, 0.005562398188247448]
[48948, 10000, 15, 0, -0.6605392156862745, 0.005562398188247448]
[48968, 10000, 15, 0, -0.6605392156862745, 0.005562398188247448]
[48988, 10000, 15, 0, -0.6605392156862745, 0.005562398188247448]
[49009, 10000, 15, 0, -0.6605392156862745, 0.005562398188247448]
[49030, 10000, 15, 0, -0.6605392156862745, 0.005562398188247448]
[49049, 10000, 15, 0, -0.6605392156862745, 0.005562398188247448]
[49069, 10000, 15, 0, -0.6605392156862745, 0.005562398188247448]
[49089, 10000, 15, 0, -0.6605392156862745, 0.005562398188247448]
[49110, 10000, 15, 0, -0.6605392156862745, 0.005562398188247448]
[49130, 10000, 15, 0, -0.6605392156862745, 0.005562398188247448]
[49149, 10000, 15, 0, -0.6605392156862745, 0.005562398188247448]
[49170, 10000, 15, 0, -0.6605392156862745, 0.005562398188247448]
[49191, 10000, 15, 0, -0.6605392156862745, 0.005562398188247448]
[49210, 10000, 15, 0, -0.6605392156862745, 0.005562398188247448]
[49230, 10000, 15, 0, -0.6605392156862745, 0.005562398188247448]
[49251, 10000, 15, 0, -0.6605392156862745, 0.005562398188247448]
[49273, 10000, 15, 0, -0.6605392156862745, 0.005562398188247448]
[49291, 10000, 15, 0, -0.6605392156862745, 0.005562398188247448]
[49312, 10000, 15, 0, -0.6605392156862745, 0.005562398188247448]
[49332, 10000, 15, 0, -0.6605392156862745, 0.005562398188247448]
[49354, 10000, 15, 0, -0.6605392156862745, 0.005562398188247448]
[49372, 10000, 15, 0, -0.6605392156862745, 0.005562398188247448]
[49392, 10000, 15, 0, -0.6605392156862745, 0.005562398188247448]
[49413, 10000, 15, 0, -0.6605392156862745, 0.005562398188247448]
[49434, 10000, 15, 0, -0.6605392156862745, 0.005562398188247448]
[49453, 10000, 15, 0, -0.6605392156862745, 0.005562398188247448]
[49472, 10000, 15, 0, -0.6605392156862745, 0.005562398188247448]
[49493, 10000, 15, 0, -0.6605392156862745, 0.005562398188247448]
[49514, 10000, 16, 0, -0.6605392156862745, 0.005562398188247448]
[49533, 10000, 15, 0, -0.6605392156862745, 0.005562398188247448]
[49553, 10000, 15, 0, -0.6605392156862745, 0.005562398188247448]
[49575, 10000, 15, 0, -0.6605392156862745, 0.005562398188247448]
[49602, 10000, 13, 0, -0.6605392156862745, 0.005562398188247448]
[49597, 10000, 10, 0, -0.6605392156862745, 0.005562398188247448]
[49595, 10000, 8, 0, -0.6605392156862745, 0.005562398188247448]
[49593, 10000, 7, 0, -0.6605392156862745, 0.005562398188247448]
[49592, 10000, 6, 0, -0.6605392156862745, 0.005562398188247448]
[49592, 10000, 5, 0, -0.6605392156862745, 0.005562398188247448]
[49592, 10000, 4, 0, -0.6605392156862745, 0.005562398188247448]
[49596, 10000, 2, 0, -0.6605392156862745, 0.005562398188247448]
[49579, 10000, 65535, 0, -0.6605392156862745, 0.005562398188247448]
[49561, 10000, 65533, 0, -0.6605392156862745, 0.005562398188247448]
[49539, 10000, 65531, 0, -0.6605392156862745, 0.005562398188247448]
[49521, 10000, 65529, 0, -0.6605392156862745, 0.005562398188247448]
[49500, 10000, 65528, 0, -0.6605392156862745, 0.005562398188247448]
[49481, 10000, 65526, 0, -0.6605392156862745, 0.005562398188247448]
[49462, 10000, 65525, 0, -0.6605392156862745, 0.005562398188247448]
[49442, 10000, 65525, 0, -0.6605392156862745, 0.005562398188247448]
[49425, 10000, 65524, 0, -0.6605392156862745, 0.005562398188247448]
[49406, 10000, 65524, 0, -0.6605392156862745, 0.005562398188247448]
[49385, 10000, 65523, 0, -0.6605392156862745, 0.005562398188247448]
[49367, 10000, 65523, 0, -0.6605392156862745, 0.005562398188247448]
[49350, 10000, 65522, 0, -0.6605392156862745, 0.005562398188247448]
[49331, 10000, 65522, 0, -0.6605392156862745, 0.005562398188247448]
[49313, 10000, 65522, 0, -0.6605392156862745, 0.005562398188247448]
[49289, 10000, 65522, 0, -0.6605392156862745, 0.005562398188247448]
[49271, 10000, 65522, 0, -0.6605392156862745, 0.005562398188247448]
[49254, 10000, 65521, 0, -0.6605392156862745, 0.005562398188247448]
[49235, 10000, 65521, 0, -0.6605392156862745, 0.005562398188247448]
[49217, 10000, 65521, 0, -0.6605392156862745, 0.005562398188247448]
[49199, 10000, 65521, 0, -0.6605392156862745, 0.005562398188247448]
[49180, 10000, 65521, 0, -0.6605392156862745, 0.005562398188247448]
[49159, 10000, 65521, 0, -0.6605392156862745, 0.005562398188247448]
[49141, 10000, 65521, 0, -0.6605392156862745, 0.005562398188247448]
[49122, 10000, 65521, 0, -0.6605392156862745, 0.005562398188247448]
[49104, 10000, 65521, 0, -0.6605392156862745, 0.005562398188247448]
[49085, 10000, 65521, 0, -0.6605392156862745, 0.005562398188247448]
[49065, 10000, 65521, 0, -0.6605392156862745, 0.005562398188247448]
[49045, 10000, 65521, 0, -0.6605392156862745, 0.005562398188247448]
[49025, 10000, 65521, 0, -0.6605392156862745, 0.005562398188247448]
[49005, 10000, 65521, 0, -0.6004901960784313, 0.005562398188247448]
[48984, 10000, 65521, 0, -0.6004901960784313, 0.005562398188247448]
[48964, 10000, 65521, 0, -0.6004901960784313, 0.005562398188247448]
[48944, 10000, 65521, 0, -0.6004901960784313, 0.005562398188247448]
[48924, 10000, 65521, 0, -0.6004901960784313, 0.005562398188247448]
[48903, 10000, 65521, 0, -0.6004901960784313, 0.005562398188247448]
[48883, 10000, 65521, 0, -0.6004901960784313, 0.005562398188247448]
[48863, 10000, 65521, 0, -0.6004901960784313, 0.005562398188247448]
[48843, 10000, 65521, 0, -0.6004901960784313, 0.005562398188247448]
[48822, 10000, 65521, 0, -0.6004901960784313, 0.005562398188247448]
[48802, 10000, 65521, 0, -0.6004901960784313, 0.005562398188247448]
[48783, 10000, 65521, 0, -0.6004901960784313, 0.005562398188247448]
[48762, 10000, 65521, 0, -0.6004901960784313, 0.005562398188247448]
[48741, 10000, 65521, 0, -0.6004901960784313, 0.005562398188247448]
[48722, 10000, 65521, 0, -0.6004901960784313, 0.005562398188247448]
[48702, 10000, 65521, 0, -0.6004901960784313, 0.005562398188247448]
[48681, 10000, 65521, 0, -0.6004901960784313, 0.005562398188247448]
[48661, 10000, 65521, 0, -0.6004901960784313, 0.005562398188247448]
[48641, 10000, 65521, 0, -0.6004901960784313, 0.005562398188247448]
[48622, 10000, 65521, 0, -0.6004901960784313, 0.005562398188247448]
[48601, 10000, 65521, 0, -0.6004901960784313, 0.005562398188247448]
[48581, 10000, 65521, 0, -0.6004901960784313, 0.005562398188247448]
[48561, 10000, 65521, 0, -0.6004901960784313, 0.005562398188247448]
[48542, 10000, 65521, 0, -0.6004901960784313, 0.005562398188247448]
[48521, 10000, 65521, 0, -0.6004901960784313, 0.005562398188247448]
[48501, 10000, 65521, 0, -0.6004901960784313, 0.005562398188247448]
[48481, 10000, 65521, 0, -0.6004901960784313, 0.005562398188247448]
[48462, 10000, 65521, 0, -0.6004901960784313, 0.005562398188247448]
[48441, 10000, 65521, 0, -0.6004901960784313, 0.005562398188247448]
[48421, 10000, 65521, 0, -0.6004901960784313, 0.005562398188247448]
[48401, 10000, 65521, 0, -0.6004901960784313, 0.005562398188247448]
[48381, 10000, 65521, 0, -0.6004901960784313, 0.005562398188247448]
[48361, 10000, 65521, 0, -0.6004901960784313, 0.005562398188247448]
[48340, 10000, 65521, 0, -0.6004901960784313, 0.005562398188247448]
[48321, 10000, 65521, 0, -0.6004901960784313, 0.005562398188247448]
[48301, 10000, 65521, 0, -0.6004901960784313, 0.005562398188247448]
[48280, 10000, 65521, 0, -0.6004901960784313, 0.005562398188247448]
[48260, 10000, 65521, 0, -0.6004901960784313, 0.005562398188247448]
[48241, 10000, 65521, 0, -0.6004901960784313, 0.005562398188247448]
[48221, 10000, 65521, 0, -0.6004901960784313, 0.005562398188247448]
[48199, 10000, 65521, 0, -0.6004901960784313, 0.005562398188247448]
[48181, 10000, 65521, 0, -0.6004901960784313, 0.005562398188247448]
[48161, 10000, 65521, 0, -0.6004901960784313, 0.005562398188247448]
[48141, 10000, 65521, 0, -0.6004901960784313, 0.005562398188247448]
[48121, 10000, 65521, 0, -0.6004901960784313, 0.005562398188247448]
[48101, 10000, 65521, 0, -0.6004901960784313, 0.005562398188247448]
[48081, 10000, 65521, 0, -0.6004901960784313, 0.005562398188247448]
[48062, 10000, 65521, 0, -0.6004901960784313, 0.005562398188247448]
[48041, 10000, 65521, 0, -0.6004901960784313, 0.005562398188247448]
[48021, 10000, 65521, 0, -0.6004901960784313, 0.005562398188247448]
[48001, 10000, 65521, 0, -0.6004901960784313, 0.005562398188247448]
[47982, 10000, 65521, 0, -0.6004901960784313, 0.005562398188247448]
[47961, 10000, 65521, 0, -0.6004901960784313, 0.005562398188247448]
[47941, 10000, 65521, 0, -0.6004901960784313, 0.005562398188247448]
[47922, 10000, 65521, 0, -0.6004901960784313, 0.005562398188247448]
[47900, 10000, 65521, 0, -0.6004901960784313, 0.005562398188247448]
[47881, 10000, 65521, 0, -0.6004901960784313, 0.005562398188247448]
[47861, 10000, 65521, 0, -0.6004901960784313, 0.005562398188247448]
[47841, 10000, 65521, 0, -0.6004901960784313, 0.005562398188247448]
[47822, 10000, 65521, 0, -0.6004901960784313, 0.005562398188247448]
[47801, 10000, 65521, 0, -0.6004901960784313, 0.005562398188247448]
[47781, 10000, 65521, 0, -0.6004901960784313, 0.005562398188247448]
[47761, 10000, 65521, 0, -0.6004901960784313, 0.005562398188247448]
[47741, 10000, 65521, 0, -0.6004901960784313, 0.005562398188247448]
[47721, 10000, 65521, 0, -0.6004901960784313, 0.005562398188247448]
[47701, 10000, 65521, 0, -0.6004901960784313, 0.005562398188247448]
[47682, 10000, 65521, 0, -0.6004901960784313, 0.005562398188247448]
[47662, 10000, 65521, 0, -0.6004901960784313, 0.005562398188247448]
[47642, 10000, 65521, 0, -0.5404411764705882, 0.005562398188247448]
[47622, 10000, 65521, 0, -0.5404411764705882, 0.005562398188247448]
[47602, 10000, 65521, 0, -0.5404411764705882, 0.005562398188247448]
[47583, 10000, 65521, 0, -0.5404411764705882, 0.005562398188247448]
[47562, 10000, 65521, 0, -0.5404411764705882, 0.005562398188247448]
[47543, 10000, 65521, 0, -0.5404411764705882, 0.005562398188247448]
[47523, 10000, 65521, 0, -0.5404411764705882, 0.005562398188247448]
[47503, 10000, 65521, 0, -0.5404411764705882, 0.005562398188247448]
[47483, 10000, 65521, 0, -0.5404411764705882, 0.005562398188247448]
[47463, 10000, 65521, 0, -0.5404411764705882, 0.005562398188247448]
[47443, 10000, 65521, 0, -0.5404411764705882, 0.005562398188247448]
[47423, 10000, 65521, 0, -0.5404411764705882, 0.005562398188247448]
[47403, 10000, 65521, 0, -0.5404411764705882, 0.005562398188247448]
[47383, 10000, 65521, 0, -0.5404411764705882, 0.005562398188247448]
[47363, 10000, 65521, 0, -0.5404411764705882, 0.005562398188247448]
[47343, 10000, 65521, 0, -0.5404411764705882, 0.005562398188247448]
[47322, 10000, 65521, 0, -0.5404411764705882, 0.005562398188247448]
[47302, 10000, 65521, 0, -0.5404411764705882, 0.005562398188247448]
[47282, 10000, 65521, 0, -0.5404411764705882, 0.005562398188247448]
[47262, 10000, 65521, 0, -0.5404411764705882, 0.005562398188247448]
[47242, 10000, 65521, 0, -0.5404411764705882, 0.005562398188247448]
[47222, 10000, 65521, 0, -0.5404411764705882, 0.005562398188247448]
[47203, 10000, 65521, 0, -0.5404411764705882, 0.005562398188247448]
[47183, 10000, 65521, 0, -0.5404411764705882, 0.005562398188247448]
[47162, 10000, 65521, 0, -0.5404411764705882, 0.005562398188247448]
[47143, 10000, 65521, 0, -0.5404411764705882, 0.005562398188247448]
[47123, 10000, 65521, 0, -0.5404411764705882, 0.005562398188247448]
[47103, 10000, 65521, 0, -0.5404411764705882, 0.005562398188247448]
[47083, 10000, 65521, 0, -0.5404411764705882, 0.005562398188247448]
[47063, 10000, 65521, 0, -0.5404411764705882, 0.005562398188247448]
[47043, 10000, 65521, 0, -0.5404411764705882, 0.005562398188247448]
[47024, 10000, 65521, 0, -0.5404411764705882, 0.005562398188247448]
[47003, 10000, 65521, 0, -0.5404411764705882, 0.005562398188247448]
[46983, 10000, 65521, 0, -0.5404411764705882, 0.005562398188247448]
[46963, 10000, 65521, 0, -0.5404411764705882, 0.005562398188247448]
[46943, 10000, 65521, 0, -0.5404411764705882, 0.005562398188247448]
[46923, 10000, 65521, 0, -0.5404411764705882, 0.005562398188247448]
[46903, 10000, 65521, 0, -0.5404411764705882, 0.005562398188247448]
[46883, 10000, 65521, 0, -0.5404411764705882, 0.005562398188247448]
[46863, 10000, 65521, 0, -0.5404411764705882, 0.005562398188247448]
[46843, 10000, 65521, 0, -0.5404411764705882, 0.005562398188247448]
[46823, 10000, 65521, 0, -0.5404411764705882, 0.005562398188247448]
[46803, 10000, 65521, 0, -0.5404411764705882, 0.005562398188247448]
[46783, 10000, 65521, 0, -0.5404411764705882, 0.005562398188247448]
[46763, 10000, 65521, 0, -0.5404411764705882, 0.005562398188247448]
[46743, 10000, 65521, 0, -0.5404411764705882, 0.005562398188247448]
[46723, 10000, 65521, 0, -0.5404411764705882, 0.005562398188247448]
[46703, 10000, 65521, 0, -0.5404411764705882, 0.005562398188247448]
[46682, 10000, 65521, 0, -0.5404411764705882, 0.005562398188247448]
[46663, 10000, 65521, 0, -0.5404411764705882, 0.005562398188247448]
[46643, 10000, 65521, 0, -0.5404411764705882, 0.006357026500854225]
[46624, 10000, 65521, 0, -0.5404411764705882, 0.006357026500854225]
[46603, 10000, 65521, 0, -0.5404411764705882, 0.006357026500854225]
[46584, 10000, 65521, 0, -0.5404411764705882, 0.006357026500854225]
[46564, 10000, 65521, 0, -0.5404411764705882, 0.006357026500854225]
[46544, 10000, 65521, 0, -0.5404411764705882, 0.006357026500854225]
[46524, 10000, 65521, 0, -0.5404411764705882, 0.006357026500854225]
[46504, 10000, 65521, 0, -0.5404411764705882, 0.006357026500854225]
[46484, 10000, 65521, 0, -0.5404411764705882, 0.006357026500854225]
[46464, 10000, 65521, 0, -0.5404411764705882, 0.006357026500854225]
[46444, 10000, 65521, 0, -0.5404411764705882, 0.006357026500854225]
[46424, 10000, 65521, 0, -0.5404411764705882, 0.006357026500854225]
[46404, 10000, 65521, 0, -0.5404411764705882, 0.006357026500854225]
[46384, 10000, 65521, 0, -0.5404411764705882, 0.006357026500854225]
[46364, 10000, 65521, 0, -0.4803921568627451, 0.006357026500854225]
[46344, 10000, 65521, 0, -0.4803921568627451, 0.006357026500854225]
[46324, 10000, 65521, 0, -0.4803921568627451, 0.006357026500854225]
[46304, 10000, 65521, 0, -0.4803921568627451, 0.006357026500854225]
[46284, 10000, 65521, 0, -0.4803921568627451, 0.006357026500854225]
[46264, 10000, 65521, 0, -0.4803921568627451, 0.006357026500854225]
[46244, 10000, 65521, 0, -0.4803921568627451, 0.006357026500854225]
[46224, 10000, 65521, 0, -0.4803921568627451, 0.006357026500854225]
[46204, 10000, 65521, 0, -0.4803921568627451, 0.006357026500854225]
[46184, 10000, 65521, 0, -0.4803921568627451, 0.006357026500854225]
[46164, 10000, 65521, 0, -0.4803921568627451, 0.006357026500854225]
[46145, 10000, 65521, 0, -0.4803921568627451, 0.006357026500854225]
[46124, 10000, 65521, 0, -0.4803921568627451, 0.006357026500854225]
[46104, 10000, 65521, 0, -0.4803921568627451, 0.006357026500854225]
[46085, 10000, 65521, 0, -0.4803921568627451, 0.006357026500854225]
[46065, 10000, 65521, 0, -0.4803921568627451, 0.006357026500854225]
[46045, 10000, 65521, 0, -0.4803921568627451, 0.006357026500854225]
[46025, 10000, 65521, 0, -0.4803921568627451, 0.006357026500854225]
[46005, 10000, 65521, 0, -0.4803921568627451, 0.006357026500854225]
[45985, 10000, 65521, 0, -0.4803921568627451, 0.006357026500854225]
[45965, 10000, 65521, 0, -0.4803921568627451, 0.006357026500854225]
[45945, 10000, 65521, 0, -0.4803921568627451, 0.006357026500854225]
[45925, 10000, 65521, 0, -0.4803921568627451, 0.006357026500854225]
[45904, 10000, 65521, 0, -0.4803921568627451, 0.006357026500854225]
[45885, 10000, 65521, 0, -0.4803921568627451, 0.006357026500854225]
[45864, 10000, 65521, 0, -0.4803921568627451, 0.006357026500854225]
[45844, 10000, 65521, 0, -0.4803921568627451, 0.006357026500854225]
[45824, 10000, 65521, 0, -0.4803921568627451, 0.006357026500854225]
[45804, 10000, 65521, 0, -0.4803921568627451, 0.006357026500854225]
[45784, 10000, 65521, 0, -0.4803921568627451, 0.006357026500854225]
[45764, 10000, 65521, 0, -0.4803921568627451, 0.006357026500854225]
[45744, 10000, 65521, 0, -0.4803921568627451, 0.006357026500854225]
[45724, 10000, 65521, 0, -0.4803921568627451, 0.006357026500854225]
[45704, 10000, 65521, 0, -0.4803921568627451, 0.006357026500854225]
[45684, 10000, 65521, 0, -0.4803921568627451, 0.006357026500854225]
[45664, 10000, 65521, 0, -0.4803921568627451, 0.006357026500854225]
[45644, 10000, 65521, 0, -0.4803921568627451, 0.006357026500854225]
[45624, 10000, 65521, 0, -0.4803921568627451, 0.006357026500854225]
[45604, 10000, 65521, 0, -0.4803921568627451, 0.006357026500854225]
[45585, 10000, 65521, 0, -0.4803921568627451, 0.006357026500854225]
[45564, 10000, 65521, 0, -0.4803921568627451, 0.006357026500854225]
[45544, 10000, 65521, 0, -0.4803921568627451, 0.006357026500854225]
[45524, 10000, 65521, 0, -0.4803921568627451, 0.006357026500854225]
[45504, 10000, 65521, 0, -0.4803921568627451, 0.006357026500854225]
[45484, 10000, 65521, 0, -0.4803921568627451, 0.006357026500854225]
[45464, 10000, 65521, 0, -0.4803921568627451, 0.006357026500854225]
[45444, 10000, 65521, 0, -0.4803921568627451, 0.006357026500854225]
[45424, 10000, 65521, 0, -0.4803921568627451, 0.006357026500854225]
[45403, 10000, 65521, 0, -0.4803921568627451, 0.006357026500854225]
[45383, 10000, 65521, 0, -0.4803921568627451, 0.006357026500854225]
[45363, 10000, 65521, 0, -0.4803921568627451, 0.006357026500854225]
[45343, 10000, 65521, 0, -0.4803921568627451, 0.006357026500854225]
[45322, 10000, 65521, 0, -0.4803921568627451, 0.006357026500854225]
[45302, 10000, 65521, 0, -0.4803921568627451, 0.006357026500854225]
[45282, 10000, 65521, 0, -0.4803921568627451, 0.006357026500854225]
[45261, 10000, 65521, 0, -0.4803921568627451, 0.006357026500854225]
[45241, 10000, 65521, 0, -0.4803921568627451, 0.006357026500854225]
[45221, 10000, 65521, 0, -0.4803921568627451, 0.006357026500854225]
[45201, 10000, 65521, 0, -0.4803921568627451, 0.006357026500854225]
[45181, 10000, 65521, 0, -0.4803921568627451, 0.006357026500854225]
[45160, 10000, 65521, 0, -0.4803921568627451, 0.006357026500854225]
[45140, 10000, 65521, 0, -0.420343137254902, 0.006357026500854225]
[45120, 10000, 65521, 0, -0.420343137254902, 0.006357026500854225]
[45100, 10000, 65521, 0, -0.420343137254902, 0.006357026500854225]
[45080, 10000, 65521, 0, -0.420343137254902, 0.006357026500854225]
[45060, 10000, 65521, 0, -0.420343137254902, 0.006357026500854225]
[45040, 10000, 65521, 0, -0.420343137254902, 0.006357026500854225]
[45018, 10000, 65521, 0, -0.420343137254902, 0.006357026500854225]
[44999, 10000, 65521, 0, -0.420343137254902, 0.006357026500854225]
[44979, 10000, 65521, 0, -0.420343137254902, 0.006357026500854225]
[44959, 10000, 65521, 0, -0.420343137254902, 0.006357026500854225]
[44939, 10000, 65521, 0, -0.420343137254902, 0.006357026500854225]
[44918, 10000, 65521, 0, -0.420343137254902, 0.006357026500854225]
[44898, 10000, 65521, 0, -0.420343137254902, 0.006357026500854225]
[44878, 10000, 65521, 0, -0.420343137254902, 0.006357026500854225]
[44858, 10000, 65521, 0, -0.420343137254902, 0.006357026500854225]
[44837, 10000, 65521, 0, -0.420343137254902, 0.006357026500854225]
[44817, 10000, 65521, 0, -0.420343137254902, 0.006357026500854225]
[44797, 10000, 65521, 0, -0.420343137254902, 0.006357026500854225]
[44777, 10000, 65521, 0, -0.420343137254902, 0.006357026500854225]
[44756, 10000, 65521, 0, -0.420343137254902, 0.006357026500854225]
[44736, 10000, 65521, 0, -0.420343137254902, 0.006357026500854225]
[44716, 10000, 65521, 0, -0.420343137254902, 0.006357026500854225]
[44696, 10000, 65521, 0, -0.420343137254902, 0.006357026500854225]
[44676, 10000, 65521, 0, -0.420343137254902, 0.006357026500854225]
[44656, 10000, 65521, 0, -0.420343137254902, 0.006357026500854225]
[44636, 10000, 65521, 0, -0.420343137254902, 0.006357026500854225]
[44616, 10000, 65521, 0, -0.420343137254902, 0.006357026500854225]
[44596, 10000, 65521, 0, -0.420343137254902, 0.006357026500854225]
[44576, 10000, 65521, 0, -0.420343137254902, 0.006357026500854225]
[44556, 10000, 65521, 0, -0.420343137254902, 0.006357026500854225]
[44536, 10000, 65521, 0, -0.420343137254902, 0.006357026500854225]
[44516, 10000, 65521, 0, -0.420343137254902, 0.006357026500854225]
[44496, 10000, 65521, 0, -0.420343137254902, 0.006357026500854225]
[44476, 10000, 65521, 0, -0.420343137254902, 0.006357026500854225]
[44456, 10000, 65521, 0, -0.420343137254902, 0.006357026500854225]
[44435, 10000, 65521, 0, -0.420343137254902, 0.006357026500854225]
[44415, 10000, 65521, 0, -0.420343137254902, 0.006357026500854225]
[44396, 10000, 65521, 0, -0.420343137254902, 0.006357026500854225]
[44376, 10000, 65521, 0, -0.420343137254902, 0.006357026500854225]
[44354, 10000, 65521, 0, -0.420343137254902, 0.006357026500854225]
[44335, 10000, 65521, 0, -0.420343137254902, 0.006357026500854225]
[44316, 10000, 65521, 0, -0.420343137254902, 0.006357026500854225]
[44295, 10000, 65521, 0, -0.420343137254902, 0.006357026500854225]
[44275, 10000, 65521, 0, -0.420343137254902, 0.006357026500854225]
[44255, 10000, 65521, 0, -0.420343137254902, 0.006357026500854225]
[44235, 10000, 65521, 0, -0.420343137254902, 0.006357026500854225]
[44216, 10000, 65521, 0, -0.420343137254902, 0.006357026500854225]
[44195, 10000, 65521, 0, -0.420343137254902, 0.006357026500854225]
[44175, 10000, 65521, 0, -0.420343137254902, 0.006357026500854225]
[44156, 10000, 65521, 0, -0.420343137254902, 0.006357026500854225]
[44136, 10000, 65521, 0, -0.420343137254902, 0.006357026500854225]
[44115, 10000, 65521, 0, -0.420343137254902, 0.006357026500854225]
[44096, 10000, 65521, 0, -0.420343137254902, 0.006357026500854225]
[44076, 10000, 65521, 0, -0.420343137254902, 0.006357026500854225]
[44056, 10000, 65521, 0, -0.420343137254902, 0.006357026500854225]
[44036, 10000, 65521, 0, -0.420343137254902, 0.006357026500854225]
[44016, 10000, 65521, 0, -0.420343137254902, 0.006357026500854225]
[43996, 10000, 65521, 0, -0.420343137254902, 0.006357026500854225]
[43976, 10000, 65521, 0, -0.420343137254902, 0.006357026500854225]
[43956, 10000, 65521, 0, -0.420343137254902, 0.007151654813461003]
[43936, 10000, 65521, 0, -0.420343137254902, 0.007151654813461003]
[43916, 10000, 65521, 0, -0.420343137254902, 0.007151654813461003]
[43896, 10000, 65521, 0, -0.420343137254902, 0.007151654813461003]
[43875, 10000, 65521, 0, -0.420343137254902, 0.007151654813461003]
[43856, 10000, 65521, 0, -0.420343137254902, 0.007151654813461003]
[43836, 10000, 65521, 0, -0.420343137254902, 0.007151654813461003]
[43816, 10000, 65521, 0, -0.420343137254902, 0.007151654813461003]
[43796, 10000, 65521, 0, -0.420343137254902, 0.007151654813461003]
[43776, 10000, 65521, 0, -0.420343137254902, 0.007151654813461003]
[43756, 10000, 65521, 0, -0.3602941176470588, 0.007151654813461003]
[43737, 10000, 65521, 0, -0.3602941176470588, 0.007151654813461003]
[43715, 10000, 65521, 0, -0.3602941176470588, 0.007151654813461003]
[43696, 10000, 65521, 0, -0.3602941176470588, 0.006357026500854225]
[43677, 10000, 65521, 0, -0.3602941176470588, 0.006357026500854225]
[43657, 10000, 65521, 0, -0.3602941176470588, 0.007151654813461003]
[43633, 10000, 65522, 0, -0.3602941176470588, 0.007151654813461003]
[43630, 10000, 65524, 0, -0.3602941176470588, 0.007151654813461003]
[43629, 10000, 65526, 0, -0.3602941176470588, 0.007151654813461003]
[43627, 10000, 65528, 0, -0.3602941176470588, 0.006357026500854225]
[43625, 10000, 65529, 0, -0.3602941176470588, 0.006357026500854225]
[43624, 10000, 65530, 0, -0.3602941176470588, 0.006357026500854225]
[43623, 10000, 65531, 0, -0.3602941176470588, 0.007151654813461003]
[43623, 10000, 65532, 0, -0.3602941176470588, 0.007151654813461003]
[43622, 10000, 65532, 0, -0.3602941176470588, 0.007151654813461003]
[43622, 10000, 65533, 0, -0.3602941176470588, 0.006357026500854225]
[43622, 10000, 65534, 0, -0.3602941176470588, 0.006357026500854225]
[43622, 10000, 65534, 0, -0.3602941176470588, 0.006357026500854225]
[43622, 10000, 65534, 0, -0.3602941176470588, 0.006357026500854225]
[43622, 10000, 65535, 0, -0.3602941176470588, 0.006357026500854225]
[43622, 10000, 65535, 0, -0.420343137254902, 0.006357026500854225]
[43622, 10000, 65535, 0, -0.420343137254902, 0.006357026500854225]
[43622, 10000, 65535, 0, -0.420343137254902, 0.006357026500854225]
[43622, 10000, 65535, 0, -0.420343137254902, 0.006357026500854225]
[43622, 10000, 0, 0, -0.420343137254902, 0.006357026500854225]
[43622, 10000, 0, 0, -0.420343137254902, 0.006357026500854225]
[43637, 10000, 2, 0, -0.420343137254902, 0.006357026500854225]
[43654, 10000, 5, 0, -0.420343137254902, 0.006357026500854225]
[43671, 10000, 6, 0, -0.420343137254902, 0.006357026500854225]
[43688, 10000, 8, 0, -0.420343137254902, 0.006357026500854225]
[43705, 10000, 9, 0, -0.420343137254902, 0.006357026500854225]
[43722, 10000, 9, 0, -0.420343137254902, 0.006357026500854225]
[43742, 10000, 10, 0, -0.420343137254902, 0.006357026500854225]
[43761, 10000, 11, 0, -0.420343137254902, 0.006357026500854225]
[43778, 10000, 12, 0, -0.420343137254902, 0.006357026500854225]
[43796, 10000, 12, 0, -0.420343137254902, 0.006357026500854225]
[43815, 10000, 13, 0, -0.420343137254902, 0.006357026500854225]
[43836, 10000, 13, 0, -0.420343137254902, 0.006357026500854225]
[43855, 10000, 14, 0, -0.420343137254902, 0.006357026500854225]
[43875, 10000, 14, 0, -0.420343137254902, 0.006357026500854225]
[43896, 10000, 14, 0, -0.420343137254902, 0.006357026500854225]
[43916, 10000, 14, 0, -0.420343137254902, 0.006357026500854225]
[43936, 10000, 14, 0, -0.420343137254902, 0.006357026500854225]
[43955, 10000, 15, 0, -0.420343137254902, 0.006357026500854225]
[43976, 10000, 15, 0, -0.420343137254902, 0.006357026500854225]
[43996, 10000, 15, 0, -0.420343137254902, 0.006357026500854225]
[44016, 10000, 15, 0, -0.4803921568627451, 0.006357026500854225]
[44035, 10000, 15, 0, -0.4803921568627451, 0.006357026500854225]
[44056, 10000, 15, 0, -0.4803921568627451, 0.006357026500854225]
[44076, 10000, 15, 0, -0.4803921568627451, 0.006357026500854225]
[44095, 10000, 15, 0, -0.4803921568627451, 0.006357026500854225]
[44115, 10000, 15, 0, -0.4803921568627451, 0.006357026500854225]
[44136, 10000, 15, 0, -0.4803921568627451, 0.006357026500854225]
[44155, 10000, 15, 0, -0.4803921568627451, 0.006357026500854225]
[44178, 10000, 15, 0, -0.4803921568627451, 0.006357026500854225]
[44196, 10000, 15, 0, -0.4803921568627451, 0.006357026500854225]
[44215, 10000, 15, 0, -0.4803921568627451, 0.006357026500854225]
[44235, 10000, 15, 0, -0.4803921568627451, 0.006357026500854225]
[44255, 10000, 15, 0, -0.4803921568627451, 0.006357026500854225]
[44274, 10000, 15, 0, -0.4803921568627451, 0.006357026500854225]
[44295, 10000, 15, 0, -0.4803921568627451, 0.006357026500854225]
[44315, 10000, 15, 0, -0.4803921568627451, 0.006357026500854225]
[44335, 10000, 15, 0, -0.4803921568627451, 0.006357026500854225]
[44355, 10000, 15, 0, -0.4803921568627451, 0.006357026500854225]
[44375, 10000, 15, 0, -0.4803921568627451, 0.006357026500854225]
[44396, 10000, 15, 0, -0.4803921568627451, 0.006357026500854225]
[44415, 10000, 15, 0, -0.4803921568627451, 0.006357026500854225]
[44435, 10000, 15, 0, -0.4803921568627451, 0.006357026500854225]
[44456, 10000, 15, 0, -0.4803921568627451, 0.006357026500854225]
[44476, 10000, 15, 0, -0.4803921568627451, 0.006357026500854225]
[44495, 10000, 15, 0, -0.4803921568627451, 0.006357026500854225]
[44517, 10000, 15, 0, -0.4803921568627451, 0.006357026500854225]
[44536, 10000, 15, 0, -0.4803921568627451, 0.006357026500854225]
[44556, 10000, 15, 0, -0.4803921568627451, 0.006357026500854225]
[44575, 10000, 15, 0, -0.4803921568627451, 0.006357026500854225]
[44595, 10000, 15, 0, -0.4803921568627451, 0.006357026500854225]
[44616, 10000, 15, 0, -0.4803921568627451, 0.006357026500854225]
[44636, 10000, 15, 0, -0.4803921568627451, 0.006357026500854225]
[44655, 10000, 15, 0, -0.4803921568627451, 0.006357026500854225]
[44675, 10000, 15, 0, -0.5404411764705882, 0.006357026500854225]
[44695, 10000, 15, 0, -0.5404411764705882, 0.006357026500854225]
[44716, 10000, 15, 0, -0.5404411764705882, 0.006357026500854225]
[44735, 10000, 15, 0, -0.5404411764705882, 0.006357026500854225]
[44755, 10000, 15, 0, -0.5404411764705882, 0.006357026500854225]
[44776, 10000, 15, 0, -0.5404411764705882, 0.006357026500854225]
[44797, 10000, 15, 0, -0.5404411764705882, 0.006357026500854225]
[44816, 10000, 15, 0, -0.5404411764705882, 0.006357026500854225]
[44836, 10000, 15, 0, -0.5404411764705882, 0.006357026500854225]
[44857, 10000, 15, 0, -0.5404411764705882, 0.006357026500854225]
[44878, 10000, 15, 0, -0.5404411764705882, 0.006357026500854225]
[44897, 10000, 15, 0, -0.5404411764705882, 0.006357026500854225]
[44918, 10000, 15, 0, -0.5404411764705882, 0.006357026500854225]
[44938, 10000, 15, 0, -0.5404411764705882, 0.006357026500854225]
[44960, 10000, 15, 0, -0.5404411764705882, 0.006357026500854225]
[44979, 10000, 15, 0, -0.5404411764705882, 0.006357026500854225]
[44999, 10000, 15, 0, -0.5404411764705882, 0.006357026500854225]
[45019, 10000, 15, 0, -0.5404411764705882, 0.006357026500854225]
[45040, 10000, 15, 0, -0.5404411764705882, 0.006357026500854225]
[45060, 10000, 15, 0, -0.5404411764705882, 0.006357026500854225]
[45079, 10000, 15, 0, -0.5404411764705882, 0.006357026500854225]
[45100, 10000, 15, 0, -0.5404411764705882, 0.006357026500854225]
[45120, 10000, 15, 0, -0.5404411764705882, 0.006357026500854225]
[45140, 10000, 15, 0, -0.5404411764705882, 0.006357026500854225]
[45160, 10000, 15, 0, -0.5404411764705882, 0.006357026500854225]
[45180, 10000, 15, 0, -0.5404411764705882, 0.006357026500854225]
[45201, 10000, 15, 0, -0.5404411764705882, 0.006357026500854225]
[45221, 10000, 15, 0, -0.5404411764705882, 0.006357026500854225]
[45241, 10000, 15, 0, -0.5404411764705882, 0.006357026500854225]
[45261, 10000, 15, 0, -0.5404411764705882, 0.006357026500854225]
[45282, 10000, 15, 0, -0.5404411764705882, 0.006357026500854225]
[45302, 10000, 15, 0, -0.5404411764705882, 0.006357026500854225]
[45322, 10000, 15, 0, -0.5404411764705882, 0.006357026500854225]
[45343, 10000, 15, 0, -0.5404411764705882, 0.006357026500854225]
[45363, 10000, 15, 0, -0.5404411764705882, 0.006357026500854225]
[45383, 10000, 15, 0, -0.5404411764705882, 0.006357026500854225]
[45403, 10000, 15, 0, -0.5404411764705882, 0.006357026500854225]
[45424, 10000, 15, 0, -0.5404411764705882, 0.006357026500854225]
[45444, 10000, 15, 0, -0.5404411764705882, 0.006357026500854225]
[45464, 10000, 15, 0, -0.5404411764705882, 0.006357026500854225]
[45484, 10000, 15, 0, -0.5404411764705882, 0.006357026500854225]
[45505, 10000, 15, 0, -0.5404411764705882, 0.006357026500854225]
[45526, 10000, 15, 0, -0.5404411764705882, 0.006357026500854225]
[45545, 10000, 15, 0, -0.6004901960784313, 0.006357026500854225]
[45565, 10000, 15, 0, -0.6004901960784313, 0.006357026500854225]
[45585, 10000, 15, 0, -0.6004901960784313, 0.006357026500854225]
[45605, 10000, 15, 0, -0.6004901960784313, 0.006357026500854225]
[45625, 10000, 15, 0, -0.6004901960784313, 0.006357026500854225]
[45644, 10000, 15, 0, -0.6004901960784313, 0.006357026500854225]
[45665, 10000, 15, 0, -0.6004901960784313, 0.006357026500854225]
[45685, 10000, 15, 0, -0.6004901960784313, 0.006357026500854225]
[45704, 10000, 15, 0, -0.6004901960784313, 0.006357026500854225]
[45724, 10000, 15, 0, -0.6004901960784313, 0.006357026500854225]
[45744, 10000, 15, 0, -0.6004901960784313, 0.006357026500854225]
[45765, 10000, 15, 0, -0.6004901960784313, 0.006357026500854225]
[45784, 10000, 15, 0, -0.6004901960784313, 0.006357026500854225]
[45804, 10000, 15, 0, -0.6004901960784313, 0.006357026500854225]
[45824, 10000, 15, 0, -0.6004901960784313, 0.006357026500854225]
[45845, 10000, 15, 0, -0.6004901960784313, 0.006357026500854225]
[45865, 10000, 15, 0, -0.6004901960784313, 0.006357026500854225]
[45884, 10000, 15, 0, -0.6004901960784313, 0.006357026500854225]
[45905, 10000, 15, 0, -0.6004901960784313, 0.006357026500854225]
[45926, 10000, 15, 0, -0.6004901960784313, 0.006357026500854225]
[45946, 10000, 15, 0, -0.6004901960784313, 0.006357026500854225]
[45966, 10000, 15, 0, -0.6004901960784313, 0.006357026500854225]
[45986, 10000, 15, 0, -0.6004901960784313, 0.006357026500854225]
[46006, 10000, 15, 0, -0.6004901960784313, 0.006357026500854225]
[46026, 10000, 15, 0, -0.6004901960784313, 0.006357026500854225]
[46045, 10000, 15, 0, -0.6004901960784313, 0.006357026500854225]
[46068, 10000, 15, 0, -0.6004901960784313, 0.006357026500854225]
[46086, 10000, 15, 0, -0.6004901960784313, 0.006357026500854225]
[46105, 10000, 15, 0, -0.6004901960784313, 0.006357026500854225]
[46124, 10000, 15, 0, -0.6004901960784313, 0.006357026500854225]
[46145, 10000, 15, 0, -0.6004901960784313, 0.006357026500854225]
[46165, 10000, 15, 0, -0.6004901960784313, 0.006357026500854225]
[46184, 10000, 15, 0, -0.6004901960784313, 0.006357026500854225]
[46207, 10000, 15, 0, -0.6004901960784313, 0.006357026500854225]
[46227, 10000, 15, 0, -0.6004901960784313, 0.006357026500854225]
[46245, 10000, 15, 0, -0.6004901960784313, 0.006357026500854225]
[46264, 10000, 15, 0, -0.6004901960784313, 0.006357026500854225]
[46284, 10000, 15, 0, -0.6004901960784313, 0.006357026500854225]
[46304, 10000, 15, 0, -0.6004901960784313, 0.006357026500854225]
[46324, 10000, 15, 0, -0.6004901960784313, 0.006357026500854225]
[46344, 10000, 15, 0, -0.6004901960784313, 0.006357026500854225]
[46364, 10000, 15, 0, -0.6004901960784313, 0.006357026500854225]
[46384, 10000, 15, 0, -0.6004901960784313, 0.006357026500854225]
[46404, 10000, 15, 0, -0.6004901960784313, 0.005562398188247448]
[46424, 10000, 15, 0, -0.6004901960784313, 0.005562398188247448]
[46443, 10000, 15, 0, -0.6004901960784313, 0.006357026500854225]
[46464, 10000, 15, 0, -0.6004901960784313, 0.006357026500854225]
[46484, 10000, 15, 0, -0.6004901960784313, 0.006357026500854225]
[46504, 10000, 15, 0, -0.6004901960784313, 0.006357026500854225]
[46523, 10000, 15, 0, -0.6004901960784313, 0.005562398188247448]
[46544, 10000, 15, 0, -0.6004901960784313, 0.005562398188247448]
[46564, 10000, 15, 0, -0.6004901960784313, 0.006357026500854225]
[46583, 10000, 15, 0, -0.6004901960784313, 0.006357026500854225]
[46603, 10000, 15, 0, -0.6004901960784313, 0.006357026500854225]
[46623, 10000, 15, 0, -0.6004901960784313, 0.005562398188247448]
[46643, 10000, 15, 0, -0.6004901960784313, 0.005562398188247448]
[46663, 10000, 15, 0, -0.6004901960784313, 0.005562398188247448]
[46682, 10000, 15, 0, -0.6004901960784313, 0.006357026500854225]
[46702, 10000, 15, 0, -0.6004901960784313, 0.006357026500854225]
[46723, 10000, 15, 0, -0.6004901960784313, 0.005562398188247448]
[46742, 10000, 15, 0, -0.6004901960784313, 0.005562398188247448]
[46762, 10000, 15, 0, -0.6004901960784313, 0.005562398188247448]
[46784, 10000, 15, 0, -0.6004901960784313, 0.005562398188247448]
[46805, 10000, 15, 0, -0.6004901960784313, 0.006357026500854225]
[46823, 10000, 15, 0, -0.6004901960784313, 0.005562398188247448]
[46843, 10000, 15, 0, -0.6004901960784313, 0.005562398188247448]
[46862, 10000, 15, 0, -0.6004901960784313, 0.005562398188247448]
[46882, 10000, 15, 0, -0.6004901960784313, 0.005562398188247448]
[46902, 10000, 15, 0, -0.6004901960784313, 0.005562398188247448]
[46922, 10000, 15, 0, -0.6004901960784313, 0.005562398188247448]
[46943, 10000, 15, 0, -0.6004901960784313, 0.005562398188247448]
[46963, 10000, 15, 0, -0.6004901960784313, 0.005562398188247448]
[46982, 10000, 15, 0, -0.6605392156862745, 0.005562398188247448]
[47002, 10000, 15, 0, -0.6605392156862745, 0.005562398188247448]
[47023, 10000, 15, 0, -0.6605392156862745, 0.005562398188247448]
[47043, 10000, 15, 0, -0.6605392156862745, 0.005562398188247448]
[47063, 10000, 15, 0, -0.6605392156862745, 0.005562398188247448]
[47082, 10000, 15, 0, -0.6605392156862745, 0.005562398188247448]
[47102, 10000, 15, 0, -0.6605392156862745, 0.005562398188247448]
[47122, 10000, 15, 0, -0.6605392156862745, 0.005562398188247448]
[47142, 10000, 15, 0, -0.6605392156862745, 0.005562398188247448]
[47161, 10000, 15, 0, -0.6605392156862745, 0.005562398188247448]
[47182, 10000, 15, 0, -0.6605392156862745, 0.005562398188247448]
[47202, 10000, 15, 0, -0.6605392156862745, 0.005562398188247448]
[47221, 10000, 15, 0, -0.6605392156862745, 0.005562398188247448]
[47241, 10000, 15, 0, -0.6605392156862745, 0.005562398188247448]
[47262, 10000, 15, 0, -0.6605392156862745, 0.005562398188247448]
[47282, 10000, 15, 0, -0.6605392156862745, 0.005562398188247448]
[47301, 10000, 15, 0, -0.6605392156862745, 0.005562398188247448]
[47322, 10000, 15, 0, -0.6605392156862745, 0.005562398188247448]
[47342, 10000, 15, 0, -0.6605392156862745, 0.005562398188247448]
[47364, 10000, 15, 0, -0.6605392156862745, 0.005562398188247448]
[47382, 10000, 15, 0, -0.6605392156862745, 0.005562398188247448]
[47402, 10000, 15, 0, -0.6605392156862745, 0.005562398188247448]
[47423, 10000, 15, 0, -0.6605392156862745, 0.005562398188247448]
[47443, 10000, 15, 0, -0.6605392156862745, 0.005562398188247448]
[47462, 10000, 15, 0, -0.6605392156862745, 0.005562398188247448]
[47482, 10000, 15, 0, -0.6605392156862745, 0.005562398188247448]
[47504, 10000, 15, 0, -0.6605392156862745, 0.005562398188247448]
[47524, 10000, 15, 0, -0.6605392156862745, 0.005562398188247448]
[47543, 10000, 15, 0, -0.6605392156862745, 0.005562398188247448]
[47562, 10000, 15, 0, -0.6605392156862745, 0.005562398188247448]
[47582, 10000, 15, 0, -0.6605392156862745, 0.005562398188247448]
[47602, 10000, 15, 0, -0.6605392156862745, 0.005562398188247448]
[47621, 10000, 15, 0, -0.6605392156862745, 0.005562398188247448]
[47641, 10000, 15, 0, -0.6605392156862745, 0.005562398188247448]
[47662, 10000, 15, 0, -0.6605392156862745, 0.005562398188247448]
[47681, 10000, 15, 0, -0.6605392156862745, 0.005562398188247448]
[47701, 10000, 15, 0, -0.6605392156862745, 0.005562398188247448]
[47720, 10000, 15, 0, -0.6605392156862745, 0.005562398188247448]
[47741, 10000, 15, 0, -0.6605392156862745, 0.005562398188247448]
[47761, 10000, 15, 0, -0.6605392156862745, 0.005562398188247448]
[47780, 10000, 15, 0, -0.6605392156862745, 0.005562398188247448]
[47800, 10000, 15, 0, -0.6605392156862745, 0.005562398188247448]
[47821, 10000, 15, 0, -0.6605392156862745, 0.005562398188247448]
[47841, 10000, 15, 0, -0.6605392156862745, 0.005562398188247448]
[47861, 10000, 15, 0, -0.6605392156862745, 0.005562398188247448]
[47881, 10000, 15, 0, -0.6605392156862745, 0.005562398188247448]
[47901, 10000, 15, 0, -0.6605392156862745, 0.005562398188247448]
[47921, 10000, 15, 0, -0.6605392156862745, 0.005562398188247448]
[47941, 10000, 15, 0, -0.6605392156862745, 0.005562398188247448]
[47961, 10000, 15, 0, -0.6605392156862745, 0.005562398188247448]
[47981, 10000, 15, 0, -0.6605392156862745, 0.005562398188247448]
[48001, 10000, 15, 0, -0.6605392156862745, 0.005562398188247448]
[48021, 10000, 15, 0, -0.6605392156862745, 0.005562398188247448]
[48041, 10000, 15, 0, -0.6605392156862745, 0.005562398188247448]
[48061, 10000, 15, 0, -0.6605392156862745, 0.005562398188247448]
[48081, 10000, 15, 0, -0.6605392156862745, 0.005562398188247448]
[48101, 10000, 15, 0, -0.6605392156862745, 0.005562398188247448]
[48121, 10000, 15, 0, -0.6605392156862745, 0.005562398188247448]
[48142, 10000, 15, 0, -0.6605392156862745, 0.005562398188247448]
[48161, 10000, 15, 0, -0.6605392156862745, 0.005562398188247448]
[48180, 10000, 15, 0, -0.6605392156862745, 0.005562398188247448]
[48200, 10000, 15, 0, -0.6605392156862745, 0.005562398188247448]
[48221, 10000, 15, 0, -0.6605392156862745, 0.005562398188247448]
[48240, 10000, 15, 0, -0.6605392156862745, 0.005562398188247448]
[48260, 10000, 15, 0, -0.6605392156862745, 0.005562398188247448]
[48279, 10000, 15, 0, -0.6605392156862745, 0.005562398188247448]
[48300, 10000, 15, 0, -0.6605392156862745, 0.005562398188247448]
[48320, 10000, 15, 0, -0.6605392156862745, 0.005562398188247448]
[48340, 10000, 15, 0, -0.6605392156862745, 0.005562398188247448]
[48359, 10000, 15, 0, -0.6605392156862745, 0.005562398188247448]
[48380, 10000, 15, 0, -0.6605392156862745, 0.005562398188247448]
[48400, 10000, 15, 0, -0.6605392156862745, 0.005562398188247448]
[48420, 10000, 15, 0, -0.6605392156862745, 0.005562398188247448]
[48440, 10000, 15, 0, -0.6605392156862745, 0.005562398188247448]
[48460, 10000, 15, 0, -0.6605392156862745, 0.005562398188247448]
[48480, 10000, 15, 0, -0.6605392156862745, 0.005562398188247448]
[48500, 10000, 15, 0, -0.6605392156862745, 0.005562398188247448]
[48520, 10000, 15, 0, -0.6605392156862745, 0.005562398188247448]
[48541, 10000, 15, 0, -0.6605392156862745, 0.005562398188247448]
[48561, 10000, 15, 0, -0.6605392156862745, 0.005562398188247448]
[48580, 10000, 15, 0, -0.6605392156862745, 0.005562398188247448]
[48600, 10000, 15, 0, -0.6605392156862745, 0.005562398188247448]
[48621, 10000, 15, 0, -0.6605392156862745, 0.005562398188247448]
[48640, 10000, 15, 0, -0.6605392156862745, 0.005562398188247448]
[48661, 10000, 15, 0, -0.6605392156862745, 0.005562398188247448]
[48680, 10000, 15, 0, -0.6605392156862745, 0.005562398188247448]
[48701, 10000, 15, 0, -0.6605392156862745, 0.005562398188247448]
[48721, 10000, 15, 0, -0.6605392156862745, 0.005562398188247448]
[48741, 10000, 15, 0, -0.6605392156862745, 0.005562398188247448]
[48760, 10000, 15, 0, -0.6605392156862745, 0.005562398188247448]
[48781, 10000, 15, 0, -0.6605392156862745, 0.005562398188247448]
[48802, 10000, 15, 0, -0.6605392156862745, 0.005562398188247448]
[48821, 10000, 15, 0, -0.6605392156862745, 0.005562398188247448]
[48841, 10000, 15, 0, -0.6605392156862745, 0.005562398188247448]
[48862, 10000, 15, 0, -0.6605392156862745, 0.005562398188247448]
[48883, 10000, 15, 0, -0.6605392156862745, 0.005562398188247448]
[48902, 10000, 15, 0, -0.6605392156862745, 0.005562398188247448]
[48923, 10000, 15, 0, -0.6605392156862745, 0.005562398188247448]
[48943, 10000, 15, 0, -0.6605392156862745, 0.005562398188247448]
[48964, 10000, 15, 0, -0.6605392156862745, 0.005562398188247448]
[48984, 10000, 15, 0, -0.6605392156862745, 0.005562398188247448]
[49003, 10000, 15, 0, -0.6605392156862745, 0.005562398188247448]
[49024, 10000, 15, 0, -0.6605392156862745, 0.005562398188247448]
[49044, 10000, 15, 0, -0.6605392156862745, 0.005562398188247448]
[49065, 10000, 15, 0, -0.6605392156862745, 0.005562398188247448]
[49084, 10000, 15, 0, -0.6605392156862745, 0.005562398188247448]
[49104, 10000, 15, 0, -0.6605392156862745, 0.005562398188247448]
[49125, 10000, 15, 0, -0.6605392156862745, 0.005562398188247448]
[49144, 10000, 15, 0, -0.6605392156862745, 0.005562398188247448]
[49164, 10000, 15, 0, -0.6605392156862745, 0.005562398188247448]
[49185, 10000, 15, 0, -0.6605392156862745, 0.005562398188247448]
[49205, 10000, 15, 0, -0.6605392156862745, 0.005562398188247448]
[49225, 10000, 15, 0, -0.6605392156862745, 0.005562398188247448]
[49245, 10000, 15, 0, -0.6605392156862745, 0.005562398188247448]
[49266, 10000, 15, 0, -0.6605392156862745, 0.005562398188247448]
[49286, 10000, 15, 0, -0.6605392156862745, 0.005562398188247448]
[49306, 10000, 15, 0, -0.6605392156862745, 0.005562398188247448]
[49326, 10000, 15, 0, -0.6605392156862745, 0.005562398188247448]
[49347, 10000, 15, 0, -0.6605392156862745, 0.005562398188247448]
[49367, 10000, 15, 0, -0.6605392156862745, 0.005562398188247448]
[49387, 10000, 15, 0, -0.6605392156862745, 0.005562398188247448]
[49407, 10000, 15, 0, -0.6605392156862745, 0.005562398188247448]
[49428, 10000, 15, 0, -0.6605392156862745, 0.005562398188247448]
[49448, 10000, 15, 0, -0.6605392156862745, 0.005562398188247448]
[49468, 10000, 15, 0, -0.6605392156862745, 0.005562398188247448]
[49488, 10000, 15, 0, -0.6605392156862745, 0.005562398188247448]
[49509, 10000, 15, 0, -0.6605392156862745, 0.005562398188247448]
[49530, 10000, 15, 0, -0.6605392156862745, 0.005562398188247448]
[49549, 10000, 15, 0, -0.6605392156862745, 0.005562398188247448]
[49576, 10000, 14, 0, -0.6605392156862745, 0.005562398188247448]
[49572, 10000, 11, 0, -0.6605392156862745, 0.005562398188247448]
[49568, 10000, 9, 0, -0.6605392156862745, 0.005562398188247448]
[49566, 10000, 7, 0, -0.6605392156862745, 0.005562398188247448]
[49565, 10000, 6, 0, -0.6605392156862745, 0.005562398188247448]
[49563, 10000, 4, 0, -0.6605392156862745, 0.005562398188247448]
[49562, 10000, 3, 0, -0.6605392156862745, 0.005562398188247448]
[49562, 10000, 3, 0, -0.6605392156862745, 0.005562398188247448]
[49561, 10000, 2, 0, -0.6605392156862745, 0.005562398188247448]
[49560, 10000, 2, 0, -0.6605392156862745, 0.005562398188247448]
[49560, 10000, 0, 0, -0.6605392156862745, 0.005562398188247448]
[49542, 10000, 65533, 0, -0.6605392156862745, 0.005562398188247448]
[49522, 10000, 65531, 0, -0.6605392156862745, 0.005562398188247448]
[49502, 10000, 65529, 0, -0.6605392156862745, 0.005562398188247448]
[49481, 10000, 65528, 0, -0.6605392156862745, 0.005562398188247448]
[49461, 10000, 65526, 0, -0.6605392156862745, 0.005562398188247448]
[49441, 10000, 65526, 0, -0.6605392156862745, 0.005562398188247448]
[49421, 10000, 65525, 0, -0.6605392156862745, 0.005562398188247448]
[49401, 10000, 65524, 0, -0.6605392156862745, 0.005562398188247448]
[49380, 10000, 65523, 0, -0.6605392156862745, 0.005562398188247448]
[49360, 10000, 65523, 0, -0.6605392156862745, 0.005562398188247448]
[49340, 10000, 65523, 0, -0.6605392156862745, 0.005562398188247448]
[49319, 10000, 65522, 0, -0.6605392156862745, 0.005562398188247448]
[49299, 10000, 65522, 0, -0.6605392156862745, 0.005562398188247448]
[49279, 10000, 65522, 0, -0.6605392156862745, 0.005562398188247448]
[49257, 10000, 65522, 0, -0.6605392156862745, 0.005562398188247448]
[49238, 10000, 65521, 0, -0.6605392156862745, 0.005562398188247448]
[49218, 10000, 65521, 0, -0.6605392156862745, 0.005562398188247448]
[49198, 10000, 65521, 0, -0.6605392156862745, 0.005562398188247448]
[49178, 10000, 65521, 0, -0.6605392156862745, 0.005562398188247448]
[49158, 10000, 65521, 0, -0.6605392156862745, 0.005562398188247448]
[49138, 10000, 65521, 0, -0.6605392156862745, 0.005562398188247448]
[49118, 10000, 65521, 0, -0.6605392156862745, 0.005562398188247448]
[49098, 10000, 65521, 0, -0.6605392156862745, 0.005562398188247448]
[49077, 10000, 65521, 0, -0.6605392156862745, 0.005562398188247448]
[49058, 10000, 65521, 0, -0.6605392156862745, 0.005562398188247448]
[49038, 10000, 65521, 0, -0.6605392156862745, 0.005562398188247448]
[49018, 10000, 65521, 0, -0.6605392156862745, 0.005562398188247448]
[48997, 10000, 65521, 0, -0.6605392156862745, 0.005562398188247448]
[48977, 10000, 65521, 0, -0.6605392156862745, 0.005562398188247448]
[48957, 10000, 65521, 0, -0.6605392156862745, 0.005562398188247448]
[48937, 10000, 65521, 0, -0.6605392156862745, 0.005562398188247448]
[48915, 10000, 65521, 0, -0.6605392156862745, 0.005562398188247448]
[48896, 10000, 65521, 0, -0.6605392156862745, 0.005562398188247448]
[48876, 10000, 65521, 0, -0.6605392156862745, 0.005562398188247448]
[48855, 10000, 65521, 0, -0.6605392156862745, 0.005562398188247448]
[48835, 10000, 65521, 0, -0.6605392156862745, 0.005562398188247448]
[48815, 10000, 65521, 0, -0.6605392156862745, 0.005562398188247448]
[48793, 10000, 65521, 0, -0.6605392156862745, 0.005562398188247448]
[48775, 10000, 65521, 0, -0.6605392156862745, 0.005562398188247448]
[48754, 10000, 65521, 0, -0.6605392156862745, 0.005562398188247448]
[48734, 10000, 65521, 0, -0.6605392156862745, 0.005562398188247448]
[48714, 10000, 65521, 0, -0.6605392156862745, 0.005562398188247448]
[48694, 10000, 65521, 0, -0.6605392156862745, 0.005562398188247448]
[48674, 10000, 65521, 0, -0.6605392156862745, 0.005562398188247448]
[48654, 10000, 65521, 0, -0.6605392156862745, 0.005562398188247448]
[48634, 10000, 65521, 0, -0.6605392156862745, 0.005562398188247448]
[48614, 10000, 65521, 0, -0.6605392156862745, 0.005562398188247448]
[48593, 10000, 65521, 0, -0.6605392156862745, 0.005562398188247448]
[48573, 10000, 65521, 0, -0.6605392156862745, 0.005562398188247448]
[48554, 10000, 65521, 0, -0.6605392156862745, 0.005562398188247448]
[48534, 10000, 65521, 0, -0.6605392156862745, 0.005562398188247448]
[48513, 10000, 65521, 0, -0.6004901960784313, 0.005562398188247448]
[48492, 10000, 65521, 0, -0.6004901960784313, 0.005562398188247448]
[48474, 10000, 65521, 0, -0.6004901960784313, 0.005562398188247448]
[48453, 10000, 65521, 0, -0.6004901960784313, 0.005562398188247448]
[48433, 10000, 65521, 0, -0.6004901960784313, 0.005562398188247448]
[48413, 10000, 65521, 0, -0.6004901960784313, 0.005562398188247448]
[48393, 10000, 65521, 0, -0.6004901960784313, 0.005562398188247448]
[48373, 10000, 65521, 0, -0.6004901960784313, 0.005562398188247448]
[48353, 10000, 65521, 0, -0.6004901960784313, 0.005562398188247448]
[48333, 10000, 65521, 0, -0.6004901960784313, 0.005562398188247448]
[48313, 10000, 65521, 0, -0.6004901960784313, 0.005562398188247448]
[48293, 10000, 65521, 0, -0.6004901960784313, 0.005562398188247448]
[48273, 10000, 65521, 0, -0.6004901960784313, 0.005562398188247448]
[48253, 10000, 65521, 0, -0.6004901960784313, 0.005562398188247448]
[48233, 10000, 65521, 0, -0.6004901960784313, 0.005562398188247448]
[48213, 10000, 65521, 0, -0.6004901960784313, 0.005562398188247448]
[48193, 10000, 65521, 0, -0.6004901960784313, 0.005562398188247448]
[48173, 10000, 65521, 0, -0.6004901960784313, 0.005562398188247448]
[48153, 10000, 65521, 0, -0.6004901960784313, 0.005562398188247448]
[48134, 10000, 65521, 0, -0.6004901960784313, 0.005562398188247448]
[48113, 10000, 65521, 0, -0.6004901960784313, 0.005562398188247448]
[48093, 10000, 65521, 0, -0.6004901960784313, 0.005562398188247448]
[48074, 10000, 65521, 0, -0.6004901960784313, 0.005562398188247448]
[48053, 10000, 65521, 0, -0.6004901960784313, 0.005562398188247448]
[48034, 10000, 65521, 0, -0.6004901960784313, 0.005562398188247448]
[48014, 10000, 65521, 0, -0.6004901960784313, 0.005562398188247448]
[47994, 10000, 65521, 0, -0.6004901960784313, 0.005562398188247448]
[47973, 10000, 65521, 0, -0.6004901960784313, 0.005562398188247448]
[47952, 10000, 65521, 0, -0.6004901960784313, 0.005562398188247448]
[47933, 10000, 65521, 0, -0.6004901960784313, 0.005562398188247448]
[47914, 10000, 65521, 0, -0.6004901960784313, 0.005562398188247448]
[47894, 10000, 65521, 0, -0.6004901960784313, 0.005562398188247448]
[47873, 10000, 65521, 0, -0.6004901960784313, 0.005562398188247448]
[47854, -1, 65521, -2, -0.6004901960784313, 0.005562398188247448]
[47834, 10000, 65521, 0, -0.6004901960784313, 0.005562398188247448]
[47814, 10000, 65521, 0, -0.6004901960784313, 0.005562398188247448]
[47793, 10000, 65521, 0, -0.6004901960784313, 0.005562398188247448]
[47773, 10000, 65521, 0, -0.6004901960784313, 0.005562398188247448]
[47754, 10000, 65521, 0, -0.6004901960784313, 0.005562398188247448]
[47734, 10000, 65521, 0, -0.6004901960784313, 0.005562398188247448]
[47713, 10000, 65521, 0, -0.6004901960784313, 0.005562398188247448]
[47694, 10000, 65521, 0, -0.6004901960784313, 0.005562398188247448]
[47674, 10000, 65521, 0, -0.6004901960784313, 0.005562398188247448]
[47651, 10000, 65521, 0, -0.6004901960784313, 0.005562398188247448]
[47631, 10000, 65521, 0, -0.6004901960784313, 0.005562398188247448]
[47612, 10000, 65521, 0, -0.6004901960784313, 0.005562398188247448]
[47594, 10000, 65521, 0, -0.6004901960784313, 0.005562398188247448]
[47575, 10000, 65521, 0, -0.6004901960784313, 0.005562398188247448]
[47554, 10000, 65521, 0, -0.6004901960784313, 0.005562398188247448]
[47535, 10000, 65521, 0, -0.6004901960784313, 0.005562398188247448]
[47515, 10000, 65521, 0, -0.6004901960784313, 0.005562398188247448]
[47495, 10000, 65521, 0, -0.6004901960784313, 0.005562398188247448]
[47475, 10000, 65521, 0, -0.6004901960784313, 0.005562398188247448]
[47455, 10000, 65521, 0, -0.6004901960784313, 0.005562398188247448]
[47435, 10000, 65521, 0, -0.6004901960784313, 0.005562398188247448]
[47415, 10000, 65521, 0, -0.6004901960784313, 0.005562398188247448]
[47393, 10000, 65521, 0, -0.6004901960784313, 0.005562398188247448]
[47374, 10000, 65521, 0, -0.6004901960784313, 0.005562398188247448]
[47354, 10000, 65521, 0, -0.6004901960784313, 0.005562398188247448]
[47334, 10000, 65521, 0, -0.6004901960784313, 0.005562398188247448]
[47314, 10000, 65521, 0, -0.6004901960784313, 0.005562398188247448]
[47294, 10000, 65521, 0, -0.6004901960784313, 0.005562398188247448]
[47275, 10000, 65521, 0, -0.6004901960784313, 0.005562398188247448]
[47254, 10000, 65521, 0, -0.6004901960784313, 0.005562398188247448]
[47234, 10000, 65521, 0, -0.6004901960784313, 0.005562398188247448]
[47214, 10000, 65521, 0, -0.6004901960784313, 0.005562398188247448]
[47195, 10000, 65521, 0, -0.6004901960784313, 0.005562398188247448]
[47174, 10000, 65521, 0, -0.6004901960784313, 0.005562398188247448]
[47154, 10000, 65521, 0, -0.5404411764705882, 0.005562398188247448]
[47135, 10000, 65521, 0, -0.5404411764705882, 0.005562398188247448]
[47115, 10000, 65521, 0, -0.5404411764705882, 0.005562398188247448]
[47095, 10000, 65521, 0, -0.5404411764705882, 0.005562398188247448]
[47072, 10000, 65521, 0, -0.5404411764705882, 0.005562398188247448]
[47053, 10000, 65521, 0, -0.5404411764705882, 0.005562398188247448]
[47031, 10000, 65521, 0, -0.5404411764705882, 0.005562398188247448]
[47011, 10000, 65521, 0, -0.5404411764705882, 0.005562398188247448]
[46990, -1, 65521, -2, -0.5404411764705882, 0.005562398188247448]
[46971, 10000, 65521, 0, -0.5404411764705882, 0.005562398188247448]
[46952, 10000, 65521, 0, -0.5404411764705882, 0.005562398188247448]
[46933, 10000, 65521, 0, -0.5404411764705882, 0.005562398188247448]
[46913, 10000, 65521, 0, -0.5404411764705882, 0.005562398188247448]
[46895, 10000, 65521, 0, -0.5404411764705882, 0.005562398188247448]
[46875, 10000, 65521, 0, -0.5404411764705882, 0.005562398188247448]
[46855, 10000, 65521, 0, -0.5404411764705882, 0.005562398188247448]
[46835, 10000, 65521, 0, -0.5404411764705882, 0.005562398188247448]
[46812, 10000, 65521, 0, -0.5404411764705882, 0.005562398188247448]
[46794, 10000, 65521, 0, -0.5404411764705882, 0.005562398188247448]
[46775, 10000, 65521, 0, -0.5404411764705882, 0.005562398188247448]
[46755, 10000, 65521, 0, -0.5404411764705882, 0.005562398188247448]
[46735, 10000, 65521, 0, -0.5404411764705882, 0.005562398188247448]
[46715, 10000, 65521, 0, -0.5404411764705882, 0.005562398188247448]
[46695, 10000, 65521, 0, -0.5404411764705882, 0.005562398188247448]
[46673, 10000, 65521, 0, -0.5404411764705882, 0.005562398188247448]
[46655, 10000, 65521, 0, -0.5404411764705882, 0.005562398188247448]
[46635, 10000, 65521, 0, -0.5404411764705882, 0.005562398188247448]
[46615, 10000, 65521, 0, -0.5404411764705882, 0.005562398188247448]
[46596, 10000, 65521, 0, -0.5404411764705882, 0.005562398188247448]
[46576, 10000, 65521, 0, -0.5404411764705882, 0.005562398188247448]
[46556, 10000, 65521, 0, -0.5404411764705882, 0.005562398188247448]
[46536, 10000, 65521, 0, -0.5404411764705882, 0.005562398188247448]
[46516, 10000, 65521, 0, -0.5404411764705882, 0.005562398188247448]
[46496, 10000, 65521, 0, -0.5404411764705882, 0.005562398188247448]
[46476, 10000, 65521, 0, -0.5404411764705882, 0.005562398188247448]
[46456, 10000, 65521, 0, -0.5404411764705882, 0.005562398188247448]
[46436, 10000, 65521, 0, -0.5404411764705882, 0.005562398188247448]
[46415, 10000, 65521, 0, -0.5404411764705882, 0.005562398188247448]
[46396, 10000, 65521, 0, -0.5404411764705882, 0.005562398188247448]
[46376, 10000, 65521, 0, -0.5404411764705882, 0.005562398188247448]
[46356, 10000, 65521, 0, -0.5404411764705882, 0.005562398188247448]
[46336, 10000, 65521, 0, -0.5404411764705882, 0.005562398188247448]
[46316, 10000, 65521, 0, -0.5404411764705882, 0.005562398188247448]
[46296, 10000, 65521, 0, -0.5404411764705882, 0.005562398188247448]
[46276, 10000, 65521, 0, -0.5404411764705882, 0.005562398188247448]
[46255, 10000, 65521, 0, -0.5404411764705882, 0.005562398188247448]
[46236, 10000, 65521, 0, -0.5404411764705882, 0.005562398188247448]
[46216, 10000, 65521, 0, -0.5404411764705882, 0.005562398188247448]
[46196, 10000, 65521, 0, -0.5404411764705882, 0.005562398188247448]
[46176, 10000, 65521, 0, -0.5404411764705882, 0.005562398188247448]
[46157, 10000, 65521, 0, -0.5404411764705882, 0.005562398188247448]
[46137, 10000, 65521, 0, -0.5404411764705882, 0.005562398188247448]
[46117, 10000, 65521, 0, -0.5404411764705882, 0.005562398188247448]
[46097, 10000, 65521, 0, -0.5404411764705882, 0.005562398188247448]
[46077, 10000, 65521, 0, -0.5404411764705882, 0.005562398188247448]
[46057, 10000, 65521, 0, -0.5404411764705882, 0.005562398188247448]
[46037, 10000, 65521, 0, -0.5404411764705882, 0.005562398188247448]
[46017, 10000, 65521, 0, -0.5404411764705882, 0.005562398188247448]
[45997, 10000, 65521, 0, -0.5404411764705882, 0.005562398188247448]
[45977, 10000, 65521, 0, -0.5404411764705882, 0.005562398188247448]
[45957, 10000, 65521, 0, -0.5404411764705882, 0.005562398188247448]
[45937, 10000, 65521, 0, -0.5404411764705882, 0.005562398188247448]
[45917, 10000, 65521, 0, -0.5404411764705882, 0.005562398188247448]
[45897, 10000, 65521, 0, -0.5404411764705882, 0.005562398188247448]
[45876, 10000, 65521, 0, -0.5404411764705882, 0.005562398188247448]
[45856, 10000, 65521, 0, -0.4803921568627451, 0.005562398188247448]
[45836, 10000, 65521, 0, -0.4803921568627451, 0.005562398188247448]
[45815, 10000, 65521, 0, -0.4803921568627451, 0.005562398188247448]
[45795, 10000, 65521, 0, -0.4803921568627451, 0.005562398188247448]
[45776, 10000, 65521, 0, -0.4803921568627451, 0.005562398188247448]
[45756, 10000, 65521, 0, -0.4803921568627451, 0.005562398188247448]
[45736, 10000, 65521, 0, -0.4803921568627451, 0.006357026500854225]
[45716, 10000, 65521, 0, -0.4803921568627451, 0.005562398188247448]
[45696, 10000, 65521, 0, -0.4803921568627451, 0.005562398188247448]
[45676, 10000, 65521, 0, -0.4803921568627451, 0.005562398188247448]
[45656, 10000, 65521, 0, -0.4803921568627451, 0.006357026500854225]
[45636, 10000, 65521, 0, -0.4803921568627451, 0.006357026500854225]
[45616, 10000, 65521, 0, -0.4803921568627451, 0.006357026500854225]
[45596, 10000, 65521, 0, -0.4803921568627451, 0.006357026500854225]
[45576, 10000, 65521, 0, -0.4803921568627451, 0.006357026500854225]
[45556, 10000, 65521, 0, -0.4803921568627451, 0.006357026500854225]
[45536, 10000, 65521, 0, -0.4803921568627451, 0.006357026500854225]
[45516, 10000, 65521, 0, -0.4803921568627451, 0.006357026500854225]
[45496, 10000, 65521, 0, -0.4803921568627451, 0.006357026500854225]
[45476, 10000, 65521, 0, -0.4803921568627451, 0.006357026500854225]
[45456, 10000, 65521, 0, -0.4803921568627451, 0.006357026500854225]
[45436, 10000, 65521, 0, -0.4803921568627451, 0.006357026500854225]
[45415, 10000, 65521, 0, -0.4803921568627451, 0.006357026500854225]
[45395, 10000, 65521, 0, -0.4803921568627451, 0.006357026500854225]
[45375, 10000, 65521, 0, -0.4803921568627451, 0.006357026500854225]
[45355, 10000, 65521, 0, -0.4803921568627451, 0.006357026500854225]
[45334, 10000, 65521, 0, -0.4803921568627451, 0.006357026500854225]
[45314, 10000, 65521, 0, -0.4803921568627451, 0.006357026500854225]
[45294, 10000, 65521, 0, -0.4803921568627451, 0.006357026500854225]
[45273, 10000, 65521, 0, -0.4803921568627451, 0.006357026500854225]
[45253, 10000, 65521, 0, -0.4803921568627451, 0.006357026500854225]
[45233, 10000, 65521, 0, -0.4803921568627451, 0.006357026500854225]
[45213, 10000, 65521, 0, -0.4803921568627451, 0.006357026500854225]
[45193, 10000, 65521, 0, -0.4803921568627451, 0.006357026500854225]
[45173, 10000, 65521, 0, -0.4803921568627451, 0.006357026500854225]
[45152, 10000, 65521, 0, -0.4803921568627451, 0.006357026500854225]
[45132, 10000, 65521, 0, -0.4803921568627451, 0.006357026500854225]
[45110, 10000, 65521, 0, -0.4803921568627451, 0.006357026500854225]
[45092, 10000, 65521, 0, -0.4803921568627451, 0.006357026500854225]
[45072, 10000, 65521, 0, -0.4803921568627451, 0.006357026500854225]
[45052, 10000, 65521, 0, -0.4803921568627451, 0.006357026500854225]
[45032, 10000, 65521, 0, -0.4803921568627451, 0.006357026500854225]
[45012, 10000, 65521, 0, -0.4803921568627451, 0.006357026500854225]
[44991, 10000, 65521, 0, -0.4803921568627451, 0.006357026500854225]
[44970, 10000, 65521, 0, -0.4803921568627451, 0.006357026500854225]
[44951, 10000, 65521, 0, -0.4803921568627451, 0.006357026500854225]
[44931, 10000, 65521, 0, -0.4803921568627451, 0.006357026500854225]
[44910, 10000, 65521, 0, -0.4803921568627451, 0.006357026500854225]
[44890, 10000, 65521, 0, -0.4803921568627451, 0.006357026500854225]
[44870, 10000, 65521, 0, -0.4803921568627451, 0.006357026500854225]
[44850, 10000, 65521, 0, -0.4803921568627451, 0.006357026500854225]
[44828, 10000, 65521, 0, -0.4803921568627451, 0.006357026500854225]
[44809, 10000, 65521, 0, -0.4803921568627451, 0.006357026500854225]
[44789, 10000, 65521, 0, -0.4803921568627451, 0.006357026500854225]
[44769, 10000, 65521, 0, -0.4803921568627451, 0.006357026500854225]
[44748, 10000, 65521, 0, -0.4803921568627451, 0.006357026500854225]
[44729, 10000, 65521, 0, -0.4803921568627451, 0.006357026500854225]
[44709, 10000, 65521, 0, -0.4803921568627451, 0.006357026500854225]
[44688, 10000, 65521, 0, -0.4803921568627451, 0.006357026500854225]
[44668, 10000, 65521, 0, -0.4803921568627451, 0.006357026500854225]
[44646, 10000, 65521, 0, -0.420343137254902, 0.006357026500854225]
[44628, 10000, 65521, 0, -0.420343137254902, 0.006357026500854225]
[44608, 10000, 65521, 0, -0.420343137254902, 0.006357026500854225]
[44588, 10000, 65521, 0, -0.420343137254902, 0.006357026500854225]
[44568, 10000, 65521, 0, -0.420343137254902, 0.006357026500854225]
[44549, 10000, 65521, 0, -0.420343137254902, 0.006357026500854225]
[44528, 10000, 65521, 0, -0.420343137254902, 0.006357026500854225]
[44508, 10000, 65521, 0, -0.420343137254902, 0.006357026500854225]
[44488, 10000, 65521, 0, -0.420343137254902, 0.006357026500854225]
[44468, 10000, 65521, 0, -0.420343137254902, 0.006357026500854225]
[44448, 10000, 65521, 0, -0.420343137254902, 0.006357026500854225]
[44428, 10000, 65521, 0, -0.420343137254902, 0.006357026500854225]
[44408, 10000, 65521, 0, -0.420343137254902, 0.006357026500854225]
[44388, 10000, 65521, 0, -0.420343137254902, 0.006357026500854225]
[44368, 10000, 65521, 0, -0.420343137254902, 0.006357026500854225]
[44348, 10000, 65521, 0, -0.420343137254902, 0.006357026500854225]
[44327, 10000, 65521, 0, -0.420343137254902, 0.006357026500854225]
[44308, 10000, 65521, 0, -0.420343137254902, 0.006357026500854225]
[44288, 10000, 65521, 0, -0.420343137254902, 0.006357026500854225]
[44267, 10000, 65521, 0, -0.420343137254902, 0.006357026500854225]
[44248, 10000, 65521, 0, -0.420343137254902, 0.006357026500854225]
[44228, 10000, 65521, 0, -0.420343137254902, 0.006357026500854225]
[44208, 10000, 65521, 0, -0.420343137254902, 0.006357026500854225]
[44188, 10000, 65521, 0, -0.420343137254902, 0.006357026500854225]
[44167, 10000, 65521, 0, -0.420343137254902, 0.006357026500854225]
[44148, 10000, 65521, 0, -0.420343137254902, 0.006357026500854225]
[44128, 10000, 65521, 0, -0.420343137254902, 0.006357026500854225]
[44108, 10000, 65521, 0, -0.420343137254902, 0.006357026500854225]
[44068, 10000, 65521, 0, -0.420343137254902, 0.006357026500854225]
[44049, 10000, 65521, 0, -0.420343137254902, 0.006357026500854225]
[44030, 10000, 65521, 0, -0.420343137254902, 0.006357026500854225]
[44012, 10000, 65521, 0, -0.420343137254902, 0.006357026500854225]
[43993, 10000, 65521, 0, -0.420343137254902, 0.006357026500854225]
[43975, 10000, 65521, 0, -0.420343137254902, 0.006357026500854225]
[43956, 10000, 65521, 0, -0.420343137254902, 0.006357026500854225]
[43936, 10000, 65521, 0, -0.420343137254902, 0.006357026500854225]
[43918, 10000, 65521, 0, -0.420343137254902, 0.006357026500854225]
[43900, 10000, 65521, 0, -0.420343137254902, 0.006357026500854225]
[43881, 10000, 65521, 0, -0.420343137254902, 0.006357026500854225]
[43863, 10000, 65521, 0, -0.420343137254902, 0.006357026500854225]
[43845, 10000, 65521, 0, -0.420343137254902, 0.006357026500854225]
[43828, 10000, 65521, 0, -0.420343137254902, 0.006357026500854225]
[43808, 10000, 65521, 0, -0.420343137254902, 0.006357026500854225]
[43787, 10000, 65521, 0, -0.420343137254902, 0.006357026500854225]
[43768, 10000, 65521, 0, -0.420343137254902, 0.006357026500854225]
[43748, 10000, 65521, 0, -0.420343137254902, 0.007151654813461003]
[43728, 10000, 65521, 0, -0.420343137254902, 0.007151654813461003]
[43708, 10000, 65521, 0, -0.420343137254902, 0.007151654813461003]
[43688, 10000, 65521, 0, -0.420343137254902, 0.007151654813461003]
[43667, 10000, 65521, 0, -0.420343137254902, 0.007151654813461003]
[43649, 10000, 65521, 0, -0.420343137254902, 0.007151654813461003]
[43628, 10000, 65521, 0, -0.420343137254902, 0.007151654813461003]
[43609, 10000, 65521, 0, -0.420343137254902, 0.007151654813461003]
[43586, 10000, 65523, 0, -0.420343137254902, 0.007151654813461003]
[43583, 10000, 65525, 0, -0.420343137254902, 0.007151654813461003]
[43581, 10000, 65526, 0, -0.420343137254902, 0.007151654813461003]
[43580, 10000, 65528, 0, -0.420343137254902, 0.007151654813461003]
[43578, 10000, 65529, 0, -0.420343137254902, 0.007151654813461003]
[43577, 10000, 65530, 0, -0.420343137254902, 0.006357026500854225]
[43576, 10000, 65531, 0, -0.420343137254902, 0.006357026500854225]
[43576, 10000, 65532, 0, -0.420343137254902, 0.006357026500854225]
[43575, 10000, 65533, 0, -0.420343137254902, 0.006357026500854225]
[43575, 10000, 65533, 0, -0.420343137254902, 0.006357026500854225]
[43575, 10000, 65534, 0, -0.420343137254902, 0.006357026500854225]
[43575, 10000, 65534, 0, -0.420343137254902, 0.006357026500854225]
[43589, 10000, 1, 0, -0.420343137254902, 0.006357026500854225]
[43606, 10000, 3, 0, -0.420343137254902, 0.006357026500854225]
[43624, 10000, 5, 0, -0.420343137254902, 0.006357026500854225]
[43643, 10000, 7, 0, -0.420343137254902, 0.006357026500854225]
[43663, 10000, 8, 0, -0.420343137254902, 0.006357026500854225]
[43682, 10000, 9, 0, -0.420343137254902, 0.006357026500854225]
[43700, 10000, 10, 0, -0.420343137254902, 0.006357026500854225]
[43718, 10000, 11, 0, -0.420343137254902, 0.006357026500854225]
[43736, 10000, 12, 0, -0.420343137254902, 0.006357026500854225]
[43754, 10000, 13, 0, -0.420343137254902, 0.006357026500854225]
[43771, 10000, 13, 0, -0.420343137254902, 0.006357026500854225]
[43787, 10000, 13, 0, -0.420343137254902, 0.006357026500854225]
[43805, 10000, 14, 0, -0.420343137254902, 0.006357026500854225]
[43826, 10000, 14, 0, -0.420343137254902, 0.006357026500854225]
[43857, 10000, 13, 0, -0.420343137254902, 0.006357026500854225]
[43876, 10000, 13, 0, -0.420343137254902, 0.006357026500854225]
[43895, 10000, 14, 0, -0.4803921568627451, 0.006357026500854225]
[43912, 10000, 14, 0, -0.4803921568627451, 0.006357026500854225]
[43930, 10000, 14, 0, -0.4803921568627451, 0.006357026500854225]
[43948, 10000, 14, 0, -0.4803921568627451, 0.006357026500854225]
[43965, 10000, 14, 0, -0.4803921568627451, 0.006357026500854225]
[43985, 10000, 14, 0, -0.4803921568627451, 0.006357026500854225]
[44004, 10000, 14, 0, -0.4803921568627451, 0.006357026500854225]
[44022, 10000, 14, 0, -0.4803921568627451, 0.006357026500854225]
[44042, 10000, 14, 0, -0.4803921568627451, 0.006357026500854225]
[44062, 10000, 15, 0, -0.4803921568627451, 0.006357026500854225]
[44080, 10000, 15, 0, -0.4803921568627451, 0.006357026500854225]
[44099, 10000, 15, 0, -0.4803921568627451, 0.006357026500854225]
[44118, 10000, 15, 0, -0.4803921568627451, 0.006357026500854225]
[44138, 10000, 15, 0, -0.4803921568627451, 0.006357026500854225]
[44157, 10000, 15, 0, -0.4803921568627451, 0.006357026500854225]
[44177, 10000, 15, 0, -0.4803921568627451, 0.006357026500854225]
[44196, 10000, 15, 0, -0.4803921568627451, 0.006357026500854225]
[44217, 10000, 15, 0, -0.4803921568627451, 0.006357026500854225]
[44237, 10000, 15, 0, -0.4803921568627451, 0.006357026500854225]
[44257, 10000, 15, 0, -0.4803921568627451, 0.006357026500854225]
[44276, 10000, 15, 0, -0.4803921568627451, 0.006357026500854225]
[44297, 10000, 15, 0, -0.4803921568627451, 0.006357026500854225]
[44317, 10000, 15, 0, -0.4803921568627451, 0.006357026500854225]
[44336, 10000, 15, 0, -0.4803921568627451, 0.006357026500854225]
[44356, 10000, 15, 0, -0.4803921568627451, 0.006357026500854225]
[44377, 10000, 15, 0, -0.4803921568627451, 0.006357026500854225]
[44398, 10000, 15, 0, -0.4803921568627451, 0.006357026500854225]
[44417, 10000, 15, 0, -0.5404411764705882, 0.006357026500854225]
[44437, 10000, 15, 0, -0.5404411764705882, 0.006357026500854225]
[44457, 10000, 15, 0, -0.4803921568627451, 0.006357026500854225]
[44478, 10000, 15, 0, -0.5404411764705882, 0.006357026500854225]
[44497, 10000, 15, 0, -0.5404411764705882, 0.006357026500854225]
[44517, 10000, 15, 0, -0.5404411764705882, 0.006357026500854225]
[44538, 10000, 15, 0, -0.5404411764705882, 0.006357026500854225]
[44557, 10000, 15, 0, -0.5404411764705882, 0.006357026500854225]
[44577, 10000, 15, 0, -0.5404411764705882, 0.006357026500854225]
[44597, 10000, 15, 0, -0.5404411764705882, 0.006357026500854225]
[44617, 10000, 15, 0, -0.5404411764705882, 0.006357026500854225]
[44638, 10000, 15, 0, -0.5404411764705882, 0.006357026500854225]
[44657, 10000, 15, 0, -0.5404411764705882, 0.006357026500854225]
[44677, 10000, 15, 0, -0.5404411764705882, 0.006357026500854225]
[44697, 10000, 15, 0, -0.5404411764705882, 0.006357026500854225]
[44718, 10000, 15, 0, -0.5404411764705882, 0.006357026500854225]
[44738, 10000, 15, 0, -0.5404411764705882, 0.006357026500854225]
[44757, 10000, 15, 0, -0.5404411764705882, 0.006357026500854225]
[44778, 10000, 15, 0, -0.5404411764705882, 0.006357026500854225]
[44799, 10000, 15, 0, -0.5404411764705882, 0.006357026500854225]
[44818, 10000, 15, 0, -0.5404411764705882, 0.006357026500854225]
[44838, 10000, 15, 0, -0.5404411764705882, 0.006357026500854225]
[44859, 10000, 15, 0, -0.5404411764705882, 0.006357026500854225]
[44879, 10000, 15, 0, -0.5404411764705882, 0.006357026500854225]
[44899, 10000, 15, 0, -0.5404411764705882, 0.006357026500854225]
[44920, 10000, 15, 0, -0.5404411764705882, 0.006357026500854225]
[44940, 10000, 15, 0, -0.5404411764705882, 0.006357026500854225]
[44961, 10000, 15, 0, -0.5404411764705882, 0.006357026500854225]
[44981, 10000, 15, 0, -0.5404411764705882, 0.006357026500854225]
[45001, 10000, 15, 0, -0.5404411764705882, 0.006357026500854225]
[45021, 10000, 15, 0, -0.5404411764705882, 0.006357026500854225]
[45042, 10000, 15, 0, -0.5404411764705882, 0.006357026500854225]
[45061, 10000, 15, 0, -0.5404411764705882, 0.006357026500854225]
[45081, 10000, 15, 0, -0.5404411764705882, 0.006357026500854225]
[45102, 10000, 15, 0, -0.5404411764705882, 0.006357026500854225]
[45122, 10000, 15, 0, -0.5404411764705882, 0.006357026500854225]
[45144, 10000, 15, 0, -0.5404411764705882, 0.006357026500854225]
[45162, 10000, 15, 0, -0.5404411764705882, 0.006357026500854225]
[45182, 10000, 15, 0, -0.5404411764705882, 0.006357026500854225]
[45202, 10000, 15, 0, -0.5404411764705882, 0.006357026500854225]
[45222, 10000, 15, 0, -0.5404411764705882, 0.006357026500854225]
[45242, 10000, 15, 0, -0.5404411764705882, 0.006357026500854225]
[45263, 10000, 15, 0, -0.5404411764705882, 0.006357026500854225]
[45283, 10000, 15, 0, -0.6004901960784313, 0.006357026500854225]
[45303, 10000, 15, 0, -0.6004901960784313, 0.006357026500854225]
[45323, 10000, 15, 0, -0.6004901960784313, 0.006357026500854225]
[45344, 10000, 15, 0, -0.6004901960784313, 0.006357026500854225]
[45364, 10000, 15, 0, -0.6004901960784313, 0.006357026500854225]
[45384, 10000, 15, 0, -0.6004901960784313, 0.006357026500854225]
[45405, 10000, 15, 0, -0.6004901960784313, 0.006357026500854225]
[45426, 10000, 15, 0, -0.6004901960784313, 0.006357026500854225]
[45445, 10000, 15, 0, -0.6004901960784313, 0.006357026500854225]
[45466, 10000, 15, 0, -0.6004901960784313, 0.006357026500854225]
[45485, 10000, 15, 0, -0.6004901960784313, 0.006357026500854225]
[45506, 10000, 15, 0, -0.6004901960784313, 0.006357026500854225]
[45527, 10000, 15, 0, -0.6004901960784313, 0.006357026500854225]
[45546, 10000, 15, 0, -0.6004901960784313, 0.006357026500854225]
[45566, 10000, 15, 0, -0.6004901960784313, 0.006357026500854225]
[45587, 10000, 15, 0, -0.6004901960784313, 0.006357026500854225]
[45607, 10000, 15, 0, -0.6004901960784313, 0.006357026500854225]
[45627, 10000, 15, 0, -0.6004901960784313, 0.006357026500854225]
[45646, 10000, 15, 0, -0.6004901960784313, 0.006357026500854225]
[45666, 10000, 15, 0, -0.6004901960784313, 0.006357026500854225]
[45686, 10000, 15, 0, -0.6004901960784313, 0.006357026500854225]
[45706, 10000, 15, 0, -0.6004901960784313, 0.006357026500854225]
[45726, 10000, 15, 0, -0.6004901960784313, 0.006357026500854225]
[45746, 10000, 15, 0, -0.6004901960784313, 0.006357026500854225]
[45767, 10000, 15, 0, -0.6004901960784313, 0.006357026500854225]
[45787, 10000, 15, 0, -0.6004901960784313, 0.006357026500854225]
[45806, 10000, 15, 0, -0.6004901960784313, 0.006357026500854225]
[45826, 10000, 15, 0, -0.6004901960784313, 0.006357026500854225]
[45847, 10000, 15, 0, -0.6004901960784313, 0.006357026500854225]
[45867, 10000, 15, 0, -0.6004901960784313, 0.006357026500854225]
[45886, 10000, 15, 0, -0.6004901960784313, 0.006357026500854225]
[45907, 10000, 15, 0, -0.6004901960784313, 0.006357026500854225]
[45928, 10000, 15, 0, -0.6004901960784313, 0.006357026500854225]
[45948, 10000, 15, 0, -0.6004901960784313, 0.006357026500854225]
[45967, 10000, 15, 0, -0.6004901960784313, 0.006357026500854225]
[45988, 10000, 15, 0, -0.6004901960784313, 0.006357026500854225]
[46008, 10000, 15, 0, -0.6004901960784313, 0.006357026500854225]
[46028, 10000, 15, 0, -0.6004901960784313, 0.006357026500854225]
[46047, 10000, 15, 0, -0.6004901960784313, 0.006357026500854225]
[46068, 10000, 15, 0, -0.6004901960784313, 0.006357026500854225]
[46087, 10000, 15, 0, -0.6004901960784313, 0.006357026500854225]
[46107, 10000, 15, 0, -0.6004901960784313, 0.006357026500854225]
[46126, 10000, 15, 0, -0.6004901960784313, 0.006357026500854225]
[46147, 10000, 15, 0, -0.6004901960784313, 0.006357026500854225]
[46166, 10000, 15, 0, -0.6004901960784313, 0.006357026500854225]
[46186, 10000, 15, 0, -0.6004901960784313, 0.006357026500854225]
[46206, 10000, 15, 0, -0.6004901960784313, 0.006357026500854225]
[46226, 10000, 15, 0, -0.6004901960784313, 0.006357026500854225]
[46246, 10000, 15, 0, -0.6004901960784313, 0.006357026500854225]
[46265, 10000, 15, 0, -0.6004901960784313, 0.006357026500854225]
[46285, 10000, 15, 0, -0.6004901960784313, 0.006357026500854225]
[46306, 10000, 15, 0, -0.6004901960784313, 0.006357026500854225]
[46326, 10000, 15, 0, -0.6004901960784313, 0.006357026500854225]
[46345, 10000, 15, 0, -0.6004901960784313, 0.006357026500854225]
[46365, 10000, 15, 0, -0.6004901960784313, 0.006357026500854225]
[46386, 10000, 15, 0, -0.6004901960784313, 0.006357026500854225]
[46407, 10000, 15, 0, -0.6004901960784313, 0.006357026500854225]
[46426, 10000, 15, 0, -0.6004901960784313, 0.006357026500854225]
[46445, 10000, 15, 0, -0.6004901960784313, 0.006357026500854225]
[46466, 10000, 15, 0, -0.6004901960784313, 0.005562398188247448]
[46486, 10000, 15, 0, -0.6004901960784313, 0.005562398188247448]
[46505, 10000, 15, 0, -0.6004901960784313, 0.005562398188247448]
[46525, 10000, 15, 0, -0.6004901960784313, 0.005562398188247448]
[46545, 10000, 15, 0, -0.6004901960784313, 0.005562398188247448]
[46565, 10000, 15, 0, -0.6004901960784313, 0.005562398188247448]
[46584, 10000, 15, 0, -0.6004901960784313, 0.005562398188247448]
[46604, 10000, 15, 0, -0.6004901960784313, 0.005562398188247448]
[46625, 10000, 15, 0, -0.6004901960784313, 0.005562398188247448]
[46644, 10000, 15, 0, -0.6004901960784313, 0.005562398188247448]
[46664, 10000, 15, 0, -0.6605392156862745, 0.005562398188247448]
[46683, 10000, 15, 0, -0.6605392156862745, 0.005562398188247448]
[46704, 10000, 15, 0, -0.6605392156862745, 0.005562398188247448]
[46724, 10000, 15, 0, -0.6605392156862745, 0.005562398188247448]
[46743, 10000, 15, 0, -0.6605392156862745, 0.005562398188247448]
[46763, 10000, 15, 0, -0.6605392156862745, 0.005562398188247448]
[46784, 10000, 15, 0, -0.6605392156862745, 0.005562398188247448]
[46804, 10000, 15, 0, -0.6605392156862745, 0.005562398188247448]
[46824, 10000, 15, 0, -0.6605392156862745, 0.005562398188247448]
[46843, 10000, 15, 0, -0.6605392156862745, 0.005562398188247448]
[46864, 10000, 15, 0, -0.6605392156862745, 0.005562398188247448]
[46884, 10000, 15, 0, -0.6605392156862745, 0.005562398188247448]
[46903, 10000, 15, 0, -0.6605392156862745, 0.005562398188247448]
[46924, 10000, 15, 0, -0.6605392156862745, 0.005562398188247448]
[46944, 10000, 15, 0, -0.6605392156862745, 0.005562398188247448]
[46964, 10000, 15, 0, -0.6605392156862745, 0.005562398188247448]
[46984, 10000, 15, 0, -0.6605392156862745, 0.005562398188247448]
[47003, 10000, 15, 0, -0.6605392156862745, 0.005562398188247448]
[47024, 10000, 15, 0, -0.6605392156862745, 0.005562398188247448]
[47044, 10000, 15, 0, -0.6605392156862745, 0.005562398188247448]
[47064, 10000, 15, 0, -0.6605392156862745, 0.005562398188247448]
[47083, 10000, 15, 0, -0.6605392156862745, 0.005562398188247448]
[47104, 10000, 15, 0, -0.6605392156862745, 0.005562398188247448]
[47124, 10000, 15, 0, -0.6605392156862745, 0.005562398188247448]
[47143, 10000, 15, 0, -0.6605392156862745, 0.005562398188247448]
[47163, 10000, 15, 0, -0.6605392156862745, 0.005562398188247448]
[47184, 10000, 15, 0, -0.6605392156862745, 0.005562398188247448]
[47204, 10000, 15, 0, -0.6605392156862745, 0.005562398188247448]
[47223, 10000, 15, 0, -0.6605392156862745, 0.005562398188247448]
[47243, 10000, 15, 0, -0.6605392156862745, 0.005562398188247448]
[47263, 10000, 15, 0, -0.6605392156862745, 0.005562398188247448]
[47283, 10000, 15, 0, -0.6605392156862745, 0.005562398188247448]
[47303, 10000, 15, 0, -0.6605392156862745, 0.005562398188247448]
[47323, 10000, 15, 0, -0.6605392156862745, 0.005562398188247448]
[47344, 10000, 15, 0, -0.6605392156862745, 0.005562398188247448]
[47364, 10000, 15, 0, -0.6605392156862745, 0.005562398188247448]
[47383, 10000, 15, 0, -0.6605392156862745, 0.005562398188247448]
[47404, 10000, 15, 0, -0.6605392156862745, 0.005562398188247448]
[47424, 10000, 15, 0, -0.6605392156862745, 0.005562398188247448]
[47444, 10000, 15, 0, -0.6605392156862745, 0.005562398188247448]
[47464, 10000, 15, 0, -0.6605392156862745, 0.005562398188247448]
[47483, 10000, 15, 0, -0.6605392156862745, 0.005562398188247448]
[47504, 10000, 15, 0, -0.6605392156862745, 0.005562398188247448]
[47524, 10000, 15, 0, -0.6605392156862745, 0.005562398188247448]
[47543, 10000, 15, 0, -0.6605392156862745, 0.005562398188247448]
[47563, 10000, 15, 0, -0.6605392156862745, 0.005562398188247448]
[47584, 10000, 15, 0, -0.6605392156862745, 0.005562398188247448]
[47603, 10000, 15, 0, -0.6605392156862745, 0.005562398188247448]
[47623, 10000, 15, 0, -0.6605392156862745, 0.005562398188247448]
[47642, 10000, 15, 0, -0.6605392156862745, 0.005562398188247448]
[47663, 10000, 15, 0, -0.6605392156862745, 0.005562398188247448]
[47682, 10000, 15, 0, -0.6605392156862745, 0.005562398188247448]
[47702, 10000, 15, 0, -0.6605392156862745, 0.005562398188247448]
[47721, 10000, 15, 0, -0.6605392156862745, 0.005562398188247448]
[47742, 10000, 15, 0, -0.6605392156862745, 0.005562398188247448]
[47762, 10000, 15, 0, -0.6605392156862745, 0.005562398188247448]
[47781, 10000, 15, 0, -0.6605392156862745, 0.005562398188247448]
[47801, 10000, 15, 0, -0.6605392156862745, 0.005562398188247448]
[47822, 10000, 15, 0, -0.6605392156862745, 0.005562398188247448]
[47842, 10000, 15, 0, -0.6605392156862745, 0.005562398188247448]
[47862, 10000, 15, 0, -0.6605392156862745, 0.005562398188247448]
[47881, 10000, 15, 0, -0.6605392156862745, 0.005562398188247448]
[47902, 10000, 15, 0, -0.6605392156862745, 0.005562398188247448]
[47922, 10000, 15, 0, -0.6605392156862745, 0.005562398188247448]
[47942, 10000, 15, 0, -0.6605392156862745, 0.005562398188247448]
[47961, 10000, 15, 0, -0.6605392156862745, 0.005562398188247448]
[47982, 10000, 15, 0, -0.6605392156862745, 0.005562398188247448]
[48002, 10000, 15, 0, -0.6605392156862745, 0.005562398188247448]
[48022, 10000, 15, 0, -0.6605392156862745, 0.005562398188247448]
[48041, 10000, 15, 0, -0.6605392156862745, 0.005562398188247448]
[48062, 10000, 15, 0, -0.6605392156862745, 0.005562398188247448]
[48082, 10000, 15, 0, -0.6605392156862745, 0.005562398188247448]
[48101, 10000, 15, 0, -0.6605392156862745, 0.005562398188247448]
[48121, 10000, 15, 0, -0.6605392156862745, 0.005562398188247448]
[48142, 10000, 15, 0, -0.6605392156862745, 0.005562398188247448]
[48161, 10000, 15, 0, -0.6605392156862745, 0.005562398188247448]
[48181, 10000, 15, 0, -0.6605392156862745, 0.005562398188247448]
[48200, 10000, 15, 0, -0.6605392156862745, 0.005562398188247448]
[48221, 10000, 15, 0, -0.6605392156862745, 0.005562398188247448]
[48241, 10000, 15, 0, -0.6605392156862745, 0.005562398188247448]
[48260, 10000, 15, 0, -0.6605392156862745, 0.005562398188247448]
[48280, 10000, 15, 0, -0.6605392156862745, 0.005562398188247448]
[48301, 10000, 15, 0, -0.6605392156862745, 0.005562398188247448]
[48321, 10000, 15, 0, -0.6605392156862745, 0.005562398188247448]
[48341, 10000, 15, 0, -0.6605392156862745, 0.005562398188247448]
[48360, 10000, 15, 0, -0.6605392156862745, 0.005562398188247448]
[48381, 10000, 15, 0, -0.6605392156862745, 0.005562398188247448]
[48401, 10000, 15, 0, -0.6605392156862745, 0.005562398188247448]
[48421, 10000, 15, 0, -0.6605392156862745, 0.005562398188247448]
[48440, 10000, 15, 0, -0.6605392156862745, 0.005562398188247448]
[48461, 10000, 15, 0, -0.6605392156862745, 0.005562398188247448]
[48481, 10000, 15, 0, -0.6605392156862745, 0.005562398188247448]
[48501, 10000, 15, 0, -0.6605392156862745, 0.005562398188247448]
[48520, 10000, 15, 0, -0.6605392156862745, 0.005562398188247448]
[48541, 10000, 15, 0, -0.6605392156862745, 0.005562398188247448]
[48561, 10000, 15, 0, -0.6605392156862745, 0.005562398188247448]
[48581, 10000, 15, 0, -0.6605392156862745, 0.005562398188247448]
[48600, 10000, 15, 0, -0.6605392156862745, 0.005562398188247448]
[48621, 10000, 15, 0, -0.6605392156862745, 0.005562398188247448]
[48641, 10000, 15, 0, -0.6605392156862745, 0.005562398188247448]
[48660, 10000, 15, 0, -0.6605392156862745, 0.005562398188247448]
[48680, 10000, 15, 0, -0.6605392156862745, 0.005562398188247448]
[48701, 10000, 15, 0, -0.6605392156862745, 0.005562398188247448]
[48721, 10000, 15, 0, -0.6605392156862745, 0.005562398188247448]
[48741, 10000, 15, 0, -0.6605392156862745, 0.005562398188247448]
[48760, 10000, 15, 0, -0.6605392156862745, 0.005562398188247448]
[48781, 10000, 15, 0, -0.6605392156862745, 0.005562398188247448]
[48802, 10000, 15, 0, -0.6605392156862745, 0.005562398188247448]
[48821, 10000, 15, 0, -0.6605392156862745, 0.005562398188247448]
[48841, 10000, 15, 0, -0.6605392156862745, 0.005562398188247448]
[48862, 10000, 15, 0, -0.6605392156862745, 0.005562398188247448]
[48883, 10000, 15, 0, -0.6605392156862745, 0.005562398188247448]
[48903, 10000, 15, 0, -0.6605392156862745, 0.005562398188247448]
[48923, 10000, 15, 0, -0.6605392156862745, 0.005562398188247448]
[48943, 10000, 15, 0, -0.6605392156862745, 0.005562398188247448]
[48964, 10000, 15, 0, -0.6605392156862745, 0.005562398188247448]
[48984, 10000, 15, 0, -0.6605392156862745, 0.005562398188247448]
[49004, 10000, 15, 0, -0.6605392156862745, 0.005562398188247448]
[49024, 10000, 15, 0, -0.6605392156862745, 0.005562398188247448]
[49045, 10000, 15, 0, -0.6605392156862745, 0.005562398188247448]
[49065, 10000, 15, 0, -0.6605392156862745, 0.005562398188247448]
[49084, 10000, 15, 0, -0.7205882352941176, 0.005562398188247448]
[49105, 10000, 15, 0, -0.7205882352941176, 0.005562398188247448]
[49125, 10000, 15, 0, -0.7205882352941176, 0.005562398188247448]
[49145, 10000, 15, 0, -0.7205882352941176, 0.005562398188247448]
[49165, 10000, 15, 0, -0.7205882352941176, 0.005562398188247448]
[49186, 10000, 15, 0, -0.7205882352941176, 0.005562398188247448]
[49205, 10000, 15, 0, -0.7205882352941176, 0.005562398188247448]
[49225, 10000, 15, 0, -0.7205882352941176, 0.005562398188247448]
[49245, 10000, 15, 0, -0.7205882352941176, 0.005562398188247448]
[49266, 10000, 15, 0, -0.7205882352941176, 0.005562398188247448]
[49287, 10000, 15, 0, -0.7205882352941176, 0.005562398188247448]
[49306, 10000, 15, 0, -0.7205882352941176, 0.005562398188247448]
[49326, 10000, 15, 0, -0.7205882352941176, 0.005562398188247448]
[49348, 10000, 15, 0, -0.7205882352941176, 0.005562398188247448]
[49367, 10000, 15, 0, -0.7205882352941176, 0.005562398188247448]
[49388, 10000, 15, 0, -0.7205882352941176, 0.005562398188247448]
[49407, 10000, 15, 0, -0.7205882352941176, 0.005562398188247448]
[49429, 10000, 15, 0, -0.7205882352941176, 0.005562398188247448]
[49449, 10000, 15, 0, -0.7205882352941176, 0.004767769875640669]
[49469, 10000, 15, 0, -0.7205882352941176, 0.004767769875640669]
[49488, 10000, 15, 0, -0.7205882352941176, 0.004767769875640669]
[49509, 10000, 15, 0, -0.7205882352941176, 0.005562398188247448]
[49538, 10000, 14, 0, -0.7205882352941176, 0.004767769875640669]
[49534, 10000, 11, 0, -0.7205882352941176, 0.004767769875640669]
[49530, 10000, 9, 0, -0.7205882352941176, 0.004767769875640669]
[49528, 10000, 7, 0, -0.7205882352941176, 0.005562398188247448]
[49527, 10000, 6, 0, -0.7205882352941176, 0.005562398188247448]
[49525, 10000, 5, 0, -0.7205882352941176, 0.005562398188247448]
[49525, 10000, 4, 0, -0.7205882352941176, 0.004767769875640669]
[49524, 10000, 3, 0, -0.7205882352941176, 0.004767769875640669]
[49523, 10000, 2, 0, -0.7205882352941176, 0.005562398188247448]
[49523, 10000, 2, 0, -0.7205882352941176, 0.005562398188247448]
[49523, 10000, 1, 0, -0.7205882352941176, 0.005562398188247448]
[49523, 10000, 1, 0, -0.7205882352941176, 0.005562398188247448]
[49523, 10000, 1, 0, -0.7205882352941176, 0.005562398188247448]
[49522, 10000, 1, 0, -0.7205882352941176, 0.005562398188247448]
[49522, 10000, 1, 0, -0.7205882352941176, 0.005562398188247448]
[49522, 10000, 0, 0, -0.7205882352941176, 0.005562398188247448]
[49520, 10000, 65535, 0, -0.7205882352941176, 0.005562398188247448]
[49500, 10000, 65533, 0, -0.7205882352941176, 0.005562398188247448]
[49480, 10000, 65530, 0, -0.7205882352941176, 0.005562398188247448]
[49460, 10000, 65529, 0, -0.6605392156862745, 0.005562398188247448]
[49439, 10000, 65527, 0, -0.6605392156862745, 0.005562398188247448]
[49419, 10000, 65526, 0, -0.6605392156862745, 0.005562398188247448]
[49399, 10000, 65525, 0, -0.6605392156862745, 0.005562398188247448]
[49379, 10000, 65524, 0, -0.6605392156862745, 0.005562398188247448]
[49357, 10000, 65524, 0, -0.6605392156862745, 0.005562398188247448]
[49338, 10000, 65523, 0, -0.6605392156862745, 0.005562398188247448]
[49318, 10000, 65523, 0, -0.6605392156862745, 0.005562398188247448]
[49297, 10000, 65522, 0, -0.6605392156862745, 0.005562398188247448]
[49277, 10000, 65522, 0, -0.6605392156862745, 0.005562398188247448]
[49257, 10000, 65522, 0, -0.6605392156862745, 0.005562398188247448]
[49237, 10000, 65522, 0, -0.6605392156862745, 0.005562398188247448]
[49217, 10000, 65522, 0, -0.6605392156862745, 0.005562398188247448]
[49197, 10000, 65522, 0, -0.6605392156862745, 0.005562398188247448]
[49177, 10000, 65521, 0, -0.6605392156862745, 0.005562398188247448]
[49156, 10000, 65521, 0, -0.6605392156862745, 0.005562398188247448]
[49136, 10000, 65521, 0, -0.6605392156862745, 0.005562398188247448]
[49116, 10000, 65521, 0, -0.6605392156862745, 0.005562398188247448]
[49096, 10000, 65521, 0, -0.6605392156862745, 0.005562398188247448]
[49076, 10000, 65521, 0, -0.6605392156862745, 0.005562398188247448]
[49056, 10000, 65521, 0, -0.6605392156862745, 0.005562398188247448]
[49036, 10000, 65521, 0, -0.6605392156862745, 0.005562398188247448]
[49016, 10000, 65521, 0, -0.6605392156862745, 0.005562398188247448]
[48995, 10000, 65521, 0, -0.6605392156862745, 0.005562398188247448]
[48975, 10000, 65521, 0, -0.6605392156862745, 0.005562398188247448]
[48955, 10000, 65521, 0, -0.6605392156862745, 0.005562398188247448]
[48935, 10000, 65521, 0, -0.6605392156862745, 0.005562398188247448]
[48914, 10000, 65521, 0, -0.6605392156862745, 0.005562398188247448]
[48894, 10000, 65521, 0, -0.6605392156862745, 0.005562398188247448]
[48874, 10000, 65521, 0, -0.6605392156862745, 0.005562398188247448]
[48854, 10000, 65521, 0, -0.6605392156862745, 0.005562398188247448]
[48833, 10000, 65521, 0, -0.6605392156862745, 0.005562398188247448]
[48813, 10000, 65521, 0, -0.6605392156862745, 0.005562398188247448]
[48793, 10000, 65521, 0, -0.6605392156862745, 0.005562398188247448]
[48773, 10000, 65521, 0, -0.6605392156862745, 0.005562398188247448]
[48752, 10000, 65521, 0, -0.6605392156862745, 0.005562398188247448]
[48732, 10000, 65521, 0, -0.6605392156862745, 0.005562398188247448]
[48713, 10000, 65521, 0, -0.6605392156862745, 0.005562398188247448]
[48693, 10000, 65521, 0, -0.6605392156862745, 0.005562398188247448]
[48672, 10000, 65521, 0, -0.6605392156862745, 0.005562398188247448]
[48652, 10000, 65521, 0, -0.6605392156862745, 0.005562398188247448]
[48632, 10000, 65521, 0, -0.6605392156862745, 0.005562398188247448]
[48612, 10000, 65521, 0, -0.6605392156862745, 0.005562398188247448]
[48592, 10000, 65521, 0, -0.6605392156862745, 0.005562398188247448]
[48572, 10000, 65521, 0, -0.6605392156862745, 0.005562398188247448]
[48552, 10000, 65521, 0, -0.6605392156862745, 0.005562398188247448]
[48532, 10000, 65521, 0, -0.6605392156862745, 0.005562398188247448]
[48512, 10000, 65521, 0, -0.6605392156862745, 0.005562398188247448]
[48492, 10000, 65521, 0, -0.6605392156862745, 0.005562398188247448]
[48472, 10000, 65521, 0, -0.6605392156862745, 0.005562398188247448]
[48452, 10000, 65521, 0, -0.6605392156862745, 0.005562398188247448]
[48432, 10000, 65521, 0, -0.6605392156862745, 0.005562398188247448]
[48412, 10000, 65521, 0, -0.6605392156862745, 0.005562398188247448]
[48392, 10000, 65521, 0, -0.6605392156862745, 0.005562398188247448]
[48372, 10000, 65521, 0, -0.6605392156862745, 0.005562398188247448]
[48351, 10000, 65521, 0, -0.6605392156862745, 0.005562398188247448]
[48331, 10000, 65521, 0, -0.6605392156862745, 0.005562398188247448]
[48311, 10000, 65521, 0, -0.6605392156862745, 0.005562398188247448]
[48291, 10000, 65521, 0, -0.6605392156862745, 0.005562398188247448]
[48271, 10000, 65521, 0, -0.6605392156862745, 0.005562398188247448]
[48251, 10000, 65521, 0, -0.6605392156862745, 0.005562398188247448]
[48232, 10000, 65521, 0, -0.6004901960784313, 0.005562398188247448]
[48211, 10000, 65521, 0, -0.6004901960784313, 0.005562398188247448]
[48191, 10000, 65521, 0, -0.6004901960784313, 0.005562398188247448]
[48171, 10000, 65521, 0, -0.6004901960784313, 0.005562398188247448]
[48152, 10000, 65521, 0, -0.6004901960784313, 0.005562398188247448]
[48132, 10000, 65521, 0, -0.6004901960784313, 0.005562398188247448]
[48111, 10000, 65521, 0, -0.6004901960784313, 0.005562398188247448]
[48092, 10000, 65521, 0, -0.6004901960784313, 0.005562398188247448]
[48072, 10000, 65521, 0, -0.6004901960784313, 0.005562398188247448]
[48051, 10000, 65521, 0, -0.6004901960784313, 0.005562398188247448]
[48031, 10000, 65521, 0, -0.6004901960784313, 0.005562398188247448]
[48012, 10000, 65521, 0, -0.6004901960784313, 0.005562398188247448]
[47992, 10000, 65521, 0, -0.6004901960784313, 0.005562398188247448]
[47972, 10000, 65521, 0, -0.6004901960784313, 0.005562398188247448]
[47952, 10000, 65521, 0, -0.6004901960784313, 0.005562398188247448]
[47932, 10000, 65521, 0, -0.6004901960784313, 0.005562398188247448]
[47911, 10000, 65521, 0, -0.6004901960784313, 0.005562398188247448]
[47892, 10000, 65521, 0, -0.6004901960784313, 0.005562398188247448]
[47872, 10000, 65521, 0, -0.6004901960784313, 0.005562398188247448]
[47852, 10000, 65521, 0, -0.6004901960784313, 0.005562398188247448]
[47832, 10000, 65521, 0, -0.6004901960784313, 0.005562398188247448]
[47812, 10000, 65521, 0, -0.6004901960784313, 0.005562398188247448]
[47791, 10000, 65521, 0, -0.6004901960784313, 0.005562398188247448]
[47772, 10000, 65521, 0, -0.6004901960784313, 0.005562398188247448]
[47752, 10000, 65521, 0, -0.6004901960784313, 0.005562398188247448]
[47732, 10000, 65521, 0, -0.6004901960784313, 0.005562398188247448]
[47712, 10000, 65521, 0, -0.6004901960784313, 0.005562398188247448]
[47692, 10000, 65521, 0, -0.6004901960784313, 0.005562398188247448]
[47672, 10000, 65521, 0, -0.6004901960784313, 0.005562398188247448]
[47652, 10000, 65521, 0, -0.6004901960784313, 0.005562398188247448]
[47632, 10000, 65521, 0, -0.6004901960784313, 0.005562398188247448]
[47612, 10000, 65521, 0, -0.6004901960784313, 0.005562398188247448]
[47593, 10000, 65521, 0, -0.6004901960784313, 0.005562398188247448]
[47573, 10000, 65521, 0, -0.6004901960784313, 0.005562398188247448]
[47553, 10000, 65521, 0, -0.6004901960784313, 0.005562398188247448]
[47533, 10000, 65521, 0, -0.6004901960784313, 0.005562398188247448]
[47513, 10000, 65521, 0, -0.6004901960784313, 0.005562398188247448]
[47493, 10000, 65521, 0, -0.6004901960784313, 0.005562398188247448]
[47473, 10000, 65521, 0, -0.6004901960784313, 0.005562398188247448]
[47453, 10000, 65521, 0, -0.6004901960784313, 0.005562398188247448]
[47433, 10000, 65521, 0, -0.6004901960784313, 0.005562398188247448]
[47413, 10000, 65521, 0, -0.6004901960784313, 0.005562398188247448]
[47393, 10000, 65521, 0, -0.6004901960784313, 0.005562398188247448]
[47373, 10000, 65521, 0, -0.6004901960784313, 0.005562398188247448]
[47353, 10000, 65521, 0, -0.6004901960784313, 0.005562398188247448]
[47333, 10000, 65521, 0, -0.6004901960784313, 0.005562398188247448]
[47312, 10000, 65521, 0, -0.6004901960784313, 0.005562398188247448]
[47293, 10000, 65521, 0, -0.6004901960784313, 0.005562398188247448]
[47273, 10000, 65521, 0, -0.6004901960784313, 0.005562398188247448]
[47252, 10000, 65521, 0, -0.6004901960784313, 0.005562398188247448]
[47232, 10000, 65521, 0, -0.6004901960784313, 0.005562398188247448]
[47213, 10000, 65521, 0, -0.6004901960784313, 0.005562398188247448]
[47193, 10000, 65521, 0, -0.6004901960784313, 0.005562398188247448]
[47173, 10000, 65521, 0, -0.6004901960784313, 0.005562398188247448]
[47153, 10000, 65521, 0, -0.6004901960784313, 0.005562398188247448]
[47133, 10000, 65521, 0, -0.6004901960784313, 0.005562398188247448]
[47113, 10000, 65521, 0, -0.6004901960784313, 0.005562398188247448]
[47093, 10000, 65521, 0, -0.6004901960784313, 0.005562398188247448]
[47073, 10000, 65521, 0, -0.6004901960784313, 0.005562398188247448]
[47053, 10000, 65521, 0, -0.6004901960784313, 0.005562398188247448]
[47034, 10000, 65521, 0, -0.6004901960784313, 0.005562398188247448]
[47014, 10000, 65521, 0, -0.6004901960784313, 0.005562398188247448]
[46993, 10000, 65521, 0, -0.6004901960784313, 0.005562398188247448]
[46974, 10000, 65521, 0, -0.6004901960784313, 0.005562398188247448]
[46954, 10000, 65521, 0, -0.6004901960784313, 0.005562398188247448]
[46934, 10000, 65521, 0, -0.6004901960784313, 0.005562398188247448]
[46913, 10000, 65521, 0, -0.6004901960784313, 0.005562398188247448]
[46893, 10000, 65521, 0, -0.5404411764705882, 0.005562398188247448]
[46874, 10000, 65521, 0, -0.5404411764705882, 0.005562398188247448]
[46853, 10000, 65521, 0, -0.5404411764705882, 0.005562398188247448]
[46833, 10000, 65521, 0, -0.5404411764705882, 0.005562398188247448]
[46813, 10000, 65521, 0, -0.5404411764705882, 0.005562398188247448]
[46793, 10000, 65521, 0, -0.5404411764705882, 0.005562398188247448]
[46773, 10000, 65521, 0, -0.5404411764705882, 0.005562398188247448]
[46753, 10000, 65521, 0, -0.5404411764705882, 0.005562398188247448]
[46733, 10000, 65521, 0, -0.5404411764705882, 0.005562398188247448]
[46714, 10000, 65521, 0, -0.5404411764705882, 0.005562398188247448]
[46693, 10000, 65521, 0, -0.5404411764705882, 0.005562398188247448]
[46674, 10000, 65521, 0, -0.5404411764705882, 0.005562398188247448]
[46653, 10000, 65521, 0, -0.5404411764705882, 0.005562398188247448]
[46634, 10000, 65521, 0, -0.5404411764705882, 0.005562398188247448]
[46614, 10000, 65521, 0, -0.5404411764705882, 0.005562398188247448]
[46594, 10000, 65521, 0, -0.5404411764705882, 0.005562398188247448]
[46574, 10000, 65521, 0, -0.5404411764705882, 0.005562398188247448]
[46554, 10000, 65521, 0, -0.5404411764705882, 0.005562398188247448]
[46535, 10000, 65521, 0, -0.5404411764705882, 0.005562398188247448]
[46513, 10000, 65521, 0, -0.5404411764705882, 0.005562398188247448]
[46494, 10000, 65521, 0, -0.5404411764705882, 0.005562398188247448]
[46475, 10000, 65521, 0, -0.5404411764705882, 0.005562398188247448]
[46455, 10000, 65521, 0, -0.5404411764705882, 0.005562398188247448]
[46435, 10000, 65521, 0, -0.5404411764705882, 0.005562398188247448]
[46415, 10000, 65521, 0, -0.5404411764705882, 0.005562398188247448]
[46395, 10000, 65521, 0, -0.5404411764705882, 0.005562398188247448]
[46375, 10000, 65521, 0, -0.5404411764705882, 0.005562398188247448]
[46354, 10000, 65521, 0, -0.5404411764705882, 0.005562398188247448]
[46335, 10000, 65521, 0, -0.5404411764705882, 0.005562398188247448]
[46314, 10000, 65521, 0, -0.5404411764705882, 0.005562398188247448]
[46294, 10000, 65521, 0, -0.5404411764705882, 0.005562398188247448]
[46274, 10000, 65521, 0, -0.5404411764705882, 0.005562398188247448]
[46254, 10000, 65521, 0, -0.5404411764705882, 0.005562398188247448]
[46235, 10000, 65521, 0, -0.5404411764705882, 0.005562398188247448]
[46215, 10000, 65521, 0, -0.5404411764705882, 0.005562398188247448]
[46195, 10000, 65521, 0, -0.5404411764705882, 0.005562398188247448]
[46175, 10000, 65521, 0, -0.5404411764705882, 0.005562398188247448]
[46155, 10000, 65521, 0, -0.5404411764705882, 0.005562398188247448]
[46135, 10000, 65521, 0, -0.5404411764705882, 0.005562398188247448]
[46115, 10000, 65521, 0, -0.5404411764705882, 0.005562398188247448]
[46095, 10000, 65521, 0, -0.5404411764705882, 0.005562398188247448]
[46076, 10000, 65521, 0, -0.5404411764705882, 0.005562398188247448]
[46055, 10000, 65521, 0, -0.5404411764705882, 0.005562398188247448]
[46036, 10000, 65521, 0, -0.5404411764705882, 0.005562398188247448]
[46015, 10000, 65521, 0, -0.5404411764705882, 0.005562398188247448]
[45995, 10000, 65521, 0, -0.5404411764705882, 0.005562398188247448]
[45976, 10000, 65521, 0, -0.5404411764705882, 0.005562398188247448]
[45955, 10000, 65521, 0, -0.5404411764705882, 0.005562398188247448]
[45935, 10000, 65521, 0, -0.5404411764705882, 0.005562398188247448]
[45915, 10000, 65521, 0, -0.5404411764705882, 0.005562398188247448]
[45895, 10000, 65521, 0, -0.5404411764705882, 0.005562398188247448]
[45875, 10000, 65521, 0, -0.5404411764705882, 0.005562398188247448]
[45855, 10000, 65521, 0, -0.5404411764705882, 0.005562398188247448]
[45835, 10000, 65521, 0, -0.5404411764705882, 0.005562398188247448]
[45815, 10000, 65521, 0, -0.5404411764705882, 0.005562398188247448]
[45794, 10000, 65521, 0, -0.5404411764705882, 0.005562398188247448]
[45774, 10000, 65521, 0, -0.5404411764705882, 0.005562398188247448]
[45755, 10000, 65521, 0, -0.5404411764705882, 0.005562398188247448]
[45734, 10000, 65521, 0, -0.5404411764705882, 0.005562398188247448]
[45714, 10000, 65521, 0, -0.5404411764705882, 0.005562398188247448]
[45694, 10000, 65521, 0, -0.5404411764705882, 0.005562398188247448]
[45674, 10000, 65521, 0, -0.5404411764705882, 0.005562398188247448]
[45655, 10000, 65521, 0, -0.5404411764705882, 0.005562398188247448]
[45634, 10000, 65521, 0, -0.5404411764705882, 0.005562398188247448]
[45615, 10000, 65521, 0, -0.5404411764705882, 0.005562398188247448]
[45595, 10000, 65521, 0, -0.5404411764705882, 0.005562398188247448]
[45575, 10000, 65521, 0, -0.5404411764705882, 0.005562398188247448]
[45555, 10000, 65521, 0, -0.5404411764705882, 0.005562398188247448]
[45535, 10000, 65521, 0, -0.5404411764705882, 0.005562398188247448]
[45514, 10000, 65521, 0, -0.5404411764705882, 0.005562398188247448]
[45495, 10000, 65521, 0, -0.5404411764705882, 0.005562398188247448]
[45474, 10000, 65521, 0, -0.4803921568627451, 0.005562398188247448]
[45454, 10000, 65521, 0, -0.4803921568627451, 0.005562398188247448]
[45434, 10000, 65521, 0, -0.4803921568627451, 0.005562398188247448]
[45414, 10000, 65521, 0, -0.4803921568627451, 0.005562398188247448]
[45394, 10000, 65521, 0, -0.4803921568627451, 0.005562398188247448]
[45372, 10000, 65521, 0, -0.4803921568627451, 0.005562398188247448]
[45353, 10000, 65521, 0, -0.4803921568627451, 0.005562398188247448]
[45333, 10000, 65521, 0, -0.4803921568627451, 0.005562398188247448]
[45312, 10000, 65521, 0, -0.4803921568627451, 0.005562398188247448]
[45292, 10000, 65521, 0, -0.4803921568627451, 0.005562398188247448]
[45272, 10000, 65521, 0, -0.4803921568627451, 0.005562398188247448]
[45252, 10000, 65521, 0, -0.4803921568627451, 0.005562398188247448]
[45231, 10000, 65521, 0, -0.4803921568627451, 0.005562398188247448]
[45211, 10000, 65521, 0, -0.4803921568627451, 0.005562398188247448]
[45191, 10000, 65521, 0, -0.4803921568627451, 0.006357026500854225]
[45171, 10000, 65521, 0, -0.4803921568627451, 0.006357026500854225]
[45151, 10000, 65521, 0, -0.4803921568627451, 0.005562398188247448]
[45131, 10000, 65521, 0, -0.4803921568627451, 0.005562398188247448]
[45111, 10000, 65521, 0, -0.4803921568627451, 0.005562398188247448]
[45091, 10000, 65521, 0, -0.4803921568627451, 0.005562398188247448]
[45070, 10000, 65521, 0, -0.4803921568627451, 0.005562398188247448]
[45050, 10000, 65521, 0, -0.4803921568627451, 0.006357026500854225]
[45031, 10000, 65521, 0, -0.4803921568627451, 0.006357026500854225]
[45010, 10000, 65521, 0, -0.4803921568627451, 0.005562398188247448]
[44990, 10000, 65521, 0, -0.4803921568627451, 0.005562398188247448]
[44969, 10000, 65521, 0, -0.4803921568627451, 0.006357026500854225]
[44950, 10000, 65521, 0, -0.4803921568627451, 0.006357026500854225]
[44929, 10000, 65521, 0, -0.4803921568627451, 0.006357026500854225]
[44908, 10000, 65521, 0, -0.4803921568627451, 0.006357026500854225]
[44889, 10000, 65521, 0, -0.4803921568627451, 0.006357026500854225]
[44869, 10000, 65521, 0, -0.4803921568627451, 0.006357026500854225]
[44848, 10000, 65521, 0, -0.4803921568627451, 0.006357026500854225]
[44828, 10000, 65521, 0, -0.4803921568627451, 0.006357026500854225]
[44808, 10000, 65521, 0, -0.4803921568627451, 0.006357026500854225]
[44788, 10000, 65521, 0, -0.4803921568627451, 0.006357026500854225]
[44768, 10000, 65521, 0, -0.4803921568627451, 0.006357026500854225]
[44747, 10000, 65521, 0, -0.4803921568627451, 0.005562398188247448]
[44727, 10000, 65521, 0, -0.4803921568627451, 0.005562398188247448]
[44707, 10000, 65521, 0, -0.4803921568627451, 0.005562398188247448]
[44687, 10000, 65521, 0, -0.4803921568627451, 0.006357026500854225]
[44667, 10000, 65521, 0, -0.4803921568627451, 0.006357026500854225]
[44647, 10000, 65521, 0, -0.4803921568627451, 0.006357026500854225]
[44627, 10000, 65521, 0, -0.4803921568627451, 0.006357026500854225]
[44607, 10000, 65521, 0, -0.4803921568627451, 0.006357026500854225]
[44587, 10000, 65521, 0, -0.4803921568627451, 0.006357026500854225]
[44567, 10000, 65521, 0, -0.4803921568627451, 0.006357026500854225]
[44547, 10000, 65521, 0, -0.4803921568627451, 0.006357026500854225]
[44527, 10000, 65521, 0, -0.4803921568627451, 0.006357026500854225]
[44506, 10000, 65521, 0, -0.4803921568627451, 0.006357026500854225]
[44486, 10000, 65521, 0, -0.4803921568627451, 0.006357026500854225]
[44467, 10000, 65521, 0, -0.4803921568627451, 0.006357026500854225]
[44446, 10000, 65521, 0, -0.4803921568627451, 0.006357026500854225]
[44426, 10000, 65521, 0, -0.4803921568627451, 0.006357026500854225]
[44406, 10000, 65521, 0, -0.4803921568627451, 0.006357026500854225]
[44386, 10000, 65521, 0, -0.4803921568627451, 0.006357026500854225]
[44366, 10000, 65521, 0, -0.4803921568627451, 0.006357026500854225]
[44346, 10000, 65521, 0, -0.4803921568627451, 0.006357026500854225]
[44326, 10000, 65521, 0, -0.4803921568627451, 0.006357026500854225]
[44306, 10000, 65521, 0, -0.4803921568627451, 0.006357026500854225]
[44286, 10000, 65521, 0, -0.420343137254902, 0.006357026500854225]
[44266, 10000, 65521, 0, -0.420343137254902, 0.006357026500854225]
[44246, 10000, 65521, 0, -0.420343137254902, 0.006357026500854225]
[44226, 10000, 65521, 0, -0.420343137254902, 0.006357026500854225]
[44206, 10000, 65521, 0, -0.420343137254902, 0.006357026500854225]
[44186, 10000, 65521, 0, -0.420343137254902, 0.006357026500854225]
[44166, 10000, 65521, 0, -0.420343137254902, 0.006357026500854225]
[44147, 10000, 65521, 0, -0.420343137254902, 0.006357026500854225]
[44126, 10000, 65521, 0, -0.420343137254902, 0.006357026500854225]
[44106, 10000, 65521, 0, -0.420343137254902, 0.006357026500854225]
[44086, 10000, 65521, 0, -0.420343137254902, 0.006357026500854225]
[44067, 10000, 65521, 0, -0.420343137254902, 0.006357026500854225]
[44046, 10000, 65521, 0, -0.420343137254902, 0.006357026500854225]
[44026, 10000, 65521, 0, -0.420343137254902, 0.006357026500854225]
[44006, 10000, 65521, 0, -0.420343137254902, 0.006357026500854225]
[43987, 10000, 65521, 0, -0.420343137254902, 0.006357026500854225]
[43966, 10000, 65521, 0, -0.420343137254902, 0.006357026500854225]
[43946, 10000, 65521, 0, -0.420343137254902, 0.006357026500854225]
[43926, 10000, 65521, 0, -0.420343137254902, 0.006357026500854225]
[43907, 10000, 65521, 0, -0.420343137254902, 0.006357026500854225]
[43886, 10000, 65521, 0, -0.420343137254902, 0.006357026500854225]
[43866, 10000, 65521, 0, -0.420343137254902, 0.006357026500854225]
[43846, 10000, 65521, 0, -0.420343137254902, 0.006357026500854225]
[43827, 10000, 65521, 0, -0.420343137254902, 0.006357026500854225]
[43806, 10000, 65521, 0, -0.420343137254902, 0.006357026500854225]
[43786, 10000, 65521, 0, -0.420343137254902, 0.006357026500854225]
[43766, 10000, 65521, 0, -0.420343137254902, 0.006357026500854225]
[43747, 10000, 65521, 0, -0.420343137254902, 0.006357026500854225]
[43726, 10000, 65521, 0, -0.420343137254902, 0.006357026500854225]
[43706, 10000, 65521, 0, -0.420343137254902, 0.006357026500854225]
[43687, 10000, 65521, 0, -0.420343137254902, 0.006357026500854225]
[43667, 10000, 65521, 0, -0.420343137254902, 0.006357026500854225]
[43647, 10000, 65521, 0, -0.420343137254902, 0.006357026500854225]
[43627, 10000, 65521, 0, -0.420343137254902, 0.006357026500854225]
[43607, 10000, 65521, 0, -0.420343137254902, 0.006357026500854225]
[43587, 10000, 65521, 0, -0.420343137254902, 0.006357026500854225]
[43564, 10000, 65522, 0, -0.420343137254902, 0.006357026500854225]
[43561, 10000, 65524, 0, -0.420343137254902, 0.006357026500854225]
[43559, 10000, 65526, 0, -0.420343137254902, 0.006357026500854225]
[43558, 10000, 65528, 0, -0.420343137254902, 0.006357026500854225]
[43556, 10000, 65529, 0, -0.420343137254902, 0.006357026500854225]
[43555, 10000, 65530, 0, -0.420343137254902, 0.006357026500854225]
[43554, 10000, 65531, 0, -0.420343137254902, 0.006357026500854225]
[43554, 10000, 65532, 0, -0.420343137254902, 0.006357026500854225]
[43553, 10000, 65533, 0, -0.420343137254902, 0.006357026500854225]
[43553, 10000, 65533, 0, -0.420343137254902, 0.006357026500854225]
[43553, 10000, 65534, 0, -0.420343137254902, 0.006357026500854225]
[43553, 10000, 65534, 0, -0.420343137254902, 0.006357026500854225]
[43553, 10000, 65534, 0, -0.420343137254902, 0.006357026500854225]
[43553, 10000, 65535, 0, -0.420343137254902, 0.006357026500854225]
[43553, 10000, 65535, 0, -0.420343137254902, 0.006357026500854225]
[43553, 10000, 65535, 0, -0.420343137254902, 0.006357026500854225]
[43566, 10000, 2, 0, -0.420343137254902, 0.006357026500854225]
[43585, 10000, 4, 0, -0.420343137254902, 0.006357026500854225]
[43604, 10000, 6, 0, -0.420343137254902, 0.006357026500854225]
[43623, 10000, 7, 0, -0.420343137254902, 0.006357026500854225]
[43642, 10000, 9, 0, -0.420343137254902, 0.006357026500854225]
[43662, 10000, 10, 0, -0.420343137254902, 0.006357026500854225]
[43680, 10000, 11, 0, -0.420343137254902, 0.006357026500854225]
[43698, 10000, 11, 0, -0.420343137254902, 0.006357026500854225]
[43716, 10000, 12, 0, -0.420343137254902, 0.006357026500854225]
[43734, 10000, 13, 0, -0.420343137254902, 0.006357026500854225]
[43752, 10000, 13, 0, -0.420343137254902, 0.006357026500854225]
[43770, 10000, 13, 0, -0.420343137254902, 0.006357026500854225]
[43787, 10000, 14, 0, -0.420343137254902, 0.006357026500854225]
[43806, 10000, 14, 0, -0.420343137254902, 0.006357026500854225]
[43827, 10000, 14, 0, -0.4803921568627451, 0.006357026500854225]
[43844, 10000, 14, 0, -0.4803921568627451, 0.006357026500854225]
[43863, 10000, 14, 0, -0.4803921568627451, 0.006357026500854225]
[43882, 10000, 14, 0, -0.4803921568627451, 0.006357026500854225]
[43903, 10000, 14, 0, -0.4803921568627451, 0.006357026500854225]
[43923, 10000, 14, 0, -0.4803921568627451, 0.006357026500854225]
[43943, 10000, 14, 0, -0.4803921568627451, 0.006357026500854225]
[43962, 10000, 15, 0, -0.4803921568627451, 0.006357026500854225]
[43983, 10000, 15, 0, -0.4803921568627451, 0.006357026500854225]
[44003, 10000, 15, 0, -0.4803921568627451, 0.006357026500854225]
[44023, 10000, 15, 0, -0.4803921568627451, 0.006357026500854225]
[44042, 10000, 15, 0, -0.4803921568627451, 0.006357026500854225]
[44063, 10000, 15, 0, -0.4803921568627451, 0.006357026500854225]
[44083, 10000, 15, 0, -0.4803921568627451, 0.006357026500854225]
[44103, 10000, 15, 0, -0.4803921568627451, 0.006357026500854225]
[44122, 10000, 15, 0, -0.4803921568627451, 0.006357026500854225]
[44143, 10000, 15, 0, -0.4803921568627451, 0.006357026500854225]
[44162, 10000, 15, 0, -0.4803921568627451, 0.006357026500854225]
[44182, 10000, 15, 0, -0.4803921568627451, 0.006357026500854225]
[44201, 10000, 15, 0, -0.4803921568627451, 0.006357026500854225]
[44222, 10000, 15, 0, -0.4803921568627451, 0.006357026500854225]
[44242, 10000, 15, 0, -0.4803921568627451, 0.006357026500854225]
[44262, 10000, 15, 0, -0.4803921568627451, 0.006357026500854225]
[44281, 10000, 15, 0, -0.4803921568627451, 0.006357026500854225]
[44302, 10000, 15, 0, -0.4803921568627451, 0.006357026500854225]
[44322, 10000, 15, 0, -0.4803921568627451, 0.006357026500854225]
[44341, 10000, 15, 0, -0.4803921568627451, 0.006357026500854225]
[44361, 10000, 15, 0, -0.4803921568627451, 0.006357026500854225]
[44382, 10000, 15, 0, -0.5404411764705882, 0.006357026500854225]
[44402, 10000, 15, 0, -0.5404411764705882, 0.006357026500854225]
[44421, 10000, 15, 0, -0.5404411764705882, 0.006357026500854225]
[44441, 10000, 15, 0, -0.5404411764705882, 0.006357026500854225]
[44462, 10000, 15, 0, -0.5404411764705882, 0.006357026500854225]
[44484, 10000, 15, 0, -0.5404411764705882, 0.006357026500854225]
[44502, 10000, 15, 0, -0.5404411764705882, 0.006357026500854225]
[44522, 10000, 15, 0, -0.5404411764705882, 0.006357026500854225]
[44542, 10000, 15, 0, -0.5404411764705882, 0.006357026500854225]
[44562, 10000, 15, 0, -0.5404411764705882, 0.006357026500854225]
[44582, 10000, 15, 0, -0.5404411764705882, 0.006357026500854225]
[44602, 10000, 15, 0, -0.5404411764705882, 0.006357026500854225]
[44622, 10000, 15, 0, -0.5404411764705882, 0.006357026500854225]
[44642, 10000, 15, 0, -0.5404411764705882, 0.006357026500854225]
[44662, 10000, 15, 0, -0.5404411764705882, 0.006357026500854225]
[44681, 10000, 15, 0, -0.5404411764705882, 0.006357026500854225]
[44702, 10000, 15, 0, -0.5404411764705882, 0.006357026500854225]
[44722, 10000, 15, 0, -0.5404411764705882, 0.006357026500854225]
[44742, 10000, 15, 0, -0.5404411764705882, 0.006357026500854225]
[44762, 10000, 15, 0, -0.5404411764705882, 0.006357026500854225]
[44783, 10000, 15, 0, -0.5404411764705882, 0.006357026500854225]
[44803, 10000, 15, 0, -0.5404411764705882, 0.006357026500854225]
[44823, 10000, 15, 0, -0.5404411764705882, 0.006357026500854225]
[44843, 10000, 15, 0, -0.5404411764705882, 0.006357026500854225]
[44864, 10000, 15, 0, -0.5404411764705882, 0.006357026500854225]
[44884, 10000, 15, 0, -0.5404411764705882, 0.006357026500854225]
[44904, 10000, 15, 0, -0.5404411764705882, 0.006357026500854225]
[44924, 10000, 15, 0, -0.5404411764705882, 0.006357026500854225]
[44945, 10000, 15, 0, -0.5404411764705882, 0.006357026500854225]
[44965, 10000, 15, 0, -0.5404411764705882, 0.006357026500854225]
[44985, 10000, 15, 0, -0.5404411764705882, 0.006357026500854225]
[45005, 10000, 15, 0, -0.5404411764705882, 0.006357026500854225]
[45026, 10000, 15, 0, -0.5404411764705882, 0.006357026500854225]
[45046, 10000, 15, 0, -0.5404411764705882, 0.006357026500854225]
[45066, 10000, 15, 0, -0.5404411764705882, 0.006357026500854225]
[45085, 10000, 15, 0, -0.5404411764705882, 0.006357026500854225]
[45108, 10000, 15, 0, -0.5404411764705882, 0.006357026500854225]
[45126, 10000, 15, 0, -0.5404411764705882, 0.006357026500854225]
[45146, 10000, 15, 0, -0.5404411764705882, 0.006357026500854225]
[45166, 10000, 15, 0, -0.5404411764705882, 0.006357026500854225]
[45187, 10000, 15, 0, -0.5404411764705882, 0.006357026500854225]
[45207, 10000, -1, -1, -0.5404411764705882, 0.006357026500854225]
[45226, 10000, 15, 0, -0.6004901960784313, 0.006357026500854225]
[45246, 10000, 15, 0, -0.6004901960784313, 0.006357026500854225]
[45267, 10000, 15, 0, -0.6004901960784313, 0.006357026500854225]
[45288, 10000, 15, 0, -0.6004901960784313, 0.006357026500854225]
[45308, 10000, 15, 0, -0.6004901960784313, 0.006357026500854225]
[45327, 10000, 15, 0, -0.6004901960784313, 0.006357026500854225]
[45349, 10000, 15, 0, -0.6004901960784313, 0.006357026500854225]
[45369, 10000, 15, 0, -0.6004901960784313, 0.006357026500854225]
[45389, 10000, 15, 0, -0.6004901960784313, 0.006357026500854225]
[45409, 10000, 15, 0, -0.6004901960784313, 0.006357026500854225]
[45430, 10000, 15, 0, -0.6004901960784313, 0.006357026500854225]
[45451, 10000, 15, 0, -0.6004901960784313, 0.006357026500854225]
[45470, 10000, 15, 0, -0.6004901960784313, 0.006357026500854225]
[45489, 10000, 15, 0, -0.6004901960784313, 0.006357026500854225]
[45510, 10000, 15, 0, -0.6004901960784313, 0.006357026500854225]
[45530, 10000, 15, 0, -0.6004901960784313, 0.006357026500854225]
[45550, 10000, 15, 0, -0.6004901960784313, 0.006357026500854225]
[45570, 10000, 15, 0, -0.6004901960784313, 0.006357026500854225]
[45590, 10000, 15, 0, -0.6004901960784313, 0.006357026500854225]
[45611, 10000, 15, 0, -0.6004901960784313, 0.006357026500854225]
[45630, 10000, 15, 0, -0.6004901960784313, 0.006357026500854225]
[45650, 10000, 15, 0, -0.6004901960784313, 0.006357026500854225]
[45670, 10000, 15, 0, -0.6004901960784313, 0.006357026500854225]
[45690, 10000, 15, 0, -0.6004901960784313, 0.006357026500854225]
[45710, 10000, 15, 0, -0.6004901960784313, 0.006357026500854225]
[45730, 10000, 15, 0, -0.6004901960784313, 0.006357026500854225]
[45752, 10000, 15, 0, -0.6004901960784313, 0.006357026500854225]
[45771, 10000, 15, 0, -0.6004901960784313, 0.006357026500854225]
[45790, 10000, 15, 0, -0.6004901960784313, 0.006357026500854225]
[45810, 10000, 15, 0, -0.6004901960784313, 0.006357026500854225]
[45830, 10000, 15, 0, -0.6004901960784313, 0.006357026500854225]
[45850, 10000, 15, 0, -0.6004901960784313, 0.006357026500854225]
[45870, 10000, 15, 0, -0.6004901960784313, 0.006357026500854225]
[45890, 10000, 15, 0, -0.6004901960784313, 0.006357026500854225]
[45910, 10000, 15, 0, -0.6004901960784313, 0.006357026500854225]
[45931, 10000, 15, 0, -0.6004901960784313, 0.006357026500854225]
[45950, 10000, 15, 0, -0.6004901960784313, 0.006357026500854225]
[45970, 10000, 15, 0, -0.6004901960784313, 0.006357026500854225]
[45991, 10000, 15, 0, -0.6004901960784313, 0.006357026500854225]
[46011, 10000, 15, 0, -0.6004901960784313, 0.006357026500854225]
[46032, 10000, 15, 0, -0.6004901960784313, 0.006357026500854225]
[46051, 10000, 15, 0, -0.6004901960784313, 0.006357026500854225]
[46071, 10000, 15, 0, -0.6004901960784313, 0.006357026500854225]
[46091, 10000, 15, 0, -0.6004901960784313, 0.006357026500854225]
[46110, 10000, 15, 0, -0.6004901960784313, 0.006357026500854225]
[46130, 10000, 15, 0, -0.6004901960784313, 0.006357026500854225]
[46151, 10000, 15, 0, -0.6004901960784313, 0.006357026500854225]
[46170, 10000, 15, 0, -0.6004901960784313, 0.006357026500854225]
[46190, 10000, 15, 0, -0.6004901960784313, 0.006357026500854225]
[46209, 10000, 15, 0, -0.6004901960784313, 0.005562398188247448]
[46230, 10000, 15, 0, -0.6004901960784313, 0.005562398188247448]
[46250, 10000, 15, 0, -0.6004901960784313, 0.005562398188247448]
[46269, 10000, 15, 0, -0.6004901960784313, 0.005562398188247448]
[46289, 10000, 15, 0, -0.6004901960784313, 0.005562398188247448]
[46309, 10000, 15, 0, -0.6004901960784313, 0.005562398188247448]
[46330, 10000, 15, 0, -0.6004901960784313, 0.005562398188247448]
[46349, 10000, 15, 0, -0.6004901960784313, 0.005562398188247448]
[46369, 10000, 15, 0, -0.6004901960784313, 0.005562398188247448]
[46390, 10000, 15, 0, -0.6004901960784313, 0.005562398188247448]
[46410, 10000, 15, 0, -0.6004901960784313, 0.005562398188247448]
[46429, 10000, 15, 0, -0.6004901960784313, 0.005562398188247448]
[46449, 10000, 15, 0, -0.6004901960784313, 0.005562398188247448]
[46469, 10000, 15, 0, -0.6004901960784313, 0.005562398188247448]
[46489, 10000, 15, 0, -0.6605392156862745, 0.005562398188247448]
[46509, 10000, 15, 0, -0.6605392156862745, 0.005562398188247448]
[46528, 10000, 15, 0, -0.6605392156862745, 0.005562398188247448]
[46549, 10000, 15, 0, -0.6605392156862745, 0.005562398188247448]
[46569, 10000, 15, 0, -0.6605392156862745, 0.005562398188247448]
[46588, 10000, 15, 0, -0.6605392156862745, 0.005562398188247448]
[46608, 10000, 15, 0, -0.6605392156862745, 0.005562398188247448]
[46628, 10000, 15, 0, -0.6605392156862745, 0.005562398188247448]
[46648, 10000, 15, 0, -0.6605392156862745, 0.005562398188247448]
[46667, 10000, 15, 0, -0.6605392156862745, 0.005562398188247448]
[46687, 10000, 15, 0, -0.6605392156862745, 0.005562398188247448]
[46708, 10000, 15, 0, -0.6605392156862745, 0.005562398188247448]
[46727, 10000, 15, 0, -0.6605392156862745, 0.005562398188247448]
[46747, 10000, 15, 0, -0.6605392156862745, 0.005562398188247448]
[46767, 10000, 15, 0, -0.6605392156862745, 0.005562398188247448]
[46788, 10000, 15, 0, -0.6605392156862745, 0.005562398188247448]
[46807, 10000, 15, 0, -0.6605392156862745, 0.005562398188247448]
[46827, 10000, 15, 0, -0.6605392156862745, 0.005562398188247448]
[46847, 10000, 15, 0, -0.6605392156862745, 0.005562398188247448]
[46868, 10000, 15, 0, -0.6605392156862745, 0.005562398188247448]
[46889, 10000, 15, 0, -0.6605392156862745, 0.005562398188247448]
[46907, 10000, 15, 0, -0.6605392156862745, 0.005562398188247448]
[46927, 10000, 15, 0, -0.6605392156862745, 0.005562398188247448]
[46948, 10000, 15, 0, -0.6605392156862745, 0.005562398188247448]
[46968, 10000, 15, 0, -0.6605392156862745, 0.005562398188247448]
[46988, 10000, 15, 0, -0.6605392156862745, 0.005562398188247448]
[47007, 10000, 15, 0, -0.6605392156862745, 0.005562398188247448]
[47028, 10000, 15, 0, -0.6605392156862745, 0.005562398188247448]
[47048, 10000, 15, 0, -0.6605392156862745, 0.005562398188247448]
[47067, 10000, 15, 0, -0.6605392156862745, 0.005562398188247448]
[47087, 10000, 15, 0, -0.6605392156862745, 0.005562398188247448]
[47108, 10000, 15, 0, -0.6605392156862745, 0.005562398188247448]
[47128, 10000, 15, 0, -0.6605392156862745, 0.005562398188247448]
[47147, 10000, 15, 0, -0.6605392156862745, 0.005562398188247448]
[47167, 10000, 15, 0, -0.6605392156862745, 0.005562398188247448]
[47188, 10000, 15, 0, -0.6605392156862745, 0.005562398188247448]
[47208, 10000, 15, 0, -0.6605392156862745, 0.005562398188247448]
[47227, 10000, 15, 0, -0.6605392156862745, 0.005562398188247448]
[47247, 10000, 15, 0, -0.6605392156862745, 0.005562398188247448]
[47268, 10000, 15, 0, -0.6605392156862745, 0.005562398188247448]
[47288, 10000, 15, 0, -0.6605392156862745, 0.005562398188247448]
[47307, 10000, 15, 0, -0.6605392156862745, 0.005562398188247448]
[47328, 10000, 15, 0, -0.6605392156862745, 0.005562398188247448]
[47348, 10000, 15, 0, -0.6605392156862745, 0.005562398188247448]
[47368, 10000, 15, 0, -0.6605392156862745, 0.005562398188247448]
[47388, 10000, 15, 0, -0.6605392156862745, 0.005562398188247448]
[47408, 10000, 15, 0, -0.6605392156862745, 0.005562398188247448]
[47429, 10000, 15, 0, -0.6605392156862745, 0.005562398188247448]
[47449, 10000, 15, 0, -0.6605392156862745, 0.005562398188247448]
[47468, 10000, 15, 0, -0.6605392156862745, 0.005562398188247448]
[47488, 10000, 15, 0, -0.6605392156862745, 0.005562398188247448]
[47509, 10000, 15, 0, -0.6605392156862745, 0.005562398188247448]
[47529, 10000, 15, 0, -0.6605392156862745, 0.005562398188247448]
[47548, 10000, 15, 0, -0.6605392156862745, 0.005562398188247448]
[47567, 10000, 15, 0, -0.6605392156862745, 0.005562398188247448]
[47589, 10000, 15, 0, -0.6605392156862745, 0.005562398188247448]
[47608, 10000, 15, 0, -0.6605392156862745, 0.005562398188247448]
[47627, 10000, 15, 0, -0.6605392156862745, 0.005562398188247448]
[47647, 10000, 15, 0, -0.6605392156862745, 0.005562398188247448]
[47667, 10000, 15, 0, -0.6605392156862745, 0.005562398188247448]
[47688, 10000, 15, 0, -0.6605392156862745, 0.005562398188247448]
[47706, 10000, 15, 0, -0.6605392156862745, 0.005562398188247448]
[47726, 10000, 15, 0, -0.6605392156862745, 0.005562398188247448]
[47747, 10000, 15, 0, -0.6605392156862745, 0.005562398188247448]
[47767, 10000, 15, 0, -0.6605392156862745, 0.005562398188247448]
[47786, 10000, 15, 0, -0.6605392156862745, 0.005562398188247448]
[47806, 10000, 15, 0, -0.6605392156862745, 0.005562398188247448]
[47827, 10000, 15, 0, -0.6605392156862745, 0.005562398188247448]
[47847, 10000, 15, 0, -0.6605392156862745, 0.005562398188247448]
[47866, 10000, 15, 0, -0.6605392156862745, 0.005562398188247448]
[47886, 10000, 15, 0, -0.6605392156862745, 0.005562398188247448]
[47907, 10000, 15, 0, -0.6605392156862745, 0.005562398188247448]
[47927, 10000, 15, 0, -0.6605392156862745, 0.005562398188247448]
[47946, 10000, 15, 0, -0.6605392156862745, 0.005562398188247448]
[47967, 10000, 15, 0, -0.6605392156862745, 0.005562398188247448]
[47988, 10000, 15, 0, -0.6605392156862745, 0.005562398188247448]
[48008, 10000, 15, 0, -0.6605392156862745, 0.005562398188247448]
[48027, 10000, 15, 0, -0.6605392156862745, 0.005562398188247448]
[48047, 10000, 15, 0, -0.6605392156862745, 0.005562398188247448]
[48068, 10000, 15, 0, -0.6605392156862745, 0.005562398188247448]
[48087, 10000, 15, 0, -0.6605392156862745, 0.005562398188247448]
[48106, 10000, 15, 0, -0.6605392156862745, 0.005562398188247448]
[48126, 10000, 15, 0, -0.6605392156862745, 0.005562398188247448]
[48147, 10000, 15, 0, -0.6605392156862745, 0.005562398188247448]
[48167, 10000, 15, 0, -0.6605392156862745, 0.005562398188247448]
[48186, 10000, 15, 0, -0.6605392156862745, 0.005562398188247448]
[48206, 10000, 15, 0, -0.6605392156862745, 0.005562398188247448]
[48227, 10000, 15, 0, -0.6605392156862745, 0.005562398188247448]
[48246, 10000, 15, 0, -0.6605392156862745, 0.005562398188247448]
[48266, 10000, 15, 0, -0.6605392156862745, 0.005562398188247448]
[48290, 10000, 15, 0, -0.6605392156862745, 0.005562398188247448]
[48308, 10000, 15, 0, -0.6605392156862745, 0.005562398188247448]
[48327, 10000, 15, 0, -0.6605392156862745, 0.005562398188247448]
[48346, 10000, 15, 0, -0.6605392156862745, 0.005562398188247448]
[48366, 10000, 15, 0, -0.6605392156862745, 0.005562398188247448]
[48387, 10000, 15, 0, -0.6605392156862745, 0.005562398188247448]
[48407, 10000, 15, 0, -0.6605392156862745, 0.005562398188247448]
[48426, 10000, 15, 0, -0.6605392156862745, 0.005562398188247448]
[48446, 10000, 15, 0, -0.6605392156862745, 0.005562398188247448]
[48467, 10000, 15, 0, -0.6605392156862745, 0.005562398188247448]
[48487, 10000, 15, 0, -0.6605392156862745, 0.005562398188247448]
[48507, 10000, 15, 0, -0.6605392156862745, 0.005562398188247448]
[48527, 10000, 15, 0, -0.6605392156862745, 0.005562398188247448]
[48548, 10000, 15, 0, -0.6605392156862745, 0.005562398188247448]
[48567, 10000, 15, 0, -0.6605392156862745, 0.005562398188247448]
[48587, 10000, 15, 0, -0.6605392156862745, 0.005562398188247448]
[48607, 10000, 15, 0, -0.6605392156862745, 0.005562398188247448]
[48628, 10000, 15, 0, -0.6605392156862745, 0.005562398188247448]
[48647, 10000, 15, 0, -0.6605392156862745, 0.005562398188247448]
[48666, 10000, 15, 0, -0.6605392156862745, 0.005562398188247448]
[48687, 10000, 15, 0, -0.6605392156862745, 0.005562398188247448]
[48708, 10000, 15, 0, -0.6605392156862745, 0.005562398188247448]
[48727, 10000, 15, 0, -0.7205882352941176, 0.005562398188247448]
[48747, 10000, 15, 0, -0.7205882352941176, 0.005562398188247448]
[48767, 10000, 15, 0, -0.7205882352941176, 0.005562398188247448]
[48789, 10000, 15, 0, -0.7205882352941176, 0.005562398188247448]
[48808, 10000, 15, 0, -0.7205882352941176, 0.004767769875640669]
[48828, 10000, 15, 0, -0.7205882352941176, 0.004767769875640669]
[48848, 10000, 15, 0, -0.7205882352941176, 0.005562398188247448]
[48870, 10000, 15, 0, -0.7205882352941176, 0.005562398188247448]
[48890, 10000, 15, 0, -0.7205882352941176, 0.005562398188247448]
[48909, 10000, 15, 0, -0.7205882352941176, 0.005562398188247448]
[48930, 10000, 15, 0, -0.7205882352941176, 0.005562398188247448]
[48951, 10000, 15, 0, -0.7205882352941176, 0.005562398188247448]
[48971, 10000, 15, 0, -0.7205882352941176, 0.005562398188247448]
[48991, 10000, 15, 0, -0.7205882352941176, 0.005562398188247448]
[49011, 10000, 15, 0, -0.7205882352941176, 0.005562398188247448]
[49033, 10000, 15, 0, -0.7205882352941176, 0.004767769875640669]
[49052, 10000, 15, 0, -0.7205882352941176, 0.004767769875640669]
[49072, 10000, 15, 0, -0.7205882352941176, 0.004767769875640669]
[49098, 10000, 15, 0, -0.7205882352941176, 0.005562398188247448]
[49117, 10000, 15, 0, -0.7205882352941176, 0.005562398188247448]
[49134, 10000, 15, 0, -0.7205882352941176, 0.004767769875640669]
[49152, 10000, 15, 0, -0.7205882352941176, 0.004767769875640669]
[49172, 10000, 15, 0, -0.7205882352941176, 0.004767769875640669]
[49193, 10000, 15, 0, -0.7205882352941176, 0.004767769875640669]
[49213, 10000, 15, 0, -0.7205882352941176, 0.004767769875640669]
[49232, 10000, 15, 0, -0.7205882352941176, 0.004767769875640669]
[49253, 10000, 15, 0, -0.7205882352941176, 0.004767769875640669]
[49274, 10000, 15, 0, -0.7205882352941176, 0.004767769875640669]
[49294, 10000, 15, 0, -0.7205882352941176, 0.004767769875640669]
[49314, 10000, 15, 0, -0.7205882352941176, 0.004767769875640669]
[49334, 10000, 15, 0, -0.7205882352941176, 0.004767769875640669]
[49356, 10000, 15, 0, -0.7205882352941176, 0.004767769875640669]
[49375, 10000, 15, 0, -0.7205882352941176, 0.004767769875640669]
[49395, 10000, 15, 0, -0.7205882352941176, 0.004767769875640669]
[49418, 10000, 15, 0, -0.7205882352941176, 0.004767769875640669]
[49437, 10000, 15, 0, -0.7205882352941176, 0.004767769875640669]
[49456, 10000, 15, 0, -0.7205882352941176, 0.004767769875640669]
[49476, 10000, 15, 0, -0.7205882352941176, 0.004767769875640669]
[49497, 10000, 15, 0, -0.7205882352941176, 0.004767769875640669]
[49526, 10000, 14, 0, -0.7205882352941176, 0.004767769875640669]
[49523, 10000, 11, 0, -0.7205882352941176, 0.004767769875640669]
[49519, 10000, 9, 0, -0.7205882352941176, 0.004767769875640669]
[49517, 10000, 7, 0, -0.7205882352941176, 0.004767769875640669]
[49517, 10000, 6, 0, -0.7205882352941176, 0.004767769875640669]
[49517, 10000, 5, 0, -0.7205882352941176, 0.004767769875640669]
[49517, 10000, 4, 0, -0.7205882352941176, 0.004767769875640669]
[49517, 10000, 3, 0, -0.7205882352941176, 0.004767769875640669]
[49517, 10000, 3, 0, -0.7205882352941176, 0.004767769875640669]
[49517, 10000, 2, 0, -0.7205882352941176, 0.004767769875640669]
[49517, 10000, 2, 0, -0.7205882352941176, 0.004767769875640669]
[49517, 10000, 1, 0, -0.7205882352941176, 0.004767769875640669]
[49517, 10000, 1, 0, -0.7205882352941176, 0.004767769875640669]
[49521, 10000, 1, 0, -0.7205882352941176, 0.004767769875640669]
[49504, 10000, 65534, 0, -0.7205882352941176, 0.004767769875640669]
[49483, 10000, 65532, 0, -0.7205882352941176, 0.004767769875640669]
[49464, 10000, 65530, 0, -0.7205882352941176, 0.004767769875640669]
[49445, 10000, 65528, 0, -0.7205882352941176, 0.004767769875640669]
[49427, 10000, 65527, 0, -0.7205882352941176, 0.005562398188247448]
[49409, 10000, 65526, 0, -0.7205882352941176, 0.005562398188247448]
[49389, 10000, 65525, 0, -0.7205882352941176, 0.004767769875640669]
[49370, 10000, 65524, 0, -0.7205882352941176, 0.004767769875640669]
[49353, 10000, 65524, 0, -0.6605392156862745, 0.004767769875640669]
[49334, 10000, 65523, 0, -0.6605392156862745, 0.005562398188247448]
[49315, 10000, 65523, 0, -0.6605392156862745, 0.004767769875640669]
[49297, 10000, 65523, 0, -0.6605392156862745, 0.004767769875640669]
[49280, 10000, 65522, 0, -0.6605392156862745, 0.004767769875640669]
[-1, -1, -2, -2, -0.6605392156862745, 0.004767769875640669]
[49230, 10000, 65523, 0, -0.6605392156862745, 0.005562398188247448]
[49211, 10000, 65523, 0, -0.6605392156862745, 0.004767769875640669]
[49193, 10000, 65522, 0, -0.6605392156862745, 0.004767769875640669]
[49175, 10000, 65522, 0, -0.6605392156862745, 0.004767769875640669]
[49156, 10000, 65522, 0, -0.6605392156862745, 0.004767769875640669]
[49138, 10000, 65522, 0, -0.6605392156862745, 0.005562398188247448]
[49120, 10000, 65522, 0, -0.6605392156862745, 0.004767769875640669]
[49101, 10000, 65522, 0, -0.6605392156862745, 0.004767769875640669]
[49080, 10000, 65521, 0, -0.6605392156862745, 0.004767769875640669]
[49061, 10000, 65521, 0, -0.6605392156862745, 0.004767769875640669]
[49043, 10000, 65521, 0, -0.6605392156862745, 0.004767769875640669]
[49024, 10000, 65521, 0, -0.6605392156862745, 0.004767769875640669]
[49005, 10000, 65521, 0, -0.6605392156862745, 0.004767769875640669]
[48983, 10000, 65521, 0, -0.6605392156862745, 0.004767769875640669]
[48965, 10000, 65521, 0, -0.6605392156862745, 0.004767769875640669]
[48947, 10000, 65521, 0, -0.6605392156862745, 0.004767769875640669]
[48928, 10000, 65521, 0, -0.6605392156862745, 0.004767769875640669]
[48909, 10000, 65521, 0, -0.6605392156862745, 0.004767769875640669]
[48888, 10000, 65521, 0, -0.6605392156862745, 0.004767769875640669]
[48868, 10000, 65521, 0, -0.6605392156862745, 0.004767769875640669]
[48848, 10000, 65521, 0, -0.6605392156862745, 0.004767769875640669]
[48828, 10000, 65521, 0, -0.6605392156862745, 0.004767769875640669]
[48808, 10000, 65521, 0, -0.6605392156862745, 0.004767769875640669]
[48788, 10000, 65521, 0, -0.6605392156862745, 0.004767769875640669]
[48764, 10000, 65521, 0, -0.6605392156862745, 0.004767769875640669]
[48747, 10000, 65521, 0, -0.6605392156862745, 0.004767769875640669]
[48727, 10000, 65521, 0, -0.6605392156862745, 0.004767769875640669]
[48707, 10000, 65521, 0, -0.6605392156862745, 0.004767769875640669]
[48687, 10000, 65521, 0, -0.6605392156862745, 0.004767769875640669]
[48666, 10000, 65521, 0, -0.6605392156862745, 0.004767769875640669]
[48647, 10000, 65521, 0, -0.6605392156862745, 0.004767769875640669]
[48627, 10000, 65521, 0, -0.6605392156862745, 0.004767769875640669]
[48607, 10000, 65521, 0, -0.6605392156862745, 0.004767769875640669]
[48586, 10000, 65521, 0, -0.6605392156862745, 0.004767769875640669]
[48566, 10000, 65521, 0, -0.6605392156862745, 0.004767769875640669]
[48547, 10000, 65521, 0, -0.6605392156862745, 0.004767769875640669]
[48527, 10000, 65521, 0, -0.6605392156862745, 0.004767769875640669]
[48506, 10000, 65521, 0, -0.6605392156862745, 0.004767769875640669]
[48486, 10000, 65521, 0, -0.6605392156862745, 0.004767769875640669]
[48467, 10000, 65521, 0, -0.6605392156862745, 0.004767769875640669]
[48446, 10000, 65521, 0, -0.6605392156862745, 0.004767769875640669]
[48426, 10000, 65521, 0, -0.6605392156862745, 0.004767769875640669]
[48406, 10000, 65521, 0, -0.6605392156862745, 0.004767769875640669]
[48386, 10000, 65521, 0, -0.6605392156862745, 0.004767769875640669]
[48366, 10000, 65521, 0, -0.6605392156862745, 0.004767769875640669]
[48346, 10000, 65521, 0, -0.6605392156862745, 0.004767769875640669]
[48326, 10000, 65521, 0, -0.6605392156862745, 0.004767769875640669]
[48306, 10000, 65521, 0, -0.6605392156862745, 0.004767769875640669]
[48286, 10000, 65521, 0, -0.6605392156862745, 0.004767769875640669]
[48265, 10000, 65521, 0, -0.6605392156862745, 0.004767769875640669]
[48245, 10000, 65521, 0, -0.6605392156862745, 0.004767769875640669]
[48226, 10000, 65521, 0, -0.6605392156862745, 0.004767769875640669]
[48203, 10000, 65521, 0, -0.6605392156862745, 0.004767769875640669]
[48185, 10000, 65521, 0, -0.6605392156862745, 0.004767769875640669]
[48166, 10000, 65521, 0, -0.6605392156862745, 0.004767769875640669]
[48147, 10000, 65521, 0, -0.6605392156862745, 0.004767769875640669]
[48126, 10000, 65521, 0, -0.6605392156862745, 0.004767769875640669]
[48105, 10000, 65521, 0, -0.6605392156862745, 0.004767769875640669]
[48086, 10000, 65521, 0, -0.6605392156862745, 0.004767769875640669]
[48067, 10000, 65521, 0, -0.6605392156862745, 0.004767769875640669]
[48046, 10000, 65521, 0, -0.6004901960784313, 0.004767769875640669]
[48026, 10000, 65521, 0, -0.6004901960784313, 0.004767769875640669]
[48006, 10000, 65521, 0, -0.6004901960784313, 0.004767769875640669]
[47987, 10000, 65521, 0, -0.6004901960784313, 0.004767769875640669]
[47966, 10000, 65521, 0, -0.6004901960784313, 0.004767769875640669]
[47946, 10000, 65521, 0, -0.6004901960784313, 0.004767769875640669]
[47926, 10000, 65521, 0, -0.6004901960784313, 0.004767769875640669]
[47906, 10000, 65521, 0, -0.6004901960784313, 0.004767769875640669]
[47886, 10000, 65521, 0, -0.6004901960784313, 0.004767769875640669]
[47866, 10000, 65521, 0, -0.6004901960784313, 0.004767769875640669]
[47846, 10000, 65521, 0, -0.6004901960784313, 0.005562398188247448]
[47826, 10000, 65521, 0, -0.6004901960784313, 0.005562398188247448]
[47805, 10000, 65521, 0, -0.6004901960784313, 0.005562398188247448]
[47786, 10000, 65521, 0, -0.6004901960784313, 0.005562398188247448]
[47766, 10000, 65521, 0, -0.6004901960784313, 0.005562398188247448]
[47746, 10000, 65521, 0, -0.6004901960784313, 0.005562398188247448]
[47726, 10000, 65521, 0, -0.6004901960784313, 0.005562398188247448]
[47706, 10000, 65521, 0, -0.6004901960784313, 0.005562398188247448]
[47686, 10000, 65521, 0, -0.6004901960784313, 0.005562398188247448]
[47666, 10000, 65521, -1, -0.6004901960784313, 0.005562398188247448]
[47646, 10000, 65521, 0, -0.6004901960784313, 0.005562398188247448]
[47626, 10000, 65521, 0, -0.6004901960784313, 0.005562398188247448]
[47605, 10000, 65521, 0, -0.6004901960784313, 0.005562398188247448]
[47587, 10000, 65521, 0, -0.6004901960784313, 0.005562398188247448]
[47567, 10000, 65521, 0, -0.6004901960784313, 0.005562398188247448]
[47546, 10000, 65521, 0, -0.6004901960784313, 0.005562398188247448]
[47527, 10000, 65521, 0, -0.6004901960784313, 0.005562398188247448]
[47507, 10000, 65521, 0, -0.6004901960784313, 0.005562398188247448]
[47487, 10000, 65521, 0, -0.6004901960784313, 0.005562398188247448]
[47467, 10000, 65521, 0, -0.6004901960784313, 0.005562398188247448]
[47447, 10000, 65521, 0, -0.6004901960784313, 0.005562398188247448]
[47427, 10000, 65521, 0, -0.6004901960784313, 0.005562398188247448]
[47407, 10000, 65521, 0, -0.6004901960784313, 0.005562398188247448]
[47387, 10000, 65521, 0, -0.6004901960784313, 0.005562398188247448]
[47367, 10000, 65521, 0, -0.6004901960784313, 0.005562398188247448]
[47347, 10000, 65521, 0, -0.6004901960784313, 0.005562398188247448]
[47327, 10000, 65521, 0, -0.6004901960784313, 0.005562398188247448]
[47306, 10000, 65521, 0, -0.6004901960784313, 0.005562398188247448]
[47286, 10000, 65521, 0, -0.6004901960784313, 0.005562398188247448]
[47267, 10000, 65521, 0, -0.6004901960784313, 0.005562398188247448]
[47246, 10000, 65521, 0, -0.6004901960784313, 0.005562398188247448]
[47226, 10000, 65521, 0, -0.6004901960784313, 0.005562398188247448]
[47207, 10000, 65521, 0, -0.6004901960784313, 0.005562398188247448]
[47187, 10000, 65521, 0, -0.6004901960784313, 0.005562398188247448]
[47167, 10000, 65521, 0, -0.6004901960784313, 0.005562398188247448]
[47147, 10000, 65521, 0, -0.6004901960784313, 0.005562398188247448]
[47127, 10000, 65521, 0, -0.6004901960784313, 0.005562398188247448]
[47107, 10000, 65521, 0, -0.6004901960784313, 0.005562398188247448]
[47087, 10000, 65521, 0, -0.6004901960784313, 0.005562398188247448]
[47067, 10000, 65521, 0, -0.6004901960784313, 0.005562398188247448]
[47047, 10000, 65521, 0, -0.6004901960784313, 0.005562398188247448]
[47028, 10000, 65521, 0, -0.6004901960784313, 0.005562398188247448]
[47007, 10000, 65521, 0, -0.6004901960784313, 0.005562398188247448]
[46987, 10000, 65521, 0, -0.6004901960784313, 0.005562398188247448]
[46967, 10000, 65521, 0, -0.6004901960784313, 0.005562398188247448]
[46948, 10000, 65521, 0, -0.6004901960784313, 0.005562398188247448]
[46927, 10000, 65521, 0, -0.6004901960784313, 0.005562398188247448]
[46904, 10000, 65521, 0, -0.6004901960784313, 0.005562398188247448]
[46887, 10000, 65521, 0, -0.6004901960784313, 0.005562398188247448]
[46867, 10000, 65521, 0, -0.6004901960784313, 0.005562398188247448]
[46847, 10000, 65521, 0, -0.6004901960784313, 0.005562398188247448]
[46827, 10000, 65521, 0, -0.6004901960784313, 0.005562398188247448]
[46807, 10000, 65521, 0, -0.6004901960784313, 0.005562398188247448]
[46787, 10000, 65521, 0, -0.6004901960784313, 0.005562398188247448]
[46767, 10000, 65521, 0, -0.6004901960784313, 0.005562398188247448]
[46747, 10000, 65521, 0, -0.6004901960784313, 0.005562398188247448]
[46727, 10000, 65521, 0, -0.6004901960784313, 0.005562398188247448]
[46707, 10000, 65521, 0, -0.6004901960784313, 0.005562398188247448]
[46687, 10000, 65521, 0, -0.5404411764705882, 0.005562398188247448]
[46667, 10000, 65521, 0, -0.5404411764705882, 0.005562398188247448]
[46647, 10000, 65521, 0, -0.5404411764705882, 0.005562398188247448]
[46628, 10000, 65521, 0, -0.5404411764705882, 0.005562398188247448]
[46607, 10000, 65521, 0, -0.5404411764705882, 0.005562398188247448]
[46588, 10000, 65521, 0, -0.5404411764705882, 0.005562398188247448]
[46568, 10000, 65521, 0, -0.5404411764705882, 0.005562398188247448]
[46548, 10000, 65521, 0, -0.5404411764705882, 0.005562398188247448]
[46528, 10000, 65521, 0, -0.5404411764705882, 0.005562398188247448]
[46506, 10000, 65521, 0, -0.5404411764705882, 0.005562398188247448]
[46488, 10000, 65521, 0, -0.5404411764705882, 0.005562398188247448]
[46468, 10000, 65521, 0, -0.5404411764705882, 0.005562398188247448]
[46448, 10000, 65521, 0, -0.5404411764705882, 0.005562398188247448]
[46428, 10000, 65521, 0, -0.5404411764705882, 0.005562398188247448]
[46408, 10000, 65521, 0, -0.5404411764705882, 0.005562398188247448]
[46388, 10000, 65521, 0, -0.5404411764705882, 0.005562398188247448]
[46368, 10000, 65521, 0, -0.5404411764705882, 0.005562398188247448]
[46348, 10000, 65521, 0, -0.5404411764705882, 0.005562398188247448]
[46328, 10000, 65521, 0, -0.5404411764705882, 0.005562398188247448]
[46308, 10000, 65521, 0, -0.5404411764705882, 0.005562398188247448]
[46288, 10000, 65521, 0, -0.5404411764705882, 0.005562398188247448]
[46268, 10000, 65521, 0, -0.5404411764705882, 0.005562398188247448]
[46248, 10000, 65521, 0, -0.5404411764705882, 0.005562398188247448]
[46228, 10000, 65521, 0, -0.5404411764705882, 0.005562398188247448]
[46207, 10000, 65521, 0, -0.5404411764705882, 0.005562398188247448]
[46188, 10000, 65521, 0, -0.5404411764705882, 0.005562398188247448]
[46168, 10000, 65521, 0, -0.5404411764705882, 0.005562398188247448]
[46149, 10000, 65521, 0, -0.5404411764705882, 0.005562398188247448]
[46129, 10000, 65521, 0, -0.5404411764705882, 0.005562398188247448]
[46109, 10000, 65521, 0, -0.5404411764705882, 0.005562398188247448]
[46089, 10000, 65521, 0, -0.5404411764705882, 0.005562398188247448]
[46069, 10000, 65521, 0, -0.5404411764705882, 0.005562398188247448]
[46049, 10000, 65521, 0, -0.5404411764705882, 0.005562398188247448]
[46029, 10000, 65521, 0, -0.5404411764705882, 0.005562398188247448]
[46009, 10000, 65521, 0, -0.5404411764705882, 0.005562398188247448]
[45989, 10000, 65521, 0, -0.5404411764705882, 0.005562398188247448]
[45969, 10000, 65521, 0, -0.5404411764705882, 0.005562398188247448]
[45949, 10000, 65521, 0, -0.5404411764705882, 0.005562398188247448]
[45929, 10000, 65521, 0, -0.5404411764705882, 0.005562398188247448]
[45909, 10000, 65521, 0, -0.5404411764705882, 0.005562398188247448]
[45889, 10000, 65521, 0, -0.5404411764705882, 0.005562398188247448]
[45869, 10000, 65521, 0, -0.5404411764705882, 0.005562398188247448]
[45848, 10000, 65521, 0, -0.5404411764705882, 0.005562398188247448]
[45829, 10000, 65521, 0, -0.5404411764705882, 0.005562398188247448]
[45808, 10000, 65521, 0, -0.5404411764705882, 0.005562398188247448]
[45788, 10000, 65521, 0, -0.5404411764705882, 0.005562398188247448]
[45765, 10000, 65521, 0, -0.5404411764705882, 0.005562398188247448]
[45748, 10000, 65521, 0, -0.5404411764705882, 0.005562398188247448]
[45728, 10000, 65521, 0, -0.5404411764705882, 0.005562398188247448]
[45708, 10000, 65521, 0, -0.5404411764705882, 0.005562398188247448]
[45688, 10000, 65521, 0, -0.5404411764705882, 0.005562398188247448]
[45668, 10000, 65521, 0, -0.5404411764705882, 0.005562398188247448]
[45648, 10000, 65521, 0, -0.5404411764705882, 0.005562398188247448]
[45628, 10000, 65521, 0, -0.5404411764705882, 0.005562398188247448]
[45608, 10000, 65521, 0, -0.5404411764705882, 0.005562398188247448]
[45589, 10000, 65521, 0, -0.5404411764705882, 0.005562398188247448]
[45569, 10000, 65521, 0, -0.5404411764705882, 0.005562398188247448]
[45548, 10000, 65521, 0, -0.5404411764705882, 0.005562398188247448]
[45529, 10000, 65521, 0, -0.5404411764705882, 0.005562398188247448]
[45509, 10000, 65521, 0, -0.5404411764705882, 0.005562398188247448]
[45488, 10000, 65521, 0, -0.5404411764705882, 0.005562398188247448]
[45468, 10000, 65521, 0, -0.5404411764705882, 0.005562398188247448]
[45448, 10000, 65521, 0, -0.5404411764705882, 0.005562398188247448]
[45428, 10000, 65521, 0, -0.5404411764705882, 0.005562398188247448]
[45407, 10000, 65521, 0, -0.5404411764705882, 0.005562398188247448]
[45387, 10000, 65521, 0, -0.5404411764705882, 0.005562398188247448]
[45367, 10000, 65521, 0, -0.5404411764705882, 0.005562398188247448]
[45347, 10000, 65521, 0, -0.5404411764705882, 0.005562398188247448]
[45326, 10000, 65521, 0, -0.4803921568627451, 0.005562398188247448]
[45306, 10000, 65521, 0, -0.4803921568627451, 0.005562398188247448]
[45286, 10000, 65521, 0, -0.4803921568627451, 0.005562398188247448]
[45266, 10000, 65521, 0, -0.4803921568627451, 0.005562398188247448]
[45245, 10000, 65521, 0, -0.4803921568627451, 0.005562398188247448]
[45225, 10000, 65521, 0, -0.4803921568627451, 0.005562398188247448]
[45205, 10000, 65521, 0, -0.4803921568627451, 0.005562398188247448]
[45185, 10000, 65521, 0, -0.4803921568627451, 0.005562398188247448]
[45164, 10000, 65521, 0, -0.4803921568627451, 0.005562398188247448]
[45144, 10000, 65521, 0, -0.4803921568627451, 0.005562398188247448]
[45124, 10000, 65521, 0, -0.4803921568627451, 0.005562398188247448]
[45104, 10000, 65521, 0, -0.4803921568627451, 0.005562398188247448]
[45084, 10000, 65521, 0, -0.4803921568627451, 0.005562398188247448]
[45064, 10000, 65521, 0, -0.4803921568627451, 0.005562398188247448]
[45044, 10000, 65521, 0, -0.4803921568627451, 0.005562398188247448]
[45024, 10000, 65521, 0, -0.4803921568627451, 0.005562398188247448]
[45003, 10000, 65521, 0, -0.4803921568627451, 0.005562398188247448]
[44983, 10000, 65521, 0, -0.4803921568627451, 0.005562398188247448]
[44963, 10000, 65521, 0, -0.4803921568627451, 0.005562398188247448]
[44943, 10000, 65521, 0, -0.4803921568627451, 0.005562398188247448]
[44922, 10000, 65521, 0, -0.4803921568627451, 0.005562398188247448]
[44900, 10000, 65521, 0, -0.4803921568627451, 0.005562398188247448]
[44881, 10000, 65521, 0, -0.4803921568627451, 0.005562398188247448]
[44862, 10000, 65521, 0, -0.4803921568627451, 0.005562398188247448]
[44841, 10000, 65521, 0, -0.4803921568627451, 0.005562398188247448]
[44821, 10000, 65521, 0, -0.4803921568627451, 0.005562398188247448]
[44800, 10000, 65521, 0, -0.4803921568627451, 0.005562398188247448]
[44781, 10000, 65521, 0, -0.4803921568627451, 0.005562398188247448]
[44760, 10000, 65521, 0, -0.4803921568627451, 0.005562398188247448]
[44740, 10000, 65521, 0, -0.4803921568627451, 0.005562398188247448]
[44720, 10000, 65521, 0, -0.4803921568627451, 0.005562398188247448]
[44700, 10000, 65521, 0, -0.4803921568627451, 0.005562398188247448]
[44680, 10000, 65521, 0, -0.4803921568627451, 0.005562398188247448]
[44660, 10000, 65521, 0, -0.4803921568627451, 0.005562398188247448]
[44640, 10000, 65521, 0, -0.4803921568627451, 0.005562398188247448]
[44617, 10000, 65521, 0, -0.4803921568627451, 0.006357026500854225]
[44598, 10000, 65521, 0, -0.4803921568627451, 0.006357026500854225]
[44579, 10000, 65521, 0, -0.4803921568627451, 0.006357026500854225]
[44560, 10000, 65521, 0, -0.4803921568627451, 0.006357026500854225]
[44540, 10000, 65521, 0, -0.4803921568627451, 0.006357026500854225]
[44519, 10000, 65521, 0, -0.4803921568627451, 0.006357026500854225]
[44499, 10000, 65521, 0, -0.4803921568627451, 0.006357026500854225]
[44480, 10000, 65521, 0, -0.4803921568627451, 0.006357026500854225]
[44460, 10000, 65521, 0, -0.4803921568627451, 0.006357026500854225]
[44439, 10000, 65521, 0, -0.4803921568627451, 0.006357026500854225]
[44419, 10000, 65521, 0, -0.4803921568627451, 0.006357026500854225]
[44399, 10000, 65521, 0, -0.4803921568627451, 0.006357026500854225]
[44379, 10000, 65521, 0, -0.4803921568627451, 0.006357026500854225]
[44359, 10000, 65521, 0, -0.4803921568627451, 0.006357026500854225]
[44339, 10000, 65521, 0, -0.4803921568627451, 0.006357026500854225]
[44318, 10000, 65521, 0, -0.4803921568627451, 0.006357026500854225]
[44299, 10000, 65521, 0, -0.4803921568627451, 0.006357026500854225]
[44278, 10000, 65521, 0, -0.4803921568627451, 0.006357026500854225]
[44259, 10000, 65521, 0, -0.4803921568627451, 0.006357026500854225]
[44239, 10000, 65521, 0, -0.4803921568627451, 0.006357026500854225]
[44219, 10000, 65521, 0, -0.4803921568627451, 0.006357026500854225]
[44199, 10000, 65521, 0, -0.4803921568627451, 0.006357026500854225]
[44179, 10000, 65521, 0, -0.420343137254902, 0.006357026500854225]
[44159, 10000, 65521, 0, -0.420343137254902, 0.006357026500854225]
[44140, 10000, 65521, 0, -0.420343137254902, 0.006357026500854225]
[44119, 10000, 65521, 0, -0.420343137254902, 0.006357026500854225]
[44099, 10000, 65521, 0, -0.420343137254902, 0.006357026500854225]
[44080, 10000, 65521, 0, -0.420343137254902, 0.006357026500854225]
[44060, 10000, 65521, 0, -0.420343137254902, 0.006357026500854225]
[44039, 10000, 65521, 0, -0.420343137254902, 0.006357026500854225]
[44019, 10000, 65521, 0, -0.420343137254902, 0.006357026500854225]
[44000, 10000, 65521, 0, -0.420343137254902, 0.006357026500854225]
[43980, 10000, 65521, 0, -0.420343137254902, 0.006357026500854225]
[43959, 10000, 65521, 0, -0.420343137254902, 0.006357026500854225]
[43939, 10000, 65521, 0, -0.420343137254902, 0.006357026500854225]
[43920, 10000, 65521, 0, -0.420343137254902, 0.006357026500854225]
[43900, 10000, 65521, 0, -0.420343137254902, 0.006357026500854225]
[43879, 10000, 65521, 0, -0.420343137254902, 0.006357026500854225]
[43859, 10000, 65521, 0, -0.420343137254902, 0.006357026500854225]
[43840, 10000, 65521, 0, -0.420343137254902, 0.006357026500854225]
[43820, 10000, 65521, 0, -0.420343137254902, 0.006357026500854225]
[43799, 10000, 65521, 0, -0.420343137254902, 0.006357026500854225]
[43779, 10000, 65521, 0, -0.420343137254902, 0.006357026500854225]
[43759, 10000, 65521, 0, -0.420343137254902, 0.006357026500854225]
[43740, 10000, 65521, 0, -0.420343137254902, 0.006357026500854225]
[43719, 10000, 65521, 0, -0.420343137254902, 0.006357026500854225]
[43700, 10000, 65521, 0, -0.420343137254902, 0.006357026500854225]
[43680, 10000, 65521, 0, -0.420343137254902, 0.006357026500854225]
[43660, 10000, 65521, 0, -0.420343137254902, 0.006357026500854225]
[43640, 10000, 65521, 0, -0.420343137254902, 0.006357026500854225]
[43620, 10000, 65521, 0, -0.420343137254902, 0.006357026500854225]
[43600, 10000, 65521, 0, -0.420343137254902, 0.006357026500854225]
[43581, 10000, 65521, 0, -0.420343137254902, 0.006357026500854225]
[43558, 10000, 65523, 0, -0.420343137254902, 0.006357026500854225]
[43555, 10000, 65524, 0, -0.420343137254902, 0.006357026500854225]
[43553, 10000, 65526, 0, -0.420343137254902, 0.006357026500854225]
[43552, 10000, 65528, 0, -0.420343137254902, 0.006357026500854225]
[43552, 10000, 65529, 0, -0.420343137254902, 0.006357026500854225]
[43562, 10000, 65534, 0, -0.420343137254902, 0.006357026500854225]
[43580, 10000, 1, 0, -0.420343137254902, 0.006357026500854225]
[43597, 10000, 3, 0, -0.420343137254902, 0.006357026500854225]
[43617, 10000, 5, 0, -0.420343137254902, 0.006357026500854225]
[43633, 10000, 7, 0, -0.420343137254902, 0.006357026500854225]
[43651, 10000, 8, 0, -0.420343137254902, 0.006357026500854225]
[43673, 10000, 10, 0, -0.420343137254902, 0.006357026500854225]
[43689, 10000, 10, 0, -0.420343137254902, 0.006357026500854225]
[43708, 10000, 11, 0, -0.420343137254902, 0.006357026500854225]
[43728, 10000, 12, 0, -0.420343137254902, 0.006357026500854225]
[43748, 10000, 12, 0, -0.420343137254902, 0.006357026500854225]
[43766, 10000, 13, 0, -0.420343137254902, 0.006357026500854225]
[43784, 10000, 13, 0, -0.4803921568627451, 0.006357026500854225]
[43802, 10000, 13, 0, -0.4803921568627451, 0.006357026500854225]
[43823, 10000, 14, 0, -0.4803921568627451, 0.006357026500854225]
[43842, 10000, 14, 0, -0.4803921568627451, 0.006357026500854225]
[43860, 10000, 14, 0, -0.4803921568627451, 0.006357026500854225]
[43878, 10000, 14, 0, -0.4803921568627451, 0.006357026500854225]
[43896, 10000, 15, 0, -0.4803921568627451, 0.006357026500854225]
[43914, 10000, 15, 0, -0.4803921568627451, 0.006357026500854225]
[43933, 10000, 15, 0, -0.4803921568627451, 0.006357026500854225]
[43950, 10000, 15, 0, -0.4803921568627451, 0.006357026500854225]
[43967, 10000, 15, 0, -0.4803921568627451, 0.006357026500854225]
[43986, 10000, 15, 0, -0.4803921568627451, 0.006357026500854225]
[44017, 10000, 14, 0, -0.4803921568627451, 0.006357026500854225]
[44035, 10000, 14, 0, -0.4803921568627451, 0.006357026500854225]
[44058, 10000, 14, 0, -0.4803921568627451, 0.006357026500854225]
[44077, 10000, 14, 0, -0.4803921568627451, 0.006357026500854225]
[44096, 10000, 14, 0, -0.4803921568627451, 0.006357026500854225]
[44115, 10000, 14, 0, -0.4803921568627451, 0.006357026500854225]
[44132, 10000, 15, 0, -0.4803921568627451, 0.006357026500854225]
[44151, 10000, 15, 0, -0.4803921568627451, 0.006357026500854225]
[44167, 10000, 15, 0, -0.4803921568627451, 0.006357026500854225]
[44184, 10000, 15, 0, -0.4803921568627451, 0.006357026500854225]
[44204, 10000, 15, 0, -0.4803921568627451, 0.006357026500854225]
[44223, 10000, 15, 0, -0.4803921568627451, 0.006357026500854225]
[44242, 10000, 15, 0, -0.4803921568627451, 0.006357026500854225]
[44260, 10000, 15, 0, -0.5404411764705882, 0.006357026500854225]
[44278, 10000, 15, 0, -0.5404411764705882, 0.006357026500854225]
[44296, 10000, 15, 0, -0.5404411764705882, 0.006357026500854225]
[44316, 10000, 15, 0, -0.5404411764705882, 0.006357026500854225]
[44338, 10000, 15, 0, -0.5404411764705882, 0.006357026500854225]
[44356, 10000, 15, 0, -0.5404411764705882, 0.006357026500854225]
[44376, 10000, 15, 0, -0.5404411764705882, 0.006357026500854225]
[44396, 10000, 15, 0, -0.5404411764705882, 0.006357026500854225]
[44416, 10000, 15, 0, -0.5404411764705882, 0.006357026500854225]
[44437, 10000, 15, 0, -0.5404411764705882, 0.006357026500854225]
[44456, 10000, 15, 0, -0.5404411764705882, 0.006357026500854225]
[44477, 10000, 15, 0, -0.5404411764705882, 0.006357026500854225]
[44496, 10000, 15, 0, -0.5404411764705882, 0.006357026500854225]
[44516, 10000, 15, 0, -0.5404411764705882, 0.006357026500854225]
[44537, 10000, 15, 0, -0.5404411764705882, 0.006357026500854225]
[44557, 10000, 15, 0, -0.5404411764705882, 0.006357026500854225]
[44576, 10000, 15, 0, -0.5404411764705882, 0.006357026500854225]
[44596, 10000, 15, 0, -0.5404411764705882, 0.006357026500854225]
[44617, 10000, 15, 0, -0.5404411764705882, 0.006357026500854225]
[44637, 10000, 15, 0, -0.5404411764705882, 0.006357026500854225]
[44656, 10000, 15, 0, -0.5404411764705882, 0.006357026500854225]
[44676, 10000, 15, 0, -0.5404411764705882, 0.006357026500854225]
[44696, 10000, 15, 0, -0.5404411764705882, 0.006357026500854225]
[44717, 10000, 15, 0, -0.5404411764705882, 0.006357026500854225]
[44736, 10000, 15, 0, -0.5404411764705882, 0.006357026500854225]
[44756, 10000, 15, 0, -0.5404411764705882, 0.006357026500854225]
[44777, 10000, 15, 0, -0.5404411764705882, 0.006357026500854225]
[44797, 10000, 15, 0, -0.5404411764705882, 0.006357026500854225]
[44817, 10000, 15, 0, -0.5404411764705882, 0.006357026500854225]
[44837, 10000, 15, 0, -0.5404411764705882, 0.006357026500854225]
[44858, 10000, 15, 0, -0.5404411764705882, 0.006357026500854225]
[44879, 10000, 15, 0, -0.5404411764705882, 0.006357026500854225]
[44898, 10000, 15, 0, -0.5404411764705882, 0.006357026500854225]
[44918, 10000, 15, 0, -0.5404411764705882, 0.006357026500854225]
[44939, 10000, 15, 0, -0.5404411764705882, 0.006357026500854225]
[44959, 10000, 15, 0, -0.5404411764705882, 0.006357026500854225]
[44980, 10000, 15, 0, -0.5404411764705882, 0.006357026500854225]
[44999, 10000, 15, 0, -0.5404411764705882, 0.006357026500854225]
[45020, 10000, 15, 0, -0.5404411764705882, 0.006357026500854225]
[45040, 10000, 15, 0, -0.5404411764705882, 0.006357026500854225]
[45060, 10000, 15, 0, -0.5404411764705882, 0.006357026500854225]
[45080, 10000, 15, 0, -0.5404411764705882, 0.006357026500854225]
[45101, 10000, 15, 0, -0.6004901960784313, 0.006357026500854225]
[45121, 10000, 15, 0, -0.6004901960784313, 0.006357026500854225]
[45141, 10000, 15, 0, -0.6004901960784313, 0.006357026500854225]
[45161, 10000, 15, 0, -0.6004901960784313, 0.006357026500854225]
[45182, 10000, 15, 0, -0.6004901960784313, 0.006357026500854225]
[45201, 10000, 15, 0, -0.6004901960784313, 0.006357026500854225]
[45221, 10000, 15, 0, -0.6004901960784313, 0.006357026500854225]
[45241, 10000, 15, 0, -0.6004901960784313, 0.006357026500854225]
[45262, 10000, 15, 0, -0.6004901960784313, 0.006357026500854225]
[45282, 10000, 15, 0, -0.6004901960784313, 0.006357026500854225]
[45302, 10000, 15, 0, -0.6004901960784313, 0.006357026500854225]
[45322, 10000, 15, 0, -0.6004901960784313, 0.006357026500854225]
[45343, 10000, 15, 0, -0.6004901960784313, 0.006357026500854225]
[45363, 10000, 15, 0, -0.6004901960784313, 0.006357026500854225]
[45384, 10000, 15, 0, -0.6004901960784313, 0.006357026500854225]
[45404, 10000, 15, 0, -0.6004901960784313, 0.006357026500854225]
[45427, 10000, 15, 0, -0.6004901960784313, 0.006357026500854225]
[45445, 10000, 15, 0, -0.6004901960784313, 0.006357026500854225]
[45465, 10000, 15, 0, -0.6004901960784313, 0.006357026500854225]
[45485, 10000, 15, 0, -0.6004901960784313, 0.006357026500854225]
[45505, 10000, 15, 0, -0.6004901960784313, 0.006357026500854225]
[45527, 10000, 15, 0, -0.6004901960784313, 0.006357026500854225]
[45545, 10000, 15, 0, -0.6004901960784313, 0.006357026500854225]
[45565, 10000, 15, 0, -0.6004901960784313, 0.006357026500854225]
[45586, 10000, 15, 0, -0.6004901960784313, 0.006357026500854225]
[45606, 10000, 15, 0, -0.6004901960784313, 0.006357026500854225]
[45625, 10000, 15, 0, -0.6004901960784313, 0.006357026500854225]
[45645, 10000, 15, 0, -0.6004901960784313, 0.006357026500854225]
[45665, 10000, 15, 0, -0.6004901960784313, 0.006357026500854225]
[45685, 10000, 15, 0, -0.6004901960784313, 0.006357026500854225]
[45705, 10000, 15, 0, -0.6004901960784313, 0.006357026500854225]
[45725, 10000, 15, 0, -0.6004901960784313, 0.006357026500854225]
[45745, 10000, 15, 0, -0.6004901960784313, 0.006357026500854225]
[45766, 10000, 15, 0, -0.6004901960784313, 0.006357026500854225]
[45786, 10000, 15, 0, -0.6004901960784313, 0.006357026500854225]
[45805, 10000, 15, 0, -0.6004901960784313, 0.006357026500854225]
[45826, 10000, 15, 0, -0.6004901960784313, 0.006357026500854225]
[45847, 10000, 15, 0, -0.6004901960784313, 0.006357026500854225]
[45867, 10000, 15, 0, -0.6004901960784313, 0.006357026500854225]
[45886, 10000, 15, 0, -0.6004901960784313, 0.006357026500854225]
[45906, 10000, 15, 0, -0.6004901960784313, 0.006357026500854225]
[45927, 10000, 15, 0, -0.6004901960784313, 0.006357026500854225]
[45947, 10000, 15, 0, -0.6004901960784313, 0.006357026500854225]
[45966, 10000, 15, 0, -0.6004901960784313, 0.006357026500854225]
[45987, 10000, 15, 0, -0.6004901960784313, 0.006357026500854225]
[46007, 10000, 15, 0, -0.6004901960784313, 0.006357026500854225]
[46027, 10000, 15, 0, -0.6004901960784313, 0.006357026500854225]
[46046, 10000, 15, 0, -0.6004901960784313, 0.006357026500854225]
[46067, 10000, 15, 0, -0.6004901960784313, 0.006357026500854225]
[46087, 10000, 15, 0, -0.6004901960784313, 0.006357026500854225]
[46106, 10000, 15, 0, -0.6004901960784313, 0.006357026500854225]
[46126, 10000, 15, 0, -0.6004901960784313, 0.005562398188247448]
[46146, 10000, 15, 0, -0.6004901960784313, 0.005562398188247448]
[46166, 10000, 15, 0, -0.6004901960784313, 0.005562398188247448]
[46185, 10000, 15, 0, -0.6004901960784313, 0.005562398188247448]
[46205, 10000, 15, 0, -0.6004901960784313, 0.005562398188247448]
[46225, 10000, 15, 0, -0.6004901960784313, 0.005562398188247448]
[46245, 10000, 15, 0, -0.6004901960784313, 0.005562398188247448]
[46265, 10000, 15, 0, -0.6004901960784313, 0.005562398188247448]
[46284, 10000, 15, 0, -0.6004901960784313, 0.005562398188247448]
[46305, 10000, 15, 0, -0.6004901960784313, 0.005562398188247448]
[46325, 10000, 15, 0, -0.6004901960784313, 0.005562398188247448]
[46345, 10000, 15, 0, -0.6004901960784313, 0.005562398188247448]
[46364, 10000, 15, 0, -0.6605392156862745, 0.005562398188247448]
[46385, 10000, 15, 0, -0.6605392156862745, 0.005562398188247448]
[46405, 10000, 15, 0, -0.6605392156862745, 0.005562398188247448]
[46425, 10000, 15, 0, -0.6605392156862745, 0.005562398188247448]
[46444, 10000, 15, 0, -0.6605392156862745, 0.005562398188247448]
[46465, 10000, 15, 0, -0.6605392156862745, 0.005562398188247448]
[46485, 10000, 15, 0, -0.6605392156862745, 0.005562398188247448]
[46504, 10000, 15, 0, -0.6605392156862745, 0.005562398188247448]
[46524, 10000, 15, 0, -0.6605392156862745, 0.005562398188247448]
[46544, 10000, 15, 0, -0.6605392156862745, 0.005562398188247448]
[46564, 10000, 15, 0, -0.6605392156862745, 0.005562398188247448]
[46584, 10000, 15, 0, -0.6605392156862745, 0.005562398188247448]
[46603, 10000, 15, 0, -0.6605392156862745, 0.005562398188247448]
[46624, 10000, 15, 0, -0.6605392156862745, 0.005562398188247448]
[46643, 10000, 15, 0, -0.6605392156862745, 0.005562398188247448]
[46663, 10000, 15, 0, -0.6605392156862745, 0.005562398188247448]
[46683, 10000, 15, 0, -0.6605392156862745, 0.005562398188247448]
[46703, 10000, 15, 0, -0.6605392156862745, 0.005562398188247448]
[46723, 10000, 15, 0, -0.6605392156862745, 0.005562398188247448]
[46742, 10000, 15, 0, -0.6605392156862745, 0.005562398188247448]
[46762, 10000, 15, 0, -0.6605392156862745, 0.005562398188247448]
[46783, 10000, 15, 0, -0.6605392156862745, 0.005562398188247448]
[46803, 10000, 15, 0, -0.6605392156862745, 0.005562398188247448]
[46822, 10000, 15, 0, -0.6605392156862745, 0.005562398188247448]
[46842, 10000, 15, 0, -0.6605392156862745, 0.005562398188247448]
[46863, 10000, 15, 0, -0.6605392156862745, 0.005562398188247448]
[46883, 10000, 15, 0, -0.6605392156862745, 0.005562398188247448]
[46903, 10000, 15, 0, -0.6605392156862745, 0.005562398188247448]
[46923, 10000, 15, 0, -0.6605392156862745, 0.005562398188247448]
[46944, 10000, 15, 0, -0.6605392156862745, 0.005562398188247448]
[46964, 10000, 15, 0, -0.6605392156862745, 0.005562398188247448]
[46983, 10000, 15, 0, -0.6605392156862745, 0.005562398188247448]
[47003, 10000, 15, 0, -0.6605392156862745, 0.005562398188247448]
[47023, 10000, 15, 0, -0.6605392156862745, 0.005562398188247448]
[47043, 10000, 15, 0, -0.6605392156862745, 0.005562398188247448]
[47064, 10000, 15, 0, -0.6605392156862745, 0.005562398188247448]
[47083, 10000, 15, 0, -0.6605392156862745, 0.005562398188247448]
[47103, 10000, 15, 0, -0.6605392156862745, 0.005562398188247448]
[47123, 10000, 15, 0, -0.6605392156862745, 0.005562398188247448]
[47143, 10000, 15, 0, -0.6605392156862745, 0.005562398188247448]
[47162, 10000, 15, 0, -0.6605392156862745, 0.005562398188247448]
[47183, 10000, 15, 0, -0.6605392156862745, 0.005562398188247448]
[47203, 10000, 15, 0, -0.6605392156862745, 0.005562398188247448]
[47222, 10000, 15, 0, -0.6605392156862745, 0.005562398188247448]
[47242, 10000, 15, 0, -0.6605392156862745, 0.005562398188247448]
[47263, 10000, 15, 0, -0.6605392156862745, 0.005562398188247448]
[47283, 10000, 15, 0, -0.6605392156862745, 0.005562398188247448]
[47303, 10000, 15, 0, -0.6605392156862745, 0.005562398188247448]
[47323, 10000, 15, 0, -0.6605392156862745, 0.005562398188247448]
[47343, 10000, 15, 0, -0.6605392156862745, 0.005562398188247448]
[47363, 10000, 15, 0, -0.6605392156862745, 0.005562398188247448]
[47383, 10000, 15, 0, -0.6605392156862745, 0.005562398188247448]
[47403, 10000, 15, 0, -0.6605392156862745, 0.005562398188247448]
[47424, 10000, 15, 0, -0.6605392156862745, 0.005562398188247448]
[47443, 10000, 15, 0, -0.6605392156862745, 0.005562398188247448]
[47463, 10000, 15, 0, -0.6605392156862745, 0.005562398188247448]
[47483, 10000, 15, 0, -0.6605392156862745, 0.005562398188247448]
[47503, 10000, 15, 0, -0.6605392156862745, 0.005562398188247448]
[47523, 10000, 15, 0, -0.6605392156862745, 0.005562398188247448]
[47543, 10000, 15, 0, -0.6605392156862745, 0.005562398188247448]
[47563, 10000, 15, 0, -0.6605392156862745, 0.005562398188247448]
[47583, 10000, 15, 0, -0.6605392156862745, 0.005562398188247448]
[47602, 10000, 15, 0, -0.6605392156862745, 0.005562398188247448]
[47622, 10000, 15, 0, -0.6605392156862745, 0.005562398188247448]
[47642, 10000, 15, 0, -0.6605392156862745, 0.005562398188247448]
[47663, 10000, 15, 0, -0.6605392156862745, 0.005562398188247448]
[47682, 10000, 15, 0, -0.6605392156862745, 0.005562398188247448]
[47701, 10000, 15, 0, -0.6605392156862745, 0.005562398188247448]
[47721, 10000, 15, 0, -0.6605392156862745, 0.005562398188247448]
[47741, 10000, 15, 0, -0.6605392156862745, 0.005562398188247448]
[47761, 10000, 15, 0, -0.6605392156862745, 0.005562398188247448]
[47781, 10000, 15, 0, -0.6605392156862745, 0.005562398188247448]
[47801, 10000, 15, 0, -0.6605392156862745, 0.005562398188247448]
[47821, 10000, 15, 0, -0.6605392156862745, 0.005562398188247448]
[47841, 10000, 15, 0, -0.6605392156862745, 0.005562398188247448]
[47861, 10000, 15, 0, -0.6605392156862745, 0.005562398188247448]
[47881, 10000, 15, 0, -0.6605392156862745, 0.005562398188247448]
[47901, 10000, 15, 0, -0.6605392156862745, 0.005562398188247448]
[47921, 10000, 15, 0, -0.6605392156862745, 0.005562398188247448]
[47941, 10000, 15, 0, -0.6605392156862745, 0.005562398188247448]
[47961, 10000, 15, 0, -0.6605392156862745, 0.005562398188247448]
[47982, 10000, 15, 0, -0.6605392156862745, 0.005562398188247448]
[48001, 10000, 15, 0, -0.6605392156862745, 0.005562398188247448]
[48021, 10000, 15, 0, -0.6605392156862745, 0.005562398188247448]
[48041, 10000, 15, 0, -0.6605392156862745, 0.005562398188247448]
[48061, 10000, 15, 0, -0.6605392156862745, 0.005562398188247448]
[48081, 10000, 15, 0, -0.6605392156862745, 0.005562398188247448]
[48101, 10000, 15, 0, -0.6605392156862745, 0.005562398188247448]
[48120, 10000, 15, 0, -0.6605392156862745, 0.005562398188247448]
[48141, 10000, 15, 0, -0.6605392156862745, 0.005562398188247448]
[48161, 10000, 15, 0, -0.6605392156862745, 0.005562398188247448]
[48180, 10000, 15, 0, -0.6605392156862745, 0.005562398188247448]
[48200, 10000, 15, 0, -0.6605392156862745, 0.005562398188247448]
[48220, 10000, 15, 0, -0.6605392156862745, 0.005562398188247448]
[48240, 10000, 15, 0, -0.6605392156862745, 0.005562398188247448]
[48260, 10000, 15, 0, -0.6605392156862745, 0.005562398188247448]
[48280, 10000, 15, 0, -0.6605392156862745, 0.005562398188247448]
[48300, 10000, 15, 0, -0.6605392156862745, 0.005562398188247448]
[48320, 10000, 15, 0, -0.6605392156862745, 0.005562398188247448]
[48340, 10000, 15, 0, -0.6605392156862745, 0.005562398188247448]
[48360, 10000, 15, 0, -0.6605392156862745, 0.005562398188247448]
[48381, 10000, 15, 0, -0.6605392156862745, 0.005562398188247448]
[48401, 10000, 15, 0, -0.6605392156862745, 0.005562398188247448]
[48420, 10000, 15, 0, -0.6605392156862745, 0.005562398188247448]
[48440, 10000, 15, 0, -0.6605392156862745, 0.005562398188247448]
[48461, 10000, 15, 0, -0.6605392156862745, 0.005562398188247448]
[48481, 10000, 15, 0, -0.6605392156862745, 0.005562398188247448]
[48500, 10000, 15, 0, -0.6605392156862745, 0.005562398188247448]
[48520, 10000, 15, 0, -0.6605392156862745, 0.005562398188247448]
[48541, 10000, 15, 0, -0.6605392156862745, 0.005562398188247448]
[48561, 10000, 15, 0, -0.7205882352941176, 0.005562398188247448]
[48580, 10000, 15, 0, -0.7205882352941176, 0.005562398188247448]
[48600, 10000, 15, 0, -0.7205882352941176, 0.005562398188247448]
[48621, 10000, 15, 0, -0.7205882352941176, 0.005562398188247448]
[48640, 10000, 15, 0, -0.7205882352941176, 0.005562398188247448]
[48660, 10000, 15, 0, -0.7205882352941176, 0.005562398188247448]
[48680, 10000, 15, 0, -0.7205882352941176, 0.005562398188247448]
[48701, 10000, 15, 0, -0.7205882352941176, 0.005562398188247448]
[48721, 10000, 15, 0, -0.7205882352941176, 0.005562398188247448]
[48740, 10000, 15, 0, -0.7205882352941176, 0.005562398188247448]
[48760, 10000, 15, 0, -0.7205882352941176, 0.005562398188247448]
[48781, 10000, 15, 0, -0.7205882352941176, 0.005562398188247448]
[48801, 10000, 15, 0, -0.7205882352941176, 0.005562398188247448]
[48821, 10000, 15, 0, -0.7205882352941176, 0.004767769875640669]
[48841, 10000, 15, 0, -0.7205882352941176, 0.004767769875640669]
[48862, 10000, 15, 0, -0.7205882352941176, 0.004767769875640669]
[48882, 10000, 15, 0, -0.7205882352941176, 0.004767769875640669]
[48902, 10000, 15, 0, -0.7205882352941176, 0.004767769875640669]
[48925, 10000, 15, 0, -0.7205882352941176, 0.004767769875640669]
[48945, 10000, 15, 0, -0.7205882352941176, 0.004767769875640669]
[48964, 10000, 15, 0, -0.7205882352941176, 0.004767769875640669]
[48984, 10000, 15, 0, -0.7205882352941176, 0.004767769875640669]
[49003, 10000, 15, 0, -0.7205882352941176, 0.004767769875640669]
[49024, 10000, 15, 0, -0.7205882352941176, 0.004767769875640669]
[49044, 10000, 15, 0, -0.7205882352941176, 0.004767769875640669]
[49065, 10000, 15, 0, -0.7205882352941176, 0.004767769875640669]
[49084, 10000, 15, 0, -0.7205882352941176, 0.004767769875640669]
[49105, 10000, 15, 0, -0.7205882352941176, 0.004767769875640669]
[49125, 10000, 15, 0, -0.7205882352941176, 0.004767769875640669]
[49145, 10000, 15, 0, -0.7205882352941176, 0.004767769875640669]
[49165, 10000, 15, 0, -0.7205882352941176, 0.004767769875640669]
[49185, 10000, 15, 0, -0.7205882352941176, 0.004767769875640669]
[49205, 10000, 15, 0, -0.7205882352941176, 0.004767769875640669]
[49225, 10000, 15, 0, -0.7205882352941176, 0.004767769875640669]
[49246, 10000, 15, 0, -0.7205882352941176, 0.004767769875640669]
[49266, 10000, 15, 0, -0.7205882352941176, 0.004767769875640669]
[49286, 10000, 15, 0, -0.7205882352941176, 0.004767769875640669]
[49306, 10000, 15, 0, -0.7205882352941176, 0.004767769875640669]
[49326, 10000, 15, 0, -0.7205882352941176, 0.004767769875640669]
[49347, 10000, 15, 0, -0.7205882352941176, 0.004767769875640669]
[49367, 10000, 15, 0, -0.7205882352941176, 0.004767769875640669]
[49387, 10000, 15, 0, -0.7205882352941176, 0.004767769875640669]
[49407, 10000, 15, 0, -0.7205882352941176, 0.004767769875640669]
[49428, 10000, 15, 0, -0.7205882352941176, 0.004767769875640669]
[49448, 10000, 15, 0, -0.7205882352941176, 0.004767769875640669]
[49468, 10000, 15, 0, -0.7205882352941176, 0.004767769875640669]
[49488, 10000, 15, 0, -0.7205882352941176, 0.004767769875640669]
[49517, 10000, 14, 0, -0.7205882352941176, 0.004767769875640669]
[49513, 10000, 11, 0, -0.7205882352941176, 0.004767769875640669]
[49509, 10000, 9, 0, -0.7205882352941176, 0.004767769875640669]
[49507, 10000, 7, 0, -0.7205882352941176, 0.004767769875640669]
[49506, 10000, 6, 0, -0.7205882352941176, 0.004767769875640669]
[49504, 10000, 4, 0, -0.7205882352941176, 0.004767769875640669]
[49503, 10000, 3, 0, -0.7205882352941176, 0.004767769875640669]
[49503, 10000, 3, 0, -0.7205882352941176, 0.004767769875640669]
[49503, 10000, 2, 0, -0.7205882352941176, 0.004767769875640669]
[49502, 10000, 2, 0, -0.7205882352941176, 0.004767769875640669]
[49502, 10000, 1, 0, -0.7205882352941176, 0.004767769875640669]
[49511, 10000, 2, 0, -0.7205882352941176, 0.004767769875640669]
[49495, 10000, 65535, 0, -0.7205882352941176, 0.004767769875640669]
[49476, 10000, 65533, 0, -0.7205882352941176, 0.004767769875640669]
[49458, 10000, 65531, 0, -0.7205882352941176, 0.004767769875640669]
[49439, 10000, 65529, 0, -0.7205882352941176, 0.004767769875640669]
[49421, 10000, 65528, 0, -0.7205882352941176, 0.004767769875640669]
[49403, 10000, 65527, 0, -0.7205882352941176, 0.005562398188247448]
[49384, 10000, 65526, 0, -0.7205882352941176, 0.004767769875640669]
[49365, 10000, 65525, 0, -0.7205882352941176, 0.004767769875640669]
[49346, 10000, 65524, 0, -0.7205882352941176, 0.004767769875640669]
[49325, 10000, 65523, 0, -0.7205882352941176, 0.004767769875640669]
[49305, 10000, 65523, 0, -0.7205882352941176, 0.004767769875640669]
[49287, 10000, 65523, 0, -0.7205882352941176, 0.004767769875640669]
[49263, 10000, 65522, 0, -0.6605392156862745, 0.004767769875640669]
[49245, 10000, 65522, 0, -0.6605392156862745, 0.004767769875640669]
[49226, 10000, 65522, 0, -0.6605392156862745, 0.004767769875640669]
[49207, 10000, 65522, 0, -0.6605392156862745, 0.004767769875640669]
[49190, 10000, 65522, 0, -0.6605392156862745, 0.004767769875640669]
[49167, 10000, 65521, 0, -0.6605392156862745, 0.004767769875640669]
[49148, 10000, 65521, 0, -0.6605392156862745, 0.004767769875640669]
[49119, 10000, 65523, 0, -0.6605392156862745, 0.004767769875640669]
[49100, 10000, 65522, 0, -0.6605392156862745, 0.004767769875640669]
[49081, 10000, 65522, 0, -0.6605392156862745, 0.004767769875640669]
[49063, 10000, 65522, 0, -0.6605392156862745, 0.004767769875640669]
[49044, 10000, 65522, 0, -0.6605392156862745, 0.004767769875640669]
[49025, 10000, 65522, 0, -0.6605392156862745, 0.004767769875640669]
[49007, 10000, 65521, 0, -0.6605392156862745, 0.004767769875640669]
[48989, 10000, 65521, 0, -0.6605392156862745, 0.004767769875640669]
[48970, 10000, 65521, 0, -0.6605392156862745, 0.004767769875640669]
[48952, 10000, 65521, 0, -0.6605392156862745, 0.004767769875640669]
[48931, 10000, 65521, 0, -0.6605392156862745, 0.004767769875640669]
[48911, 10000, 65521, 0, -0.6605392156862745, 0.004767769875640669]
[48892, 10000, 65521, 0, -0.6605392156862745, 0.004767769875640669]
[48873, 10000, 65521, 0, -0.6605392156862745, 0.004767769875640669]
[48853, 10000, 65521, 0, -0.6605392156862745, 0.004767769875640669]
[48834, 10000, 65521, 0, -0.6605392156862745, 0.004767769875640669]
[48815, 10000, 65521, 0, -0.6605392156862745, 0.004767769875640669]
[48795, 10000, 65521, 0, -0.6605392156862745, 0.004767769875640669]
[48777, 10000, 65521, 0, -0.6605392156862745, 0.004767769875640669]
[48757, 10000, 65521, 0, -0.6605392156862745, 0.004767769875640669]
[48735, 10000, 65521, 0, -0.6605392156862745, 0.004767769875640669]
[48717, 10000, 65521, 0, -0.6605392156862745, 0.004767769875640669]
[48697, 10000, 65521, 0, -0.6605392156862745, 0.004767769875640669]
[48676, 10000, 65521, 0, -0.6605392156862745, 0.004767769875640669]
[48656, 10000, 65521, 0, -0.6605392156862745, 0.004767769875640669]
[48636, 10000, 65521, 0, -0.6605392156862745, 0.004767769875640669]
[48617, 10000, 65521, 0, -0.6605392156862745, 0.004767769875640669]
[48596, 10000, 65521, 0, -0.6605392156862745, 0.004767769875640669]
[48576, 10000, 65521, 0, -0.6605392156862745, 0.004767769875640669]
[48556, 10000, 65521, 0, -0.6605392156862745, 0.004767769875640669]
[48536, 10000, 65521, 0, -0.6605392156862745, 0.004767769875640669]
[48516, 10000, 65521, 0, -0.6605392156862745, 0.004767769875640669]
[48495, 10000, 65521, 0, -0.6605392156862745, 0.004767769875640669]
[48476, 10000, 65521, 0, -0.6605392156862745, 0.004767769875640669]
[48456, 10000, 65521, 0, -0.6605392156862745, 0.004767769875640669]
[48436, 10000, 65521, 0, -0.6605392156862745, 0.004767769875640669]
[48416, 10000, 65521, 0, -0.6605392156862745, 0.004767769875640669]
[48396, 10000, 65521, 0, -0.6605392156862745, 0.004767769875640669]
[48376, 10000, 65521, 0, -0.6605392156862745, 0.004767769875640669]
[48355, 10000, 65521, 0, -0.6605392156862745, 0.004767769875640669]
[48335, 10000, 65521, 0, -0.6605392156862745, 0.004767769875640669]
[48316, 10000, 65521, 0, -0.6605392156862745, 0.004767769875640669]
[48295, 10000, 65521, 0, -0.6605392156862745, 0.004767769875640669]
[48275, 10000, 65521, 0, -0.6605392156862745, 0.004767769875640669]
[48255, 10000, 65521, 0, -0.6605392156862745, 0.004767769875640669]
[48235, 10000, 65521, 0, -0.6605392156862745, 0.004767769875640669]
[48216, 10000, 65521, 0, -0.6605392156862745, 0.004767769875640669]
[48195, 10000, 65521, 0, -0.6605392156862745, 0.004767769875640669]
[48175, 10000, 65521, 0, -0.6605392156862745, 0.004767769875640669]
[48156, 10000, 65521, 0, -0.6605392156862745, 0.004767769875640669]
[48136, 10000, 65521, 0, -0.6605392156862745, 0.004767769875640669]
[48116, 10000, 65521, 0, -0.6605392156862745, 0.004767769875640669]
[48096, 10000, 65521, 0, -0.6605392156862745, 0.004767769875640669]
[48076, 10000, 65521, 0, -0.6605392156862745, 0.004767769875640669]
[48056, 10000, 65521, 0, -0.6605392156862745, 0.004767769875640669]
[48036, 10000, 65521, 0, -0.6605392156862745, 0.004767769875640669]
[48016, 10000, 65521, 0, -0.6605392156862745, 0.004767769875640669]
[47996, 10000, 65521, 0, -0.6605392156862745, 0.004767769875640669]
[47977, 10000, 65521, 0, -0.6605392156862745, 0.004767769875640669]
[47956, 10000, 65521, 0, -0.6004901960784313, 0.004767769875640669]
[47936, 10000, 65521, 0, -0.6004901960784313, 0.004767769875640669]
[47916, 10000, 65521, 0, -0.6004901960784313, 0.004767769875640669]
[47896, 10000, 65521, 0, -0.6004901960784313, 0.004767769875640669]
[47876, 10000, 65521, 0, -0.6004901960784313, 0.004767769875640669]
[47856, 10000, 65521, 0, -0.6004901960784313, 0.004767769875640669]
[47836, 10000, 65521, 0, -0.6004901960784313, 0.004767769875640669]
[47816, 10000, 65521, 0, -0.6004901960784313, 0.004767769875640669]
[47796, 10000, 65521, 0, -0.6004901960784313, 0.004767769875640669]
[47776, 10000, 65521, 0, -0.6004901960784313, 0.004767769875640669]
[47756, 10000, 65521, 0, -0.6004901960784313, 0.004767769875640669]
[47736, 10000, 65521, 0, -0.6004901960784313, 0.004767769875640669]
[47716, 10000, 65521, 0, -0.6004901960784313, 0.004767769875640669]
[47696, 10000, 65521, 0, -0.6004901960784313, 0.004767769875640669]
[47677, 10000, 65521, 0, -0.6004901960784313, 0.005562398188247448]
[47657, 10000, 65521, 0, -0.6004901960784313, 0.005562398188247448]
[47637, 10000, 65521, 0, -0.6004901960784313, 0.004767769875640669]
[47616, 10000, 65521, 0, -0.6004901960784313, 0.004767769875640669]
[47596, 10000, 65521, 0, -0.6004901960784313, 0.004767769875640669]
[47577, 10000, 65521, 0, -0.6004901960784313, 0.005562398188247448]
[47557, 10000, 65521, 0, -0.6004901960784313, 0.005562398188247448]
[47537, 10000, 65521, 0, -0.6004901960784313, 0.005562398188247448]
[47518, 10000, 65521, 0, -0.6004901960784313, 0.004767769875640669]
[47498, 10000, 65521, 0, -0.6004901960784313, 0.004767769875640669]
[47477, 10000, 65521, 0, -0.6004901960784313, 0.005562398188247448]
[47458, 10000, 65521, 0, -0.6004901960784313, 0.005562398188247448]
[47438, 10000, 65521, 0, -0.6004901960784313, 0.005562398188247448]
[47418, 10000, 65521, 0, -0.6004901960784313, 0.005562398188247448]
[47397, 10000, 65521, 0, -0.6004901960784313, 0.005562398188247448]
[47377, 10000, 65521, 0, -0.6004901960784313, 0.005562398188247448]
[47358, 10000, 65521, 0, -0.6004901960784313, 0.005562398188247448]
[47337, 10000, 65521, 0, -0.6004901960784313, 0.005562398188247448]
[47317, 10000, 65521, 0, -0.6004901960784313, 0.005562398188247448]
[47297, 10000, 65521, 0, -0.6004901960784313, 0.005562398188247448]
[47277, 10000, 65521, 0, -0.6004901960784313, 0.005562398188247448]
[47257, 10000, 65521, 0, -0.6004901960784313, 0.005562398188247448]
[47237, 10000, 65521, 0, -0.6004901960784313, 0.005562398188247448]
[47217, 10000, 65521, 0, -0.6004901960784313, 0.005562398188247448]
[47197, 10000, 65521, 0, -0.6004901960784313, 0.005562398188247448]
[47177, 10000, 65521, 0, -0.6004901960784313, 0.005562398188247448]
[47157, 10000, 65521, 0, -0.6004901960784313, 0.005562398188247448]
[47138, 10000, 65521, 0, -0.6004901960784313, 0.005562398188247448]
[47118, 10000, 65521, 0, -0.6004901960784313, 0.005562398188247448]
[47098, 10000, 65521, 0, -0.6004901960784313, 0.005562398188247448]
[47078, 10000, 65521, 0, -0.6004901960784313, 0.005562398188247448]
[47058, 10000, 65521, 0, -0.6004901960784313, 0.005562398188247448]
[47038, 10000, 65521, 0, -0.6004901960784313, 0.005562398188247448]
[47018, 10000, 65521, 0, -0.6004901960784313, 0.005562398188247448]
[46998, 10000, 65521, 0, -0.6004901960784313, 0.005562398188247448]
[46978, 10000, 65521, 0, -0.6004901960784313, 0.005562398188247448]
[46958, 10000, 65521, 0, -0.6004901960784313, 0.005562398188247448]
[46938, 10000, 65521, 0, -0.6004901960784313, 0.005562398188247448]
[46918, 10000, 65521, 0, -0.6004901960784313, 0.005562398188247448]
[46898, 10000, 65521, 0, -0.6004901960784313, 0.005562398188247448]
[46878, 10000, 65521, 0, -0.6004901960784313, 0.005562398188247448]
[46858, 10000, 65521, 0, -0.6004901960784313, 0.005562398188247448]
[46838, 10000, 65521, 0, -0.6004901960784313, 0.005562398188247448]
[46818, 10000, 65521, 0, -0.6004901960784313, 0.005562398188247448]
[46798, 10000, 65521, 0, -0.6004901960784313, 0.005562398188247448]
[46778, 10000, 65521, 0, -0.6004901960784313, 0.005562398188247448]
[46757, 10000, 65521, 0, -0.6004901960784313, 0.005562398188247448]
[46738, 10000, 65521, 0, -0.6004901960784313, 0.005562398188247448]
[46717, 10000, 65521, 0, -0.6004901960784313, 0.005562398188247448]
[46697, 10000, 65521, 0, -0.6004901960784313, 0.005562398188247448]
[46678, 10000, 65521, 0, -0.6004901960784313, 0.005562398188247448]
[46658, 10000, 65521, 0, -0.6004901960784313, 0.005562398188247448]
[46638, 10000, 65521, 0, -0.6004901960784313, 0.005562398188247448]
[46618, 10000, 65521, 0, -0.6004901960784313, 0.005562398188247448]
[46597, 10000, 65521, 0, -0.6004901960784313, 0.005562398188247448]
[46579, 10000, 65521, 0, -0.6004901960784313, 0.005562398188247448]
[46558, 10000, 65521, 0, -0.6004901960784313, 0.005562398188247448]
[46539, 10000, 65521, 0, -0.6004901960784313, 0.005562398188247448]
[46519, 10000, 65521, 0, -0.6004901960784313, 0.005562398188247448]
[46499, 10000, 65521, 0, -0.5404411764705882, 0.005562398188247448]
[46479, 10000, 65521, 0, -0.5404411764705882, 0.005562398188247448]
[46459, 10000, 65521, 0, -0.5404411764705882, 0.005562398188247448]
[46439, 10000, 65521, 0, -0.5404411764705882, 0.005562398188247448]
[46419, 10000, 65521, 0, -0.5404411764705882, 0.005562398188247448]
[46399, 10000, 65521, 0, -0.5404411764705882, 0.005562398188247448]
[46379, 10000, 65521, 0, -0.5404411764705882, 0.005562398188247448]
[46359, 10000, 65521, 0, -0.5404411764705882, 0.005562398188247448]
[46339, 10000, 65521, 0, -0.5404411764705882, 0.005562398188247448]
[46319, 10000, 65521, 0, -0.5404411764705882, 0.005562398188247448]
[46299, 10000, 65521, 0, -0.5404411764705882, 0.005562398188247448]
[46278, 10000, 65521, 0, -0.5404411764705882, 0.005562398188247448]
[46259, 10000, 65521, 0, -0.5404411764705882, 0.005562398188247448]
[46238, 10000, 65521, 0, -0.5404411764705882, 0.005562398188247448]
[46219, 10000, 65521, 0, -0.5404411764705882, 0.005562398188247448]
[46199, 10000, 65521, 0, -0.5404411764705882, 0.005562398188247448]
[46179, 10000, 65521, 0, -0.5404411764705882, 0.005562398188247448]
[46159, 10000, 65521, 0, -0.5404411764705882, 0.005562398188247448]
[46139, 10000, 65521, 0, -0.5404411764705882, 0.005562398188247448]
[46119, 10000, 65521, 0, -0.5404411764705882, 0.005562398188247448]
[46099, 10000, 65521, 0, -0.5404411764705882, 0.005562398188247448]
[46079, 10000, 65521, 0, -0.5404411764705882, 0.005562398188247448]
[46060, 10000, 65521, 0, -0.5404411764705882, 0.005562398188247448]
[46040, 10000, 65521, 0, -0.5404411764705882, 0.005562398188247448]
[46020, 10000, 65521, 0, -0.5404411764705882, 0.005562398188247448]
[46000, 10000, 65521, 0, -0.5404411764705882, 0.005562398188247448]
[45980, 10000, 65521, 0, -0.5404411764705882, 0.005562398188247448]
[45959, 10000, 65521, 0, -0.5404411764705882, 0.005562398188247448]
[45939, 10000, 65521, 0, -0.5404411764705882, 0.005562398188247448]
[45919, 10000, 65521, 0, -0.5404411764705882, 0.005562398188247448]
[45899, 10000, 65521, 0, -0.5404411764705882, 0.005562398188247448]
[45879, 10000, 65521, 0, -0.5404411764705882, 0.005562398188247448]
[45859, 10000, 65521, 0, -0.5404411764705882, 0.005562398188247448]
[45838, 10000, 65521, 0, -0.5404411764705882, 0.005562398188247448]
[45819, 10000, 65521, 0, -0.5404411764705882, 0.005562398188247448]
[45799, 10000, 65521, 0, -0.5404411764705882, 0.005562398188247448]
[45778, 10000, 65521, 0, -0.5404411764705882, 0.005562398188247448]
[45758, 10000, 65521, 0, -0.5404411764705882, 0.005562398188247448]
[45738, 10000, 65521, 0, -0.5404411764705882, 0.005562398188247448]
[45718, 10000, 65521, 0, -0.5404411764705882, 0.005562398188247448]
[45698, 10000, 65521, 0, -0.5404411764705882, 0.005562398188247448]
[4556