[80000, 10000, 0, 0, 0, 0]
[80000, 10000, 0, 0, -1.3811274509803921, 0.014303309626922006]
[80000, 10000, 0, 0, -1.3811274509803921, 0.014303309626922006]
[80000, 10000, 0, 0, -1.3811274509803921, 0.014303309626922006]
[80000, 10000, 0, 0, -1.3811274509803921, 0.014303309626922006]
[80000, 10000, 0, 0, -1.3811274509803921, 0.014303309626922006]
[80000, 10000, 0, 0, -1.3811274509803921, 0.014303309626922006]
[80000, 10000, 0, 0, -1.3811274509803921, 0.014303309626922006]
[80000, 10000, 0, 0, -1.3811274509803921, 0.014303309626922006]
[80000, 10000, 0, 0, -1.3811274509803921, 0.014303309626922006]
[80000, 10000, 0, 0, -1.3811274509803921, 0.014303309626922006]
[80000, 10000, 0, 0, -1.3811274509803921, 0.014303309626922006]
[80000, 10000, 0, 0, -1.3811274509803921, 0.014303309626922006]
[80000, 10000, 0, 0, -1.3811274509803921, 0.014303309626922006]
[80000, 10000, 0, 0, -1.3811274509803921, 0.014303309626922006]
[80000, 10000, 0, 0, -1.3811274509803921, 0.014303309626922006]
[80000, 10000, 0, 0, -1.3811274509803921, 0.014303309626922006]
[80000, 10000, 0, 0, -1.3811274509803921, 0.014303309626922006]
[80000, 10000, 0, 0, -1.3811274509803921, 0.014303309626922006]
[80000, 10000, 0, 0, -1.3811274509803921, 0.014303309626922006]
[80000, 10000, 0, 0, -1.3811274509803921, 0.014303309626922006]
[80000, 10000, 0, 0, -1.3811274509803921, 0.014303309626922006]
[80000, 10000, 0, 0, -1.3811274509803921, 0.014303309626922006]
[80000, 10000, 0, 0, -1.3811274509803921, 0.014303309626922006]
[80000, 10000, 0, 0, -1.3811274509803921, 0.014303309626922006]
[80000, 10000, 0, 0, -1.3811274509803921, 0.014303309626922006]
[80000, 10000, 0, 0, -1.3811274509803921, 0.014303309626922006]
[80000, 10000, 0, 0, -1.3811274509803921, 0.014303309626922006]
[80000, 10000, 0, 0, -1.3811274509803921, 0.014303309626922006]
[80000, 10000, 0, 0, -1.3811274509803921, 0.014303309626922006]
[80000, 10000, 0, 0, -1.3811274509803921, 0.014303309626922006]
[80000, 10000, 0, 0, -1.3811274509803921, 0.014303309626922006]
[80000, 10000, 0, 0, -1.3811274509803921, 0.014303309626922006]
[80000, 10000, 0, 0, -1.3811274509803921, 0.014303309626922006]
[80000, 10000, 0, 0, -1.3811274509803921, 0.014303309626922006]
[80000, 10000, 0, 0, -1.3811274509803921, 0.014303309626922006]
[80000, 10000, 0, 0, -1.3811274509803921, 0.014303309626922006]
[80000, 10000, 0, 0, -1.3811274509803921, 0.014303309626922006]
[80000, 10000, 0, 0, -1.3811274509803921, 0.014303309626922006]
[80000, 10000, 0, 0, -1.3811274509803921, 0.014303309626922006]
[80000, 10000, 0, 0, -1.3811274509803921, 0.014303309626922006]
[80000, 10000, 0, 0, -1.3811274509803921, 0.014303309626922006]
[80000, 10000, 0, 0, -1.3811274509803921, 0.014303309626922006]
[80000, 10000, 0, 0, -1.3811274509803921, 0.014303309626922006]
[80000, 10000, 0, 0, -1.3811274509803921, 0.014303309626922006]
[80000, 10000, 0, 0, -1.3811274509803921, 0.014303309626922006]
[80000, 10000, 0, 0, -1.3811274509803921, 0.014303309626922006]
[80000, 10000, 0, 0, -1.3811274509803921, 0.014303309626922006]
[80000, 10000, 0, 0, -1.3811274509803921, 0.014303309626922006]
[80000, 10000, 0, 0, -1.3811274509803921, 0.014303309626922006]
[80000, 10000, 0, 0, -1.3811274509803921, 0.014303309626922006]
[80000, 10000, 0, 0, -1.3811274509803921, 0.014303309626922006]
[80000, 10000, 0, 0, -1.3811274509803921, 0.014303309626922006]
[80000, 10000, 0, 0, -1.3811274509803921, 0.014303309626922006]
[80000, 10000, 0, 0, -1.3811274509803921, 0.014303309626922006]
[80000, 10000, 0, 0, -1.3811274509803921, 0.014303309626922006]
[80000, 10000, 0, 0, -1.3811274509803921, 0.014303309626922006]
[80000, 10000, 0, 0, -1.3811274509803921, 0.014303309626922006]
[80000, 10000, 0, 0, -1.3811274509803921, 0.014303309626922006]
[80000, 10000, 0, 0, -1.3811274509803921, 0.014303309626922006]
[80000, 10000, 0, 0, -1.3811274509803921, 0.014303309626922006]
[80000, 10000, 0, 0, -1.3811274509803921, 0.014303309626922006]
[80000, 10000, 0, 0, -1.3811274509803921, 0.014303309626922006]
[80000, 10000, 0, 0, -1.3811274509803921, 0.014303309626922006]
[80000, 10000, 0, 0, -1.3811274509803921, 0.014303309626922006]
[80000, 10000, 0, 0, -1.3811274509803921, 0.014303309626922006]
[80000, 10000, 0, 0, -1.3811274509803921, 0.014303309626922006]
[80000, 10000, 0, 0, -1.3811274509803921, 0.014303309626922006]
[80000, 10000, 0, 0, -1.3811274509803921, 0.014303309626922006]
[80000, 10000, 0, 0, -1.3811274509803921, 0.014303309626922006]
[80000, 10000, 0, 0, -1.3811274509803921, 0.014303309626922006]
[80000, 10000, 0, 0, -1.3811274509803921, 0.014303309626922006]
[80000, 10000, 0, 0, -1.3811274509803921, 0.014303309626922006]
[80000, 10000, 0, 0, -1.3811274509803921, 0.014303309626922006]
[80000, 10000, 0, 0, -1.3811274509803921, 0.014303309626922006]
[80000, 10000, 0, 0, -1.3811274509803921, 0.014303309626922006]
[80000, 10000, 0, 0, -1.3811274509803921, 0.014303309626922006]
[80000, 10000, 0, 0, -1.3811274509803921, 0.014303309626922006]
[80000, 10000, 0, 0, -1.3811274509803921, 0.014303309626922006]
[80000, 10000, 0, 0, -1.3811274509803921, 0.014303309626922006]
[80000, 10000, 0, 0, -1.3811274509803921, 0.014303309626922006]
[80000, 10000, 0, 0, -1.3811274509803921, 0.014303309626922006]
[80000, 10000, 0, 0, -1.3811274509803921, 0.014303309626922006]
[80000, 10000, 0, 0, -1.3811274509803921, 0.014303309626922006]
[80000, 10000, 0, 0, -1.3811274509803921, 0.014303309626922006]
[80000, 10000, 0, 0, -1.3811274509803921, 0.014303309626922006]
[80000, 10000, 0, 0, -1.3811274509803921, 0.014303309626922006]
[80000, 10000, 0, 0, -1.3811274509803921, 0.014303309626922006]
[80000, 10000, 0, 0, -1.3811274509803921, 0.014303309626922006]
[80000, 10000, 0, 0, -1.3811274509803921, 0.014303309626922006]
[80000, 10000, 0, 0, -1.3811274509803921, 0.014303309626922006]
[80000, 10000, 0, 0, -1.3811274509803921, 0.014303309626922006]
[80000, 10000, 0, 0, -1.3811274509803921, 0.014303309626922006]
[80000, 10000, 0, 0, -1.3811274509803921, 0.014303309626922006]
[80000, 10000, 0, 0, -1.3811274509803921, 0.014303309626922006]
[80000, 10000, 0, 0, -1.3811274509803921, 0.014303309626922006]
[80000, 10000, 0, 0, -1.3811274509803921, 0.014303309626922006]
[80000, 10000, 0, 0, -1.3811274509803921, 0.014303309626922006]
[80000, 10000, 0, 0, -1.3811274509803921, 0.014303309626922006]
[80000, 10000, 0, 0, -1.3811274509803921, 0.014303309626922006]
[80000, 10000, 0, 0, -1.3811274509803921, 0.014303309626922006]
[79982, 10000, 65531, 0, -1.3811274509803921, 0.014303309626922006]
[79912, 10000, 65522, 0, -1.3811274509803921, 0.014303309626922006]
[79837, 10000, 65514, 0, -1.2610294117647058, 0.014303309626922006]
[79766, 10000, 65508, 0, -1.2009803921568627, 0.014303309626922006]
[79690, 10000, 65502, 0, -1.2009803921568627, 0.014303309626922006]
[79619, 10000, 65498, 0, -1.2009803921568627, 0.014303309626922006]
[79547, 10000, 65494, 0, -1.2009803921568627, 0.014303309626922006]
[79474, 10000, 65491, 0, -1.2009803921568627, 0.015097937939528785]
[79404, 10000, 65489, 0, -1.2009803921568627, 0.015097937939528785]
[79333, 10000, 65487, 0, -1.2009803921568627, 0.015097937939528785]
[79262, 10000, 65485, 0, -1.2009803921568627, 0.015097937939528785]
[79188, 10000, 65484, 0, -1.2610294117647058, 0.015097937939528785]
[79107, 10000, 65482, 0, -1.2610294117647058, 0.015097937939528785]
[79028, 10000, 65481, 0, -1.2610294117647058, 0.015097937939528785]
[78948, 10000, 65480, 0, -1.2610294117647058, 0.015097937939528785]
[78868, 10000, 65479, 0, -1.2009803921568627, 0.015097937939528785]
[78788, 10000, 65479, 0, -1.2009803921568627, 0.015097937939528785]
[78708, 10000, 65478, 0, -1.2009803921568627, 0.014303309626922006]
[78628, 10000, 65478, 0, -1.2009803921568627, 0.014303309626922006]
[78548, 10000, 65477, 0, -1.2009803921568627, 0.014303309626922006]
[78468, 10000, 65477, 0, -1.2009803921568627, 0.014303309626922006]
[78390, 10000, 65477, 0, -1.2009803921568627, 0.014303309626922006]
[78315, 10000, 65478, 0, -1.2009803921568627, 0.014303309626922006]
[78238, 10000, 65478, 0, -1.2610294117647058, 0.014303309626922006]
[78157, 10000, 65478, 0, -1.2610294117647058, 0.014303309626922006]
[78079, 10000, 65477, 0, -1.2009803921568627, 0.014303309626922006]
[78002, 10000, 65478, 0, -1.2009803921568627, 0.014303309626922006]
[77928, 10000, 65478, 0, -1.2009803921568627, 0.014303309626922006]
[77856, 10000, 65479, 0, -1.2009803921568627, 0.014303309626922006]
[77784, 10000, 65479, 0, -1.2009803921568627, 0.014303309626922006]
[77702, 10000, 65478, 0, -1.2009803921568627, 0.014303309626922006]
[77582, 10000, 65474, 0, -1.2009803921568627, 0.014303309626922006]
[77506, 10000, 65474, 0, -1.2009803921568627, 0.014303309626922006]
[77427, 10000, 65474, 0, -1.2610294117647058, 0.014303309626922006]
[77347, 10000, 65474, 0, -1.2610294117647058, 0.014303309626922006]
[77266, 10000, 65475, 0, -1.2610294117647058, 0.014303309626922006]
[77185, 10000, 65475, 0, -1.2009803921568627, 0.014303309626922006]
[77104, 10000, 65475, 0, -1.1409313725490196, 0.015097937939528785]
[77023, 10000, 65475, 0, -1.1409313725490196, 0.015097937939528785]
[76942, 10000, 65475, 0, -1.2009803921568627, 0.015097937939528785]
[76862, 10000, 65475, 0, -1.2009803921568627, 0.015097937939528785]
[76781, 10000, 65475, 0, -1.2009803921568627, 0.015097937939528785]
[76700, 10000, 65475, 0, -1.2009803921568627, 0.015097937939528785]
[76619, 10000, 65475, 0, -1.2009803921568627, 0.015097937939528785]
[76538, 10000, 65475, 0, -1.2009803921568627, 0.015097937939528785]
[76458, 10000, 65475, 0, -1.2009803921568627, 0.015097937939528785]
[76378, 10000, 65476, 0, -1.2009803921568627, 0.015097937939528785]
[76298, 10000, 65476, 0, -1.2009803921568627, 0.014303309626922006]
[76217, 10000, 65476, 0, -1.2009803921568627, 0.014303309626922006]
[76137, 10000, 65476, 0, -1.2009803921568627, 0.014303309626922006]
[76057, 10000, 65476, 0, -1.1409313725490196, 0.014303309626922006]
[75977, 10000, 65476, 0, -1.1409313725490196, 0.014303309626922006]
[75897, 10000, 65476, 0, -1.2009803921568627, 0.014303309626922006]
[75817, 10000, 65476, 0, -1.2009803921568627, 0.014303309626922006]
[75737, 10000, 65476, 0, -1.2009803921568627, 0.01350868131431523]
[75657, 10000, 65476, 0, -1.2009803921568627, 0.014303309626922006]
[75577, 10000, 65476, 0, -1.2009803921568627, 0.014303309626922006]
[75498, 10000, 65476, 0, -1.2009803921568627, 0.01350868131431523]
[75418, 10000, 65476, 0, -1.2009803921568627, 0.01350868131431523]
[75339, 10000, 65476, 0, -1.1409313725490196, 0.014303309626922006]
[75258, 10000, 65476, 0, -1.1409313725490196, 0.014303309626922006]
[75173, 10000, 65476, 0, -1.1409313725490196, 0.014303309626922006]
[75099, 10000, 65476, 0, -1.1409313725490196, 0.014303309626922006]
[75018, 10000, 65476, 0, -1.2009803921568627, 0.01350868131431523]
[74938, 10000, 65476, 0, -1.2009803921568627, 0.01350868131431523]
[74859, 10000, 65476, 0, -1.2009803921568627, 0.01350868131431523]
[74779, 10000, 65476, 0, -1.2009803921568627, 0.01350868131431523]
[74699, 10000, 65476, 0, -1.2009803921568627, 0.01350868131431523]
[74619, 10000, 65476, 0, -1.2009803921568627, 0.014303309626922006]
[74539, 10000, 65476, 0, -1.2009803921568627, 0.01350868131431523]
[74459, 10000, 65476, 0, -1.2009803921568627, 0.01350868131431523]
[74380, 10000, 65476, 0, -1.2009803921568627, 0.01350868131431523]
[74300, 10000, 65476, 0, -1.2009803921568627, 0.01350868131431523]
[74221, 10000, 65476, 0, -1.2009803921568627, 0.01350868131431523]
[74140, 10000, 65476, 0, -1.2009803921568627, 0.01350868131431523]
[74060, 10000, 65476, 0, -1.2009803921568627, 0.01350868131431523]
[73979, 10000, 65476, 0, -1.2009803921568627, 0.01350868131431523]
[73900, 10000, 65476, 0, -1.2009803921568627, 0.01350868131431523]
[73821, 10000, 65476, 0, -1.2009803921568627, 0.01350868131431523]
[73741, 10000, 65476, 0, -1.2009803921568627, 0.01350868131431523]
[73660, 10000, 65476, 0, -1.1409313725490196, 0.014303309626922006]
[73580, 10000, 65476, 0, -1.1409313725490196, 0.014303309626922006]
[73500, 10000, 65476, 0, -1.1409313725490196, 0.014303309626922006]
[73420, 10000, 65476, 0, -1.2009803921568627, 0.014303309626922006]
[73340, 10000, 65476, 0, -1.2009803921568627, 0.014303309626922006]
[73260, 10000, 65476, 0, -1.2009803921568627, 0.014303309626922006]
[73179, 10000, 65476, 0, -1.2009803921568627, 0.014303309626922006]
[73098, 10000, 65476, 0, -1.2009803921568627, 0.014303309626922006]
[73017, 10000, 65476, 0, -1.2009803921568627, 0.014303309626922006]
[72936, 10000, 65476, 0, -1.2610294117647058, 0.014303309626922006]
[72855, 10000, 65476, 0, -1.2009803921568627, 0.014303309626922006]
[72773, 10000, 65476, 0, -1.2009803921568627, 0.014303309626922006]
[72694, 10000, 65476, 0, -1.2009803921568627, 0.014303309626922006]
[72613, 10000, 65475, 0, -1.2009803921568627, 0.014303309626922006]
[72532, 10000, 65475, 0, -1.2009803921568627, 0.014303309626922006]
[72451, 10000, 65476, 0, -1.2009803921568627, 0.014303309626922006]
[72372, 10000, 65476, 0, -1.2009803921568627, 0.014303309626922006]
[72291, 10000, 65476, 0, -1.2009803921568627, 0.01350868131431523]
[72211, 10000, 65476, 0, -1.2009803921568627, 0.01350868131431523]
[72131, 10000, 65476, 0, -1.2009803921568627, 0.01350868131431523]
[72050, 10000, 65476, 0, -1.2009803921568627, 0.01350868131431523]
[71971, 10000, 65476, 0, -1.2009803921568627, 0.01350868131431523]
[71891, 10000, 65476, 0, -1.2009803921568627, 0.01350868131431523]
[71812, 10000, 65476, 0, -1.2009803921568627, 0.01350868131431523]
[71732, 10000, 65476, 0, -1.2009803921568627, 0.01271405300170845]
[71651, 10000, 65476, 0, -1.2009803921568627, 0.01271405300170845]
[71571, 10000, 65476, 0, -1.2009803921568627, 0.01271405300170845]
[71492, 10000, 65476, 0, -1.2009803921568627, 0.01271405300170845]
[71412, 10000, 65476, 0, -1.2009803921568627, 0.01271405300170845]
[71332, 10000, 65476, 0, -1.2009803921568627, 0.01271405300170845]
[71253, 10000, 65476, 0, -1.2009803921568627, 0.01271405300170845]
[71173, 10000, 65476, 0, -1.2009803921568627, 0.01271405300170845]
[71092, 10000, 65476, 0, -1.2009803921568627, 0.01271405300170845]
[71013, 10000, 65476, 0, -1.1409313725490196, 0.01271405300170845]
[70933, 10000, 65476, 0, -1.2009803921568627, 0.01271405300170845]
[70853, 10000, 65476, 0, -1.2009803921568627, 0.01350868131431523]
[70773, 10000, 65476, 0, -1.2009803921568627, 0.01350868131431523]
[70693, 10000, 65476, 0, -1.2009803921568627, 0.01271405300170845]
[70613, 10000, 65476, 0, -1.2009803921568627, 0.01271405300170845]
[70533, 10000, 65476, 0, -1.2009803921568627, 0.01271405300170845]
[70454, 10000, 65476, 0, -1.2009803921568627, 0.01271405300170845]
[70374, 10000, 65476, 0, -1.2009803921568627, 0.01271405300170845]
[70294, 10000, 65476, 0, -1.1409313725490196, 0.01271405300170845]
[70215, 10000, 65476, 0, -1.1409313725490196, 0.01271405300170845]
[70135, 10000, 65476, 0, -1.1409313725490196, 0.01271405300170845]
[70055, 10000, 65476, 0, -1.1409313725490196, 0.01271405300170845]
[69974, 10000, 65476, 0, -1.1409313725490196, 0.01271405300170845]
[69895, 10000, 65476, 0, -1.0808823529411764, 0.01271405300170845]
[69816, 10000, 65476, 0, -1.0808823529411764, 0.01271405300170845]
[69736, 10000, 65476, 0, -1.0808823529411764, 0.01271405300170845]
[69655, 10000, 65476, 0, -1.0808823529411764, 0.01271405300170845]
[69575, 10000, 65476, 0, -1.0808823529411764, 0.01271405300170845]
[69495, 10000, 65476, 0, -1.0808823529411764, 0.01350868131431523]
[69415, 10000, 65476, 0, -1.0808823529411764, 0.01350868131431523]
[69335, 10000, 65476, 0, -1.0808823529411764, 0.01350868131431523]
[69255, 10000, 65476, 0, -1.0208333333333335, 0.01350868131431523]
[69174, 10000, 65476, 0, -1.0208333333333335, 0.01350868131431523]
[69092, 10000, 65476, 0, -1.0208333333333335, 0.01350868131431523]
[69011, 10000, 65476, 0, -1.0208333333333335, 0.01350868131431523]
[68931, 10000, 65476, 0, -1.0808823529411764, 0.01350868131431523]
[68851, 10000, 65476, 0, -1.0208333333333335, 0.01350868131431523]
[68770, 10000, 65476, 0, -1.0208333333333335, 0.01271405300170845]
[68688, 10000, 65476, 0, -1.0208333333333335, 0.01271405300170845]
[68607, 10000, 65475, 0, -1.0208333333333335, 0.01271405300170845]
[68527, 10000, 65476, 0, -1.0808823529411764, 0.01271405300170845]
[68446, 10000, 65476, 0, -1.0808823529411764, 0.01271405300170845]
[68367, 10000, 65476, 0, -1.0808823529411764, 0.01271405300170845]
[68286, 10000, 65476, 0, -1.0208333333333335, 0.01271405300170845]
[68206, 10000, 65476, 0, -1.0208333333333335, 0.01271405300170845]
[68126, 10000, 65476, 0, -0.9607843137254902, 0.011919424689101671]
[68045, 10000, 65476, 0, -0.9607843137254902, 0.011919424689101671]
[67966, 10000, 65476, 0, -1.0208333333333335, 0.011919424689101671]
[67886, 10000, 65476, 0, -1.0208333333333335, 0.011919424689101671]
[67807, 10000, 65476, 0, -1.0208333333333335, 0.011919424689101671]
[67727, 10000, 65476, 0, -1.0208333333333335, 0.011919424689101671]
[67647, 10000, 65476, 0, -1.0808823529411764, 0.011919424689101671]
[67566, 10000, 65476, 0, -1.0808823529411764, 0.01271405300170845]
[67487, 10000, 65476, 0, -1.0208333333333335, 0.01271405300170845]
[67407, 10000, 65476, 0, -1.0208333333333335, 0.01271405300170845]
[67328, 10000, 65476, 0, -1.0808823529411764, 0.01271405300170845]
[67248, 10000, 65476, 0, -1.0808823529411764, 0.011919424689101671]
[67168, 10000, 65476, 0, -1.0808823529411764, 0.011919424689101671]
[67088, 10000, 65476, 0, -1.0808823529411764, 0.011919424689101671]
[67008, 10000, 65476, 0, -1.0808823529411764, 0.011919424689101671]
[66928, 10000, 65476, 0, -18, 15]
[66849, 10000, 65476, 0, 0, 0]
[66769, 10000, 65476, 0, -1.0808823529411764, 0.011919424689101671]
[66689, 10000, 65476, 0, -1.0808823529411764, 0.011919424689101671]
[66609, 10000, 65476, 0, -1.0808823529411764, 0.011919424689101671]
[66529, 10000, 65476, 0, -1.0808823529411764, 0.011919424689101671]
[66449, 10000, 65476, 0, -1.0808823529411764, 0.011919424689101671]
[66369, 10000, 65476, 0, -1.0808823529411764, 0.011919424689101671]
[66289, 10000, 65476, 0, -1.0808823529411764, 0.011919424689101671]
[66210, 10000, 65476, 0, -1.0808823529411764, 0.011919424689101671]
[66130, 10000, 65476, 0, -1.0808823529411764, 0.011919424689101671]
[66050, 10000, 65476, 0, -1.0208333333333335, 0.011919424689101671]
[65970, 10000, 65476, 0, -1.0208333333333335, 0.011919424689101671]
[65891, 10000, 65476, 0, -1.0208333333333335, 0.011919424689101671]
[65811, 10000, 65476, 0, -1.0208333333333335, 0.011919424689101671]
[65731, 10000, 65476, 0, -1.0208333333333335, 0.011919424689101671]
[65650, 10000, 65476, 0, -1.0208333333333335, 0.01271405300170845]
[65566, 10000, 65476, 0, -1.0808823529411764, 0.01271405300170845]
[65490, 10000, 65476, 0, -1.0808823529411764, 0.01271405300170845]
[65410, 10000, 65476, 0, -1.0208333333333335, 0.01271405300170845]
[65331, 10000, 65476, 0, -1.0208333333333335, 0.01271405300170845]
[65250, 10000, 65476, 0, -1.0208333333333335, 0.01271405300170845]
[65169, 10000, 65476, 0, -0.9607843137254902, 0.01271405300170845]
[65088, 10000, 65476, 0, -0.9607843137254902, 0.01350868131431523]
[65007, 10000, 65476, 0, -0.9607843137254902, 0.01350868131431523]
[64926, 10000, 65476, 0, -0.9607843137254902, 0.01350868131431523]
[64846, 10000, 65476, 0, -0.9607843137254902, 0.01271405300170845]
[64765, 10000, 65476, 0, -0.9607843137254902, 0.01271405300170845]
[64684, 10000, 65476, 0, -0.9607843137254902, 0.01271405300170845]
[64602, 10000, 65476, 0, -0.9607843137254902, 0.01271405300170845]
[64522, 10000, 65476, 0, -0.9607843137254902, 0.01271405300170845]
[64442, 10000, 65476, 0, -0.9607843137254902, 0.01271405300170845]
[64362, 10000, 65476, 0, -0.9607843137254902, 0.01271405300170845]
[64282, 10000, 65476, 0, -1.0208333333333335, 0.011919424689101671]
[64201, 10000, 65476, 0, -1.0208333333333335, 0.011919424689101671]
[64119, 10000, 65476, 0, -1.0208333333333335, 0.011919424689101671]
[64040, 10000, 65476, 0, -1.0208333333333335, 0.011919424689101671]
[63961, 10000, 65476, 0, -0.9607843137254902, 0.011124796376494895]
[63881, 10000, 65476, 0, -0.9607843137254902, 0.011124796376494895]
[63802, 10000, 65476, 0, -0.9607843137254902, 0.011124796376494895]
[63722, 10000, 65476, 0, -0.9607843137254902, 0.011124796376494895]
[63641, 10000, 65476, 0, -0.9607843137254902, 0.011124796376494895]
[63561, 10000, 65476, 0, -0.9607843137254902, 0.011124796376494895]
[63482, 10000, 65476, 0, -1.0208333333333335, 0.011919424689101671]
[63402, 10000, 65476, 0, -1.0208333333333335, 0.011919424689101671]
[63323, 10000, 65476, 0, -1.0208333333333335, 0.011124796376494895]
[63243, 10000, 65476, 0, -1.0208333333333335, 0.011124796376494895]
[63162, 10000, 65476, 0, -1.0208333333333335, 0.011124796376494895]
[63082, 10000, 65476, 0, -1.0208333333333335, 0.011124796376494895]
[63002, 10000, 65476, 0, -1.0208333333333335, 0.011124796376494895]
[62923, 10000, 65476, 0, -1.0208333333333335, 0.011124796376494895]
[62841, 10000, 65476, 0, -1.0208333333333335, 0.011124796376494895]
[62761, 10000, 65476, 0, -1.0208333333333335, 0.011124796376494895]
[62684, 10000, 65476, 0, -1.0208333333333335, 0.011124796376494895]
[62603, 10000, 65476, 0, -1.0208333333333335, 0.011124796376494895]
[62523, 10000, 65476, 0, -1.0208333333333335, 0.011124796376494895]
[62443, 10000, 65476, 0, -1.0208333333333335, 0.011124796376494895]
[62363, 10000, 65476, 0, -1.0208333333333335, 0.011124796376494895]
[62284, 10000, 65476, 0, -1.0208333333333335, 0.011124796376494895]
[62204, 10000, 65476, 0, -1.0208333333333335, 0.011124796376494895]
[62119, 10000, 65476, 0, -1.0808823529411764, 0.011124796376494895]
[62044, 10000, 65476, 0, -1.0808823529411764, 0.011124796376494895]
[61963, 10000, 65476, 0, -1.0208333333333335, 0.011919424689101671]
[61884, 10000, 65476, 0, -1.0208333333333335, 0.011919424689101671]
[61805, 10000, 65476, 0, -1.0208333333333335, 0.011919424689101671]
[61724, 10000, 65476, 0, -1.0208333333333335, 0.011919424689101671]
[61644, 10000, 65476, 0, -0.9607843137254902, 0.011919424689101671]
[61564, 10000, 65476, 0, -0.9607843137254902, 0.011919424689101671]
[61484, 10000, 65476, 0, -1.0208333333333335, 0.01271405300170845]
[61404, 10000, 65476, 0, -1.0208333333333335, 0.01271405300170845]
[61324, 10000, 65476, 0, -1.0208333333333335, 0.01271405300170845]
[61243, 10000, 65476, 0, -1.0208333333333335, 0.01271405300170845]
[61163, 10000, 65476, 0, -1.0208333333333335, 0.01271405300170845]
[61082, 10000, 65476, 0, -1.0208333333333335, 0.01271405300170845]
[61001, 10000, 65476, 0, -1.0808823529411764, 0.011919424689101671]
[60920, 10000, 65476, 0, -1.0808823529411764, 0.011919424689101671]
[60839, 10000, 65476, 0, -1.0208333333333335, 0.011919424689101671]
[60759, 10000, 65476, 0, -1.0208333333333335, 0.011919424689101671]
[60677, 10000, 65476, 0, -1.0808823529411764, 0.011919424689101671]
[60596, 10000, 65476, 0, -1.0808823529411764, 0.011919424689101671]
[60516, 10000, 65476, 0, -1.0808823529411764, 0.011919424689101671]
[60435, 10000, 65476, 0, -1.0808823529411764, 0.011919424689101671]
[60352, 10000, 65476, 0, -1.0808823529411764, 0.011919424689101671]
[60275, 10000, 65476, 0, -1.0808823529411764, 0.011919424689101671]
[60195, 10000, 65476, 0, -1.0808823529411764, 0.011124796376494895]
[60114, 10000, 65476, 0, -1.0808823529411764, 0.011124796376494895]
[60034, 10000, 65476, 0, -1.0808823529411764, 0.011124796376494895]
[59947, 10000, 65476, 0, -1.0808823529411764, 0.011124796376494895]
[59875, 10000, 65476, 0, -18, 14]
[59795, 10000, 65476, 0, 0, 0]
[59714, 10000, 65476, 0, -1.0808823529411764, 0.011124796376494895]
[59634, 10000, 65476, 0, -1.0808823529411764, 0.011124796376494895]
[59551, 10000, 65476, 0, -1.0808823529411764, 0.011124796376494895]
[59474, 10000, 65476, 0, -1.0808823529411764, 0.011124796376494895]
[59395, 10000, 65476, 0, -1.0808823529411764, 0.010330168063888116]
[59316, 10000, 65476, 0, -1.0808823529411764, 0.010330168063888116]
[59236, 10000, 65476, 0, -1.0808823529411764, 0.010330168063888116]
[59156, 10000, 65476, 0, -1.0808823529411764, 0.010330168063888116]
[59075, 10000, 65476, 0, -1.0808823529411764, 0.010330168063888116]
[58995, 10000, 65476, 0, -1.0808823529411764, 0.010330168063888116]
[58916, 10000, 65476, 0, -1.0808823529411764, 0.010330168063888116]
[58836, 10000, 65476, 0, -1.0808823529411764, 0.010330168063888116]
[58756, 10000, 65476, 0, -1.0808823529411764, 0.010330168063888116]
[58676, 10000, 65476, 0, -1.0808823529411764, 0.010330168063888116]
[58596, 10000, 65476, 0, -1.0808823529411764, 0.010330168063888116]
[58515, 10000, 65476, 0, -1.0808823529411764, 0.010330168063888116]
[58436, 10000, 65476, 0, -1.0808823529411764, 0.010330168063888116]
[58357, 10000, 65476, 0, -1.0808823529411764, 0.010330168063888116]
[58277, 10000, 65476, 0, -1.0808823529411764, 0.011124796376494895]
[58196, 10000, 65476, 0, -1.0208333333333335, 0.011124796376494895]
[58108, 10000, 65476, 0, -1.0808823529411764, 0.011124796376494895]
[58035, 10000, 65476, 0, -1.0208333333333335, 0.011124796376494895]
[57957, 10000, 65476, 0, -1.0208333333333335, 0.011124796376494895]
[57878, 10000, 65476, 0, -1.0208333333333335, 0.011124796376494895]
[57798, 10000, 65476, 0, -1.0208333333333335, 0.011124796376494895]
[57717, 10000, 65476, 0, -1.0808823529411764, 0.011124796376494895]
[57637, 10000, 65476, 0, -1.0808823529411764, 0.011124796376494895]
[57557, 10000, 65476, 0, -1.0808823529411764, 0.011124796376494895]
[57477, 10000, 65476, 0, -1.0808823529411764, 0.011124796376494895]
[57397, 10000, 65476, 0, -1.0808823529411764, 0.011124796376494895]
[57317, 10000, 65476, 0, -1.0808823529411764, 0.011124796376494895]
[57236, 10000, 65476, 0, -1.0808823529411764, 0.011124796376494895]
[57155, 10000, 65476, 0, -1.0808823529411764, 0.011124796376494895]
[57074, 10000, 65476, 0, -1.0808823529411764, 0.011124796376494895]
[56985, 10000, 65476, 0, -1.0808823529411764, 0.011124796376494895]
[56910, 10000, 65476, 0, -1.0808823529411764, 0.011124796376494895]
[56832, 10000, 65476, 0, -1.0808823529411764, 0.011124796376494895]
[56751, 10000, 65476, 0, -1.0808823529411764, 0.011124796376494895]
[56670, 10000, 65476, 0, -1.0808823529411764, 0.011124796376494895]
[56589, 10000, 65475, 0, -1.0808823529411764, 0.011124796376494895]
[56508, 10000, 65476, 0, -1.0808823529411764, 0.010330168063888116]
[56428, 10000, 65476, 0, -1.0808823529411764, 0.010330168063888116]
[56348, 10000, 65476, 0, -1.0808823529411764, 0.010330168063888116]
[56268, 10000, 65476, 0, -1.0808823529411764, 0.010330168063888116]
[56188, 10000, 65476, 0, -1.0808823529411764, 0.010330168063888116]
[56107, 10000, 65476, 0, -1.0808823529411764, 0.010330168063888116]
[56026, 10000, 65476, 0, -1.0808823529411764, 0.010330168063888116]
[55948, 10000, 65476, 0, -1.0808823529411764, 0.010330168063888116]
[55868, 10000, 65476, 0, -1.0808823529411764, 0.010330168063888116]
[55788, 10000, 65476, 0, -1.0808823529411764, 0.010330168063888116]
[55708, 10000, 65476, 0, -1.0808823529411764, 0.010330168063888116]
[55628, 10000, 65476, 0, -1.0808823529411764, 0.010330168063888116]
[55548, 10000, 65476, 0, -1.0808823529411764, 0.010330168063888116]
[55469, 10000, 65476, 0, -1.0808823529411764, 0.010330168063888116]
[55389, 10000, 65476, 0, -1.0808823529411764, 0.010330168063888116]
[55310, 10000, 65476, 0, -1.0808823529411764, 0.010330168063888116]
[55230, 10000, 65476, 0, -1.0808823529411764, 0.010330168063888116]
[55150, 10000, 65476, 0, -1.0808823529411764, 0.010330168063888116]
[55069, 10000, 65476, 0, -1.0808823529411764, 0.010330168063888116]
[54990, 10000, 65476, 0, -1.0208333333333335, 0.010330168063888116]
[54910, 10000, 65476, 0, -1.0208333333333335, 0.010330168063888116]
[54831, 10000, 65476, 0, -1.0208333333333335, 0.010330168063888116]
[54750, 10000, 65476, 0, -1.0208333333333335, 0.010330168063888116]
[54671, 10000, 65476, 0, -1.0208333333333335, 0.010330168063888116]
[54590, 10000, 65476, 0, -1.0208333333333335, 0.010330168063888116]
[54510, 10000, 65476, 0, -1.0208333333333335, 0.010330168063888116]
[54431, 10000, 65476, 0, -1.0808823529411764, 0.010330168063888116]
[54351, 10000, 65476, 0, -1.0808823529411764, 0.010330168063888116]
[54272, 10000, 65476, 0, -1.0208333333333335, 0.010330168063888116]
[54191, 10000, 65476, 0, -1.0208333333333335, 0.010330168063888116]
[54110, 10000, 65476, 0, -1.0208333333333335, 0.010330168063888116]
[54032, 10000, 65476, 0, -1.0208333333333335, 0.010330168063888116]
[53950, 10000, 65476, 0, -1.0208333333333335, 0.011124796376494895]
[53870, 10000, 65476, 0, -1.0208333333333335, 0.011124796376494895]
[53793, 10000, 65476, 0, -1.0208333333333335, 0.011124796376494895]
[53712, 10000, 65476, 0, -1.0208333333333335, 0.011124796376494895]
[53631, 10000, 65476, 0, -0.9607843137254902, 0.011124796376494895]
[53552, 10000, 65476, 0, -1.0208333333333335, 0.011124796376494895]
[53472, 10000, 65476, 0, -1.0208333333333335, 0.011124796376494895]
[53387, 10000, 65476, 0, -1.0208333333333335, 0.011124796376494895]
[53312, 10000, 65476, 0, -1.0208333333333335, 0.011124796376494895]
[53231, 10000, 65476, 0, -1.0208333333333335, 0.011124796376494895]
[53150, 10000, 65476, 0, -1.0208333333333335, 0.011919424689101671]
[53069, 10000, 65476, 0, -1.0208333333333335, 0.011124796376494895]
[52988, 10000, 65476, 0, -1.0208333333333335, 0.011124796376494895]
[52908, 10000, 65476, 0, -1.0208333333333335, 0.011124796376494895]
[52827, 10000, 65476, 0, -1.0208333333333335, 0.011124796376494895]
[52746, 10000, 65476, 0, -1.0208333333333335, 0.011124796376494895]
[52665, 10000, 65476, 0, -1.0208333333333335, 0.011124796376494895]
[52584, 10000, 65476, 0, -1.0208333333333335, 0.011124796376494895]
[52499, 10000, 65476, 0, -1.0208333333333335, 0.011124796376494895]
[52424, 10000, 65476, 0, -1.0208333333333335, 0.011124796376494895]
[52343, 10000, 65476, 0, -0.9607843137254902, 0.011124796376494895]
[52263, 10000, 65476, 0, -0.9607843137254902, 0.011124796376494895]
[52182, 10000, 65476, 0, -0.9607843137254902, 0.010330168063888116]
[52103, 10000, 65476, 0, -1.0208333333333335, 0.010330168063888116]
[52022, 10000, 65476, 0, -1.0208333333333335, 0.010330168063888116]
[51943, 10000, 65476, 0, -1.0208333333333335, 0.010330168063888116]
[51863, 10000, 65476, 0, -1.0208333333333335, 0.010330168063888116]
[51784, 10000, 65476, 0, -0.9607843137254902, 0.010330168063888116]
[51703, 10000, 65476, 0, -0.9607843137254902, 0.010330168063888116]
[51623, 10000, 65476, 0, -1.0208333333333335, 0.010330168063888116]
[51543, 10000, 65476, 0, -1.0208333333333335, 0.010330168063888116]
[51463, 10000, 65476, 0, -1.0208333333333335, 0.010330168063888116]
[51385, 10000, 65476, 0, -1.0208333333333335, 0.010330168063888116]
[51301, 10000, 65476, 0, -1.0208333333333335, 0.010330168063888116]
[51225, 10000, 65476, 0, -1.0208333333333335, 0.010330168063888116]
[51144, 10000, 65476, 0, -1.0208333333333335, 0.010330168063888116]
[51064, 10000, 65476, 0, -1.0208333333333335, 0.010330168063888116]
[50984, 10000, 65476, 0, -1.0208333333333335, 0.010330168063888116]
[50904, 10000, 65476, 0, -1.0208333333333335, 0.010330168063888116]
[50825, 10000, 65476, 0, -1.0208333333333335, 0.010330168063888116]
[50745, 10000, 65476, 0, -1.0208333333333335, 0.010330168063888116]
[50665, 10000, 65476, 0, -1.0208333333333335, 0.010330168063888116]
[50585, 10000, 65476, 0, -1.0208333333333335, 0.010330168063888116]
[50500, 10000, 65476, 0, -1.0208333333333335, 0.010330168063888116]
[50425, 10000, 65476, 0, -1.0208333333333335, 0.010330168063888116]
[50345, 10000, 65476, 0, -1.0208333333333335, 0.010330168063888116]
[50266, 10000, 65476, 0, -1.0208333333333335, 0.010330168063888116]
[50186, 10000, 65476, 0, -1.0208333333333335, 0.010330168063888116]
[50106, 10000, 65476, 0, -1.0208333333333335, 0.010330168063888116]
[50026, 10000, 65476, 0, -1.0208333333333335, 0.010330168063888116]
[49946, 10000, 65476, 0, -1.0208333333333335, 0.010330168063888116]
[49867, 10000, 65476, 0, -1.0208333333333335, 0.010330168063888116]
[49787, 10000, 65476, 0, -1.0208333333333335, 0.011124796376494895]
[49707, 10000, 65476, 0, -1.0208333333333335, 0.011124796376494895]
[49626, 10000, 65476, 0, -1.0208333333333335, 0.011124796376494895]
[49534, 10000, 65476, 0, -1.0208333333333335, 0.011124796376494895]
[49462, 10000, 65476, 0, -1.0208333333333335, 0.011124796376494895]
[49386, 10000, 65476, 0, -1.0208333333333335, 0.011124796376494895]
[49306, 10000, 65476, 0, -1.0208333333333335, 0.011124796376494895]
[49226, 10000, 65476, 0, -1.0208333333333335, 0.011124796376494895]
[49145, 10000, 65476, 0, -1.0208333333333335, 0.011124796376494895]
[49064, 10000, 65476, 0, -1.0208333333333335, 0.011124796376494895]
[48983, 10000, 65476, 0, -1.0208333333333335, 0.011124796376494895]
[48902, 10000, 65476, 0, -1.0208333333333335, 0.011124796376494895]
[48822, 10000, 65476, 0, -1.0208333333333335, 0.011124796376494895]
[48741, 10000, 65476, 0, -1.0208333333333335, 0.011124796376494895]
[48660, 10000, 65476, 0, -1.0208333333333335, 0.011124796376494895]
[48579, 10000, 65476, 0, -1.0208333333333335, 0.011124796376494895]
[48499, 10000, 65476, 0, -1.0208333333333335, 0.010330168063888116]
[48418, 10000, 65476, 0, -1.0208333333333335, 0.011124796376494895]
[48337, 10000, 65476, 0, -1.0208333333333335, 0.011124796376494895]
[48258, 10000, 65476, 0, -1.0208333333333335, 0.010330168063888116]
[48178, 10000, 65476, 0, -1.0208333333333335, 0.010330168063888116]
[48097, 10000, 65476, 0, -1.0208333333333335, 0.010330168063888116]
[48017, 10000, 65476, 0, -1.0208333333333335, 0.010330168063888116]
[47938, 10000, 65476, 0, -1.0208333333333335, 0.010330168063888116]
[47858, 10000, 65476, 0, -1.0208333333333335, 0.010330168063888116]
[47778, 10000, 65476, 0, -1.0208333333333335, 0.010330168063888116]
[47698, 10000, 65476, 0, -1.0208333333333335, 0.010330168063888116]
[47618, 10000, 65476, 0, -1.0208333333333335, 0.010330168063888116]
[47538, 10000, 65476, 0, -1.0208333333333335, 0.010330168063888116]
[47458, 10000, 65476, 0, -1.0208333333333335, 0.010330168063888116]
[47378, 10000, 65476, 0, -1.0208333333333335, 0.010330168063888116]
[47295, 10000, 65476, 0, -1.0208333333333335, 0.010330168063888116]
[47220, 10000, 65476, 0, -1.0208333333333335, 0.010330168063888116]
[47139, 10000, 65476, 0, -1.0208333333333335, 0.010330168063888116]
[47059, 10000, 65476, 0, -1.0208333333333335, 0.010330168063888116]
[46979, 10000, 65476, 0, -1.0208333333333335, 0.010330168063888116]
[46900, 10000, 65476, 0, -1.0208333333333335, 0.010330168063888116]
[46820, 10000, 65476, 0, -1.0208333333333335, 0.010330168063888116]
[46739, 10000, 65476, 0, -1.0208333333333335, 0.010330168063888116]
[46659, 10000, 65476, 0, -1.0208333333333335, 0.010330168063888116]
[46579, 10000, 65476, 0, -1.0208333333333335, 0.010330168063888116]
[46500, 10000, 65476, 0, -1.0208333333333335, 0.010330168063888116]
[46420, 10000, 65476, 0, -1.0208333333333335, 0.010330168063888116]
[46340, 10000, 65476, 0, -1.0208333333333335, 0.010330168063888116]
[46261, 10000, 65476, 0, -1.0208333333333335, 0.010330168063888116]
[46180, 10000, 65476, 0, -1.0208333333333335, 0.010330168063888116]
[46100, 10000, 65476, 0, -1.0208333333333335, 0.011124796376494895]
[46020, 10000, 65476, 0, -0.9607843137254902, 0.011124796376494895]
[45939, 10000, 65476, 0, -0.9607843137254902, 0.011124796376494895]
[45850, 10000, 65483, 0, -1.0208333333333335, 0.011124796376494895]
[45846, 10000, 65492, 0, -1.0808823529411764, 0.011124796376494895]
[45843, 10000, 65499, 0, -1.0808823529411764, 0.011124796376494895]
[45841, 10000, 65506, 0, -1.0808823529411764, 0.011124796376494895]
[45840, 10000, 65510, 0, -1.0208333333333335, 0.011124796376494895]
[45839, 10000, 65514, 0, -1.0208333333333335, 0.011124796376494895]
[45838, 10000, 65518, 0, -1.0208333333333335, 0.011124796376494895]
[45837, 10000, 65521, 0, -1.0208333333333335, 0.011124796376494895]
[45837, 10000, 65523, 0, -1.0208333333333335, 0.011124796376494895]
[45852, 10000, 65532, 0, -1.0208333333333335, 0.011124796376494895]
[45871, 10000, 65535, 0, -1.0208333333333335, 0.011124796376494895]
[45890, 10000, 2, 0, -1.2009803921568627, 0.011124796376494895]
[45909, 10000, 4, 0, -1.3811274509803921, 0.010330168063888116]
[45927, 10000, 6, 0, -1.3811274509803921, 0.010330168063888116]
[45946, 10000, 7, 0, -1.4411764705882353, 0.010330168063888116]
[45965, 10000, 8, 0, -1.4411764705882353, 0.010330168063888116]
[45983, 10000, 9, 0, -1.4411764705882353, 0.010330168063888116]
[46001, 10000, 11, 0, -1.4411764705882353, 0.010330168063888116]
[46019, 10000, 11, 0, -1.4411764705882353, 0.010330168063888116]
[46037, 10000, 12, 0, -1.4411764705882353, 0.010330168063888116]
[46053, 10000, 13, 0, -1.4411764705882353, 0.010330168063888116]
[46070, 10000, 13, 0, -1.4411764705882353, 0.010330168063888116]
[46089, 10000, 13, 0, -1.4411764705882353, 0.010330168063888116]
[46112, 10000, 14, 0, -1.4411764705882353, 0.010330168063888116]
[46129, 10000, 14, 0, -1.4411764705882353, 0.010330168063888116]
[46147, 10000, 14, 0, -1.4411764705882353, 0.010330168063888116]
[46168, 10000, 14, 0, -1.4411764705882353, 0.010330168063888116]
[46188, 10000, 14, 0, -1.4411764705882353, 0.010330168063888116]
[46207, 10000, 14, 0, -1.4411764705882353, 0.010330168063888116]
[46226, 10000, 14, 0, -1.4411764705882353, 0.010330168063888116]
[46245, 10000, 14, 0, -1.4411764705882353, 0.010330168063888116]
[46265, 10000, 15, 0, -1.4411764705882353, 0.010330168063888116]
[46283, 10000, 15, 0, -1.4411764705882353, 0.010330168063888116]
[46301, 10000, 15, 0, -1.4411764705882353, 0.010330168063888116]
[46320, 10000, 15, 0, -1.4411764705882353, 0.010330168063888116]
[46340, 10000, 15, 0, -1.4411764705882353, 0.010330168063888116]
[46360, 10000, 15, 0, -1.4411764705882353, 0.010330168063888116]
[46379, 10000, 15, 0, -1.3811274509803921, 0.010330168063888116]
[46399, 10000, 15, 0, -1.3811274509803921, 0.010330168063888116]
[46419, 10000, 15, 0, -1.3811274509803921, 0.010330168063888116]
[46439, 10000, 15, 0, -1.3811274509803921, 0.010330168063888116]
[46459, 10000, 15, 0, -1.3811274509803921, 0.010330168063888116]
[46478, 10000, 15, 0, -1.3811274509803921, 0.010330168063888116]
[46499, 10000, 15, 0, -1.3811274509803921, 0.010330168063888116]
[46519, 10000, 15, 0, -1.3811274509803921, 0.010330168063888116]
[46538, 10000, 15, 0, -1.3811274509803921, 0.010330168063888116]
[46558, 10000, 15, 0, -1.3811274509803921, 0.010330168063888116]
[46578, 10000, 15, 0, -1.3811274509803921, 0.010330168063888116]
[46598, 10000, 15, 0, -1.3811274509803921, 0.010330168063888116]
[46619, 10000, 15, 0, -1.3811274509803921, 0.010330168063888116]
[46638, 10000, 15, 0, -1.3811274509803921, 0.010330168063888116]
[46659, 10000, 15, 0, -1.3811274509803921, 0.010330168063888116]
[46679, 10000, 15, 0, -1.3811274509803921, 0.010330168063888116]
[46699, 10000, 15, 0, -1.3811274509803921, 0.010330168063888116]
[46719, 10000, 15, 0, -1.3811274509803921, 0.010330168063888116]
[46739, 10000, 15, 0, -1.3811274509803921, 0.010330168063888116]
[46759, 10000, 15, 0, -1.3811274509803921, 0.010330168063888116]
[46779, 10000, 15, 0, -1.3811274509803921, 0.010330168063888116]
[46799, 10000, 15, 0, -1.3811274509803921, 0.010330168063888116]
[46819, 10000, 15, 0, -1.3811274509803921, 0.010330168063888116]
[46839, 10000, 15, 0, -1.3811274509803921, 0.010330168063888116]
[46859, 10000, 15, 0, -1.3811274509803921, 0.010330168063888116]
[46879, 10000, 15, 0, -1.3811274509803921, 0.010330168063888116]
[46899, 10000, 15, 0, -1.3811274509803921, 0.010330168063888116]
[46919, 10000, 15, 0, -1.3811274509803921, 0.010330168063888116]
[46939, 10000, 15, 0, -1.3811274509803921, 0.010330168063888116]
[46958, 10000, 15, 0, -1.3811274509803921, 0.010330168063888116]
[46979, 10000, 15, 0, -1.3811274509803921, 0.010330168063888116]
[46999, 10000, 15, 0, -1.3811274509803921, 0.010330168063888116]
[47018, 10000, 15, 0, -1.3811274509803921, 0.011124796376494895]
[47038, 10000, 15, 0, -1.3811274509803921, 0.011124796376494895]
[47058, 10000, 15, 0, -1.3811274509803921, 0.011124796376494895]
[47079, 10000, 15, 0, -1.3811274509803921, 0.011124796376494895]
[47098, 10000, 15, 0, -1.3811274509803921, 0.011124796376494895]
[47118, 10000, 15, 0, -1.3811274509803921, 0.011124796376494895]
[47139, 10000, 15, 0, -1.3811274509803921, 0.011124796376494895]
[47159, 10000, 15, 0, -1.3811274509803921, 0.011124796376494895]
[47179, 10000, 15, 0, -1.3811274509803921, 0.011124796376494895]
[47199, 10000, 15, 0, -1.3811274509803921, 0.011124796376494895]
[47219, 10000, 15, 0, -1.3811274509803921, 0.011124796376494895]
[47239, 10000, 15, 0, -1.3811274509803921, 0.011124796376494895]
[47259, 10000, 15, 0, -1.3811274509803921, 0.011124796376494895]
[47279, 10000, 15, 0, -1.3811274509803921, 0.011124796376494895]
[47299, 10000, 15, 0, -1.3811274509803921, 0.011124796376494895]
[47319, 10000, 15, 0, -1.3811274509803921, 0.010330168063888116]
[47339, 10000, 15, 0, -1.3811274509803921, 0.011124796376494895]
[47358, 10000, 15, 0, -1.3811274509803921, 0.011124796376494895]
[47379, 10000, 15, 0, -1.3811274509803921, 0.011124796376494895]
[47399, 10000, 15, 0, -1.3811274509803921, 0.011124796376494895]
[47418, 10000, 15, 0, -1.3811274509803921, 0.011124796376494895]
[47438, 10000, 15, 0, -1.3811274509803921, 0.011124796376494895]
[47458, 10000, 15, 0, -1.3811274509803921, 0.011124796376494895]
[47478, 10000, 15, 0, -1.3811274509803921, 0.011124796376494895]
[47498, 10000, 15, 0, -1.3811274509803921, 0.011124796376494895]
[47517, 10000, 15, 0, -1.3811274509803921, 0.011124796376494895]
[47538, 10000, 15, 0, -1.3811274509803921, 0.011124796376494895]
[47557, 10000, 15, 0, -1.3811274509803921, 0.011124796376494895]
[47577, 10000, 15, 0, -1.3811274509803921, 0.011124796376494895]
[47597, 10000, 15, 0, -1.3811274509803921, 0.011124796376494895]
[47617, 10000, 15, 0, -1.4411764705882353, 0.011124796376494895]
[47637, 10000, 15, 0, -1.4411764705882353, 0.011124796376494895]
[47658, 10000, 15, 0, -1.4411764705882353, 0.010330168063888116]
[47677, 10000, 15, 0, -1.4411764705882353, 0.010330168063888116]
[47698, 10000, 15, 0, -1.4411764705882353, 0.010330168063888116]
[47718, 10000, 15, 0, -1.4411764705882353, 0.010330168063888116]
[47737, 10000, 15, 0, -1.4411764705882353, 0.010330168063888116]
[47757, 10000, 15, 0, -1.4411764705882353, 0.010330168063888116]
[47778, 10000, 15, 0, -1.4411764705882353, 0.010330168063888116]
[47798, 10000, 15, 0, -1.4411764705882353, 0.010330168063888116]
[47818, 10000, 15, 0, -1.4411764705882353, 0.010330168063888116]
[47839, 10000, 15, 0, -1.4411764705882353, 0.010330168063888116]
[47858, 10000, 15, 0, -1.4411764705882353, 0.010330168063888116]
[47878, 10000, 15, 0, -1.4411764705882353, 0.010330168063888116]
[47897, 10000, 15, 0, -1.4411764705882353, 0.010330168063888116]
[47917, 10000, 15, 0, -1.4411764705882353, 0.011124796376494895]
[47938, 10000, 15, 0, -1.4411764705882353, 0.011124796376494895]
[47957, 10000, 15, 0, -1.4411764705882353, 0.011124796376494895]
[47977, 10000, 15, 0, -1.3811274509803921, 0.011124796376494895]
[47996, 10000, 15, 0, -1.3811274509803921, 0.011124796376494895]
[48017, 10000, 15, 0, -1.4411764705882353, 0.011124796376494895]
[48036, 10000, 15, 0, -1.4411764705882353, 0.011124796376494895]
[48056, 10000, 15, 0, -1.4411764705882353, 0.011124796376494895]
[48076, 10000, 15, 0, -1.4411764705882353, 0.011124796376494895]
[48096, 10000, 15, 0, -1.4411764705882353, 0.011124796376494895]
[48117, 10000, 15, 0, -1.4411764705882353, 0.011124796376494895]
[48136, 10000, 15, 0, -1.4411764705882353, 0.011124796376494895]
[48156, 10000, 15, 0, -1.4411764705882353, 0.011124796376494895]
[48177, 10000, 15, 0, -1.4411764705882353, 0.011124796376494895]
[48197, 10000, 15, 0, -1.4411764705882353, 0.011124796376494895]
[48217, 10000, 15, 0, -1.4411764705882353, 0.011124796376494895]
[48237, 10000, 15, 0, -1.5012254901960784, 0.011124796376494895]
[48257, 10000, 15, 0, -1.5012254901960784, 0.011124796376494895]
[48277, 10000, 15, 0, -1.5012254901960784, 0.011124796376494895]
[48297, 10000, 15, 0, -1.5012254901960784, 0.011124796376494895]
[48317, 10000, 15, 0, -1.5012254901960784, 0.011124796376494895]
[48337, 10000, 15, 0, -1.5012254901960784, 0.011124796376494895]
[48357, 10000, 15, 0, -1.5012254901960784, 0.011124796376494895]
[48377, 10000, 15, 0, -1.4411764705882353, 0.011124796376494895]
[48396, 10000, 15, 0, -1.4411764705882353, 0.011124796376494895]
[48417, 10000, 15, 0, -1.4411764705882353, 0.011124796376494895]
[48437, 10000, 15, 0, -1.4411764705882353, 0.011124796376494895]
[48457, 10000, 15, 0, -1.4411764705882353, 0.011124796376494895]
[48477, 10000, 15, 0, -1.4411764705882353, 0.011124796376494895]
[48497, 10000, 15, 0, -1.4411764705882353, 0.011124796376494895]
[48518, 10000, 15, 0, -1.4411764705882353, 0.011124796376494895]
[48539, 10000, 15, 0, -24, 14]
[48559, 10000, 15, 0, 0, 0]
[48579, 10000, 15, 0, -1.4411764705882353, 0.011124796376494895]
[48600, 10000, 15, 0, -1.4411764705882353, 0.011124796376494895]
[48620, 10000, 15, 0, -1.4411764705882353, 0.011124796376494895]
[48638, 10000, 15, 0, -1.4411764705882353, 0.011124796376494895]
[48659, 10000, 15, 0, -1.4411764705882353, 0.011124796376494895]
[48679, 10000, 15, 0, -1.4411764705882353, 0.011124796376494895]
[48699, 10000, 15, 0, -1.5012254901960784, 0.011124796376494895]
[48719, 10000, 15, 0, -1.5012254901960784, 0.011124796376494895]
[48740, 10000, 15, 0, -1.5012254901960784, 0.011124796376494895]
[48760, 10000, 15, 0, -1.5012254901960784, 0.011124796376494895]
[48780, 10000, 15, 0, -1.5612745098039214, 0.011124796376494895]
[48800, 10000, 15, 0, -1.5612745098039214, 0.011124796376494895]
[48821, 10000, 15, 0, -1.5012254901960784, 0.011124796376494895]
[48841, 10000, 15, 0, -1.5012254901960784, 0.011124796376494895]
[48861, 10000, 15, 0, -1.5012254901960784, 0.011124796376494895]
[48881, 10000, 15, 0, -1.5612745098039214, 0.011124796376494895]
[48902, 10000, 15, 0, -1.5612745098039214, 0.011124796376494895]
[48922, 10000, 15, 0, -1.5612745098039214, 0.011124796376494895]
[48942, 10000, 15, 0, -1.5612745098039214, 0.011124796376494895]
[48962, 10000, 15, 0, -1.5612745098039214, 0.011124796376494895]
[48982, 10000, 15, 0, -1.5612745098039214, 0.011124796376494895]
[49002, 10000, 15, 0, -1.5612745098039214, 0.011124796376494895]
[49022, 10000, 15, 0, -1.5612745098039214, 0.011124796376494895]
[49042, 10000, 15, 0, -1.5612745098039214, 0.011124796376494895]
[49063, 10000, 15, 0, -1.5612745098039214, 0.011124796376494895]
[49083, 10000, 15, 0, -1.5612745098039214, 0.011124796376494895]
[49103, 10000, 15, 0, -1.5612745098039214, 0.011124796376494895]
[49123, 10000, 15, 0, -1.5612745098039214, 0.011124796376494895]
[49144, 10000, 15, 0, -1.5612745098039214, 0.011124796376494895]
[49164, 10000, 15, 0, -1.5012254901960784, 0.011124796376494895]
[49184, 10000, 15, 0, -1.5012254901960784, 0.011124796376494895]
[49205, 10000, 15, 0, -1.5012254901960784, 0.011124796376494895]
[49225, 10000, 15, 0, -1.5012254901960784, 0.011124796376494895]
[49245, 10000, 15, 0, -1.5012254901960784, 0.011124796376494895]
[49265, 10000, 15, 0, -1.5012254901960784, 0.011124796376494895]
[49285, 10000, 15, 0, -1.5012254901960784, 0.011124796376494895]
[49306, 10000, 15, 0, -1.5012254901960784, 0.011124796376494895]
[49326, 10000, 15, 0, -1.4411764705882353, 0.011124796376494895]
[49346, 10000, 15, 0, -1.4411764705882353, 0.011124796376494895]
[49366, 10000, 15, 0, -1.4411764705882353, 0.011124796376494895]
[49386, 10000, 15, 0, -1.5012254901960784, 0.011124796376494895]
[49406, 10000, 15, 0, -1.5012254901960784, 0.011124796376494895]
[49426, 10000, 15, 0, -1.5012254901960784, 0.011124796376494895]
[49445, 10000, 15, 0, -1.5012254901960784, 0.011124796376494895]
[49466, 10000, 15, 0, -1.5012254901960784, 0.011124796376494895]
[49486, 10000, 15, 0, -1.5012254901960784, 0.011124796376494895]
[49505, 10000, 15, 0, -1.5012254901960784, 0.011124796376494895]
[49525, 10000, 15, 0, -1.5012254901960784, 0.011124796376494895]
[49545, 10000, 15, 0, -1.5012254901960784, 0.011124796376494895]
[49565, 10000, 15, 0, -1.5012254901960784, 0.011124796376494895]
[49586, 10000, 15, 0, -1.5012254901960784, 0.011124796376494895]
[49606, 10000, 15, 0, -1.5012254901960784, 0.011124796376494895]
[49626, 10000, 15, 0, -1.5012254901960784, 0.011124796376494895]
[49646, 10000, 15, 0, -1.5012254901960784, 0.011124796376494895]
[49666, 10000, 15, 0, -1.5012254901960784, 0.011124796376494895]
[49686, 10000, 15, 0, -1.5012254901960784, 0.011124796376494895]
[49706, 10000, 15, 0, -1.5012254901960784, 0.011124796376494895]
[49727, 10000, 15, 0, -1.5012254901960784, 0.011124796376494895]
[49747, 10000, 15, 0, -1.5012254901960784, 0.011124796376494895]
[49766, 10000, 15, 0, -1.5012254901960784, 0.011124796376494895]
[49787, 10000, 15, 0, -1.5012254901960784, 0.011124796376494895]
[49807, 10000, 15, 0, -1.5012254901960784, 0.011124796376494895]
[49827, 10000, 15, 0, -1.4411764705882353, 0.011124796376494895]
[49846, 10000, 15, 0, -1.4411764705882353, 0.011919424689101671]
[49866, 10000, 15, 0, -1.4411764705882353, 0.011919424689101671]
[49886, 10000, 15, 0, -1.4411764705882353, 0.011919424689101671]
[49906, 10000, 15, 0, -1.4411764705882353, 0.011919424689101671]
[49926, 10000, 15, 0, -1.4411764705882353, 0.011919424689101671]
[49946, 10000, 15, 0, -1.4411764705882353, 0.011919424689101671]
[49966, 10000, 15, 0, -1.5012254901960784, 0.011919424689101671]
[49985, 10000, 15, 0, -1.5012254901960784, 0.011919424689101671]
[50005, 10000, 15, 0, -1.5012254901960784, 0.011919424689101671]
[50025, 10000, 15, 0, -1.5012254901960784, 0.011919424689101671]
[50045, 10000, 15, 0, -1.5012254901960784, 0.011919424689101671]
[50065, 10000, 15, 0, -1.5012254901960784, 0.011919424689101671]
[50085, 10000, 15, 0, -1.5012254901960784, 0.011919424689101671]
[50105, 10000, 15, 0, -1.5012254901960784, 0.011919424689101671]
[50125, 10000, 15, 0, -1.5012254901960784, 0.011919424689101671]
[50145, 10000, 15, 0, -1.5012254901960784, 0.011919424689101671]
[50165, 10000, 15, 0, -1.5012254901960784, 0.011124796376494895]
[50185, 10000, 15, 0, -1.5012254901960784, 0.011124796376494895]
[50205, 10000, 15, 0, -1.4411764705882353, 0.011124796376494895]
[50225, 10000, 15, 0, -1.4411764705882353, 0.011124796376494895]
[50244, 10000, 15, 0, -1.4411764705882353, 0.011919424689101671]
[50265, 10000, 15, 0, -1.4411764705882353, 0.011919424689101671]
[50285, 10000, 15, 0, -1.4411764705882353, 0.011919424689101671]
[50304, 10000, 15, 0, -1.4411764705882353, 0.011919424689101671]
[50324, 10000, 15, 0, -1.4411764705882353, 0.011124796376494895]
[50344, 10000, 15, 0, -1.4411764705882353, 0.011919424689101671]
[50364, 10000, 15, 0, -1.4411764705882353, 0.011919424689101671]
[50384, 10000, 15, 0, -1.4411764705882353, 0.011919424689101671]
[50403, 10000, 15, 0, -1.4411764705882353, 0.011919424689101671]
[50424, 10000, 15, 0, -1.4411764705882353, 0.011919424689101671]
[50444, 10000, 15, 0, -1.4411764705882353, 0.011919424689101671]
[50463, 10000, 15, 0, -1.4411764705882353, 0.011919424689101671]
[50483, 10000, 15, 0, -1.4411764705882353, 0.011919424689101671]
[50503, 10000, 15, 0, -1.4411764705882353, 0.011919424689101671]
[50523, 10000, 15, 0, -1.4411764705882353, 0.011919424689101671]
[50543, 10000, 15, 0, -1.4411764705882353, 0.011919424689101671]
[50563, 10000, 15, 0, -1.4411764705882353, 0.011919424689101671]
[50583, 10000, 15, 0, -1.4411764705882353, 0.011919424689101671]
[50603, 10000, 15, 0, -1.4411764705882353, 0.011919424689101671]
[50623, 10000, 15, 0, -1.4411764705882353, 0.011919424689101671]
[50643, 10000, 15, 0, -1.4411764705882353, 0.011919424689101671]
[50663, 10000, 15, 0, -1.4411764705882353, 0.011919424689101671]
[50683, 10000, 15, 0, -1.4411764705882353, 0.011919424689101671]
[50703, 10000, 15, 0, -1.4411764705882353, 0.011919424689101671]
[50723, 10000, 15, 0, -1.4411764705882353, 0.011919424689101671]
[50743, 10000, 15, 0, -1.4411764705882353, 0.011919424689101671]
[50763, 10000, 15, 0, -1.4411764705882353, 0.011919424689101671]
[50783, 10000, 15, 0, -1.4411764705882353, 0.011919424689101671]
[50803, 10000, 15, 0, -1.3811274509803921, 0.011919424689101671]
[50823, 10000, 15, 0, -1.3811274509803921, 0.011919424689101671]
[50843, 10000, 15, 0, -1.3811274509803921, 0.011919424689101671]
[50864, 10000, 15, 0, -1.3811274509803921, 0.011919424689101671]
[50883, 10000, 15, 0, -1.3811274509803921, 0.011919424689101671]
[50903, 10000, 15, 0, -1.3811274509803921, 0.011919424689101671]
[50923, 10000, 15, 0, -1.4411764705882353, 0.011919424689101671]
[50942, 10000, 15, 0, -1.4411764705882353, 0.011919424689101671]
[50962, 10000, 15, 0, -1.4411764705882353, 0.011919424689101671]
[50982, 10000, 15, 0, -1.4411764705882353, 0.011919424689101671]
[51002, 10000, 15, 0, -1.4411764705882353, 0.011919424689101671]
[51022, 10000, 15, 0, -1.4411764705882353, 0.011919424689101671]
[51042, 10000, 15, 0, -1.4411764705882353, 0.011919424689101671]
[51062, 10000, 15, 0, -1.4411764705882353, 0.011919424689101671]
[51082, 10000, 15, 0, -1.4411764705882353, 0.011919424689101671]
[51102, 10000, 15, 0, -1.4411764705882353, 0.011919424689101671]
[51122, 10000, 15, 0, -1.4411764705882353, 0.011919424689101671]
[51142, 10000, 15, 0, -1.4411764705882353, 0.011919424689101671]
[51163, 10000, 15, 0, -1.4411764705882353, 0.011919424689101671]
[51183, 10000, 15, 0, -1.4411764705882353, 0.011919424689101671]
[51202, 10000, 15, 0, -1.4411764705882353, 0.011919424689101671]
[51223, 10000, 15, 0, -1.4411764705882353, 0.011919424689101671]
[51243, 10000, 15, 0, -1.4411764705882353, 0.011919424689101671]
[51263, 10000, 15, 0, -1.3811274509803921, 0.011919424689101671]
[51282, 10000, 15, 0, -1.3811274509803921, 0.011919424689101671]
[51303, 10000, 15, 0, -1.3811274509803921, 0.011919424689101671]
[51324, 10000, 15, 0, -1.3811274509803921, 0.011919424689101671]
[51343, 10000, 15, 0, -1.3811274509803921, 0.011919424689101671]
[51362, 10000, 15, 0, -1.4411764705882353, 0.011919424689101671]
[51382, 10000, 15, 0, -1.4411764705882353, 0.011919424689101671]
[51402, 10000, 15, 0, -1.4411764705882353, 0.011919424689101671]
[51422, 10000, 15, 0, -1.4411764705882353, 0.011919424689101671]
[51442, 10000, 15, 0, -1.4411764705882353, 0.011919424689101671]
[51462, 10000, 15, 0, -1.4411764705882353, 0.011919424689101671]
[51482, 10000, 15, 0, -1.4411764705882353, 0.011919424689101671]
[51501, 10000, 15, 0, -1.4411764705882353, 0.011919424689101671]
[51521, 10000, 15, 0, -1.4411764705882353, 0.011919424689101671]
[51541, 10000, 15, 0, -1.4411764705882353, 0.011919424689101671]
[51562, 10000, 15, 0, -1.4411764705882353, 0.011919424689101671]
[51581, 10000, 15, 0, -1.4411764705882353, 0.011919424689101671]
[51601, 10000, 15, 0, -1.4411764705882353, 0.011919424689101671]
[51621, 10000, 15, 0, -1.4411764705882353, 0.011919424689101671]
[51641, 10000, 15, 0, -1.4411764705882353, 0.011919424689101671]
[51661, 10000, 15, 0, -1.4411764705882353, 0.011919424689101671]
[51681, 10000, 15, 0, -1.4411764705882353, 0.011919424689101671]
[51701, 10000, 15, 0, -1.4411764705882353, 0.011919424689101671]
[51721, 10000, 15, 0, -1.4411764705882353, 0.011919424689101671]
[51741, 10000, 15, 0, -1.4411764705882353, 0.011919424689101671]
[51761, 10000, 15, 0, -1.4411764705882353, 0.011919424689101671]
[51784, 10000, 13, 0, -1.4411764705882353, 0.011919424689101671]
[51784, 10000, 11, 0, -1.4411764705882353, 0.011919424689101671]
[51784, 10000, 9, 0, -1.4411764705882353, 0.011919424689101671]
[51783, 10000, 8, 0, -1.4411764705882353, 0.011919424689101671]
[51783, 10000, 6, 0, -1.3811274509803921, 0.011919424689101671]
[51783, 10000, 5, 0, -1.3811274509803921, 0.011919424689101671]
[51783, 10000, 4, 0, -1.3811274509803921, 0.011919424689101671]
[51782, 10000, 3, 0, -1.3811274509803921, 0.011919424689101671]
[51781, 10000, 2, 0, -1.3811274509803921, 0.011124796376494895]
[51781, 10000, 2, 0, -1.3811274509803921, 0.011124796376494895]
[51781, 10000, 2, 0, -1.3811274509803921, 0.011919424689101671]
[51780, 10000, 1, 0, -1.3811274509803921, 0.011124796376494895]
[51780, 10000, 1, 0, -1.3811274509803921, 0.011124796376494895]
[51780, 10000, 1, 0, -1.3811274509803921, 0.011124796376494895]
[51780, 10000, 1, 0, -1.321078431372549, 0.011124796376494895]
[51782, 10000, 0, 0, -1.321078431372549, 0.011124796376494895]
[51767, 10000, 65534, 0, -1.321078431372549, 0.011124796376494895]
[51747, 10000, 65532, 0, -1.321078431372549, 0.011124796376494895]
[51728, 10000, 65530, 0, -1.2009803921568627, 0.011124796376494895]
[51711, 10000, 65529, 0, -1.1409313725490196, 0.011124796376494895]
[51693, 10000, 65527, 0, -1.0808823529411764, 0.011124796376494895]
[51674, 10000, 65526, 0, -1.0808823529411764, 0.011919424689101671]
[51656, 10000, 65525, 0, -1.0808823529411764, 0.011124796376494895]
[51637, 10000, 65524, 0, -1.0808823529411764, 0.011124796376494895]
[51620, 10000, 65524, 0, -1.0808823529411764, 0.011919424689101671]
[51601, 10000, 65523, 0, -1.0808823529411764, 0.011919424689101671]
[51583, 10000, 65523, 0, -1.0808823529411764, 0.011124796376494895]
[51564, 10000, 65523, 0, -1.0808823529411764, 0.011919424689101671]
[51544, 10000, 65522, 0, -1.0808823529411764, 0.011919424689101671]
[51526, 10000, 65522, 0, -1.0808823529411764, 0.011919424689101671]
[51500, 10000, 65522, 0, -1.0808823529411764, 0.011919424689101671]
[51481, 10000, 65522, 0, -1.0808823529411764, 0.011919424689101671]
[51462, 10000, 65522, 0, -1.0808823529411764, 0.011919424689101671]
[51442, 10000, 65521, 0, -1.0808823529411764, 0.011919424689101671]
[51424, 10000, 65521, 0, -1.0808823529411764, 0.011919424689101671]
[51407, 10000, 65521, 0, -1.0808823529411764, 0.011919424689101671]
[51388, 10000, 65521, 0, -1.0808823529411764, 0.011919424689101671]
[51368, 10000, 65521, 0, -1.0808823529411764, 0.011919424689101671]
[51346, 10000, 65521, 0, -1.0808823529411764, 0.011919424689101671]
[51324, 10000, 65521, 0, -1.0808823529411764, 0.011919424689101671]
[51307, 10000, 65521, 0, -1.0808823529411764, 0.011919424689101671]
[51289, 10000, 65521, 0, -1.0808823529411764, 0.011919424689101671]
[51268, 10000, 65521, 0, -1.0808823529411764, 0.011919424689101671]
[51248, 10000, 65521, 0, -1.0808823529411764, 0.011124796376494895]
[51229, 10000, 65521, 0, -1.0808823529411764, 0.011919424689101671]
[51209, 10000, 65521, 0, -1.0808823529411764, 0.011919424689101671]
[51188, 10000, 65521, 0, -1.0808823529411764, 0.011919424689101671]
[51168, 10000, 65521, 0, -1.0808823529411764, 0.011919424689101671]
[51148, 10000, 65521, 0, -1.0808823529411764, 0.011919424689101671]
[51128, 10000, 65521, 0, -1.0808823529411764, 0.011919424689101671]
[51108, 10000, 65521, 0, -1.0808823529411764, 0.011919424689101671]
[51088, 10000, 65521, 0, -1.0808823529411764, 0.011919424689101671]
[51068, 10000, 65521, 0, -1.0808823529411764, 0.011919424689101671]
[51048, 10000, 65521, 0, -1.0808823529411764, 0.011919424689101671]
[51028, 10000, 65521, 0, -1.0808823529411764, 0.011919424689101671]
[51008, 10000, 65521, 0, -1.0808823529411764, 0.011919424689101671]
[50988, 10000, 65521, 0, -1.0808823529411764, 0.011919424689101671]
[50968, 10000, 65521, 0, -1.0808823529411764, 0.011919424689101671]
[50948, 10000, 65521, 0, -1.0808823529411764, 0.011919424689101671]
[50928, 10000, 65521, 0, -1.0808823529411764, 0.011919424689101671]
[50909, 10000, 65521, 0, -1.0808823529411764, 0.011919424689101671]
[50889, 10000, 65521, 0, -1.0808823529411764, 0.011919424689101671]
[50869, 10000, 65521, 0, -1.0808823529411764, 0.011919424689101671]
[50849, 10000, 65521, 0, -1.0808823529411764, 0.011919424689101671]
[50828, 10000, 65521, 0, -1.0808823529411764, 0.011919424689101671]
[50809, 10000, 65521, 0, -1.0808823529411764, 0.011124796376494895]
[50789, 10000, 65521, 0, -1.0808823529411764, 0.011124796376494895]
[50769, 10000, 65521, 0, -1.0808823529411764, 0.011124796376494895]
[50749, 10000, 65521, 0, -1.0808823529411764, 0.011124796376494895]
[50728, 10000, 65521, 0, -1.0808823529411764, 0.011124796376494895]
[50708, 10000, 65521, 0, -1.0808823529411764, 0.011124796376494895]
[50688, 10000, 65521, 0, -1.1409313725490196, 0.011124796376494895]
[50668, 10000, 65521, 0, -1.1409313725490196, 0.011124796376494895]
[50648, 10000, 65521, 0, -1.1409313725490196, 0.011124796376494895]
[50628, 10000, 65521, 0, -1.1409313725490196, 0.011124796376494895]
[50608, 10000, 65521, 0, -1.1409313725490196, 0.011124796376494895]
[50588, 10000, 65521, 0, -1.0808823529411764, 0.011124796376494895]
[50568, 10000, 65521, 0, -1.0808823529411764, 0.011124796376494895]
[50548, 10000, 65521, 0, -1.0808823529411764, 0.011124796376494895]
[50528, 10000, 65521, 0, -1.0808823529411764, 0.011124796376494895]
[50508, 10000, 65521, 0, -1.0808823529411764, 0.011124796376494895]
[50489, 10000, 65521, 0, -1.0808823529411764, 0.011124796376494895]
[50468, 10000, 65521, 0, -1.0808823529411764, 0.011124796376494895]
[50448, 10000, 65521, 0, -1.0808823529411764, 0.011124796376494895]
[50429, 10000, 65521, 0, -1.0808823529411764, 0.011124796376494895]
[50409, 10000, 65521, 0, -1.0808823529411764, 0.011124796376494895]
[50389, 10000, 65521, 0, -1.0808823529411764, 0.011124796376494895]
[50369, 10000, 65521, 0, -1.0808823529411764, 0.011124796376494895]
[50349, 10000, 65521, 0, -1.0808823529411764, 0.011124796376494895]
[50329, 10000, 65521, 0, -1.0808823529411764, 0.011124796376494895]
[50309, 10000, 65521, 0, -1.0808823529411764, 0.011124796376494895]
[50289, 10000, 65521, 0, -1.0808823529411764, 0.011124796376494895]
[50269, 10000, 65521, 0, -1.0808823529411764, 0.011124796376494895]
[50249, 10000, 65521, 0, -1.0808823529411764, 0.011124796376494895]
[50229, 10000, 65521, 0, -1.0808823529411764, 0.011124796376494895]
[50209, 10000, 65521, 0, -1.0808823529411764, 0.011124796376494895]
[50189, 10000, 65521, 0, -1.0808823529411764, 0.011124796376494895]
[50169, 10000, 65521, 0, -1.0808823529411764, 0.011124796376494895]
[50149, 10000, 65521, 0, -1.0808823529411764, 0.011124796376494895]
[50129, 10000, 65521, 0, -1.0808823529411764, 0.011124796376494895]
[50109, 10000, 65521, 0, -1.0808823529411764, 0.011124796376494895]
[50089, 10000, 65521, 0, -1.0808823529411764, 0.011124796376494895]
[50069, 10000, 65521, 0, -1.0808823529411764, 0.011124796376494895]
[50049, 10000, 65521, 0, -1.0808823529411764, 0.011124796376494895]
[50028, 10000, 65521, 0, -1.0808823529411764, 0.011124796376494895]
[50009, 10000, 65521, 0, -1.0808823529411764, 0.011124796376494895]
[49989, 10000, 65521, 0, -1.0808823529411764, 0.011124796376494895]
[49970, 10000, 65521, 0, -1.0808823529411764, 0.011124796376494895]
[49949, 10000, 65521, 0, -1.0808823529411764, 0.011124796376494895]
[49930, 10000, 65521, 0, -1.0808823529411764, 0.011124796376494895]
[49910, 10000, 65521, 0, -1.0808823529411764, 0.011124796376494895]
[49890, 10000, 65521, 0, -1.0808823529411764, 0.011919424689101671]
[49870, 10000, 65521, 0, -1.0808823529411764, 0.011919424689101671]
[49850, 10000, 65521, 0, -1.0208333333333335, 0.011919424689101671]
[49830, 10000, 65521, 0, -1.0208333333333335, 0.011919424689101671]
[49810, 10000, 65521, 0, -1.0208333333333335, 0.011919424689101671]
[49791, 10000, 65521, 0, -1.0808823529411764, 0.011919424689101671]
[49770, 10000, 65521, 0, -1.0808823529411764, 0.011919424689101671]
[49750, 10000, 65521, 0, -1.0808823529411764, 0.011919424689101671]
[49729, 10000, 65521, 0, -1.0808823529411764, 0.011919424689101671]
[49710, 10000, 65521, 0, -1.0808823529411764, 0.011919424689101671]
[49690, 10000, 65521, 0, -1.0808823529411764, 0.011919424689101671]
[49670, 10000, 65521, 0, -1.0808823529411764, 0.011919424689101671]
[49650, 10000, 65521, 0, -1.0808823529411764, 0.011919424689101671]
[49630, 10000, 65521, 0, -1.0808823529411764, 0.011919424689101671]
[49610, 10000, 65521, 0, -1.0808823529411764, 0.011919424689101671]
[49590, 10000, 65521, 0, -1.0808823529411764, 0.011919424689101671]
[49569, 10000, 65521, 0, -18, 15]
[49549, 10000, 65521, 0, 0, 0]
[49529, 10000, 65521, 0, -1.0808823529411764, 0.011919424689101671]
[49509, 10000, 65521, 0, -1.0808823529411764, 0.011919424689101671]
[49489, 10000, 65521, 0, -1.0808823529411764, 0.011919424689101671]
[49470, 10000, 65521, 0, -1.0808823529411764, 0.011919424689101671]
[49450, 10000, 65521, 0, -1.0808823529411764, 0.011919424689101671]
[49429, 10000, 65521, 0, -1.0808823529411764, 0.011919424689101671]
[49409, 10000, 65521, 0, -1.0808823529411764, 0.011919424689101671]
[49389, 10000, 65521, 0, -1.0808823529411764, 0.011919424689101671]
[49369, 10000, 65521, 0, -1.0808823529411764, 0.011919424689101671]
[49349, 10000, 65521, 0, -1.0808823529411764, 0.011919424689101671]
[49327, 10000, 65521, 0, -1.0208333333333335, 0.011919424689101671]
[49309, 10000, 65521, 0, -1.0208333333333335, 0.011919424689101671]
[49289, 10000, 65521, 0, -1.0208333333333335, 0.011919424689101671]
[49269, 10000, 65521, 0, -1.0208333333333335, 0.011919424689101671]
[49249, 10000, 65521, 0, -1.0208333333333335, 0.011919424689101671]
[49228, 10000, 65521, 0, -1.0808823529411764, 0.011919424689101671]
[49208, 10000, 65521, 0, -1.0808823529411764, 0.011919424689101671]
[49188, 10000, 65521, 0, -1.0808823529411764, 0.011919424689101671]
[49168, 10000, 65521, 0, -1.0808823529411764, 0.011919424689101671]
[49148, 10000, 65521, 0, -1.0808823529411764, 0.011919424689101671]
[49127, 10000, 65521, 0, -1.0808823529411764, 0.011919424689101671]
[49107, 10000, 65521, 0, -1.0808823529411764, 0.011919424689101671]
[49086, 10000, 65521, 0, -1.0808823529411764, 0.011919424689101671]
[49067, 10000, 65521, 0, -1.0808823529411764, 0.011919424689101671]
[49046, 10000, 65521, 0, -1.0808823529411764, 0.011919424689101671]
[49026, 10000, 65521, 0, -1.0208333333333335, 0.011919424689101671]
[49006, 10000, 65521, 0, -1.0208333333333335, 0.011919424689101671]
[48986, 10000, 65521, 0, -1.0208333333333335, 0.011919424689101671]
[48965, 10000, 65521, 0, -1.0208333333333335, 0.011919424689101671]
[48945, 10000, 65521, 0, -1.0208333333333335, 0.011919424689101671]
[48925, 10000, 65521, 0, -1.0208333333333335, 0.011124796376494895]
[48905, 10000, 65521, 0, -1.0208333333333335, 0.011124796376494895]
[48885, 10000, 65521, 0, -1.0208333333333335, 0.011124796376494895]
[48865, 10000, 65521, 0, -1.0208333333333335, 0.011124796376494895]
[48845, 10000, 65521, 0, -1.0208333333333335, 0.011124796376494895]
[48825, 10000, 65521, 0, -1.0208333333333335, 0.011124796376494895]
[48805, 10000, 65521, 0, -1.0208333333333335, 0.011124796376494895]
[48784, 10000, 65521, 0, -1.0208333333333335, 0.011124796376494895]
[48764, 10000, 65521, 0, -1.0208333333333335, 0.011124796376494895]
[48744, 10000, 65521, 0, -1.0208333333333335, 0.011124796376494895]
[48724, 10000, 65521, 0, -1.0208333333333335, 0.011124796376494895]
[48703, 10000, 65521, 0, -1.0208333333333335, 0.011124796376494895]
[48682, 10000, 65521, 0, -1.0208333333333335, 0.011124796376494895]
[48663, 10000, 65521, 0, -1.0208333333333335, 0.011124796376494895]
[48643, 10000, 65521, 0, -1.0208333333333335, 0.011124796376494895]
[48622, 10000, 65521, 0, -1.0208333333333335, 0.011124796376494895]
[48602, 10000, 65521, 0, -1.0208333333333335, 0.011124796376494895]
[48581, 10000, 65521, 0, -1.0208333333333335, 0.011124796376494895]
[48562, 10000, 65521, 0, -1.0208333333333335, 0.011124796376494895]
[48542, 10000, 65521, 0, -1.0208333333333335, 0.011124796376494895]
[48522, 10000, 65521, 0, -1.0208333333333335, 0.011124796376494895]
[48502, 10000, 65521, 0, -1.0808823529411764, 0.011124796376494895]
[48481, 10000, 65521, 0, -1.0808823529411764, 0.011124796376494895]
[48461, 10000, 65521, 0, -1.0808823529411764, 0.011124796376494895]
[48441, 10000, 65521, 0, -1.0808823529411764, 0.011124796376494895]
[48422, 10000, 65521, 0, -1.0808823529411764, 0.011124796376494895]
[48401, 10000, 65521, 0, -1.0808823529411764, 0.011124796376494895]
[48381, 10000, 65521, 0, -1.0808823529411764, 0.011124796376494895]
[48361, 10000, 65521, 0, -1.0808823529411764, 0.011124796376494895]
[48342, 10000, 65521, 0, -1.0808823529411764, 0.011124796376494895]
[48321, 10000, 65521, 0, -1.0808823529411764, 0.011124796376494895]
[48301, 10000, 65521, 0, -1.0808823529411764, 0.011124796376494895]
[48281, 10000, 65521, 0, -1.0808823529411764, 0.011124796376494895]
[48261, 10000, 65521, 0, -1.0808823529411764, 0.011124796376494895]
[48241, 10000, 65521, 0, -1.0808823529411764, 0.011124796376494895]
[48221, 10000, 65521, 0, -1.0208333333333335, 0.011124796376494895]
[48201, 10000, 65521, 0, -1.0208333333333335, 0.011124796376494895]
[48181, 10000, 65521, 0, -1.0208333333333335, 0.011124796376494895]
[48160, 10000, 65521, 0, -1.0208333333333335, 0.011124796376494895]
[48141, 10000, 65521, 0, -1.0208333333333335, 0.011124796376494895]
[48120, 10000, 65521, 0, -1.0208333333333335, 0.011124796376494895]
[48101, 10000, 65521, 0, -1.0208333333333335, 0.011124796376494895]
[48081, 10000, 65521, 0, -1.0208333333333335, 0.010330168063888116]
[48060, 10000, 65521, 0, -1.0208333333333335, 0.010330168063888116]
[48041, 10000, 65521, 0, -1.0208333333333335, 0.010330168063888116]
[48021, 10000, 65521, 0, -1.0208333333333335, 0.010330168063888116]
[48000, 10000, 65521, 0, -1.0208333333333335, 0.010330168063888116]
[47981, 10000, 65521, 0, -1.0208333333333335, 0.010330168063888116]
[47961, 10000, 65521, 0, -1.0208333333333335, 0.010330168063888116]
[47941, 10000, 65521, 0, -1.0208333333333335, 0.010330168063888116]
[47920, 10000, 65521, 0, -1.0208333333333335, 0.010330168063888116]
[47901, 10000, 65521, 0, -1.0208333333333335, 0.010330168063888116]
[47881, 10000, 65521, 0, -1.0208333333333335, 0.010330168063888116]
[47862, 10000, 65521, 0, -1.0208333333333335, 0.010330168063888116]
[47841, 10000, 65521, 0, -1.0208333333333335, 0.010330168063888116]
[47821, 10000, 65521, 0, -1.0208333333333335, 0.010330168063888116]
[47801, 10000, 65521, 0, -1.0208333333333335, 0.010330168063888116]
[47782, 10000, 65521, 0, -1.0208333333333335, 0.010330168063888116]
[47761, 10000, 65521, 0, -1.0208333333333335, 0.010330168063888116]
[47741, 10000, 65521, 0, -1.0208333333333335, 0.010330168063888116]
[47720, 10000, 65521, 0, -1.0208333333333335, 0.010330168063888116]
[47701, 10000, 65521, 0, -1.0208333333333335, 0.010330168063888116]
[47681, 10000, 65521, 0, -1.0208333333333335, 0.010330168063888116]
[47661, 10000, 65521, 0, -1.0208333333333335, 0.010330168063888116]
[47641, 10000, 65521, 0, -1.0208333333333335, 0.010330168063888116]
[47621, 10000, 65521, 0, -1.0208333333333335, 0.010330168063888116]
[47601, 10000, 65521, 0, -1.0208333333333335, 0.010330168063888116]
[47581, 10000, 65521, 0, -1.0208333333333335, 0.010330168063888116]
[47561, 10000, 65521, 0, -1.0208333333333335, 0.010330168063888116]
[47541, 10000, 65521, 0, -1.0208333333333335, 0.010330168063888116]
[47521, 10000, 65521, 0, -1.0208333333333335, 0.010330168063888116]
[47501, 10000, 65521, 0, -1.0208333333333335, 0.010330168063888116]
[47482, 10000, 65521, 0, -1.0208333333333335, 0.010330168063888116]
[47462, 10000, 65521, 0, -1.0208333333333335, 0.010330168063888116]
[47442, 10000, 65521, 0, -1.0208333333333335, 0.010330168063888116]
[47422, 10000, 65521, 0, -1.0208333333333335, 0.010330168063888116]
[47402, 10000, 65521, 0, -1.0208333333333335, 0.010330168063888116]
[47382, 10000, 65521, 0, -1.0208333333333335, 0.010330168063888116]
[47362, 10000, 65521, 0, -1.0208333333333335, 0.010330168063888116]
[47342, 10000, 65521, 0, -1.0208333333333335, 0.010330168063888116]
[47323, 10000, 65521, 0, -1.0208333333333335, 0.010330168063888116]
[47303, 10000, 65521, 0, -1.0208333333333335, 0.010330168063888116]
[47283, 10000, 65521, 0, -1.0808823529411764, 0.010330168063888116]
[47262, 10000, 65521, 0, -1.0808823529411764, 0.010330168063888116]
[47243, 10000, 65521, 0, -1.0808823529411764, 0.010330168063888116]
[47223, 10000, 65521, 0, -1.0208333333333335, 0.010330168063888116]
[47202, 10000, 65521, 0, -1.0808823529411764, 0.010330168063888116]
[47182, 10000, 65521, 0, -1.0808823529411764, 0.010330168063888116]
[47162, 10000, 65521, 0, -1.0808823529411764, 0.010330168063888116]
[47142, 10000, 65521, 0, -1.0808823529411764, 0.010330168063888116]
[47122, 10000, 65521, 0, -1.0808823529411764, 0.010330168063888116]
[47102, 10000, 65521, 0, -1.0808823529411764, 0.010330168063888116]
[47082, 10000, 65521, 0, -1.0808823529411764, 0.010330168063888116]
[47062, 10000, 65521, 0, -1.0808823529411764, 0.010330168063888116]
[47042, 10000, 65521, 0, -1.0808823529411764, 0.010330168063888116]
[47022, 10000, 65521, 0, -1.0808823529411764, 0.010330168063888116]
[47002, 10000, 65521, 0, -1.0208333333333335, 0.010330168063888116]
[46982, 10000, 65521, 0, -1.0208333333333335, 0.010330168063888116]
[46962, 10000, 65521, 0, -1.0208333333333335, 0.010330168063888116]
[46942, 10000, 65521, 0, -1.0208333333333335, 0.010330168063888116]
[46923, 10000, 65521, 0, -1.0208333333333335, 0.010330168063888116]
[46903, 10000, 65521, 0, -1.0208333333333335, 0.010330168063888116]
[46883, 10000, 65521, 0, -1.0808823529411764, 0.010330168063888116]
[46863, 10000, 65521, 0, -1.0808823529411764, 0.010330168063888116]
[46843, 10000, 65521, 0, -1.0808823529411764, 0.010330168063888116]
[46823, 10000, 65521, 0, -1.0808823529411764, 0.010330168063888116]
[46803, 10000, 65521, 0, -1.0808823529411764, 0.010330168063888116]
[46783, 10000, 65521, 0, -1.0808823529411764, 0.010330168063888116]
[46763, 10000, 65521, 0, -1.0808823529411764, 0.010330168063888116]
[46743, 10000, 65521, 0, -1.0808823529411764, 0.010330168063888116]
[46723, 10000, 65521, 0, -1.0808823529411764, 0.010330168063888116]
[46703, 10000, 65521, 0, -1.0808823529411764, 0.010330168063888116]
[46683, 10000, 65521, 0, -1.0808823529411764, 0.010330168063888116]
[46663, 10000, 65521, 0, -1.0808823529411764, 0.010330168063888116]
[46643, 10000, 65521, 0, -1.0208333333333335, 0.010330168063888116]
[46623, 10000, 65521, 0, -1.0208333333333335, 0.010330168063888116]
[46603, 10000, 65521, 0, -1.0208333333333335, 0.010330168063888116]
[46583, 10000, 65521, 0, -1.0808823529411764, 0.010330168063888116]
[46562, 10000, 65521, 0, -1.0808823529411764, 0.010330168063888116]
[46543, 10000, 65521, 0, -1.0808823529411764, 0.010330168063888116]
[46523, 10000, 65521, 0, -1.0808823529411764, 0.010330168063888116]
[46503, 10000, 65521, 0, -1.0808823529411764, 0.010330168063888116]
[46483, 10000, 65521, 0, -1.0808823529411764, 0.011124796376494895]
[46463, 10000, 65521, 0, -1.0208333333333335, 0.011124796376494895]
[46443, 10000, 65521, 0, -1.0208333333333335, 0.011124796376494895]
[46424, 10000, 65521, 0, -1.0208333333333335, 0.011124796376494895]
[46403, 10000, 65521, 0, -1.0208333333333335, 0.011124796376494895]
[46384, 10000, 65521, 0, -1.0808823529411764, 0.011124796376494895]
[46364, 10000, 65521, 0, -1.0808823529411764, 0.011124796376494895]
[46344, 10000, 65521, 0, -1.0808823529411764, 0.011124796376494895]
[46324, 10000, 65521, 0, -1.0808823529411764, 0.011124796376494895]
[46304, 10000, 65521, 0, -1.0808823529411764, 0.011124796376494895]
[46284, 10000, 65521, 0, -1.0808823529411764, 0.011124796376494895]
[46264, 10000, 65521, 0, -1.0808823529411764, 0.011124796376494895]
[46244, 10000, 65521, 0, -1.0208333333333335, 0.011124796376494895]
[46224, 10000, 65521, 0, -1.0208333333333335, 0.011124796376494895]
[46204, 10000, 65521, 0, -1.0208333333333335, 0.011124796376494895]
[46184, 10000, 65521, 0, -1.0208333333333335, 0.011124796376494895]
[46164, 10000, 65521, 0, -1.0208333333333335, 0.011124796376494895]
[46144, 10000, 65521, 0, -1.0208333333333335, 0.011124796376494895]
[46124, 10000, 65521, 0, -1.0208333333333335, 0.011124796376494895]
[46104, 10000, 65521, 0, -1.0208333333333335, 0.011124796376494895]
[46084, 10000, 65521, 0, -1.0208333333333335, 0.011124796376494895]
[46064, 10000, 65521, 0, -1.0208333333333335, 0.011124796376494895]
[46044, 10000, 65521, 0, -1.0208333333333335, 0.011124796376494895]
[46024, 10000, 65521, 0, -1.0208333333333335, 0.011124796376494895]
[46004, 10000, 65521, 0, -1.0208333333333335, 0.011124796376494895]
[45984, 10000, 65521, 0, -1.0208333333333335, 0.011124796376494895]
[45964, 10000, 65521, 0, -1.0208333333333335, 0.011124796376494895]
[45945, 10000, 65521, 0, -1.0208333333333335, 0.011124796376494895]
[45925, 10000, 65521, 0, -1.0208333333333335, 0.011124796376494895]
[45905, 10000, 65521, 0, -1.0208333333333335, 0.011124796376494895]
[45885, 10000, 65521, 0, -1.0208333333333335, 0.011124796376494895]
[45865, 10000, 65521, 0, -1.0208333333333335, 0.011124796376494895]
[45845, 10000, 65521, 0, -1.0208333333333335, 0.011124796376494895]
[45820, 10000, 65522, 0, -1.0208333333333335, 0.011124796376494895]
[45816, 10000, 65524, 0, -1.0208333333333335, 0.011124796376494895]
[45813, 10000, 65526, 0, -1.0208333333333335, 0.011124796376494895]
[45811, 10000, 65527, 0, -1.0208333333333335, 0.011124796376494895]
[45810, 10000, 65528, 0, -1.0208333333333335, 0.011124796376494895]
[45808, 10000, 65530, 0, -1.0208333333333335, 0.011124796376494895]
[45807, 10000, 65531, 0, -1.0208333333333335, 0.011124796376494895]
[45824, 10000, 0, 0, -1.0208333333333335, 0.011124796376494895]
[45843, 10000, 2, 0, -1.0808823529411764, 0.011124796376494895]
[45861, 10000, 5, 0, -1.321078431372549, 0.011124796376494895]
[45879, 10000, 6, 0, -1.4411764705882353, 0.010330168063888116]
[45896, 10000, 8, 0, -1.4411764705882353, 0.010330168063888116]
[45913, 10000, 9, 0, -1.4411764705882353, 0.010330168063888116]
[45930, 10000, 10, 0, -1.4411764705882353, 0.010330168063888116]
[45949, 10000, 11, 0, -1.4411764705882353, 0.010330168063888116]
[45968, 10000, 11, 0, -1.4411764705882353, 0.010330168063888116]
[45986, 10000, 12, 0, -1.4411764705882353, 0.011124796376494895]
[46006, 10000, 12, 0, -1.4411764705882353, 0.011124796376494895]
[46026, 10000, 13, 0, -1.4411764705882353, 0.011124796376494895]
[46046, 10000, 13, 0, -1.4411764705882353, 0.011124796376494895]
[46064, 10000, 13, 0, -1.4411764705882353, 0.011124796376494895]
[46082, 10000, 14, 0, -1.4411764705882353, 0.011124796376494895]
[46102, 10000, 14, 0, -1.4411764705882353, 0.011124796376494895]
[46121, 10000, 14, 0, -1.4411764705882353, 0.011124796376494895]
[46139, 10000, 15, 0, -1.4411764705882353, 0.011124796376494895]
[46156, 10000, 15, 0, -1.4411764705882353, 0.011124796376494895]
[46173, 10000, 15, 0, -1.4411764705882353, 0.011124796376494895]
[46192, 10000, 15, 0, -1.4411764705882353, 0.011124796376494895]
[46209, 10000, 15, 0, -1.4411764705882353, 0.011124796376494895]
[46227, 10000, 15, 0, -1.4411764705882353, 0.011124796376494895]
[46246, 10000, 15, 0, -1.4411764705882353, 0.011124796376494895]
[46279, 10000, 14, 0, -1.4411764705882353, 0.011124796376494895]
[46298, 10000, 14, 0, -1.4411764705882353, 0.011124796376494895]
[46314, 10000, 14, 0, -1.4411764705882353, 0.011124796376494895]
[46336, 10000, 14, 0, -1.4411764705882353, 0.011124796376494895]
[46353, 10000, 14, 0, -1.4411764705882353, 0.011124796376494895]
[46370, 10000, 15, 0, -1.4411764705882353, 0.011124796376494895]
[46388, 10000, 15, 0, -1.4411764705882353, 0.011124796376494895]
[46405, 10000, 15, 0, -1.3811274509803921, 0.011124796376494895]
[46424, 10000, 14, 0, -1.3811274509803921, 0.011124796376494895]
[46442, 10000, 14, 0, -1.3811274509803921, 0.011124796376494895]
[46460, 10000, 15, 0, -1.3811274509803921, 0.011124796376494895]
[46477, 10000, 15, 0, -1.3811274509803921, 0.011124796376494895]
[46498, 10000, 15, 0, -1.3811274509803921, 0.011124796376494895]
[46517, 10000, 15, 0, -1.3811274509803921, 0.011124796376494895]
[46537, 10000, 15, 0, -1.3811274509803921, 0.011124796376494895]
[46556, 10000, 15, 0, -1.3811274509803921, 0.011124796376494895]
[46577, 10000, 15, 0, -1.3811274509803921, 0.011124796376494895]
[46597, 10000, 15, 0, -1.3811274509803921, 0.011124796376494895]
[46617, 10000, 15, 0, -1.3811274509803921, 0.011124796376494895]
[46637, 10000, 15, 0, -1.3811274509803921, 0.011124796376494895]
[46657, 10000, 15, 0, -1.3811274509803921, 0.011124796376494895]
[46677, 10000, 15, 0, -1.3811274509803921, 0.011124796376494895]
[46697, 10000, 15, 0, -1.3811274509803921, 0.011124796376494895]
[46717, 10000, 15, 0, -1.3811274509803921, 0.011124796376494895]
[46737, 10000, 15, 0, -1.3811274509803921, 0.011124796376494895]
[46758, 10000, 15, 0, -1.3811274509803921, 0.011124796376494895]
[46777, 10000, 15, 0, -1.3811274509803921, 0.011124796376494895]
[46797, 10000, 15, 0, -1.3811274509803921, 0.011124796376494895]
[46818, 10000, 15, 0, -1.3811274509803921, 0.011124796376494895]
[46837, 10000, 15, 0, -1.3811274509803921, 0.011124796376494895]
[46857, 10000, 15, 0, -1.3811274509803921, 0.011124796376494895]
[46877, 10000, 15, 0, -1.3811274509803921, 0.011124796376494895]
[46897, 10000, 15, 0, -1.3811274509803921, 0.011124796376494895]
[46918, 10000, 15, 0, -1.3811274509803921, 0.011124796376494895]
[46937, 10000, 15, 0, -1.3811274509803921, 0.011124796376494895]
[46957, 10000, 15, 0, -1.3811274509803921, 0.011124796376494895]
[46977, 10000, 15, 0, -1.3811274509803921, 0.011124796376494895]
[46997, 10000, 15, 0, -1.3811274509803921, 0.011124796376494895]
[47016, 10000, 15, 0, -1.3811274509803921, 0.011124796376494895]
[47037, 10000, 15, 0, -1.3811274509803921, 0.011124796376494895]
[47057, 10000, 15, 0, -1.3811274509803921, 0.011124796376494895]
[47077, 10000, 15, 0, -1.3811274509803921, 0.011124796376494895]
[47097, 10000, 15, 0, -1.3811274509803921, 0.011124796376494895]
[47117, 10000, 15, 0, -1.3811274509803921, 0.011124796376494895]
[47137, 10000, 15, 0, -1.3811274509803921, 0.011124796376494895]
[47157, 10000, 15, 0, -1.3811274509803921, 0.011124796376494895]
[47177, 10000, 15, 0, -1.3811274509803921, 0.011124796376494895]
[47197, 10000, 15, 0, -1.3811274509803921, 0.011124796376494895]
[47218, 10000, 15, 0, -1.3811274509803921, 0.011124796376494895]
[47238, 10000, 15, 0, -1.3811274509803921, 0.011124796376494895]
[47257, 10000, 15, 0, -1.3811274509803921, 0.011124796376494895]
[47277, 10000, 15, 0, -1.3811274509803921, 0.011124796376494895]
[47298, 10000, 15, 0, -1.3811274509803921, 0.011124796376494895]
[47317, 10000, 15, 0, -1.3811274509803921, 0.011124796376494895]
[47337, 10000, 15, 0, -1.3811274509803921, 0.011124796376494895]
[47357, 10000, 15, 0, -1.3811274509803921, 0.011124796376494895]
[47377, 10000, 15, 0, -1.3811274509803921, 0.011124796376494895]
[47397, 10000, 15, 0, -1.3811274509803921, 0.011124796376494895]
[47417, 10000, 15, 0, -1.3811274509803921, 0.011124796376494895]
[47436, 10000, 15, 0, -1.3811274509803921, 0.011124796376494895]
[47456, 10000, 15, 0, -1.3811274509803921, 0.011124796376494895]
[47476, 10000, 15, 0, -1.3811274509803921, 0.011124796376494895]
[47496, 10000, 15, 0, -1.3811274509803921, 0.011124796376494895]
[47515, 10000, 15, 0, -1.3811274509803921, 0.011124796376494895]
[47536, 10000, 15, 0, -1.3811274509803921, 0.011124796376494895]
[47556, 10000, 15, 0, -1.3811274509803921, 0.011124796376494895]
[47575, 10000, 15, 0, -1.3811274509803921, 0.011124796376494895]
[47595, 10000, 15, 0, -1.3811274509803921, 0.011124796376494895]
[47616, 10000, 15, 0, -1.4411764705882353, 0.011124796376494895]
[47636, 10000, 15, 0, -1.4411764705882353, 0.011124796376494895]
[47656, 10000, 15, 0, -1.4411764705882353, 0.011124796376494895]
[47675, 10000, 15, 0, -1.4411764705882353, 0.011124796376494895]
[47696, 10000, 15, 0, -1.4411764705882353, 0.011124796376494895]
[47716, 10000, 15, 0, -1.4411764705882353, 0.011124796376494895]
[47735, 10000, 15, 0, -1.4411764705882353, 0.011124796376494895]
[47756, 10000, 15, 0, -1.4411764705882353, 0.011124796376494895]
[47776, 10000, 15, 0, -1.4411764705882353, 0.011124796376494895]
[47796, 10000, 15, 0, -1.4411764705882353, 0.011124796376494895]
[47816, 10000, 15, 0, -1.4411764705882353, 0.011124796376494895]
[47836, 10000, 15, 0, -1.4411764705882353, 0.011124796376494895]
[47856, 10000, 15, 0, -1.4411764705882353, 0.011124796376494895]
[47876, 10000, 15, 0, -1.4411764705882353, 0.011124796376494895]
[47895, 10000, 15, 0, -1.4411764705882353, 0.011124796376494895]
[47915, 10000, 15, 0, -1.4411764705882353, 0.011124796376494895]
[47936, 10000, 15, 0, -1.4411764705882353, 0.011124796376494895]
[47955, 10000, 15, 0, -1.4411764705882353, 0.011124796376494895]
[47975, 10000, 15, 0, -1.4411764705882353, 0.011124796376494895]
[47995, 10000, 15, 0, -1.4411764705882353, 0.011124796376494895]
[48015, 10000, 15, 0, -1.4411764705882353, 0.011124796376494895]
[48035, 10000, 15, 0, -1.4411764705882353, 0.011124796376494895]
[48055, 10000, 15, 0, -1.4411764705882353, 0.011124796376494895]
[48074, 10000, 15, 0, -1.4411764705882353, 0.011124796376494895]
[48095, 10000, 15, 0, -1.4411764705882353, 0.011124796376494895]
[48115, 10000, 15, 0, -1.4411764705882353, 0.011124796376494895]
[48135, 10000, 15, 0, -1.4411764705882353, 0.011124796376494895]
[48155, 10000, 15, 0, -1.4411764705882353, 0.011124796376494895]
[48175, 10000, 15, 0, -1.5012254901960784, 0.011124796376494895]
[48195, 10000, 15, 0, -1.5012254901960784, 0.011124796376494895]
[48215, 10000, 15, 0, -1.5012254901960784, 0.011124796376494895]
[48235, 10000, 15, 0, -1.5012254901960784, 0.011124796376494895]
[48255, 10000, 15, 0, -1.5012254901960784, 0.011124796376494895]
[48276, 10000, 15, 0, -1.5012254901960784, 0.011124796376494895]
[48295, 10000, 15, 0, -1.5012254901960784, 0.011124796376494895]
[48315, 10000, 15, 0, -1.5012254901960784, 0.011124796376494895]
[48336, 10000, 15, 0, -1.5012254901960784, 0.011124796376494895]
[48355, 10000, 15, 0, -1.5012254901960784, 0.011124796376494895]
[48375, 10000, 15, 0, -1.5012254901960784, 0.011124796376494895]
[48395, 10000, 15, 0, -1.5012254901960784, 0.011124796376494895]
[48415, 10000, 15, 0, -1.5012254901960784, 0.011124796376494895]
[48436, 10000, 15, 0, -1.5012254901960784, 0.011124796376494895]
[48455, 10000, 15, 0, -1.5012254901960784, 0.011124796376494895]
[48475, 10000, 15, 0, -1.5012254901960784, 0.011124796376494895]
[48495, 10000, 15, 0, -1.5012254901960784, 0.011124796376494895]
[48515, 10000, 15, 0, -1.5012254901960784, 0.011124796376494895]
[48535, 10000, 15, 0, -1.5012254901960784, 0.011124796376494895]
[48555, 10000, 15, 0, -1.5012254901960784, 0.011124796376494895]
[48576, 10000, 15, 0, -1.5012254901960784, 0.011124796376494895]
[48596, 10000, 15, 0, -1.5012254901960784, 0.011124796376494895]
[48616, 10000, 15, 0, -1.5012254901960784, 0.011124796376494895]
[48636, 10000, 15, 0, -1.5012254901960784, 0.011124796376494895]
[48657, 10000, 15, 0, -1.5012254901960784, 0.011124796376494895]
[48677, 10000, 15, 0, -1.5012254901960784, 0.011124796376494895]
[48698, 10000, 15, 0, -1.5012254901960784, 0.011124796376494895]
[48718, 10000, 15, 0, -1.5012254901960784, 0.011124796376494895]
[48740, 10000, 15, 0, -1.5012254901960784, 0.011124796376494895]
[48758, 10000, 15, 0, -1.5012254901960784, 0.011124796376494895]
[48778, 10000, 15, 0, -1.5012254901960784, 0.011124796376494895]
[48799, 10000, 15, 0, -1.5012254901960784, 0.011124796376494895]
[48819, 10000, 15, 0, -1.5012254901960784, 0.011124796376494895]
[48839, 10000, 15, 0, -1.5012254901960784, 0.011124796376494895]
[48859, 10000, 15, 0, -1.5012254901960784, 0.011124796376494895]
[48879, 10000, 15, 0, -1.5612745098039214, 0.011124796376494895]
[48899, 10000, 15, 0, -1.5612745098039214, 0.011124796376494895]
[48920, 10000, 15, 0, -1.5612745098039214, 0.011124796376494895]
[48940, 10000, 15, 0, -1.5612745098039214, 0.011124796376494895]
[48960, 10000, 15, 0, -1.5612745098039214, 0.011124796376494895]
[48980, 10000, 15, 0, -1.5612745098039214, 0.011124796376494895]
[49000, 10000, 15, 0, -1.5612745098039214, 0.011124796376494895]
[49021, 10000, 15, 0, -1.5612745098039214, 0.011124796376494895]
[49040, 10000, 15, 0, -1.5612745098039214, 0.011124796376494895]
[49061, 10000, 15, 0, -1.5612745098039214, 0.011124796376494895]
[49081, 10000, 15, 0, -1.5612745098039214, 0.011124796376494895]
[49101, 10000, 15, 0, -1.5612745098039214, 0.011124796376494895]
[49121, 10000, 15, 0, -1.5612745098039214, 0.011124796376494895]
[49145, 10000, 15, 0, -1.5612745098039214, 0.011124796376494895]
[49164, 10000, 15, 0, -1.5612745098039214, 0.011919424689101671]
[49182, 10000, 15, 0, -1.5012254901960784, 0.011919424689101671]
[49203, 10000, 15, 0, -1.5012254901960784, 0.011919424689101671]
[49223, 10000, 15, 0, -1.5012254901960784, 0.011919424689101671]
[49244, 10000, 15, 0, -1.5012254901960784, 0.011919424689101671]
[49264, 10000, 15, 0, -1.5012254901960784, 0.011919424689101671]
[49284, 10000, 15, 0, -1.5012254901960784, 0.011919424689101671]
[49304, 10000, 15, 0, -1.5012254901960784, 0.011919424689101671]
[49324, 10000, 15, 0, -1.5012254901960784, 0.011919424689101671]
[49344, 10000, 15, 0, -1.5012254901960784, 0.011919424689101671]
[49364, 10000, 15, 0, -1.5012254901960784, 0.011919424689101671]
[49385, 10000, 15, 0, -1.5012254901960784, 0.011919424689101671]
[49404, 10000, 15, 0, -1.5012254901960784, 0.011919424689101671]
[49424, 10000, 15, 0, -1.5012254901960784, 0.011919424689101671]
[49444, 10000, 15, 0, -1.5012254901960784, 0.011919424689101671]
[49464, 10000, 15, 0, -1.5012254901960784, 0.011919424689101671]
[49484, 10000, 15, 0, -1.5012254901960784, 0.011919424689101671]
[49503, 10000, 15, 0, -1.5012254901960784, 0.011919424689101671]
[49523, 10000, 15, 0, -1.5012254901960784, 0.011919424689101671]
[49544, 10000, 15, 0, -1.5012254901960784, 0.011919424689101671]
[49564, 10000, 15, 0, -1.5012254901960784, 0.011919424689101671]
[49584, 10000, 15, 0, -1.5012254901960784, 0.011919424689101671]
[49604, 10000, 15, 0, -1.5012254901960784, 0.011919424689101671]
[49624, 10000, 15, 0, -1.5012254901960784, 0.011919424689101671]
[49645, 10000, 15, 0, -1.5012254901960784, 0.011919424689101671]
[49664, 10000, 15, 0, -1.5012254901960784, 0.011919424689101671]
[49685, 10000, 15, 0, -1.5012254901960784, 0.011919424689101671]
[49705, 10000, 15, 0, -1.5012254901960784, 0.011919424689101671]
[49725, 10000, 15, 0, -1.5012254901960784, 0.011919424689101671]
[49745, 10000, 15, 0, -1.5012254901960784, 0.011919424689101671]
[49765, 10000, 15, 0, -1.5012254901960784, 0.011919424689101671]
[49786, 10000, 15, 0, -1.5012254901960784, 0.011919424689101671]
[49805, 10000, 15, 0, -1.4411764705882353, 0.011919424689101671]
[49825, 10000, 15, 0, -1.4411764705882353, 0.011919424689101671]
[49845, 10000, 15, 0, -1.4411764705882353, 0.011919424689101671]
[49865, 10000, 15, 0, -1.4411764705882353, 0.011919424689101671]
[49885, 10000, 15, 0, -1.4411764705882353, 0.011919424689101671]
[49905, 10000, 15, 0, -1.4411764705882353, 0.011919424689101671]
[49924, 10000, 15, 0, -1.4411764705882353, 0.011919424689101671]
[49944, 10000, 15, 0, -1.4411764705882353, 0.011919424689101671]
[49964, 10000, 15, 0, -1.5012254901960784, 0.011919424689101671]
[49984, 10000, 15, 0, -1.5012254901960784, 0.011919424689101671]
[50004, 10000, 15, 0, -1.5012254901960784, 0.011919424689101671]
[50024, 10000, 15, 0, -1.5012254901960784, 0.011919424689101671]
[50043, 10000, 15, 0, -1.5012254901960784, 0.011919424689101671]
[50063, 10000, 15, 0, -1.5012254901960784, 0.011919424689101671]
[50083, 10000, 15, 0, -1.5012254901960784, 0.011919424689101671]
[50104, 10000, 15, 0, -1.5012254901960784, 0.011919424689101671]
[50123, 10000, 15, 0, -1.5012254901960784, 0.011919424689101671]
[50143, 10000, 15, 0, -1.5012254901960784, 0.011919424689101671]
[50164, 10000, 15, 0, -1.5012254901960784, 0.011919424689101671]
[50184, 10000, 15, 0, -1.4411764705882353, 0.011919424689101671]
[50203, 10000, 15, 0, -1.4411764705882353, 0.011919424689101671]
[50223, 10000, 15, 0, -1.4411764705882353, 0.011919424689101671]
[50243, 10000, 15, 0, -1.4411764705882353, 0.011919424689101671]
[50263, 10000, 15, 0, -1.4411764705882353, 0.011919424689101671]
[50283, 10000, 15, 0, -1.4411764705882353, 0.011919424689101671]
[50303, 10000, 15, 0, -1.4411764705882353, 0.011919424689101671]
[50323, 10000, 15, 0, -1.4411764705882353, 0.011919424689101671]
[50343, 10000, 15, 0, -1.4411764705882353, 0.011919424689101671]
[50363, 10000, 15, 0, -1.4411764705882353, 0.011919424689101671]
[50382, 10000, 15, 0, -1.4411764705882353, 0.011919424689101671]
[50402, 10000, 15, 0, -1.4411764705882353, 0.011919424689101671]
[50422, 10000, 15, 0, -1.4411764705882353, 0.011919424689101671]
[50442, 10000, 15, 0, -1.4411764705882353, 0.011919424689101671]
[50462, 10000, 15, 0, -1.4411764705882353, 0.011919424689101671]
[50482, 10000, 15, 0, -1.4411764705882353, 0.011919424689101671]
[50502, 10000, 15, 0, -1.4411764705882353, 0.011919424689101671]
[50521, 10000, 15, 0, -1.4411764705882353, 0.011919424689101671]
[50541, 10000, 15, 0, -1.4411764705882353, 0.011919424689101671]
[50561, 10000, 15, 0, -1.4411764705882353, 0.011919424689101671]
[50582, 10000, 15, 0, -1.4411764705882353, 0.011919424689101671]
[50602, 10000, 15, 0, -1.4411764705882353, 0.011919424689101671]
[50621, 10000, 15, 0, -1.4411764705882353, 0.011919424689101671]
[50641, 10000, 15, 0, -1.4411764705882353, 0.011919424689101671]
[50662, 10000, 15, 0, -1.4411764705882353, 0.011919424689101671]
[50682, 10000, 15, 0, -1.4411764705882353, 0.011919424689101671]
[50701, 10000, 15, 0, -1.4411764705882353, 0.011919424689101671]
[50722, 10000, 15, 0, -1.4411764705882353, 0.011919424689101671]
[50742, 10000, 15, 0, -1.4411764705882353, 0.011919424689101671]
[50762, 10000, 15, 0, -1.4411764705882353, 0.011919424689101671]
[50782, 10000, 15, 0, -1.4411764705882353, 0.011919424689101671]
[50802, 10000, 15, 0, -1.4411764705882353, 0.011919424689101671]
[50822, 10000, 15, 0, -1.4411764705882353, 0.011919424689101671]
[50844, 10000, 15, 0, -1.3811274509803921, 0.011919424689101671]
[50862, 10000, 15, 0, -1.3811274509803921, 0.011919424689101671]
[50881, 10000, 15, 0, -1.3811274509803921, 0.011919424689101671]
[50902, 10000, 15, 0, -1.3811274509803921, 0.011919424689101671]
[50921, 10000, 15, 0, -1.4411764705882353, 0.011919424689101671]
[50942, 10000, 15, 0, -1.4411764705882353, 0.011919424689101671]
[50961, 10000, 15, 0, -1.4411764705882353, 0.011919424689101671]
[50982, 10000, 15, 0, -1.4411764705882353, 0.011919424689101671]
[51001, 10000, 15, 0, -1.4411764705882353, 0.011919424689101671]
[51021, 10000, 15, 0, -1.4411764705882353, 0.011919424689101671]
[51041, 10000, 15, 0, -1.4411764705882353, 0.011919424689101671]
[51061, 10000, 15, 0, -1.4411764705882353, 0.011919424689101671]
[51081, 10000, 15, 0, -1.4411764705882353, 0.011919424689101671]
[51101, 10000, 15, 0, -1.4411764705882353, 0.011919424689101671]
[51121, 10000, 15, 0, -1.4411764705882353, 0.011919424689101671]
[51142, 10000, 15, 0, -1.4411764705882353, 0.011919424689101671]
[51162, 10000, 15, 0, -1.4411764705882353, 0.011919424689101671]
[51183, 10000, 15, 0, -1.4411764705882353, 0.011919424689101671]
[51201, 10000, 15, 0, -1.4411764705882353, 0.011919424689101671]
[51222, 10000, 15, 0, -1.4411764705882353, 0.011919424689101671]
[51242, 10000, 15, 0, -1.4411764705882353, 0.011919424689101671]
[51262, 10000, 15, 0, -1.3811274509803921, 0.011919424689101671]
[51282, 10000, 15, 0, -1.3811274509803921, 0.011919424689101671]
[51302, 10000, 15, 0, -1.3811274509803921, 0.011919424689101671]
[51322, 10000, 15, 0, -1.3811274509803921, 0.011919424689101671]
[51342, 10000, 15, 0, -1.4411764705882353, 0.011919424689101671]
[51362, 10000, 15, 0, -1.4411764705882353, 0.011919424689101671]
[51382, 10000, 15, 0, -1.4411764705882353, 0.011919424689101671]
[51401, 10000, 15, 0, -1.4411764705882353, 0.011919424689101671]
[51421, 10000, 15, 0, -1.4411764705882353, 0.011919424689101671]
[51441, 10000, 15, 0, -1.4411764705882353, 0.011919424689101671]
[51461, 10000, 15, 0, -1.4411764705882353, 0.011919424689101671]
[51481, 10000, 15, 0, -1.4411764705882353, 0.011919424689101671]
[51500, 10000, 15, 0, -1.4411764705882353, 0.011919424689101671]
[51520, 10000, 15, 0, -1.4411764705882353, 0.011919424689101671]
[51540, 10000, 15, 0, -1.4411764705882353, 0.011919424689101671]
[51560, 10000, 15, 0, -1.4411764705882353, 0.011919424689101671]
[51580, 10000, 15, 0, -1.4411764705882353, 0.011919424689101671]
[51600, 10000, 15, 0, -1.4411764705882353, 0.011919424689101671]
[51620, 10000, 15, 0, -1.4411764705882353, 0.01271405300170845]
[51640, 10000, 15, 0, -1.4411764705882353, 0.01271405300170845]
[51660, 10000, 15, 0, -1.4411764705882353, 0.01271405300170845]
[51680, 10000, 15, 0, -1.4411764705882353, 0.01271405300170845]
[51700, 10000, 15, 0, -1.4411764705882353, 0.01271405300170845]
[51720, 10000, 15, 0, -1.4411764705882353, 0.01271405300170845]
[51740, 10000, 15, 0, -1.4411764705882353, 0.01271405300170845]
[51762, 10000, 13, 0, -1.4411764705882353, 0.011919424689101671]
[51762, 10000, 11, 0, -1.4411764705882353, 0.01271405300170845]
[51762, 10000, 9, 0, -1.4411764705882353, 0.011919424689101671]
[51762, 10000, 8, 0, -1.3811274509803921, 0.011919424689101671]
[51761, 10000, 6, 0, -1.3811274509803921, 0.011919424689101671]
[51761, 10000, 5, 0, -1.3811274509803921, 0.011919424689101671]
[51760, 10000, 4, 0, -1.3811274509803921, 0.011919424689101671]
[51759, 10000, 3, 0, -1.3811274509803921, 0.011124796376494895]
[51759, 10000, 2, 0, -1.3811274509803921, 0.011124796376494895]
[51759, 10000, 2, 0, -1.3811274509803921, 0.011124796376494895]
[51759, 10000, 2, 0, -1.3811274509803921, 0.011124796376494895]
[51758, 10000, 1, 0, -1.3811274509803921, 0.011124796376494895]
[51758, 10000, 1, 0, -1.3811274509803921, 0.011124796376494895]
[51758, 10000, 1, 0, -1.3811274509803921, 0.011124796376494895]
[51760, 10000, 1, 0, -1.3811274509803921, 0.011124796376494895]
[51746, 10000, 65534, 0, -1.3811274509803921, 0.011124796376494895]
[51728, 10000, 65532, 0, -1.321078431372549, 0.011124796376494895]
[51708, 10000, 65530, 0, -1.2009803921568627, 0.011124796376494895]
[51688, 10000, 65528, 0, -1.1409313725490196, 0.011124796376494895]
[51670, 10000, 65527, 0, -1.1409313725490196, 0.011919424689101671]
[51653, 10000, 65526, 0, -1.1409313725490196, 0.011919424689101671]
[51635, 10000, 65525, -1, -1.1409313725490196, 0.011919424689101671]
[51614, 10000, 65524, 0, -1.1409313725490196, 0.011919424689101671]
[51597, 10000, 65524, 0, -1.1409313725490196, 0.011919424689101671]
[51579, 10000, 65523, 0, -1.1409313725490196, 0.011919424689101671]
[51561, 10000, 65523, 0, -1.1409313725490196, 0.011919424689101671]
[51543, 10000, 65523, 0, -1.1409313725490196, 0.011919424689101671]
[51513, 10000, 65524, 0, -1.1409313725490196, 0.011919424689101671]
[51495, 10000, 65523, 0, -1.1409313725490196, 0.011919424689101671]
[51475, 10000, 65523, 0, -1.1409313725490196, 0.011919424689101671]
[51457, 10000, 65523, 0, -1.1409313725490196, 0.011919424689101671]
[51438, 10000, 65522, 0, -1.1409313725490196, 0.011919424689101671]
[51421, 10000, 65522, 0, -1.0808823529411764, 0.011919424689101671]
[51402, 10000, 65522, 0, -1.0808823529411764, 0.011919424689101671]
[51383, 10000, 65522, 0, -1.1409313725490196, 0.011919424689101671]
[51365, 10000, 65522, 0, -1.1409313725490196, 0.011919424689101671]
[51346, 10000, 65522, 0, -1.1409313725490196, 0.011919424689101671]
[51326, 10000, 65521, 0, -1.1409313725490196, 0.011919424689101671]
[51309, 10000, 65521, 0, -1.1409313725490196, 0.011919424689101671]
[51289, 10000, 65521, 0, -1.1409313725490196, 0.011919424689101671]
[51271, 10000, 65521, 0, -1.1409313725490196, 0.011919424689101671]
[51254, 10000, 65521, 0, -1.0808823529411764, 0.011919424689101671]
[51234, 10000, 65521, 0, -1.0808823529411764, 0.011919424689101671]
[51214, 10000, 65521, 0, -1.0808823529411764, 0.011919424689101671]
[51195, 10000, 65521, 0, -1.1409313725490196, 0.011919424689101671]
[51175, 10000, 65521, 0, -1.1409313725490196, 0.011919424689101671]
[51156, 10000, 65521, 0, -1.1409313725490196, 0.011919424689101671]
[51135, 10000, 65521, 0, -1.1409313725490196, 0.011919424689101671]
[51115, 10000, 65521, 0, -1.1409313725490196, 0.011919424689101671]
[51095, 10000, 65521, 0, -1.1409313725490196, 0.011919424689101671]
[51075, 10000, 65521, 0, -1.1409313725490196, 0.011919424689101671]
[51055, 10000, 65521, 0, -1.1409313725490196, 0.011919424689101671]
[51035, 10000, 65521, 0, -1.1409313725490196, 0.011919424689101671]
[51015, 10000, 65521, 0, -1.1409313725490196, 0.011919424689101671]
[50995, 10000, 65521, 0, -1.1409313725490196, 0.011919424689101671]
[50975, 10000, 65521, 0, -1.1409313725490196, 0.011919424689101671]
[50955, 10000, 65521, 0, -1.1409313725490196, 0.011919424689101671]
[50935, 10000, 65521, 0, -1.0808823529411764, 0.011919424689101671]
[50916, 10000, 65521, 0, -1.0808823529411764, 0.011919424689101671]
[50896, 10000, 65521, 0, -1.1409313725490196, 0.011919424689101671]
[50876, 10000, 65521, 0, -1.1409313725490196, 0.011919424689101671]
[50856, 10000, 65521, 0, -1.1409313725490196, 0.011919424689101671]
[50836, 10000, 65521, 0, -1.1409313725490196, 0.011919424689101671]
[50816, 10000, 65521, 0, -1.1409313725490196, 0.011919424689101671]
[50796, 10000, 65521, 0, -1.0808823529411764, 0.011919424689101671]
[50776, 10000, 65521, 0, -1.1409313725490196, 0.011919424689101671]
[50756, 10000, 65521, 0, -1.1409313725490196, 0.011919424689101671]
[50736, 10000, 65521, 0, -1.1409313725490196, 0.011919424689101671]
[50716, 10000, 65521, 0, -1.1409313725490196, 0.011919424689101671]
[50696, 10000, 65521, 0, -1.1409313725490196, 0.011919424689101671]
[50676, 10000, 65521, 0, -1.1409313725490196, 0.011919424689101671]
[50656, 10000, 65521, 0, -1.1409313725490196, 0.011919424689101671]
[50636, 10000, 65521, 0, -1.1409313725490196, 0.011919424689101671]
[50615, 10000, 65521, 0, -1.1409313725490196, 0.011919424689101671]
[50596, 10000, 65521, 0, -1.1409313725490196, 0.011919424689101671]
[50576, 10000, 65521, 0, -1.0808823529411764, 0.011919424689101671]
[50556, 10000, 65521, 0, -1.0808823529411764, 0.011919424689101671]
[50536, 10000, 65521, 0, -1.0808823529411764, 0.011919424689101671]
[50516, 10000, 65521, 0, -1.0808823529411764, 0.011919424689101671]
[50496, 10000, 65521, 0, -1.0808823529411764, 0.011919424689101671]
[50475, 10000, 65521, 0, -1.0808823529411764, 0.011919424689101671]
[50456, 10000, 65521, 0, -1.0808823529411764, 0.011919424689101671]
[50436, 10000, 65521, 0, -1.0808823529411764, 0.011124796376494895]
[50416, 10000, 65521, 0, -1.0808823529411764, 0.011124796376494895]
[50393, 10000, 65521, 0, -1.0808823529411764, 0.011124796376494895]
[50375, 10000, 65521, 0, -1.0808823529411764, 0.011124796376494895]
[50357, 10000, 65521, 0, -1.0808823529411764, 0.011124796376494895]
[50337, 10000, 65521, 0, -1.0808823529411764, 0.011124796376494895]
[50317, 10000, 65521, 0, -1.0808823529411764, 0.011124796376494895]
[50295, 10000, 65521, 0, -1.0808823529411764, 0.011124796376494895]
[50276, 10000, 65521, 0, -1.0808823529411764, 0.011124796376494895]
[50257, 10000, 65521, 0, -1.0808823529411764, 0.011124796376494895]
[50237, 10000, 65521, 0, -1.0808823529411764, 0.011124796376494895]
[50217, 10000, 65521, 0, -1.0808823529411764, 0.011124796376494895]
[50197, 10000, 65521, 0, -1.0808823529411764, 0.011124796376494895]
[50177, 10000, 65521, 0, -1.0808823529411764, 0.011124796376494895]
[50157, 10000, 65521, 0, -1.0808823529411764, 0.011124796376494895]
[50137, 10000, 65521, 0, -1.0808823529411764, 0.011919424689101671]
[50117, 10000, 65521, 0, -1.1409313725490196, 0.011124796376494895]
[50097, 10000, 65521, 0, -1.0808823529411764, 0.011919424689101671]
[50077, 10000, 65521, 0, -1.0808823529411764, 0.011919424689101671]
[50057, 10000, 65521, 0, -1.0808823529411764, 0.011919424689101671]
[50037, 10000, 65521, 0, -1.0808823529411764, 0.011919424689101671]
[50017, 10000, 65521, 0, -1.0808823529411764, 0.011919424689101671]
[49997, 10000, 65521, 0, -1.0808823529411764, 0.011919424689101671]
[49977, 10000, 65521, 0, -1.0808823529411764, 0.011919424689101671]
[49957, 10000, 65521, 0, -1.0808823529411764, 0.011919424689101671]
[49937, 10000, 65521, 0, -1.0808823529411764, 0.011919424689101671]
[49918, 10000, 65521, 0, -1.0808823529411764, 0.011919424689101671]
[49897, 10000, 65521, 0, -1.0808823529411764, 0.011919424689101671]
[49878, 10000, 65521, 0, -1.0808823529411764, 0.011919424689101671]
[49858, 10000, 65521, 0, -1.0808823529411764, 0.011919424689101671]
[49838, 10000, 65521, 0, -1.0808823529411764, 0.011919424689101671]
[49818, 10000, 65521, 0, -1.0808823529411764, 0.011919424689101671]
[49798, 10000, 65521, 0, -1.0808823529411764, 0.011919424689101671]
[49778, 10000, 65521, 0, -1.0808823529411764, 0.011919424689101671]
[49758, 10000, 65521, 0, -1.0808823529411764, 0.011919424689101671]
[49738, 10000, 65521, 0, -1.0808823529411764, 0.011919424689101671]
[49718, 10000, 65521, 0, -1.0808823529411764, 0.011919424689101671]
[49698, 10000, 65521, 0, -1.0808823529411764, 0.011919424689101671]
[49678, 10000, 65521, 0, -1.0808823529411764, 0.011919424689101671]
[49657, 10000, 65521, 0, -1.0808823529411764, 0.011919424689101671]
[49638, 10000, 65521, 0, -1.0808823529411764, 0.011919424689101671]
[49618, 10000, 65521, 0, -1.0808823529411764, 0.011919424689101671]
[49597, 10000, 65521, 0, -1.0808823529411764, 0.011919424689101671]
[49577, 10000, 65521, 0, -1.0808823529411764, 0.011919424689101671]
[49557, 10000, 65521, 0, -1.0808823529411764, 0.011919424689101671]
[49537, 10000, 65521, 0, -1.0808823529411764, 0.011919424689101671]
[49517, 10000, 65521, 0, -1.0808823529411764, 0.011919424689101671]
[49497, 10000, 65521, 0, -1.0808823529411764, 0.011919424689101671]
[49477, 10000, 65521, 0, -1.0808823529411764, 0.011919424689101671]
[49458, 10000, 65521, 0, -1.0808823529411764, 0.011919424689101671]
[49437, 10000, 65521, 0, -1.0808823529411764, 0.011919424689101671]
[49417, 10000, 65521, 0, -1.0808823529411764, 0.011919424689101671]
[49397, 10000, 65521, 0, -1.0808823529411764, 0.011919424689101671]
[49377, 10000, 65521, 0, -1.0808823529411764, 0.011919424689101671]
[49357, 10000, 65521, 0, -1.0808823529411764, 0.011919424689101671]
[49337, 10000, 65521, 0, -1.0808823529411764, 0.011919424689101671]
[49317, 10000, 65521, 0, -1.0808823529411764, 0.011919424689101671]
[49297, 10000, 65521, 0, -1.0208333333333335, 0.011919424689101671]
[49277, 10000, 65521, 0, -1.0208333333333335, 0.011919424689101671]
[49257, 10000, 65521, 0, -1.0208333333333335, 0.011919424689101671]
[49237, 10000, 65521, 0, -1.0808823529411764, 0.011919424689101671]
[49217, 10000, 65521, 0, -1.0808823529411764, 0.011919424689101671]
[49196, 10000, 65521, 0, -1.0808823529411764, 0.011919424689101671]
[49176, 10000, 65521, 0, -1.0808823529411764, 0.011919424689101671]
[49156, 10000, 65521, 0, -1.0808823529411764, 0.011919424689101671]
[49136, 10000, 65521, 0, -1.0808823529411764, 0.011919424689101671]
[49115, 10000, 65521, 0, -1.0808823529411764, 0.011919424689101671]
[49095, 10000, 65521, 0, -1.0808823529411764, 0.011919424689101671]
[49075, 10000, 65521, 0, -1.0808823529411764, 0.011919424689101671]
[49054, 10000, 65521, 0, -1.0208333333333335, 0.011919424689101671]
[49034, 10000, 65521, 0, -1.0208333333333335, 0.011919424689101671]
[49014, 10000, 65521, 0, -1.0208333333333335, 0.011919424689101671]
[48994, 10000, 65521, 0, -1.0808823529411764, 0.011919424689101671]
[48974, 10000, 65521, 0, -1.0808823529411764, 0.011919424689101671]
[48954, 10000, 65521, 0, -1.0808823529411764, 0.011919424689101671]
[48931, 10000, 65521, 0, -1.0808823529411764, 0.011919424689101671]
[48912, 10000, 65521, 0, -1.0808823529411764, 0.011919424689101671]
[48893, 10000, 65521, 0, -1.0808823529411764, 0.011919424689101671]
[48873, 10000, 65521, 0, -1.0808823529411764, 0.011919424689101671]
[48853, 10000, 65521, 0, -1.0808823529411764, 0.011919424689101671]
[48833, 10000, 65521, 0, -1.0808823529411764, 0.011919424689101671]
[48813, 10000, 65521, 0, -1.0808823529411764, 0.011124796376494895]
[48793, 10000, 65521, 0, -1.0208333333333335, 0.011124796376494895]
[48772, 10000, 65521, 0, -1.0208333333333335, 0.011124796376494895]
[48752, 10000, 65521, 0, -1.0208333333333335, 0.011124796376494895]
[48732, 10000, 65521, 0, -1.0208333333333335, 0.011124796376494895]
[48712, 10000, 65521, 0, -1.0208333333333335, 0.011124796376494895]
[48691, 10000, 65521, 0, -1.0208333333333335, 0.011124796376494895]
[48671, 10000, 65521, 0, -1.0208333333333335, 0.011124796376494895]
[48651, 10000, 65521, 0, -1.0208333333333335, 0.011124796376494895]
[48631, 10000, 65521, 0, -1.0208333333333335, 0.011124796376494895]
[48611, 10000, 65521, 0, -1.0208333333333335, 0.011124796376494895]
[48590, 10000, 65521, 0, -1.0208333333333335, 0.011124796376494895]
[48570, 10000, 65521, 0, -1.0208333333333335, 0.011124796376494895]
[48550, 10000, 65521, 0, -1.0208333333333335, 0.011124796376494895]
[48530, 10000, 65521, 0, -1.0208333333333335, 0.011124796376494895]
[48510, 10000, 65521, 0, -1.0808823529411764, 0.011124796376494895]
[48490, 10000, 65521, 0, -1.0808823529411764, 0.011124796376494895]
[48470, 10000, 65521, 0, -1.0808823529411764, 0.011124796376494895]
[48449, 10000, 65521, 0, -1.0808823529411764, 0.011124796376494895]
[48430, 10000, 65521, 0, -1.0808823529411764, 0.011124796376494895]
[48410, 10000, 65521, 0, -1.0808823529411764, 0.011124796376494895]
[48389, 10000, 65521, 0, -1.0808823529411764, 0.011124796376494895]
[48370, 10000, 65521, 0, -1.0808823529411764, 0.011124796376494895]
[48350, 10000, 65521, 0, -1.0808823529411764, 0.011124796376494895]
[48330, 10000, 65521, 0, -1.0808823529411764, 0.011124796376494895]
[48309, 10000, 65521, 0, -1.0808823529411764, 0.011124796376494895]
[48289, 10000, 65521, 0, -1.0808823529411764, 0.011124796376494895]
[48270, 10000, 65521, 0, -1.0808823529411764, 0.011124796376494895]
[48250, 10000, 65521, 0, -1.0808823529411764, 0.011124796376494895]
[48229, 10000, 65521, 0, -1.0808823529411764, 0.011124796376494895]
[48209, 10000, 65521, 0, -1.0808823529411764, 0.011124796376494895]
[48189, 10000, 65521, 0, -1.0808823529411764, 0.011124796376494895]
[48169, 10000, 65521, 0, -1.0808823529411764, 0.011124796376494895]
[48149, 10000, 65521, 0, -1.0808823529411764, 0.011124796376494895]
[48129, 10000, 65521, 0, -1.0808823529411764, 0.011124796376494895]
[48109, 10000, 65521, 0, -1.0808823529411764, 0.011124796376494895]
[48089, 10000, 65521, 0, -1.0808823529411764, 0.011124796376494895]
[48069, 10000, 65521, 0, -1.0808823529411764, 0.011124796376494895]
[48049, 10000, 65521, 0, -1.0808823529411764, 0.011124796376494895]
[48029, 10000, 65521, 0, -1.0808823529411764, 0.010330168063888116]
[48009, 10000, 65521, 0, -1.0208333333333335, 0.010330168063888116]
[47989, 10000, 65521, 0, -1.0208333333333335, 0.010330168063888116]
[47969, 10000, 65521, 0, -1.0208333333333335, 0.010330168063888116]
[47949, 10000, 65521, 0, -1.0208333333333335, 0.010330168063888116]
[47930, 10000, 65521, 0, -1.0808823529411764, 0.010330168063888116]
[47910, 10000, 65521, 0, -1.0808823529411764, 0.010330168063888116]
[47889, 10000, 65521, 0, -1.0808823529411764, 0.010330168063888116]
[47870, 10000, 65521, 0, -1.0808823529411764, 0.010330168063888116]
[47850, 10000, 65521, 0, -1.0808823529411764, 0.010330168063888116]
[47830, 10000, 65521, 0, -1.0808823529411764, 0.010330168063888116]
[47810, 10000, 65521, 0, -1.0808823529411764, 0.010330168063888116]
[47790, 10000, 65521, 0, -1.0808823529411764, 0.010330168063888116]
[47769, 10000, 65521, 0, -1.0808823529411764, 0.010330168063888116]
[47750, 10000, 65521, 0, -1.0808823529411764, 0.010330168063888116]
[47730, 10000, 65521, 0, -1.0808823529411764, 0.010330168063888116]
[47710, 10000, 65521, 0, -1.0808823529411764, 0.010330168063888116]
[47690, 10000, 65521, 0, -1.0808823529411764, 0.010330168063888116]
[47669, 10000, 65521, 0, -1.0808823529411764, 0.010330168063888116]
[47649, 10000, 65521, 0, -1.0808823529411764, 0.010330168063888116]
[47630, 10000, 65521, 0, -1.0208333333333335, 0.010330168063888116]
[47609, 10000, 65521, 0, -1.0208333333333335, 0.010330168063888116]
[47589, 10000, 65521, 0, -1.0208333333333335, 0.010330168063888116]
[47569, 10000, 65521, 0, -1.0208333333333335, 0.010330168063888116]
[47549, 10000, 65521, 0, -1.0208333333333335, 0.010330168063888116]
[47530, 10000, 65521, 0, -1.0208333333333335, 0.010330168063888116]
[47510, 10000, 65521, 0, -1.0208333333333335, 0.010330168063888116]
[47490, 10000, 65521, 0, -1.0208333333333335, 0.010330168063888116]
[47470, 10000, 65521, 0, -1.0808823529411764, 0.010330168063888116]
[47450, 10000, 65521, 0, -1.0808823529411764, 0.010330168063888116]
[47430, 10000, 65521, 0, -1.0808823529411764, 0.010330168063888116]
[47411, 10000, 65521, 0, -1.0808823529411764, 0.010330168063888116]
[47391, 10000, 65521, 0, -1.0808823529411764, 0.010330168063888116]
[47371, 10000, 65521, 0, -1.0808823529411764, 0.010330168063888116]
[47351, 10000, 65521, 0, -1.0208333333333335, 0.010330168063888116]
[47331, 10000, 65521, 0, -1.0208333333333335, 0.010330168063888116]
[47311, 10000, 65521, 0, -1.0208333333333335, 0.010330168063888116]
[47291, 10000, 65521, 0, -1.0808823529411764, 0.010330168063888116]
[47271, 10000, 65521, 0, -1.0808823529411764, 0.010330168063888116]
[47251, 10000, 65521, 0, -1.0808823529411764, 0.010330168063888116]
[47231, 10000, 65521, 0, -1.0808823529411764, 0.010330168063888116]
[47211, 10000, 65521, 0, -1.0808823529411764, 0.010330168063888116]
[47191, 10000, 65521, 0, -1.0808823529411764, 0.010330168063888116]
[47171, 10000, 65521, 0, -1.0808823529411764, 0.010330168063888116]
[47151, 10000, 65521, 0, -1.0808823529411764, 0.010330168063888116]
[47131, 10000, 65521, 0, -1.0808823529411764, 0.010330168063888116]
[47108, 10000, 65521, 0, -1.0808823529411764, 0.010330168063888116]
[47089, 10000, 65521, 0, -1.0808823529411764, 0.010330168063888116]
[47071, 10000, 65521, 0, -1.0808823529411764, 0.010330168063888116]
[47051, 10000, 65521, 0, -1.0808823529411764, 0.010330168063888116]
[47030, 10000, 65521, 0, -1.0808823529411764, 0.010330168063888116]
[47011, 10000, 65521, 0, -1.0808823529411764, 0.010330168063888116]
[46991, 10000, 65521, 0, -1.0808823529411764, 0.010330168063888116]
[46971, 10000, 65521, 0, -1.0808823529411764, 0.010330168063888116]
[46951, 10000, 65521, 0, -1.0808823529411764, 0.010330168063888116]
[46931, 10000, 65521, 0, -1.0808823529411764, 0.010330168063888116]
[46911, 10000, 65521, 0, -1.0808823529411764, 0.010330168063888116]
[46891, 10000, 65521, 0, -1.0808823529411764, 0.010330168063888116]
[46871, 10000, 65521, 0, -1.0808823529411764, 0.010330168063888116]
[46851, 10000, 65521, 0, -1.0808823529411764, 0.010330168063888116]
[46832, 10000, 65521, 0, -1.0808823529411764, 0.010330168063888116]
[46810, 10000, 65521, 0, -1.0808823529411764, 0.010330168063888116]
[46792, 10000, 65521, 0, -1.0808823529411764, 0.010330168063888116]
[46771, 10000, 65521, 0, -1.0808823529411764, 0.010330168063888116]
[46751, 10000, 65521, 0, -1.0808823529411764, 0.010330168063888116]
[46732, 10000, 65521, 0, -1.0808823529411764, 0.010330168063888116]
[46711, 10000, 65521, 0, -1.0808823529411764, 0.010330168063888116]
[46691, 10000, 65521, 0, -1.0808823529411764, 0.010330168063888116]
[46671, 10000, 65521, 0, -1.0808823529411764, 0.010330168063888116]
[46651, 10000, 65521, 0, -1.0808823529411764, 0.010330168063888116]
[46631, 10000, 65521, 0, -1.0808823529411764, 0.010330168063888116]
[46611, 10000, 65521, 0, -1.0808823529411764, 0.010330168063888116]
[46591, 10000, 65521, 0, -1.0808823529411764, 0.010330168063888116]
[46571, 10000, 65521, 0, -1.0808823529411764, 0.010330168063888116]
[46551, 10000, 65521, 0, -1.0808823529411764, 0.010330168063888116]
[46531, 10000, 65521, 0, -1.0808823529411764, 0.010330168063888116]
[46511, 10000, 65521, 0, -1.0808823529411764, 0.010330168063888116]
[46491, 10000, 65521, 0, -1.0808823529411764, 0.010330168063888116]
[46471, 10000, 65521, 0, -1.0808823529411764, 0.011124796376494895]
[46451, 10000, 65521, 0, -1.0208333333333335, 0.011124796376494895]
[46432, 10000, 65521, 0, -1.0208333333333335, 0.011124796376494895]
[46412, 10000, 65521, 0, -1.0208333333333335, 0.011124796376494895]
[46392, 10000, 65521, 0, -1.0808823529411764, 0.011124796376494895]
[46372, 10000, 65521, 0, -1.0808823529411764, 0.011124796376494895]
[46352, 10000, 65521, 0, -1.0808823529411764, 0.011124796376494895]
[46332, 10000, 65521, 0, -1.0808823529411764, 0.011124796376494895]
[46312, 10000, 65521, 0, -1.0808823529411764, 0.011124796376494895]
[46292, 10000, 65521, 0, -1.0808823529411764, 0.011124796376494895]
[46272, 10000, 65521, 0, -1.0808823529411764, 0.011124796376494895]
[46253, 10000, 65521, 0, -1.0808823529411764, 0.011124796376494895]
[46232, 10000, 65521, 0, -1.0808823529411764, 0.011124796376494895]
[46212, 10000, 65521, 0, -1.0208333333333335, 0.011124796376494895]
[46192, 10000, 65521, 0, -1.0208333333333335, 0.011124796376494895]
[46173, 10000, 65521, 0, -1.0208333333333335, 0.011124796376494895]
[46152, 10000, 65521, 0, -1.0208333333333335, 0.011124796376494895]
[46132, 10000, 65521, 0, -1.0208333333333335, 0.011124796376494895]
[46112, 10000, 65521, 0, -1.0208333333333335, 0.011124796376494895]
[46092, 10000, 65521, 0, -1.0208333333333335, 0.011124796376494895]
[46071, 10000, 65521, 0, -17, 14]
[46052, 10000, 65521, 0, 0, 0]
[46032, 10000, 65521, 0, -1.0208333333333335, 0.011124796376494895]
[46012, 10000, 65521, 0, -1.0208333333333335, 0.011124796376494895]
[45992, 10000, 65521, 0, -1.0208333333333335, 0.011124796376494895]
[45972, 10000, 65521, 0, -1.0208333333333335, 0.011124796376494895]
[45953, 10000, 65521, 0, -1.0208333333333335, 0.011124796376494895]
[45933, 10000, 65521, 0, -1.0208333333333335, 0.011124796376494895]
[45913, 10000, 65521, 0, -1.0208333333333335, 0.011124796376494895]
[45893, 10000, 65521, 0, -1.0208333333333335, 0.011124796376494895]
[45873, 10000, 65521, 0, -1.0208333333333335, 0.011124796376494895]
[45853, 10000, 65521, 0, -1.0208333333333335, 0.011124796376494895]
[45833, 10000, 65521, 0, -1.0208333333333335, 0.011124796376494895]
[45808, 10000, 65522, 0, -1.0208333333333335, 0.011124796376494895]
[45804, 10000, 65524, 0, -1.0208333333333335, 0.011124796376494895]
[45801, 10000, 65526, 0, -1.0208333333333335, 0.011124796376494895]
[45799, 10000, 65527, 0, -1.0208333333333335, 0.011124796376494895]
[45797, 10000, 65529, 0, -1.0208333333333335, 0.011124796376494895]
[45796, 10000, 65530, 0, -1.0208333333333335, 0.011124796376494895]
[45796, 10000, 65531, 0, -1.0208333333333335, 0.011124796376494895]
[45796, 10000, 65532, 0, -1.0208333333333335, 0.011124796376494895]
[45796, 10000, 65533, 0, -1.0208333333333335, 0.011124796376494895]
[45796, 10000, 65533, 0, -1.0208333333333335, 0.011124796376494895]
[45796, 10000, 65534, 0, -1.0208333333333335, 0.011124796376494895]
[45796, 10000, 65534, 0, -1.0208333333333335, 0.011124796376494895]
[45796, 10000, 65535, 0, -1.0208333333333335, 0.011124796376494895]
[45796, 10000, 65535, 0, -1.0208333333333335, 0.011124796376494895]
[45796, 10000, 65535, 0, -1.0208333333333335, 0.011124796376494895]
[45796, 10000, 65535, 0, -1.0208333333333335, 0.011124796376494895]
[45796, 10000, 65535, 0, -1.0208333333333335, 0.011124796376494895]
[45796, 10000, 65535, 0, -1.0208333333333335, 0.011124796376494895]
[45796, 10000, 0, 0, -1.0208333333333335, 0.011124796376494895]
[45796, 10000, 0, 0, -1.0208333333333335, 0.011124796376494895]
[45796, 10000, 0, 0, -1.0208333333333335, 0.011124796376494895]
[45796, 10000, 0, 0, -1.0208333333333335, 0.011124796376494895]
[45810, 10000, 3, 0, -1.0208333333333335, 0.011124796376494895]
[45829, 10000, 5, 0, -1.0808823529411764, 0.011124796376494895]
[45847, 10000, 6, 0, -1.321078431372549, 0.011124796376494895]
[45867, 10000, 8, 0, -1.4411764705882353, 0.010330168063888116]
[45887, 10000, 9, 0, -1.4411764705882353, 0.010330168063888116]
[45906, 10000, 10, 0, -1.4411764705882353, 0.010330168063888116]
[45925, 10000, 11, 0, -1.4411764705882353, 0.010330168063888116]
[45943, 10000, 12, 0, -1.4411764705882353, 0.010330168063888116]
[45964, 10000, 12, 0, -24, 13]
[45984, 10000, 13, 0, 0, 0]
[46002, 10000, 13, 0, -1.4411764705882353, 0.011124796376494895]
[46021, 10000, 13, 0, -1.4411764705882353, 0.011124796376494895]
[46038, 10000, 14, 0, -1.4411764705882353, 0.011124796376494895]
[46060, 10000, 14, 0, -1.4411764705882353, 0.011124796376494895]
[46078, 10000, 14, 0, -1.4411764705882353, 0.011124796376494895]
[46095, 10000, 14, 0, -1.4411764705882353, 0.011124796376494895]
[46112, 10000, 15, 0, -1.4411764705882353, 0.011124796376494895]
[46131, 10000, 15, 0, -1.4411764705882353, 0.011124796376494895]
[46148, 10000, 15, 0, -1.4411764705882353, 0.011124796376494895]
[46167, 10000, 15, 0, -1.4411764705882353, 0.011124796376494895]
[46188, 10000, 15, 0, -1.4411764705882353, 0.011124796376494895]
[46207, 10000, 15, 0, -1.4411764705882353, 0.011124796376494895]
[46227, 10000, 15, 0, -1.4411764705882353, 0.011124796376494895]
[46247, 10000, 15, 0, -1.4411764705882353, 0.011124796376494895]
[46269, 10000, 15, 0, -1.4411764705882353, 0.011124796376494895]
[46287, 10000, 15, 0, -1.4411764705882353, 0.011124796376494895]
[46307, 10000, 15, 0, -1.4411764705882353, 0.011124796376494895]
[46326, 10000, 15, 0, -1.4411764705882353, 0.011124796376494895]
[46348, 10000, 15, 0, -1.4411764705882353, 0.011124796376494895]
[46367, 10000, 15, 0, -1.4411764705882353, 0.011124796376494895]
[46386, 10000, 15, 0, -1.4411764705882353, 0.011124796376494895]
[46406, 10000, 15, 0, -1.3811274509803921, 0.011124796376494895]
[46427, 10000, 15, 0, -1.3811274509803921, 0.011124796376494895]
[46446, 10000, 15, 0, -1.3811274509803921, 0.011124796376494895]
[46466, 10000, 15, 0, -1.3811274509803921, 0.011124796376494895]
[46485, 10000, 15, 0, -1.3811274509803921, 0.011124796376494895]
[46507, 10000, 15, 0, -1.3811274509803921, 0.011124796376494895]
[46525, 10000, 15, 0, -1.3811274509803921, 0.011124796376494895]
[46545, 10000, 15, 0, -1.3811274509803921, 0.011124796376494895]
[46565, 10000, 15, 0, -1.3811274509803921, 0.011124796376494895]
[46586, 10000, 15, 0, -1.3811274509803921, 0.011124796376494895]
[46606, 10000, 15, 0, -1.3811274509803921, 0.011124796376494895]
[46626, 10000, 15, 0, -1.3811274509803921, 0.011124796376494895]
[46645, 10000, 15, 0, -1.3811274509803921, 0.011124796376494895]
[46667, 10000, 15, 0, -1.3811274509803921, 0.011124796376494895]
[46686, 10000, 15, 0, -1.3811274509803921, 0.011124796376494895]
[46705, 10000, 15, 0, -1.3811274509803921, 0.011124796376494895]
[46726, 10000, 15, 0, -1.3811274509803921, 0.011124796376494895]
[46747, 10000, 15, 0, -1.3811274509803921, 0.011124796376494895]
[46766, 10000, 15, 0, -1.3811274509803921, 0.011124796376494895]
[46786, 10000, 15, 0, -1.3811274509803921, 0.011124796376494895]
[46806, 10000, 15, 0, -1.3811274509803921, 0.011124796376494895]
[46826, 10000, 15, 0, -1.3811274509803921, 0.011124796376494895]
[46847, 10000, 15, 0, -1.3811274509803921, 0.011124796376494895]
[46866, 10000, 15, 0, -1.3811274509803921, 0.011124796376494895]
[46886, 10000, 15, 0, -1.3811274509803921, 0.011124796376494895]
[46908, 10000, 15, 0, -1.3811274509803921, 0.011124796376494895]
[46926, 10000, 15, 0, -1.3811274509803921, 0.011124796376494895]
[46946, 10000, 15, 0, -1.3811274509803921, 0.011124796376494895]
[46966, 10000, 15, 0, -1.3811274509803921, 0.011124796376494895]
[46987, 10000, 15, 0, -1.3811274509803921, 0.011124796376494895]
[47007, 10000, 15, 0, -1.3811274509803921, 0.011124796376494895]
[47025, 10000, 15, 0, -1.3811274509803921, 0.011124796376494895]
[47047, 10000, 15, 0, -1.3811274509803921, 0.011124796376494895]
[47066, 10000, 15, 0, -1.3811274509803921, 0.011124796376494895]
[47086, 10000, 15, 0, -1.3811274509803921, 0.011124796376494895]
[47105, 10000, 15, 0, -1.3811274509803921, 0.011124796376494895]
[47126, 10000, 15, 0, -1.3811274509803921, 0.011124796376494895]
[47146, 10000, 15, 0, -1.3811274509803921, 0.011124796376494895]
[47167, 10000, 15, 0, -1.3811274509803921, 0.011124796376494895]
[47186, 10000, 15, 0, -1.3811274509803921, 0.011124796376494895]
[47206, 10000, 15, 0, -1.3811274509803921, 0.011124796376494895]
[47227, 10000, 15, 0, -1.3811274509803921, 0.011124796376494895]
[47247, 10000, 15, 0, -1.3811274509803921, 0.011124796376494895]
[47266, 10000, 15, 0, -1.3811274509803921, 0.011124796376494895]
[47286, 10000, 15, 0, -1.3811274509803921, 0.011124796376494895]
[47307, 10000, 15, 0, -1.3811274509803921, 0.011124796376494895]
[47326, 10000, 15, 0, -1.3811274509803921, 0.011124796376494895]
[47349, 10000, 15, 0, -1.3811274509803921, 0.011124796376494895]
[47367, 10000, 15, 0, -1.3811274509803921, 0.011124796376494895]
[47386, 10000, 15, 0, -1.3811274509803921, 0.011124796376494895]
[47406, 10000, 15, 0, -1.3811274509803921, 0.011124796376494895]
[47425, 10000, 15, 0, -1.3811274509803921, 0.011124796376494895]
[47445, 10000, 15, 0, -1.3811274509803921, 0.011124796376494895]
[47483, 10000, 15, 0, -1.3811274509803921, 0.011124796376494895]
[47501, 10000, 15, 0, -1.4411764705882353, 0.011124796376494895]
[47520, 10000, 15, 0, -1.4411764705882353, 0.011124796376494895]
[47541, 10000, 15, 0, -1.3811274509803921, 0.011124796376494895]
[47560, 10000, 15, 0, -1.3811274509803921, 0.011124796376494895]
[47579, 10000, 15, 0, -1.3811274509803921, 0.011124796376494895]
[47599, 10000, 15, 0, -1.3811274509803921, 0.011124796376494895]
[47617, 10000, 15, 0, -1.3811274509803921, 0.011124796376494895]
[47635, 10000, 15, 0, -1.4411764705882353, 0.011124796376494895]
[47654, 10000, 15, 0, -1.4411764705882353, 0.011124796376494895]
[47671, 10000, 15, 0, -1.4411764705882353, 0.011124796376494895]
[47690, 10000, 15, 0, -1.4411764705882353, 0.011124796376494895]
[47710, 10000, 15, 0, -1.4411764705882353, 0.011124796376494895]
[47725, 10000, 15, 0, -1.4411764705882353, 0.011124796376494895]
[47746, 10000, 15, 0, -1.4411764705882353, 0.011124796376494895]
[47765, 10000, 15, 0, -1.4411764705882353, 0.011124796376494895]
[47786, 10000, 15, 0, -1.4411764705882353, 0.011124796376494895]
[47806, 10000, 15, 0, -1.4411764705882353, 0.011124796376494895]
[47825, 10000, 15, 0, -1.4411764705882353, 0.011124796376494895]
[47845, 10000, 15, 0, -1.4411764705882353, 0.011124796376494895]
[47866, 10000, 15, 0, -1.4411764705882353, 0.011124796376494895]
[47885, 10000, 15, 0, -1.4411764705882353, 0.011124796376494895]
[47905, 10000, 15, 0, -1.4411764705882353, 0.011124796376494895]
[47925, 10000, 15, 0, -1.4411764705882353, 0.011124796376494895]
[47945, 10000, 15, 0, -1.4411764705882353, 0.011124796376494895]
[47965, 10000, 15, 0, -1.4411764705882353, 0.011124796376494895]
[47985, 10000, 15, 0, -1.4411764705882353, 0.011124796376494895]
[48004, 10000, 15, 0, -1.4411764705882353, 0.011124796376494895]
[48025, 10000, 15, 0, -1.4411764705882353, 0.011124796376494895]
[48044, 10000, 15, 0, -1.4411764705882353, 0.011124796376494895]
[48064, 10000, 15, 0, -1.4411764705882353, 0.011124796376494895]
[48084, 10000, 15, 0, -1.4411764705882353, 0.011124796376494895]
[48105, 10000, 15, 0, -1.4411764705882353, 0.011124796376494895]
[48125, 10000, 15, 0, -1.4411764705882353, 0.011919424689101671]
[48147, 10000, 15, 0, -1.4411764705882353, 0.011919424689101671]
[48164, 10000, 15, 0, -1.4411764705882353, 0.011124796376494895]
[48185, 10000, 15, -1, -1.5012254901960784, 0.011124796376494895]
[48205, 10000, 15, 0, -1.5012254901960784, 0.011124796376494895]
[48224, 10000, 15, 0, -1.5012254901960784, 0.011124796376494895]
[48246, 10000, 15, 0, -1.5012254901960784, 0.011124796376494895]
[48265, 10000, 15, 0, -1.5012254901960784, 0.011124796376494895]
[48285, 10000, 15, 0, -1.5012254901960784, 0.011124796376494895]
[48305, 10000, 15, 0, -1.5012254901960784, 0.011124796376494895]
[48324, 10000, 15, 0, -1.5012254901960784, 0.011124796376494895]
[48345, 10000, 15, 0, -1.5012254901960784, 0.011124796376494895]
[48365, 10000, 15, 0, -1.5012254901960784, 0.011124796376494895]
[48384, 10000, 15, 0, -1.5012254901960784, 0.011124796376494895]
[48404, 10000, 15, 0, -1.5012254901960784, 0.011124796376494895]
[48425, 10000, 15, 0, -1.5012254901960784, 0.011124796376494895]
[48445, 10000, 15, 0, -1.5012254901960784, 0.011124796376494895]
[48464, 10000, 15, 0, -1.5012254901960784, 0.011124796376494895]
[48484, 10000, 15, 0, -1.5012254901960784, 0.011124796376494895]
[48505, 10000, 15, 0, -1.5012254901960784, 0.011124796376494895]
[48525, 10000, 15, 0, -1.5012254901960784, 0.011124796376494895]
[48545, 10000, 15, 0, -1.5012254901960784, 0.011124796376494895]
[48565, 10000, 15, 0, -1.5012254901960784, 0.011124796376494895]
[48586, 10000, 15, 0, -1.5012254901960784, 0.011919424689101671]
[48606, 10000, 15, 0, -1.5012254901960784, 0.011919424689101671]
[48626, 10000, 15, 0, -1.5012254901960784, 0.011919424689101671]
[48646, 10000, 15, 0, -1.5012254901960784, 0.011919424689101671]
[48667, 10000, 15, 0, -1.5012254901960784, 0.011919424689101671]
[48687, 10000, 15, 0, -1.5012254901960784, 0.011919424689101671]
[48707, 10000, 15, 0, -1.5012254901960784, 0.011919424689101671]
[48728, 10000, 15, 0, -1.5012254901960784, 0.011919424689101671]
[48748, 10000, 15, 0, -1.5012254901960784, 0.011919424689101671]
[48768, 10000, 15, 0, -1.5012254901960784, 0.011919424689101671]
[48788, 10000, 15, 0, -1.5012254901960784, 0.011919424689101671]
[48808, 10000, 15, 0, -1.5012254901960784, 0.011919424689101671]
[48829, 10000, 15, 0, -1.5012254901960784, 0.011919424689101671]
[48849, 10000, 15, 0, -1.5012254901960784, 0.011919424689101671]
[48869, 10000, 15, 0, -1.5612745098039214, 0.011919424689101671]
[48889, 10000, 15, 0, -1.5612745098039214, 0.011919424689101671]
[48910, 10000, 15, 0, -1.5612745098039214, 0.011919424689101671]
[48929, 10000, 15, 0, -1.5612745098039214, 0.011124796376494895]
[48949, 10000, 15, 0, -1.5612745098039214, 0.011919424689101671]
[48969, 10000, 15, 0, -1.5612745098039214, 0.011919424689101671]
[48990, 10000, 15, 0, -1.5612745098039214, 0.011919424689101671]
[49010, 10000, 15, 0, -1.5612745098039214, 0.011919424689101671]
[49030, 10000, 15, 0, -1.5612745098039214, 0.011919424689101671]
[49050, 10000, 15, 0, -1.5612745098039214, 0.011919424689101671]
[49071, 10000, 15, 0, -1.5612745098039214, 0.011919424689101671]
[49091, 10000, 15, 0, -1.5612745098039214, 0.011919424689101671]
[49111, 10000, 15, 0, -1.5612745098039214, 0.011919424689101671]
[49131, 10000, 15, 0, -1.5612745098039214, 0.011919424689101671]
[49152, 10000, 15, 0, -1.5012254901960784, 0.011919424689101671]
[49172, 10000, 15, 0, -1.5012254901960784, 0.011919424689101671]
[49192, 10000, 15, 0, -1.5012254901960784, 0.011919424689101671]
[49212, 10000, 15, 0, -1.5012254901960784, 0.011919424689101671]
[49233, 10000, 15, 0, -1.5012254901960784, 0.011919424689101671]
[49253, 10000, 15, 0, -1.5012254901960784, 0.011919424689101671]
[49273, 10000, 15, 0, -1.5012254901960784, 0.011919424689101671]
[49293, 10000, 15, 0, -1.5012254901960784, 0.011919424689101671]
[49314, 10000, 15, 0, -1.5012254901960784, 0.011919424689101671]
[49334, 10000, 15, 0, -1.5012254901960784, 0.011919424689101671]
[49353, 10000, 15, 0, -1.5012254901960784, 0.011919424689101671]
[49374, 10000, 15, 0, -1.5012254901960784, 0.011919424689101671]
[49394, 10000, 15, 0, -1.5012254901960784, 0.011919424689101671]
[49414, 10000, 15, 0, -1.5012254901960784, 0.011919424689101671]
[49433, 10000, 15, 0, -1.5012254901960784, 0.011919424689101671]
[49453, 10000, 15, 0, -1.5012254901960784, 0.011919424689101671]
[49474, 10000, 15, 0, -1.5012254901960784, 0.011919424689101671]
[49494, 10000, 15, 0, -1.5012254901960784, 0.011919424689101671]
[49513, 10000, 15, 0, -1.5012254901960784, 0.011919424689101671]
[49533, 10000, 15, 0, -1.5012254901960784, 0.011919424689101671]
[49554, 10000, 15, 0, -1.5012254901960784, 0.011919424689101671]
[49573, 10000, 15, 0, -1.5012254901960784, 0.011919424689101671]
[49593, 10000, 15, 0, -1.5012254901960784, 0.011919424689101671]
[49613, 10000, 15, 0, -1.5012254901960784, 0.011919424689101671]
[49634, 10000, 15, 0, -1.5012254901960784, 0.011919424689101671]
[49654, 10000, 15, 0, -1.5012254901960784, 0.011919424689101671]
[49674, 10000, 15, 0, -1.5012254901960784, 0.011919424689101671]
[49694, 10000, 15, 0, -1.5012254901960784, 0.011919424689101671]
[49715, 10000, 15, 0, -1.5012254901960784, 0.011919424689101671]
[49734, 10000, 15, 0, -1.5012254901960784, 0.011919424689101671]
[49754, 10000, 15, 0, -1.5012254901960784, 0.011919424689101671]
[49774, 10000, 15, 0, -1.5012254901960784, 0.011919424689101671]
[49795, 10000, 15, 0, -1.5012254901960784, 0.011919424689101671]
[49815, 10000, 15, 0, -1.5012254901960784, 0.011919424689101671]
[49834, 10000, 15, 0, -1.4411764705882353, 0.011919424689101671]
[49854, 10000, 15, 0, -1.4411764705882353, 0.011919424689101671]
[49875, 10000, 15, 0, -1.4411764705882353, 0.011919424689101671]
[49894, 10000, 15, 0, -1.4411764705882353, 0.011919424689101671]
[49914, 10000, 15, 0, -1.4411764705882353, 0.011919424689101671]
[49934, 10000, 15, 0, -1.4411764705882353, 0.011919424689101671]
[49954, 10000, 15, 0, -1.5012254901960784, 0.011919424689101671]
[49974, 10000, 15, 0, -1.5012254901960784, 0.011919424689101671]
[49993, 10000, 15, 0, -1.5012254901960784, 0.011919424689101671]
[50013, 10000, 15, 0, -1.5012254901960784, 0.011919424689101671]
[50033, 10000, 15, 0, -1.5012254901960784, 0.011919424689101671]
[50053, 10000, 15, 0, -1.5012254901960784, 0.011919424689101671]
[50073, 10000, 15, 0, -1.5012254901960784, 0.011919424689101671]
[50093, 10000, 15, 0, -1.5012254901960784, 0.011919424689101671]
[50113, 10000, 15, 0, -1.5012254901960784, 0.011919424689101671]
[50133, 10000, 15, 0, -1.5012254901960784, 0.011919424689101671]
[50153, 10000, 15, 0, -1.5012254901960784, 0.011919424689101671]
[50173, 10000, 15, 0, -1.4411764705882353, 0.011919424689101671]
[50194, 10000, 15, 0, -1.4411764705882353, 0.011919424689101671]
[50213, 10000, 15, 0, -1.4411764705882353, 0.011919424689101671]
[50233, 10000, 15, 0, -1.4411764705882353, 0.011919424689101671]
[50253, 10000, 15, 0, -1.4411764705882353, 0.011919424689101671]
[50274, 10000, 15, 0, -1.4411764705882353, 0.011919424689101671]
[50293, 10000, 15, 0, -1.4411764705882353, 0.011919424689101671]
[50313, 10000, 15, 0, -1.4411764705882353, 0.011919424689101671]
[50333, 10000, 15, 0, -1.4411764705882353, 0.011919424689101671]
[50353, 10000, 15, 0, -1.4411764705882353, 0.011919424689101671]
[50373, 10000, 15, 0, -1.4411764705882353, 0.011919424689101671]
[50392, 10000, 15, 0, -1.4411764705882353, 0.011919424689101671]
[50412, 10000, 15, 0, -1.4411764705882353, 0.011919424689101671]
[50432, 10000, 15, 0, -1.4411764705882353, 0.011919424689101671]
[50452, 10000, 15, 0, -1.4411764705882353, 0.011919424689101671]
[50472, 10000, 15, 0, -1.4411764705882353, 0.011919424689101671]
[50492, 10000, 15, 0, -1.4411764705882353, 0.011919424689101671]
[50512, 10000, 15, 0, -1.4411764705882353, 0.011919424689101671]
[50535, 10000, 15, 0, -1.4411764705882353, 0.011919424689101671]
[50553, 10000, 15, 0, -1.4411764705882353, 0.011919424689101671]
[50571, 10000, 15, 0, -1.4411764705882353, 0.011919424689101671]
[50592, 10000, 15, 0, -1.4411764705882353, 0.011919424689101671]
[50612, 10000, 15, 0, -1.4411764705882353, 0.011919424689101671]
[50631, 10000, 15, 0, -1.4411764705882353, 0.011919424689101671]
[50653, 10000, 15, 0, -1.4411764705882353, 0.011919424689101671]
[50673, 10000, 15, 0, -1.4411764705882353, 0.011919424689101671]
[50692, 10000, 15, 0, -1.4411764705882353, 0.011919424689101671]
[50712, 10000, 15, 0, -1.4411764705882353, 0.011919424689101671]
[50732, 10000, 15, 0, -1.4411764705882353, 0.011919424689101671]
[50753, 10000, 15, 0, -1.4411764705882353, 0.011919424689101671]
[50773, 10000, 15, 0, -1.4411764705882353, 0.011919424689101671]
[50792, 10000, 15, 0, -1.4411764705882353, 0.011919424689101671]
[50812, 10000, 15, 0, -1.4411764705882353, 0.011919424689101671]
[50833, 10000, 15, 0, -1.3811274509803921, 0.011919424689101671]
[50853, 10000, 15, 0, -1.3811274509803921, 0.011919424689101671]
[50875, 10000, 15, 0, -1.3811274509803921, 0.011919424689101671]
[50892, 10000, 15, 0, -1.3811274509803921, 0.011919424689101671]
[50913, 10000, 15, 0, -1.4411764705882353, 0.011919424689101671]
[50932, 10000, 15, 0, -1.4411764705882353, 0.011919424689101671]
[50952, 10000, 15, 0, -1.4411764705882353, 0.011919424689101671]
[50972, 10000, 15, 0, -1.4411764705882353, 0.011919424689101671]
[50992, 10000, 15, 0, -1.4411764705882353, 0.011919424689101671]
[51012, 10000, 15, 0, -1.4411764705882353, 0.011919424689101671]
[51032, 10000, 15, 0, -1.4411764705882353, 0.011919424689101671]
[51052, 10000, 15, 0, -1.4411764705882353, 0.011919424689101671]
[51073, 10000, 15, 0, -1.4411764705882353, 0.011919424689101671]
[51092, 10000, 15, 0, -1.4411764705882353, 0.01271405300170845]
[51112, 10000, 15, 0, -1.4411764705882353, 0.01271405300170845]
[51133, 10000, 15, 0, -1.4411764705882353, 0.01271405300170845]
[51153, 10000, 15, 0, -1.4411764705882353, 0.01271405300170845]
[51173, 10000, 15, 0, -1.4411764705882353, 0.01271405300170845]
[51192, 10000, 15, 0, -1.4411764705882353, 0.01271405300170845]
[51213, 10000, 15, 0, -1.4411764705882353, 0.01271405300170845]
[51233, 10000, 15, 0, -1.4411764705882353, 0.01271405300170845]
[51253, 10000, 15, 0, -1.4411764705882353, 0.01271405300170845]
[51273, 10000, 15, 0, -1.4411764705882353, 0.01271405300170845]
[51293, 10000, 15, 0, -1.3811274509803921, 0.01271405300170845]
[51313, 10000, 15, 0, -1.3811274509803921, 0.01271405300170845]
[51334, 10000, 15, 0, -1.3811274509803921, 0.01271405300170845]
[51353, 10000, 15, 0, -1.4411764705882353, 0.01271405300170845]
[51373, 10000, 15, 0, -1.4411764705882353, 0.01271405300170845]
[51393, 10000, 15, 0, -1.4411764705882353, 0.01271405300170845]
[51414, 10000, 15, 0, -1.4411764705882353, 0.01271405300170845]
[51432, 10000, 15, 0, -1.4411764705882353, 0.01271405300170845]
[51452, 10000, 15, 0, -1.4411764705882353, 0.01271405300170845]
[51473, 10000, 15, 0, -1.4411764705882353, 0.01271405300170845]
[51492, 10000, 15, 0, -1.4411764705882353, 0.01271405300170845]
[51512, 10000, 15, 0, -1.4411764705882353, 0.01271405300170845]
[51532, 10000, 15, 0, -1.4411764705882353, 0.01271405300170845]
[51552, 10000, 15, 0, -1.4411764705882353, 0.01271405300170845]
[51573, 10000, 15, 0, -1.4411764705882353, 0.01271405300170845]
[51592, 10000, 15, 0, -1.4411764705882353, 0.01271405300170845]
[51612, 10000, 15, 0, -1.4411764705882353, 0.01271405300170845]
[51632, 10000, 15, 0, -1.4411764705882353, 0.01271405300170845]
[51652, 10000, 15, 0, -1.4411764705882353, 0.01271405300170845]
[51671, 10000, 15, 0, -1.4411764705882353, 0.01271405300170845]
[51693, 10000, 15, 0, -1.4411764705882353, 0.01271405300170845]
[51712, 10000, 15, 0, -1.4411764705882353, 0.01271405300170845]
[51732, 10000, 15, 0, -1.4411764705882353, 0.01271405300170845]
[51756, 10000, 13, 0, -1.4411764705882353, 0.01271405300170845]
[51756, 10000, 11, 0, -1.4411764705882353, 0.01271405300170845]
[51756, 10000, 9, 0, -1.3811274509803921, 0.01271405300170845]
[51755, 10000, 7, 0, -1.3811274509803921, 0.011919424689101671]
[51754, 10000, 6, 0, -1.3811274509803921, 0.011919424689101671]
[51753, 10000, 5, 0, -1.3811274509803921, 0.011919424689101671]
[51753, 10000, 4, 0, -1.3811274509803921, 0.011919424689101671]
[51752, 10000, 3, 0, -1.3811274509803921, 0.011919424689101671]
[51752, 10000, 3, 0, -1.321078431372549, 0.011919424689101671]
[51752, 10000, 2, 0, -1.321078431372549, 0.011124796376494895]
[51751, 10000, 2, 0, -1.321078431372549, 0.011124796376494895]
[51751, 10000, 1, 0, -1.321078431372549, 0.011124796376494895]
[51751, 10000, 1, 0, -1.321078431372549, 0.011124796376494895]
[51751, 10000, 1, 0, -1.321078431372549, 0.011124796376494895]
[51751, 10000, 1, 0, -1.321078431372549, 0.011124796376494895]
[51751, 10000, 1, 0, -1.321078431372549, 0.011124796376494895]
[51751, 10000, 0, 0, -1.321078431372549, 0.011124796376494895]
[51751, 10000, 0, 0, -1.321078431372549, 0.011124796376494895]
[51751, 10000, 0, 0, -1.321078431372549, 0.011124796376494895]
[51751, 10000, 0, 0, -1.321078431372549, 0.011124796376494895]
[51751, 10000, 0, 0, -1.321078431372549, 0.011124796376494895]
[51751, 10000, 0, 0, -1.321078431372549, 0.011124796376494895]
[51751, 10000, 0, 0, -1.321078431372549, 0.011124796376494895]
[51751, 10000, 0, 0, -1.321078431372549, 0.011124796376494895]
[51751, 10000, 0, 0, -1.321078431372549, 0.011124796376494895]
[51751, 10000, 0, 0, -1.321078431372549, 0.011124796376494895]
[51751, 10000, 0, 0, -1.321078431372549, 0.011124796376494895]
[51751, 10000, 0, 0, -1.321078431372549, 0.011124796376494895]
[51751, 10000, 0, 0, -1.321078431372549, 0.011124796376494895]
[51751, 10000, 0, 0, -1.321078431372549, 0.011124796376494895]
[51753, 10000, 0, 0, -1.321078431372549, 0.011124796376494895]
[51738, 10000, 65534, 0, -1.321078431372549, 0.011124796376494895]
[51717, 10000, 65531, 0, -1.321078431372549, 0.011124796376494895]
[51698, 10000, 65529, 0, -1.2009803921568627, 0.011124796376494895]
[51679, 10000, 65528, 0, -1.1409313725490196, 0.011124796376494895]
[51659, 10000, 65527, 0, -1.1409313725490196, 0.011919424689101671]
[51639, 10000, 65526, 0, -1.1409313725490196, 0.011919424689101671]
[51622, 10000, 65525, 0, -1.1409313725490196, 0.011919424689101671]
[51604, 10000, 65524, 0, -1.1409313725490196, 0.011919424689101671]
[51584, 10000, 65524, 0, -1.1409313725490196, 0.011919424689101671]
[51567, 10000, 65523, 0, -1.1409313725490196, 0.011919424689101671]
[51548, 10000, 65523, 0, -1.1409313725490196, 0.011919424689101671]
[51529, 10000, 65523, 0, -1.1409313725490196, 0.011919424689101671]
[51510, 10000, 65522, 0, -1.1409313725490196, 0.011919424689101671]
[51492, 10000, 65522, 0, -1.1409313725490196, 0.011919424689101671]
[51472, 10000, 65522, 0, -1.1409313725490196, 0.011919424689101671]
[51454, 10000, 65522, 0, -1.1409313725490196, 0.011919424689101671]
[51435, 10000, 65522, 0, -1.1409313725490196, 0.011919424689101671]
[51417, 10000, 65522, 0, -1.1409313725490196, 0.011919424689101671]
[51398, 10000, 65521, 0, -1.1409313725490196, 0.011919424689101671]
[51376, 10000, 65521, 0, -1.1409313725490196, 0.011919424689101671]
[51357, 10000, 65521, 0, -1.1409313725490196, 0.011919424689101671]
[51338, 10000, 65521, 0, -1.1409313725490196, 0.011919424689101671]
[51318, 10000, 65521, 0, -1.1409313725490196, 0.011919424689101671]
[51298, 10000, 65521, 0, -1.1409313725490196, 0.011919424689101671]
[51277, 10000, 65521, 0, -1.1409313725490196, 0.011919424689101671]
[51258, 10000, 65521, 0, -1.0808823529411764, 0.011919424689101671]
[51237, 10000, 65521, 0, -1.0808823529411764, 0.011919424689101671]
[51218, 10000, 65521, 0, -1.0808823529411764, 0.011919424689101671]
[51198, 10000, 65521, 0, -1.1409313725490196, 0.011919424689101671]
[51177, 10000, 65521, 0, -1.1409313725490196, 0.011919424689101671]
[51158, 10000, 65521, 0, -1.1409313725490196, 0.011919424689101671]
[51138, 10000, 65521, 0, -1.1409313725490196, 0.011919424689101671]
[51118, 10000, 65521, 0, -1.1409313725490196, 0.011919424689101671]
[51097, 10000, 65521, 0, -1.1409313725490196, 0.011919424689101671]
[51078, 10000, 65521, 0, -1.1409313725490196, 0.011919424689101671]
[51057, 10000, 65521, 0, -1.1409313725490196, 0.011919424689101671]
[51037, 10000, 65521, 0, -1.1409313725490196, 0.011919424689101671]
[51017, 10000, 65521, 0, -1.1409313725490196, 0.011919424689101671]
[50997, 10000, 65521, 0, -1.1409313725490196, 0.011919424689101671]
[50978, 10000, 65521, 0, -1.1409313725490196, 0.011919424689101671]
[50958, 10000, 65521, 0, -1.1409313725490196, 0.011919424689101671]
[50938, 10000, 65521, 0, -1.1409313725490196, 0.011919424689101671]
[50917, 10000, 65521, 0, -1.1409313725490196, 0.011919424689101671]
[50898, 10000, 65521, 0, -1.1409313725490196, 0.011919424689101671]
[50878, 10000, 65521, 0, -1.1409313725490196, 0.011919424689101671]
[50858, 10000, 65521, 0, -1.1409313725490196, 0.011919424689101671]
[50836, 10000, 65521, 0, -1.1409313725490196, 0.011919424689101671]
[50818, 10000, 65521, 0, -1.1409313725490196, 0.011919424689101671]
[50798, 10000, 65521, 0, -1.1409313725490196, 0.011919424689101671]
[50778, 10000, 65521, 0, -1.1409313725490196, 0.011919424689101671]
[50758, 10000, 65521, 0, -1.1409313725490196, 0.011919424689101671]
[50738, 10000, 65521, 0, -1.1409313725490196, 0.011919424689101671]
[50718, 10000, 65521, 0, -1.1409313725490196, 0.011919424689101671]
[50697, 10000, 65521, 0, -1.1409313725490196, 0.011919424689101671]
[50678, 10000, 65521, 0, -1.1409313725490196, 0.011919424689101671]
[50658, 10000, 65521, 0, -1.1409313725490196, 0.011919424689101671]
[50638, 10000, 65521, 0, -1.1409313725490196, 0.011919424689101671]
[50618, 10000, 65521, 0, -1.1409313725490196, 0.011919424689101671]
[50598, 10000, 65521, 0, -1.1409313725490196, 0.011919424689101671]
[50578, 10000, 65521, 0, -1.1409313725490196, 0.011919424689101671]
[50558, 10000, 65521, 0, -1.1409313725490196, 0.011919424689101671]
[50538, 10000, 65521, 0, -1.1409313725490196, 0.011919424689101671]
[50518, 10000, 65521, 0, -1.0808823529411764, 0.011919424689101671]
[50498, 10000, 65521, 0, -1.0808823529411764, 0.011919424689101671]
[50478, 10000, 65521, 0, -1.0808823529411764, 0.011919424689101671]
[50458, 10000, 65521, 0, -1.0808823529411764, 0.011919424689101671]
[50438, 10000, 65521, 0, -1.0808823529411764, 0.011919424689101671]
[50419, 10000, 65521, 0, -1.0808823529411764, 0.011919424689101671]
[50396, 10000, 65521, 0, -1.0808823529411764, 0.011919424689101671]
[50379, 10000, 65521, 0, -1.0808823529411764, 0.011919424689101671]
[50359, 10000, 65521, 0, -1.0808823529411764, 0.011919424689101671]
[50339, 10000, 65521, 0, -1.0808823529411764, 0.011124796376494895]
[50319, 10000, 65521, 0, -1.0808823529411764, 0.011124796376494895]
[50299, 10000, 65521, 0, -1.0808823529411764, 0.011124796376494895]
[50279, 10000, 65521, 0, -1.0808823529411764, 0.011124796376494895]
[50259, 10000, 65521, 0, -1.0808823529411764, 0.011124796376494895]
[50239, 10000, 65521, 0, -1.0808823529411764, 0.011919424689101671]
[50218, 10000, 65521, 0, -1.0808823529411764, 0.011919424689101671]
[50199, 10000, 65521, 0, -1.0808823529411764, 0.011919424689101671]
[50177, 10000, 65521, 0, -1.0808823529411764, 0.011919424689101671]
[50158, 10000, 65521, 0, -1.0808823529411764, 0.011919424689101671]
[50139, 10000, 65521, 0, -1.0808823529411764, 0.011919424689101671]
[50119, 10000, 65521, 0, -1.0808823529411764, 0.011919424689101671]
[50099, 10000, 65521, 0, -1.1409313725490196, 0.011919424689101671]
[50079, 10000, 65521, 0, -1.0808823529411764, 0.011919424689101671]
[50059, 10000, 65521, 0, -1.0808823529411764, 0.011919424689101671]
[50038, 10000, 65521, 0, -1.0808823529411764, 0.011919424689101671]
[50019, 10000, 65521, 0, -1.0808823529411764, 0.011919424689101671]
[49999, 10000, 65521, 0, -1.0808823529411764, 0.011919424689101671]
[49979, 10000, 65521, 0, -1.0808823529411764, 0.011919424689101671]
[49959, 10000, 65521, 0, -1.0808823529411764, 0.011919424689101671]
[49940, 10000, 65521, 0, -1.0808823529411764, 0.011919424689101671]
[49920, 10000, 65521, 0, -1.0808823529411764, 0.011919424689101671]
[49900, 10000, 65521, 0, -1.0808823529411764, 0.011919424689101671]
[49880, 10000, 65521, 0, -1.0808823529411764, 0.011919424689101671]
[49860, 10000, 65521, 0, -1.0808823529411764, 0.011919424689101671]
[49840, 10000, 65521, 0, -1.0808823529411764, 0.011919424689101671]
[49820, 10000, 65521, 0, -1.0808823529411764, 0.011919424689101671]
[49799, 10000, 65521, 0, -1.0808823529411764, 0.011919424689101671]
[49780, 10000, 65521, 0, -1.0808823529411764, 0.011919424689101671]
[49759, 10000, 65521, 0, -1.0808823529411764, 0.011919424689101671]
[49740, 10000, 65521, 0, -1.0808823529411764, 0.011919424689101671]
[49720, 10000, 65521, 0, -1.0808823529411764, 0.011919424689101671]
[49700, 10000, 65521, 0, -1.0808823529411764, 0.011919424689101671]
[49679, 10000, 65521, 0, -1.0808823529411764, 0.011919424689101671]
[49660, 10000, 65521, 0, -1.0808823529411764, 0.011919424689101671]
[49640, 10000, 65521, 0, -1.0808823529411764, 0.011919424689101671]
[49619, 10000, 65521, 0, -1.0808823529411764, 0.011919424689101671]
[49599, 10000, 65521, 0, -1.0808823529411764, 0.011919424689101671]
[49579, 10000, 65521, 0, -1.0808823529411764, 0.011919424689101671]
[49559, 10000, 65521, 0, -1.0808823529411764, 0.011919424689101671]
[49540, 10000, 65521, 0, -1.0808823529411764, 0.011919424689101671]
[49519, 10000, 65521, 0, -1.0808823529411764, 0.011919424689101671]
[49499, 10000, 65521, 0, -1.0808823529411764, 0.011919424689101671]
[49479, 10000, 65521, 0, -1.0808823529411764, 0.011919424689101671]
[49460, 10000, 65521, 0, -1.0808823529411764, 0.011919424689101671]
[49440, 10000, 65521, 0, -1.0808823529411764, 0.011919424689101671]
[49420, 10000, 65521, 0, -1.0808823529411764, 0.011919424689101671]
[49399, 10000, 65521, 0, -1.0808823529411764, 0.011919424689101671]
[49375, 10000, 65521, 0, -1.0808823529411764, 0.011919424689101671]
[49357, 10000, 65521, 0, -1.0808823529411764, 0.011919424689101671]
[49339, 10000, 65521, 0, -1.0808823529411764, 0.011919424689101671]
[49319, 10000, 65521, 0, -1.0808823529411764, 0.011919424689101671]
[49299, 10000, 65521, 0, -1.0808823529411764, 0.011919424689101671]
[49279, 10000, 65521, 0, -1.0808823529411764, 0.011919424689101671]
[49259, 10000, 65521, 0, -1.0808823529411764, 0.011919424689101671]
[49239, 10000, 65521, 0, -1.0808823529411764, 0.011919424689101671]
[49219, 10000, 65521, 0, -1.0808823529411764, 0.011919424689101671]
[49198, 10000, 65521, 0, -1.0808823529411764, 0.011919424689101671]
[49178, 10000, 65521, 0, -1.0808823529411764, 0.011919424689101671]
[49157, 10000, 65521, 0, -1.0808823529411764, 0.011919424689101671]
[49138, 10000, 65521, 0, -1.0808823529411764, 0.011919424689101671]
[49117, 10000, 65521, 0, -1.0808823529411764, 0.011919424689101671]
[49095, 10000, 65521, 0, -1.0808823529411764, 0.011919424689101671]
[49077, 10000, 65521, 0, -1.0808823529411764, 0.011919424689101671]
[49057, 10000, 65521, 0, -1.0808823529411764, 0.011919424689101671]
[49036, 10000, 65521, 0, -1.0808823529411764, 0.011919424689101671]
[49016, 10000, 65521, 0, -1.0808823529411764, 0.011919424689101671]
[48996, 10000, 65521, 0, -1.0808823529411764, 0.011919424689101671]
[48976, 10000, 65521, 0, -1.0808823529411764, 0.011919424689101671]
[48955, 10000, 65521, 0, -1.0808823529411764, 0.011919424689101671]
[48935, 10000, 65521, 0, -1.0808823529411764, 0.011919424689101671]
[48915, 10000, 65521, 0, -1.0808823529411764, 0.011919424689101671]
[48894, 10000, 65521, 0, -1.0808823529411764, 0.011919424689101671]
[48875, 10000, 65521, 0, -1.0808823529411764, 0.011919424689101671]
[48855, 10000, 65521, 0, -1.0808823529411764, 0.011919424689101671]
[48834, 10000, 65521, 0, -1.0808823529411764, 0.011919424689101671]
[48815, 10000, 65521, 0, -1.0808823529411764, 0.011919424689101671]
[48795, 10000, 65521, 0, -1.0808823529411764, 0.011124796376494895]
[48774, 10000, 65521, 0, -1.0808823529411764, 0.011919424689101671]
[48754, 10000, 65521, 0, -1.0808823529411764, 0.011919424689101671]
[48734, 10000, 65521, 0, -1.0808823529411764, 0.011919424689101671]
[48714, 10000, 65521, 0, -1.0808823529411764, 0.011919424689101671]
[48693, 10000, 65521, 0, -1.0808823529411764, 0.011124796376494895]
[48673, 10000, 65521, 0, -1.0208333333333335, 0.011124796376494895]
[48653, 10000, 65521, 0, -1.0208333333333335, 0.011919424689101671]
[48631, 10000, 65521, 0, -1.0208333333333335, 0.011919424689101671]
[48610, 10000, 65521, 0, -1.0208333333333335, 0.011919424689101671]
[48591, 10000, 65521, 0, -1.0208333333333335, 0.011124796376494895]
[48571, 10000, 65521, 0, -1.0208333333333335, 0.011124796376494895]
[48552, 10000, 65521, 0, -1.0208333333333335, 0.011919424689101671]
[48532, 10000, 65521, 0, -1.0808823529411764, 0.011919424689101671]
[48512, 10000, 65521, 0, -1.0808823529411764, 0.011919424689101671]
[48492, 10000, 65521, 0, -1.0808823529411764, 0.011919424689101671]
[48471, 10000, 65521, 0, -1.0808823529411764, 0.011124796376494895]
[48452, 10000, 65521, 0, -1.0808823529411764, 0.011124796376494895]
[48432, 10000, 65521, 0, -1.0808823529411764, 0.011124796376494895]
[48411, 10000, 65521, 0, -1.0808823529411764, 0.011124796376494895]
[48391, 10000, 65521, 0, -1.0808823529411764, 0.011124796376494895]
[48370, 10000, 65521, 0, -1.0808823529411764, 0.011124796376494895]
[48351, 10000, 65521, 0, -1.0808823529411764, 0.011124796376494895]
[48332, 10000, 65521, 0, -1.0808823529411764, 0.011124796376494895]
[48311, 10000, 65521, 0, -1.0808823529411764, 0.011124796376494895]
[48291, 10000, 65521, 0, -1.0808823529411764, 0.011124796376494895]
[48271, 10000, 65521, 0, -1.0808823529411764, 0.011124796376494895]
[48251, 10000, 65521, 0, -1.0808823529411764, 0.011124796376494895]
[48231, 10000, 65521, 0, -1.0808823529411764, 0.011124796376494895]
[48211, 10000, 65521, 0, -1.0808823529411764, 0.011124796376494895]
[48191, 10000, 65521, 0, -1.0808823529411764, 0.011124796376494895]
[48171, 10000, 65521, 0, -1.0808823529411764, 0.011124796376494895]
[48151, 10000, 65521, 0, -1.0808823529411764, 0.011124796376494895]
[48131, 10000, 65521, 0, -1.0808823529411764, 0.011124796376494895]
[48111, 10000, 65521, 0, -1.0808823529411764, 0.011124796376494895]
[48091, 10000, 65521, 0, -1.0808823529411764, 0.011124796376494895]
[48071, 10000, 65521, 0, -1.0808823529411764, 0.011124796376494895]
[48051, 10000, 65521, 0, -1.0808823529411764, 0.011124796376494895]
[48031, 10000, 65521, 0, -1.0808823529411764, 0.011124796376494895]
[48011, 10000, 65521, 0, -1.0808823529411764, 0.011124796376494895]
[47990, 10000, 65521, 0, -1.0808823529411764, 0.011124796376494895]
[47971, 10000, 65521, 0, -1.0808823529411764, 0.011124796376494895]
[47951, 10000, 65521, 0, -1.0808823529411764, 0.011124796376494895]
[47932, 10000, 65521, 0, -1.0808823529411764, 0.011124796376494895]
[47911, 10000, 65521, 0, -1.0808823529411764, 0.010330168063888116]
[47891, 10000, 65521, 0, -1.0808823529411764, 0.010330168063888116]
[47872, 10000, 65521, 0, -1.0808823529411764, 0.010330168063888116]
[47852, 10000, 65521, 0, -1.0808823529411764, 0.010330168063888116]
[47832, 10000, 65521, 0, -1.0808823529411764, 0.010330168063888116]
[47811, 10000, 65521, 0, -1.0808823529411764, 0.010330168063888116]
[47791, 10000, 65521, 0, -1.0808823529411764, 0.010330168063888116]
[47772, 10000, 65521, 0, -1.0808823529411764, 0.010330168063888116]
[47751, 10000, 65521, 0, -1.0808823529411764, 0.010330168063888116]
[47731, 10000, 65521, 0, -1.0808823529411764, 0.010330168063888116]
[47712, 10000, 65521, 0, -1.0808823529411764, 0.010330168063888116]
[47692, 10000, 65521, 0, -1.0808823529411764, 0.010330168063888116]
[47671, 10000, 65521, 0, -1.0808823529411764, 0.010330168063888116]
[47652, 10000, 65521, 0, -1.0808823529411764, 0.010330168063888116]
[47632, 10000, 65521, 0, -1.0808823529411764, 0.010330168063888116]
[47611, 10000, 65521, 0, -1.0208333333333335, 0.010330168063888116]
[47591, 10000, 65521, 0, -1.0208333333333335, 0.010330168063888116]
[47571, 10000, 65521, 0, -1.0208333333333335, 0.010330168063888116]
[47552, 10000, 65521, 0, -1.0208333333333335, 0.011124796376494895]
[47532, 10000, 65521, 0, -1.0208333333333335, 0.010330168063888116]
[47511, 10000, 65521, 0, -1.0208333333333335, 0.010330168063888116]
[47492, 10000, 65521, 0, -1.0808823529411764, 0.010330168063888116]
[47472, 10000, 65521, 0, -1.0808823529411764, 0.010330168063888116]
[47452, 10000, 65521, 0, -1.0808823529411764, 0.010330168063888116]
[47432, 10000, 65521, 0, -1.0808823529411764, 0.010330168063888116]
[47412, 10000, 65521, 0, -1.0808823529411764, 0.010330168063888116]
[47392, 10000, 65521, 0, -1.0808823529411764, 0.010330168063888116]
[47372, 10000, 65521, 0, -1.0808823529411764, 0.010330168063888116]
[47353, 10000, 65521, 0, -1.0808823529411764, 0.010330168063888116]
[47333, 10000, 65521, 0, -1.0808823529411764, 0.010330168063888116]
[47313, 10000, 65521, 0, -1.0808823529411764, 0.010330168063888116]
[47293, 10000, 65521, 0, -1.0808823529411764, 0.010330168063888116]
[47273, 10000, 65521, 0, -1.0808823529411764, 0.010330168063888116]
[47253, 10000, 65521, 0, -1.0808823529411764, 0.010330168063888116]
[47233, 10000, 65521, 0, -1.0808823529411764, 0.010330168063888116]
[47213, 10000, 65521, 0, -1.0808823529411764, 0.010330168063888116]
[47193, 10000, 65521, 0, -1.0808823529411764, 0.010330168063888116]
[47173, 10000, 65521, 0, -1.0808823529411764, 0.010330168063888116]
[47153, 10000, 65521, 0, -1.0808823529411764, 0.010330168063888116]
[47133, 10000, 65521, 0, -1.0808823529411764, 0.010330168063888116]
[47113, 10000, 65521, 0, -1.0808823529411764, 0.010330168063888116]
[47092, 10000, 65521, 0, -1.0808823529411764, 0.010330168063888116]
[47073, 10000, 65521, 0, -1.0808823529411764, 0.010330168063888116]
[47052, 10000, 65521, 0, -1.0808823529411764, 0.010330168063888116]
[47032, 10000, 65521, 0, -1.0808823529411764, 0.010330168063888116]
[47012, 10000, 65521, 0, -1.0808823529411764, 0.010330168063888116]
[46993, 10000, 65521, 0, -1.0808823529411764, 0.010330168063888116]
[46973, 10000, 65521, 0, -1.0808823529411764, 0.010330168063888116]
[46953, 10000, 65521, 0, -1.0808823529411764, 0.010330168063888116]
[46932, 10000, 65521, 0, -1.0808823529411764, 0.010330168063888116]
[46913, 10000, 65521, 0, -1.0808823529411764, 0.010330168063888116]
[46893, 10000, 65521, 0, -1.0808823529411764, 0.010330168063888116]
[46873, 10000, 65521, 0, -1.0808823529411764, 0.010330168063888116]
[46853, 10000, 65521, 0, -1.0808823529411764, 0.010330168063888116]
[46833, 10000, 65521, 0, -1.0808823529411764, 0.010330168063888116]
[46813, 10000, 65521, 0, -1.0808823529411764, 0.010330168063888116]
[46793, 10000, 65521, 0, -1.0808823529411764, 0.010330168063888116]
[46773, 10000, 65521, 0, -1.0808823529411764, 0.010330168063888116]
[46753, 10000, 65521, 0, -1.0808823529411764, 0.010330168063888116]
[46733, 10000, 65521, 0, -1.0808823529411764, 0.010330168063888116]
[46713, 10000, 65521, 0, -1.0808823529411764, 0.010330168063888116]
[46693, 10000, 65521, 0, -1.0808823529411764, 0.010330168063888116]
[46673, 10000, 65521, 0, -1.0808823529411764, 0.010330168063888116]
[46653, 10000, 65521, 0, -1.0808823529411764, 0.010330168063888116]
[46633, 10000, 65521, 0, -1.0808823529411764, 0.010330168063888116]
[46613, 10000, 65521, 0, -1.0808823529411764, 0.010330168063888116]
[46593, 10000, 65521, 0, -1.0808823529411764, 0.010330168063888116]
[46573, 10000, 65521, 0, -1.0808823529411764, 0.010330168063888116]
[46553, 10000, 65521, 0, -1.0808823529411764, 0.010330168063888116]
[46531, 10000, 65521, 0, -1.0808823529411764, 0.010330168063888116]
[46513, 10000, 65521, 0, -1.0808823529411764, 0.011124796376494895]
[46491, 10000, 65521, 0, -1.0808823529411764, 0.011124796376494895]
[46471, 10000, 65521, 0, -1.0808823529411764, 0.011124796376494895]
[46447, 10000, 65521, 0, -1.0808823529411764, 0.011124796376494895]
[46428, 10000, 65521, 0, -1.0808823529411764, 0.011124796376494895]
[46410, 10000, 65521, 0, -1.0808823529411764, 0.011124796376494895]
[46391, 10000, 65521, 0, -1.0808823529411764, 0.011124796376494895]
[46372, 10000, 65521, 0, -1.0808823529411764, 0.011124796376494895]
[46354, 10000, 65521, 0, -1.0808823529411764, 0.011124796376494895]
[46332, 10000, 65521, 0, -1.0808823529411764, 0.011124796376494895]
[46313, 10000, 65521, 0, -1.0808823529411764, 0.011124796376494895]
[46294, 10000, 65521, 0, -1.0808823529411764, 0.011124796376494895]
[46273, 10000, 65521, 0, -1.0808823529411764, 0.011124796376494895]
[46255, 10000, 65521, 0, -1.0808823529411764, 0.011124796376494895]
[46233, 10000, 65521, 0, -1.0808823529411764, 0.011124796376494895]
[46212, 10000, 65521, 0, -1.0208333333333335, 0.011124796376494895]
[46193, 10000, 65521, 0, -1.0208333333333335, 0.011124796376494895]
[46174, 10000, 65521, 0, -1.0208333333333335, 0.011124796376494895]
[46154, 10000, 65521, 0, -1.0208333333333335, 0.011124796376494895]
[46134, 10000, 65521, 0, -1.0208333333333335, 0.011124796376494895]
[46114, 10000, 65521, 0, -1.0208333333333335, 0.011124796376494895]
[46094, 10000, 65521, 0, -1.0208333333333335, 0.011124796376494895]
[46074, 10000, 65521, 0, -1.0208333333333335, 0.011124796376494895]
[46054, 10000, 65521, 0, -1.0208333333333335, 0.011124796376494895]
[46034, 10000, 65521, 0, -1.0208333333333335, 0.011124796376494895]
[46014, 10000, 65521, 0, -1.0208333333333335, 0.011124796376494895]
[45994, 10000, 65521, 0, -1.0208333333333335, 0.011124796376494895]
[45974, 10000, 65521, 0, -1.0208333333333335, 0.011124796376494895]
[45955, 10000, 65521, 0, -1.0208333333333335, 0.011124796376494895]
[45935, 10000, 65521, 0, -1.0208333333333335, 0.011124796376494895]
[45915, 10000, 65521, 0, -1.0208333333333335, 0.011124796376494895]
[45894, 10000, 65521, 0, -1.0208333333333335, 0.011124796376494895]
[45875, 10000, 65521, 0, -1.0208333333333335, 0.011124796376494895]
[45855, 10000, 65521, 0, -1.0208333333333335, 0.011124796376494895]
[45835, 10000, 65521, 0, -1.0208333333333335, 0.011124796376494895]
[45815, 10000, 65521, 0, -1.0208333333333335, 0.011124796376494895]
[45790, 10000, 65522, 0, -1.0208333333333335, 0.011124796376494895]
[45786, 10000, 65524, 0, -1.0208333333333335, 0.011124796376494895]
[45783, 10000, 65526, 0, -1.0208333333333335, 0.011124796376494895]
[45781, 10000, 65527, 0, -1.0208333333333335, 0.011124796376494895]
[45779, 10000, 65529, 0, -1.0208333333333335, 0.011124796376494895]
[45778, 10000, 65530, 0, -1.0208333333333335, 0.011124796376494895]
[45776, 10000, 65531, 0, -1.0208333333333335, 0.011124796376494895]
[45776, 10000, 65531, 0, -1.0208333333333335, 0.011124796376494895]
[45776, 10000, 65532, 0, -1.0208333333333335, 0.011124796376494895]
[45775, 10000, 65533, 0, -1.0208333333333335, 0.011124796376494895]
[45775, 10000, 65533, 0, -1.0208333333333335, 0.011124796376494895]
[45775, 10000, 65534, 0, -1.0208333333333335, 0.011124796376494895]
[45775, 10000, 65534, 0, -1.0208333333333335, 0.011124796376494895]
[45775, 10000, 65535, 0, -1.0208333333333335, 0.011124796376494895]
[45775, 10000, 65535, 0, -1.0208333333333335, 0.011124796376494895]
[45775, 10000, 65535, 0, -1.0208333333333335, 0.011124796376494895]
[45775, 10000, 65535, 0, -1.0208333333333335, 0.011124796376494895]
[45775, 10000, 65535, 0, -1.0208333333333335, 0.011124796376494895]
[45775, 10000, 65535, 0, -1.0208333333333335, 0.011124796376494895]
[45775, 10000, 0, 0, -1.0208333333333335, 0.011124796376494895]
[45775, 10000, 0, 0, -1.0208333333333335, 0.011124796376494895]
[45792, 10000, 3, 0, -1.0208333333333335, 0.011124796376494895]
[45810, 10000, 5, 0, -1.0808823529411764, 0.011124796376494895]
[45828, 10000, 6, 0, -1.2610294117647058, 0.011124796376494895]
[45847, 10000, 8, 0, -1.4411764705882353, 0.010330168063888116]
[45866, 10000, 9, 0, -1.4411764705882353, 0.010330168063888116]
[45885, 10000, 10, 0, -1.4411764705882353, 0.010330168063888116]
[45903, 10000, 11, 0, -1.4411764705882353, 0.010330168063888116]
[45924, 10000, 11, 0, -1.5012254901960784, 0.010330168063888116]
[45942, 10000, 12, 0, -1.5012254901960784, 0.011124796376494895]
[45960, 10000, 13, 0, -1.5012254901960784, 0.011124796376494895]
[45980, 10000, 13, 0, -1.5012254901960784, 0.011124796376494895]
[45998, 10000, 14, 0, -1.5012254901960784, 0.011124796376494895]
[46014, 10000, 14, 0, -1.5012254901960784, 0.011124796376494895]
[46033, 10000, 14, 0, -1.4411764705882353, 0.011124796376494895]
[46051, 10000, 14, 0, -1.4411764705882353, 0.011124796376494895]
[46074, 10000, 14, 0, -1.4411764705882353, 0.011124796376494895]
[46091, 10000, 15, 0, -1.4411764705882353, 0.011124796376494895]
[46110, 10000, 15, 0, -1.4411764705882353, 0.011124796376494895]
[46129, 10000, 15, 0, -1.4411764705882353, 0.011124796376494895]
[46149, 10000, 15, 0, -1.4411764705882353, 0.011124796376494895]
[46168, 10000, 15, 0, -1.4411764705882353, 0.011124796376494895]
[46189, 10000, 15, 0, -1.4411764705882353, 0.011124796376494895]
[46208, 10000, 15, 0, -1.4411764705882353, 0.011124796376494895]
[46228, 10000, 15, 0, -1.4411764705882353, 0.011124796376494895]
[-1, -1, -2, -2, -1.4411764705882353, 0.011124796376494895]
[46269, 10000, 15, 0, -1.4411764705882353, 0.011124796376494895]
[46288, 10000, 15, 0, -1.4411764705882353, 0.011124796376494895]
[46308, 10000, 15, 0, -1.4411764705882353, 0.011124796376494895]
[46328, 10000, 15, 0, -1.4411764705882353, 0.011124796376494895]
[46348, 10000, 15, 0, -1.4411764705882353, 0.011124796376494895]
[46368, 10000, 15, 0, -1.4411764705882353, 0.011124796376494895]
[46387, 10000, 15, 0, -1.3811274509803921, 0.011124796376494895]
[46407, 10000, 15, 0, -1.3811274509803921, 0.011124796376494895]
[46427, 10000, 15, 0, -1.3811274509803921, 0.011124796376494895]
[46447, 10000, 15, 0, -1.3811274509803921, 0.011124796376494895]
[46467, 10000, 15, 0, -1.3811274509803921, 0.011124796376494895]
[46487, 10000, 15, 0, -1.3811274509803921, 0.011124796376494895]
[46507, 10000, 15, 0, -1.3811274509803921, 0.011124796376494895]
[46526, 10000, 15, 0, -1.3811274509803921, 0.011124796376494895]
[46546, 10000, 15, 0, -1.3811274509803921, 0.011124796376494895]
[46566, 10000, 15, 0, -1.3811274509803921, 0.011124796376494895]
[46587, 10000, 15, 0, -1.3811274509803921, 0.011124796376494895]
[46608, 10000, 15, 0, -1.3811274509803921, 0.011124796376494895]
[46626, 10000, 15, 0, -1.3811274509803921, 0.011124796376494895]
[46646, 10000, 15, 0, -1.3811274509803921, 0.011124796376494895]
[46667, 10000, 15, 0, -1.3811274509803921, 0.011124796376494895]
[46687, 10000, 15, 0, -1.3811274509803921, 0.011124796376494895]
[46707, 10000, 15, 0, -1.3811274509803921, 0.011124796376494895]
[46727, 10000, 15, 0, -1.3811274509803921, 0.011124796376494895]
[46747, 10000, 15, 0, -1.3811274509803921, 0.011124796376494895]
[46768, 10000, 15, 0, -1.3811274509803921, 0.011124796376494895]
[46787, 10000, 15, 0, -1.3811274509803921, 0.011124796376494895]
[46807, 10000, 15, 0, -1.3811274509803921, 0.011124796376494895]
[46828, 10000, 15, 0, -1.3811274509803921, 0.011124796376494895]
[46847, 10000, 15, 0, -1.3811274509803921, 0.011124796376494895]
[46867, 10000, 15, 0, -1.3811274509803921, 0.011124796376494895]
[46887, 10000, 15, 0, -1.3811274509803921, 0.011124796376494895]
[46908, 10000, 15, 0, -1.3811274509803921, 0.011124796376494895]
[46927, 10000, 15, 0, -1.3811274509803921, 0.011124796376494895]
[46947, 10000, 15, 0, -1.3811274509803921, 0.011124796376494895]
[46966, 10000, 15, 0, -1.3811274509803921, 0.011124796376494895]
[46988, 10000, 15, 0, -1.3811274509803921, 0.011124796376494895]
[47012, 10000, 15, 0, -1.3811274509803921, 0.011124796376494895]
[47029, 10000, 15, 0, -1.3811274509803921, 0.011124796376494895]
[47047, 10000, 15, 0, -1.3811274509803921, 0.011124796376494895]
[47067, 10000, 15, 0, -1.3811274509803921, 0.011124796376494895]
[47088, 10000, 15, 0, -1.3811274509803921, 0.011124796376494895]
[47108, 10000, 15, 0, -1.3811274509803921, 0.011124796376494895]
[47128, 10000, 15, 0, -1.3811274509803921, 0.011124796376494895]
[47151, 10000, 15, 0, -1.3811274509803921, 0.011124796376494895]
[47172, 10000, 15, 0, -1.3811274509803921, 0.011124796376494895]
[47189, 10000, 15, 0, -1.3811274509803921, 0.011124796376494895]
[47208, 10000, 15, 0, -1.3811274509803921, 0.011124796376494895]
[47228, 10000, 15, 0, -1.3811274509803921, 0.011124796376494895]
[47250, 10000, 15, 0, -1.3811274509803921, 0.011124796376494895]
[47268, 10000, 15, 0, -1.3811274509803921, 0.011124796376494895]
[47288, 10000, 15, 0, -1.3811274509803921, 0.011124796376494895]
[47308, 10000, 15, 0, -1.3811274509803921, 0.011124796376494895]
[47328, 10000, 15, 0, -1.3811274509803921, 0.011124796376494895]
[47350, 10000, 15, 0, -1.3811274509803921, 0.011124796376494895]
[47367, 10000, 15, 0, -1.3811274509803921, 0.011124796376494895]
[47387, 10000, 15, 0, -1.3811274509803921, 0.011124796376494895]
[47407, 10000, 15, 0, -1.3811274509803921, 0.011124796376494895]
[47426, 10000, 15, 0, -1.3811274509803921, 0.011124796376494895]
[47446, 10000, 15, 0, -1.3811274509803921, 0.011124796376494895]
[47467, 10000, 15, 0, -1.3811274509803921, 0.011124796376494895]
[47487, 10000, 15, 0, -1.3811274509803921, 0.011124796376494895]
[47506, 10000, 15, 0, -1.3811274509803921, 0.011124796376494895]
[47526, 10000, 15, 0, -23, 14]
[47548, 10000, 15, 0, 0, 0]
[47567, 10000, 15, 0, -1.3811274509803921, 0.011124796376494895]
[47585, 10000, 15, 0, -1.3811274509803921, 0.011124796376494895]
[47606, 10000, 15, 0, -1.4411764705882353, 0.011124796376494895]
[47626, 10000, 15, 0, -1.4411764705882353, 0.011124796376494895]
[47647, 10000, 15, 0, -1.4411764705882353, 0.011124796376494895]
[47666, 10000, 15, 0, -1.4411764705882353, 0.011124796376494895]
[47686, 10000, 15, 0, -1.4411764705882353, 0.011124796376494895]
[47707, 10000, 15, 0, -1.4411764705882353, 0.011124796376494895]
[47726, 10000, 15, 0, -1.4411764705882353, 0.011124796376494895]
[47746, 10000, 15, 0, -1.4411764705882353, 0.011124796376494895]
[47766, 10000, 15, 0, -1.4411764705882353, 0.011124796376494895]
[47787, 10000, 15, 0, -1.4411764705882353, 0.011124796376494895]
[47807, 10000, 15, 0, -1.4411764705882353, 0.011124796376494895]
[47826, 10000, 15, 0, -1.4411764705882353, 0.011124796376494895]
[47846, 10000, 15, 0, -1.4411764705882353, 0.011124796376494895]
[47867, 10000, 15, 0, -1.4411764705882353, 0.011124796376494895]
[47888, 10000, 15, 0, -1.4411764705882353, 0.011124796376494895]
[47906, 10000, 15, 0, -1.4411764705882353, 0.011124796376494895]
[47926, 10000, 15, 0, -1.4411764705882353, 0.011124796376494895]
[47947, 10000, 15, 0, -1.4411764705882353, 0.011124796376494895]
[47966, 10000, 15, 0, -1.4411764705882353, 0.011124796376494895]
[47986, 10000, 15, 0, -1.4411764705882353, 0.011124796376494895]
[48006, 10000, 15, 0, -1.4411764705882353, 0.011124796376494895]
[48026, 10000, 15, 0, -1.4411764705882353, 0.011124796376494895]
[48046, 10000, 15, 0, -1.4411764705882353, 0.011919424689101671]
[48065, 10000, 15, 0, -1.4411764705882353, 0.011919424689101671]
[48086, 10000, 15, 0, -1.4411764705882353, 0.011919424689101671]
[48106, 10000, 15, 0, -1.4411764705882353, 0.011919424689101671]
[48126, 10000, 15, 0, -1.4411764705882353, 0.011919424689101671]
[48146, 10000, 15, 0, -1.4411764705882353, 0.011919424689101671]
[48166, 10000, 15, 0, -1.4411764705882353, 0.011919424689101671]
[48187, 10000, 15, 0, -1.5012254901960784, 0.011919424689101671]
[48206, 10000, 15, 0, -1.5012254901960784, 0.011919424689101671]
[48226, 10000, 15, 0, -1.5012254901960784, 0.011919424689101671]
[48246, 10000, 15, 0, -1.5012254901960784, 0.011919424689101671]
[48267, 10000, 15, 0, -1.5012254901960784, 0.011919424689101671]
[48287, 10000, 15, 0, -1.5012254901960784, 0.011919424689101671]
[48306, 10000, 15, 0, -1.5012254901960784, 0.011919424689101671]
[48327, 10000, 15, 0, -1.5012254901960784, 0.011919424689101671]
[48347, 10000, 15, 0, -1.5012254901960784, 0.011919424689101671]
[48367, 10000, 15, 0, -1.5012254901960784, 0.011919424689101671]
[48389, 10000, 15, 0, -1.5012254901960784, 0.011919424689101671]
[48407, 10000, 15, 0, -1.5012254901960784, 0.011124796376494895]
[48427, 10000, 15, 0, -1.5012254901960784, 0.011124796376494895]
[48447, 10000, 15, 0, -1.5012254901960784, 0.011919424689101671]
[48466, 10000, 15, 0, -1.5012254901960784, 0.011124796376494895]
[48486, 10000, 15, 0, -1.5012254901960784, 0.011919424689101671]
[48510, 10000, 15, 0, -1.5012254901960784, 0.011919424689101671]
[48528, 10000, 15, 0, -1.5012254901960784, 0.011919424689101671]
[48548, 10000, 15, 0, -1.5012254901960784, 0.011919424689101671]
[48567, 10000, 15, 0, -1.5012254901960784, 0.011919424689101671]
[48587, 10000, 15, 0, -1.5012254901960784, 0.011919424689101671]
[48609, 10000, 15, 0, -1.5012254901960784, 0.011919424689101671]
[48628, 10000, 15, 0, -1.5012254901960784, 0.011919424689101671]
[48649, 10000, 15, 0, -1.5012254901960784, 0.011919424689101671]
[48669, 10000, 15, 0, -1.5012254901960784, 0.011919424689101671]
[48688, 10000, 15, 0, -1.5012254901960784, 0.011919424689101671]
[48708, 10000, 15, 0, -1.5012254901960784, 0.011919424689101671]
[48730, 10000, 15, 0, -1.5012254901960784, 0.011919424689101671]
[48750, 10000, 15, 0, -1.5012254901960784, 0.011919424689101671]
[48770, 10000, 15, 0, -1.5012254901960784, 0.011919424689101671]
[48790, 10000, 15, 0, -1.5012254901960784, 0.011919424689101671]
[48810, 10000, 15, 0, -1.5012254901960784, 0.011919424689101671]
[48832, 10000, 15, 0, -1.5012254901960784, 0.011919424689101671]
[48851, 10000, 15, 0, -1.5012254901960784, 0.011919424689101671]
[48871, 10000, 15, 0, -1.5612745098039214, 0.011919424689101671]
[48891, 10000, 15, 0, -1.5612745098039214, 0.011919424689101671]
[48911, 10000, 15, 0, -1.5612745098039214, 0.011919424689101671]
[48931, 10000, 15, 0, -1.5612745098039214, 0.011919424689101671]
[48951, 10000, 15, 0, -1.5612745098039214, 0.011919424689101671]
[48971, 10000, 15, 0, -1.5612745098039214, 0.011919424689101671]
[48992, 10000, 15, 0, -1.5612745098039214, 0.011919424689101671]
[49012, 10000, 15, 0, -1.5612745098039214, 0.011919424689101671]
[49032, 10000, 15, 0, -1.5012254901960784, 0.011919424689101671]
[49052, 10000, 15, 0, -1.5012254901960784, 0.011919424689101671]
[49074, 10000, 15, 0, -1.5012254901960784, 0.011919424689101671]
[49093, 10000, 15, 0, -1.5012254901960784, 0.011919424689101671]
[49113, 10000, 15, 0, -1.5012254901960784, 0.011919424689101671]
[49133, 10000, 15, 0, -1.5012254901960784, 0.011919424689101671]
[49154, 10000, 15, 0, -1.5012254901960784, 0.011919424689101671]
[49175, 10000, 15, 0, -1.5012254901960784, 0.011919424689101671]
[49194, 10000, 15, 0, -1.5012254901960784, 0.011919424689101671]
[49215, 10000, 15, 0, -1.5012254901960784, 0.011919424689101671]
[49236, 10000, 15, 0, -1.5012254901960784, 0.011919424689101671]
[49255, 10000, 15, 0, -1.5012254901960784, 0.011919424689101671]
[49275, 10000, 15, 0, -1.5012254901960784, 0.011919424689101671]
[49296, 10000, 15, 0, -1.5012254901960784, 0.011919424689101671]
[49316, 10000, 15, 0, -1.5012254901960784, 0.011919424689101671]
[49340, 10000, 15, 0, -1.5012254901960784, 0.011919424689101671]
[49356, 10000, 15, 0, -1.5012254901960784, 0.011919424689101671]
[49376, 10000, 15, 0, -1.5012254901960784, 0.011919424689101671]
[49396, 10000, 15, 0, -1.5012254901960784, 0.011919424689101671]
[49416, 10000, 15, 0, -1.5012254901960784, 0.011919424689101671]
[49436, 10000, 15, 0, -1.5012254901960784, 0.011919424689101671]
[49455, 10000, 15, 0, -1.5012254901960784, 0.011919424689101671]
[49476, 10000, 15, 0, -1.5012254901960784, 0.011919424689101671]
[49505, 10000, 15, 0, -1.5012254901960784, 0.011919424689101671]
[49523, 10000, 15, 0, -1.5012254901960784, 0.011919424689101671]
[49542, 10000, 15, 0, -1.5012254901960784, 0.011919424689101671]
[49559, 10000, 15, 0, -1.5012254901960784, 0.011919424689101671]
[49577, 10000, 15, 0, -1.5012254901960784, 0.011919424689101671]
[49596, 10000, 15, 0, -1.5012254901960784, 0.011919424689101671]
[49616, 10000, 15, 0, -1.5012254901960784, 0.011919424689101671]
[49636, 10000, 15, 0, -1.5012254901960784, 0.011919424689101671]
[49656, 10000, 15, 0, -1.5012254901960784, 0.011919424689101671]
[49676, 10000, 15, 0, -1.5012254901960784, 0.011919424689101671]
[49696, 10000, 15, 0, -1.5012254901960784, 0.011919424689101671]
[49717, 10000, 15, 0, -1.5012254901960784, 0.011919424689101671]
[49737, 10000, 15, 0, -1.5012254901960784, 0.011919424689101671]
[49757, 10000, 15, 0, -1.5012254901960784, 0.011919424689101671]
[49776, 10000, 15, 0, -1.5012254901960784, 0.011919424689101671]
[49797, 10000, 15, 0, -1.5012254901960784, 0.011919424689101671]
[49817, 10000, 15, 0, -1.5012254901960784, 0.011919424689101671]
[49837, 10000, 15, 0, -1.5012254901960784, 0.011919424689101671]
[49857, 10000, 15, 0, -1.5012254901960784, 0.011919424689101671]
[49877, 10000, 15, 0, -1.5012254901960784, 0.011919424689101671]
[49896, 10000, 15, 0, -1.5012254901960784, 0.011919424689101671]
[49916, -1, 15, -2, -1.5012254901960784, 0.011919424689101671]
[49936, 10000, 15, 0, -1.5012254901960784, 0.011919424689101671]
[49956, 10000, 15, 0, -1.5012254901960784, 0.011919424689101671]
[49976, 10000, 15, 0, -1.5012254901960784, 0.011919424689101671]
[49996, 10000, 15, 0, -1.5012254901960784, 0.011919424689101671]
[50016, 10000, 15, 0, -1.5012254901960784, 0.011919424689101671]
[50036, 10000, 15, 0, -1.5012254901960784, 0.011919424689101671]
[50056, 10000, 15, 0, -1.5012254901960784, 0.011919424689101671]
[50076, 10000, 15, 0, -1.5012254901960784, 0.011919424689101671]
[50096, 10000, 15, 0, -1.5012254901960784, 0.011919424689101671]
[50116, 10000, 15, 0, -1.5012254901960784, 0.011919424689101671]
[50138, 10000, 15, 0, -1.5012254901960784, 0.011919424689101671]
[50160, 10000, 15, 0, -1.5012254901960784, 0.011919424689101671]
[50179, 10000, 15, 0, -1.5012254901960784, 0.011919424689101671]
[50198, 10000, 15, 0, -1.5012254901960784, 0.011919424689101671]
[50217, 10000, 15, 0, -1.5012254901960784, 0.011919424689101671]
[50235, 10000, 15, 0, -1.4411764705882353, 0.011919424689101671]
[50256, 10000, 15, 0, -1.4411764705882353, 0.011919424689101671]
[50276, 10000, 15, 0, -1.4411764705882353, 0.011919424689101671]
[50296, 10000, 15, 0, -1.4411764705882353, 0.011919424689101671]
[50315, 10000, 15, 0, -1.4411764705882353, 0.011919424689101671]
[50338, 10000, 15, 0, -1.4411764705882353, 0.011919424689101671]
[50359, 10000, 15, 0, -1.4411764705882353, 0.011919424689101671]
[50380, 10000, 15, 0, -1.4411764705882353, 0.011919424689101671]
[50398, 10000, 15, 0, -1.4411764705882353, 0.011919424689101671]
[50416, 10000, 15, 0, -1.4411764705882353, 0.011919424689101671]
[50435, 10000, 15, 0, -1.4411764705882353, 0.011919424689101671]
[50455, 10000, 15, 0, -1.4411764705882353, 0.011919424689101671]
[50476, 10000, 15, 0, -1.4411764705882353, 0.011919424689101671]
[50499, 10000, 15, 0, -1.4411764705882353, 0.011919424689101671]
[50516, 10000, 15, 0, -1.4411764705882353, 0.011919424689101671]
[50534, 10000, 15, 0, -1.4411764705882353, 0.011919424689101671]
[50554, 10000, 15, 0, -1.4411764705882353, 0.011919424689101671]
[50574, 10000, 15, 0, -1.4411764705882353, 0.011919424689101671]
[50597, 10000, 15, 0, -1.4411764705882353, 0.011919424689101671]
[50614, 10000, 15, 0, -1.4411764705882353, 0.011919424689101671]
[50634, 10000, 15, 0, -1.4411764705882353, 0.011919424689101671]
[50655, 10000, 15, 0, -1.4411764705882353, 0.011919424689101671]
[50675, 10000, 15, 0, -1.4411764705882353, 0.011919424689101671]
[50695, 10000, 15, 0, -1.4411764705882353, 0.011919424689101671]
[50714, 10000, 15, 0, -1.4411764705882353, 0.011919424689101671]
[50735, 10000, 15, 0, -1.4411764705882353, 0.011919424689101671]
[50755, 10000, 15, 0, -1.4411764705882353, 0.011919424689101671]
[50775, 10000, 15, 0, -1.4411764705882353, 0.011919424689101671]
[50795, 10000, 15, 0, -1.4411764705882353, 0.011919424689101671]
[50815, 10000, 15, 0, -1.4411764705882353, 0.011919424689101671]
[50835, 10000, 15, 0, -1.3811274509803921, 0.011919424689101671]
[50855, 10000, 15, 0, -1.3811274509803921, 0.011919424689101671]
[50875, 10000, 15, 0, -1.3811274509803921, 0.011919424689101671]
[50895, 10000, 15, 0, -1.4411764705882353, 0.011919424689101671]
[50915, 10000, 15, 0, -1.4411764705882353, 0.011919424689101671]
[50935, 10000, 15, 0, -1.4411764705882353, 0.011919424689101671]
[50954, 10000, 15, 0, -1.4411764705882353, 0.011919424689101671]
[50975, 10000, 15, 0, -1.4411764705882353, 0.011919424689101671]
[50995, 10000, 15, 0, -1.4411764705882353, 0.011919424689101671]
[51014, 10000, 15, 0, -1.4411764705882353, 0.01271405300170845]
[51034, 10000, 15, 0, -1.4411764705882353, 0.01271405300170845]
[51055, 10000, 15, 0, -1.4411764705882353, 0.01271405300170845]
[51075, 10000, 15, 0, -1.4411764705882353, 0.01271405300170845]
[51095, 10000, 15, 0, -1.4411764705882353, 0.01271405300170845]
[51115, 10000, 15, 0, -1.4411764705882353, 0.01271405300170845]
[51136, 10000, 15, 0, -1.4411764705882353, 0.01271405300170845]
[51155, 10000, 15, 0, -1.4411764705882353, 0.01271405300170845]
[51177, 10000, 15, 0, -1.4411764705882353, 0.01271405300170845]
[51195, 10000, 15, 0, -1.4411764705882353, 0.01271405300170845]
[51215, 10000, 15, 0, -1.4411764705882353, 0.01271405300170845]
[51235, 10000, 15, 0, -1.4411764705882353, 0.01271405300170845]
[51255, 10000, 15, 0, -1.4411764705882353, 0.01271405300170845]
[51275, 10000, 15, 0, -1.4411764705882353, 0.01271405300170845]
[51296, 10000, 15, 0, -1.4411764705882353, 0.01271405300170845]
[51315, 10000, 15, 0, -1.4411764705882353, 0.01271405300170845]
[51335, 10000, 15, 0, -1.4411764705882353, 0.01271405300170845]
[51355, 10000, 15, 0, -1.4411764705882353, 0.01271405300170845]
[51375, 10000, 15, 0, -1.4411764705882353, 0.01271405300170845]
[51395, 10000, 15, 0, -1.4411764705882353, 0.01271405300170845]
[51415, 10000, 15, 0, -1.4411764705882353, 0.01271405300170845]
[51434, 10000, 15, 0, -1.4411764705882353, 0.01271405300170845]
[51454, 10000, 15, 0, -1.4411764705882353, 0.01271405300170845]
[51474, 10000, 15, 0, -1.4411764705882353, 0.01271405300170845]
[51494, 10000, 15, 0, -1.4411764705882353, 0.01271405300170845]
[51513, 10000, 15, 0, -1.4411764705882353, 0.01271405300170845]
[51534, 10000, 15, 0, -1.4411764705882353, 0.01271405300170845]
[51554, 10000, 15, 0, -1.4411764705882353, 0.01271405300170845]
[51574, 10000, 15, 0, -1.4411764705882353, 0.01271405300170845]
[51593, 10000, 15, 0, -1.4411764705882353, 0.01271405300170845]
[51614, 10000, 15, 0, -1.4411764705882353, 0.01271405300170845]
[51634, 10000, 15, 0, -1.4411764705882353, 0.01271405300170845]
[51654, 10000, 15, 0, -1.4411764705882353, 0.01271405300170845]
[51673, 10000, 15, 0, -1.4411764705882353, 0.01271405300170845]
[51694, 10000, 15, 0, -1.4411764705882353, 0.01271405300170845]
[51714, 10000, 15, 0, -1.4411764705882353, 0.01271405300170845]
[51736, 10000, 13, 0, -1.4411764705882353, 0.01271405300170845]
[51736, 10000, 11, 0, -1.4411764705882353, 0.01271405300170845]
[51736, 10000, 9, 0, -1.3811274509803921, 0.01271405300170845]
[51735, 10000, 8, 0, -1.3811274509803921, 0.01271405300170845]
[51734, 10000, 6, 0, -1.3811274509803921, 0.011919424689101671]
[51733, 10000, 5, 0, -1.3811274509803921, 0.011919424689101671]
[51733, 10000, 4, 0, -1.3811274509803921, 0.011919424689101671]
[51732, 10000, 3, 0, -1.3811274509803921, 0.011919424689101671]
[51732, 10000, 2, 0, -1.3811274509803921, 0.011124796376494895]
[51732, 10000, 2, 0, -1.321078431372549, 0.011124796376494895]
[51731, 10000, 2, 0, -1.321078431372549, 0.011124796376494895]
[51731, 10000, 1, 0, -1.321078431372549, 0.011124796376494895]
[51731, 10000, 1, 0, -1.321078431372549, 0.011124796376494895]
[51731, 10000, 1, 0, -1.321078431372549, 0.011124796376494895]
[51731, 10000, 1, 0, -1.321078431372549, 0.011124796376494895]
[51731, 10000, 1, 0, -1.321078431372549, 0.011124796376494895]
[51733, 10000, 0, 0, -1.321078431372549, 0.011124796376494895]
[51716, 10000, 65534, 0, -1.321078431372549, 0.011124796376494895]
[51698, 10000, 65532, 0, -1.321078431372549, 0.011124796376494895]
[51679, 10000, 65530, 0, -1.2009803921568627, 0.011124796376494895]
[51660, 10000, 65528, 0, -1.1409313725490196, 0.011124796376494895]
[51640, 10000, 65527, 0, -1.1409313725490196, 0.011919424689101671]
[51620, 10000, 65526, 0, -1.1409313725490196, 0.011919424689101671]
[51602, 10000, 65525, 0, -1.1409313725490196, 0.011919424689101671]
[51584, 10000, 65524, 0, -1.1409313725490196, 0.011919424689101671]
[51566, 10000, 65524, 0, -1.1409313725490196, 0.011919424689101671]
[51547, 10000, 65523, 0, -1.1409313725490196, 0.011919424689101671]
[51527, 10000, 65523, 0, -1.1409313725490196, 0.011919424689101671]
[51508, 10000, 65523, 0, -1.1409313725490196, 0.011919424689101671]
[51488, 10000, 65522, 0, -1.1409313725490196, 0.011919424689101671]
[51471, 10000, 65522, 0, -1.1409313725490196, 0.011919424689101671]
[51452, 10000, 65522, 0, -1.1409313725490196, 0.011919424689101671]
[51434, 10000, 65522, 0, -1.1409313725490196, 0.011919424689101671]
[51416, 10000, 65522, 0, -1.1409313725490196, 0.011919424689101671]
[51397, 10000, 65522, 0, -1.1409313725490196, 0.011919424689101671]
[51366, 10000, 65523, 0, -1.1409313725490196, 0.011919424689101671]
[51347, 10000, 65522, 0, -1.1409313725490196, 0.011919424689101671]
[51329, 10000, 65522, 0, -1.1409313725490196, 0.011919424689101671]
[51308, 10000, 65522, 0, -1.1409313725490196, 0.011919424689101671]
[51289, 10000, 65522, 0, -1.1409313725490196, 0.011919424689101671]
[51269, 10000, 65522, 0, -1.1409313725490196, 0.011919424689101671]
[51250, 10000, 65522, 0, -1.0808823529411764, 0.011919424689101671]
[51229, 10000, 65521, 0, -1.0808823529411764, 0.011919424689101671]
[51210, 10000, 65521, 0, -1.0808823529411764, 0.011919424689101671]
[51191, 10000, 65521, 0, -1.1409313725490196, 0.011919424689101671]
[51172, 10000, 65521, 0, -1.1409313725490196, 0.011919424689101671]
[51150, 10000, 65521, 0, -1.1409313725490196, 0.011919424689101671]
[51130, 10000, 65521, 0, -1.1409313725490196, 0.011919424689101671]
[51111, 10000, 65521, 0, -1.1409313725490196, 0.011919424689101671]
[51091, 10000, 65521, 0, -1.1409313725490196, 0.011919424689101671]
[51070, 10000, 65521, 0, -1.1409313725490196, 0.011919424689101671]
[51051, 10000, 65521, 0, -1.1409313725490196, 0.011919424689101671]
[51032, 10000, 65521, 0, -1.1409313725490196, 0.011919424689101671]
[51014, 10000, 65521, 0, -1.1409313725490196, 0.011919424689101671]
[50995, 10000, 65521, 0, -1.1409313725490196, 0.011919424689101671]
[50975, 10000, 65521, 0, -1.1409313725490196, 0.011919424689101671]
[50955, 10000, 65521, 0, -1.1409313725490196, 0.011919424689101671]
[50936, 10000, 65521, 0, -1.1409313725490196, 0.011919424689101671]
[50917, 10000, 65521, 0, -1.1409313725490196, 0.011919424689101671]
[50896, 10000, 65521, 0, -1.1409313725490196, 0.011919424689101671]
[50876, 10000, 65521, 0, -1.1409313725490196, 0.011919424689101671]
[50855, 10000, 65521, 0, -1.1409313725490196, 0.011919424689101671]
[50837, 10000, 65521, 0, -1.1409313725490196, 0.011919424689101671]
[50818, 10000, 65521, 0, -1.1409313725490196, 0.011919424689101671]
[50798, 10000, 65521, 0, -1.0808823529411764, 0.011919424689101671]
[50779, 10000, 65521, 0, -1.1409313725490196, 0.011919424689101671]
[50759, 10000, 65521, 0, -1.1409313725490196, 0.011919424689101671]
[50740, 10000, 65521, 0, -1.1409313725490196, 0.011919424689101671]
[50721, 10000, 65521, 0, -1.1409313725490196, 0.011919424689101671]
[50703, 10000, 65521, 0, -1.1409313725490196, 0.011919424689101671]
[50685, 10000, 65521, 0, -1.1409313725490196, 0.011919424689101671]
[50667, 10000, 65521, 0, -1.1409313725490196, 0.011919424689101671]
[50649, 10000, 65521, 0, -1.1409313725490196, 0.011919424689101671]
[50629, 10000, 65521, 0, -1.1409313725490196, 0.011919424689101671]
[50610, 10000, 65521, 0, -1.1409313725490196, 0.011919424689101671]
[50589, 10000, 65521, 0, -1.1409313725490196, 0.011919424689101671]
[50569, 10000, 65521, 0, -1.1409313725490196, 0.011919424689101671]
[50549, 10000, 65521, 0, -1.0808823529411764, 0.011919424689101671]
[50530, 10000, 65521, 0, -1.0808823529411764, 0.011919424689101671]
[50510, 10000, 65521, 0, -1.0808823529411764, 0.011919424689101671]
[50488, 10000, 65521, 0, -1.0808823529411764, 0.011919424689101671]
[50470, 10000, 65521, 0, -1.0808823529411764, 0.011919424689101671]
[50450, 10000, 65521, 0, -1.0808823529411764, 0.011919424689101671]
[50430, 10000, 65521, 0, -1.0808823529411764, 0.011919424689101671]
[50410, 10000, 65521, 0, -1.0808823529411764, 0.011124796376494895]
[50390, 10000, 65521, 0, -1.0808823529411764, 0.011919424689101671]
[50370, 10000, 65521, 0, -1.0808823529411764, 0.011919424689101671]
[50351, 10000, 65521, 0, -1.1409313725490196, 0.011124796376494895]
[50331, 10000, 65521, 0, -1.1409313725490196, 0.011919424689101671]
[50311, 10000, 65521, 0, -1.1409313725490196, 0.011919424689101671]
[50291, 10000, 65521, 0, -1.1409313725490196, 0.011124796376494895]
[50271, 10000, 65521, 0, -1.0808823529411764, 0.011919424689101671]
[50251, 10000, 65521, 0, -1.0808823529411764, 0.011919424689101671]
[50231, 10000, 65521, 0, -1.0808823529411764, 0.011919424689101671]
[50211, 10000, 65521, 0, -1.0808823529411764, 0.011919424689101671]
[50191, 10000, 65521, 0, -1.0808823529411764, 0.011919424689101671]
[50171, 10000, 65521, 0, -1.0808823529411764, 0.011919424689101671]
[50151, 10000, 65521, 0, -1.0808823529411764, 0.011919424689101671]
[50131, 10000, 65521, 0, -1.0808823529411764, 0.011919424689101671]
[50111, 10000, 65521, 0, -1.0808823529411764, 0.011919424689101671]
[50090, 10000, 65521, 0, -1.0808823529411764, 0.011919424689101671]
[50071, 10000, 65521, 0, -1.0808823529411764, 0.011919424689101671]
[50051, 10000, 65521, 0, -1.0808823529411764, 0.011919424689101671]
[-1, -1, -2, -2, -1.0808823529411764, 0.011919424689101671]
[50011, 10000, 65521, 0, -1.0808823529411764, 0.011919424689101671]
[49991, 10000, 65521, 0, -1.0808823529411764, 0.011919424689101671]
[49971, 10000, 65521, 0, -1.0808823529411764, 0.011919424689101671]
[49951, 10000, 65521, 0, -1.0808823529411764, 0.011919424689101671]
[49932, 10000, 65521, 0, -1.0808823529411764, 0.011919424689101671]
[49912, 10000, 65521, 0, -1.0808823529411764, 0.011919424689101671]
[49891, 10000, 65521, 0, -1.0808823529411764, 0.011919424689101671]
[49872, 10000, 65521, 0, -1.0808823529411764, 0.011919424689101671]
[49852, 10000, 65521, 0, -1.0808823529411764, 0.011919424689101671]
[49832, 10000, 65521, 0, -1.0808823529411764, 0.011919424689101671]
[49810, 10000, 65521, 0, -1.0808823529411764, 0.011919424689101671]
[49792, 10000, 65521, 0, -1.0808823529411764, 0.011919424689101671]
[49772, 10000, 65521, 0, -1.0808823529411764, 0.011919424689101671]
[49752, 10000, 65521, 0, -1.0808823529411764, 0.011919424689101671]
[49732, 10000, 65521, 0, -1.0808823529411764, 0.011919424689101671]
[49712, 10000, 65521, 0, -1.0808823529411764, 0.011919424689101671]
[49692, 10000, 65521, 0, -1.0808823529411764, 0.011919424689101671]
[49671, 10000, 65521, 0, -1.0808823529411764, 0.011919424689101671]
[49651, 10000, 65521, 0, -1.0808823529411764, 0.011919424689101671]
[49631, 10000, 65521, 0, -1.0808823529411764, 0.011919424689101671]
[49611, 10000, 65521, 0, -1.0808823529411764, 0.011919424689101671]
[49591, 10000, 65521, 0, -1.0808823529411764, 0.011919424689101671]
[49571, 10000, 65521, 0, -1.0808823529411764, 0.011919424689101671]
[49551, 10000, 65521, 0, -1.0808823529411764, 0.011919424689101671]
[49531, 10000, 65521, 0, -1.0808823529411764, 0.011919424689101671]
[49511, 10000, 65521, 0, -1.0808823529411764, 0.011919424689101671]
[49491, 10000, 65521, 0, -1.0808823529411764, 0.011919424689101671]
[49471, 10000, 65521, 0, -1.0808823529411764, 0.011919424689101671]
[49450, 10000, 65521, 0, -1.0808823529411764, 0.011919424689101671]
[49431, 10000, 65521, 0, -1.0808823529411764, 0.011919424689101671]
[49411, 10000, 65521, 0, -1.0808823529411764, 0.011919424689101671]
[49391, 10000, 65521, 0, -1.0808823529411764, 0.011919424689101671]
[49371, 10000, 65521, 0, -1.0808823529411764, 0.011919424689101671]
[49351, 10000, 65521, 0, -1.0808823529411764, 0.011919424689101671]
[49330, 10000, 65521, 0, -1.0808823529411764, 0.011919424689101671]
[49311, 10000, 65521, 0, -1.0808823529411764, 0.011919424689101671]
[49291, 10000, 65521, 0, -1.0808823529411764, 0.011919424689101671]
[49271, 10000, 65521, 0, -1.0808823529411764, 0.011919424689101671]
[49250, 10000, 65521, 0, -1.0808823529411764, 0.011919424689101671]
[49230, 10000, 65521, 0, -1.0808823529411764, 0.011919424689101671]
[49210, 10000, 65521, 0, -1.0808823529411764, 0.011919424689101671]
[49190, 10000, 65521, 0, -1.0808823529411764, 0.011919424689101671]
[49170, 10000, 65521, 0, -1.0808823529411764, 0.011919424689101671]
[49149, 10000, 65521, 0, -1.0808823529411764, 0.011919424689101671]
[49129, 10000, 65521, 0, -1.0808823529411764, 0.011919424689101671]
[49109, 10000, 65521, 0, -1.0808823529411764, 0.011919424689101671]
[49088, 10000, 65521, 0, -1.0808823529411764, 0.011919424689101671]
[49068, 10000, 65521, 0, -1.0808823529411764, 0.011919424689101671]
[49048, 10000, 65521, 0, -1.0808823529411764, 0.011919424689101671]
[49028, 10000, 65521, 0, -1.0808823529411764, 0.011919424689101671]
[49008, 10000, 65521, 0, -1.0808823529411764, 0.011919424689101671]
[48988, 10000, 65521, 0, -1.0808823529411764, 0.011919424689101671]
[48967, 10000, 65521, 0, -1.0808823529411764, 0.011919424689101671]
[48947, 10000, 65521, 0, -1.0808823529411764, 0.011919424689101671]
[48927, 10000, 65521, 0, -1.0808823529411764, 0.011919424689101671]
[48907, 10000, 65521, 0, -1.0808823529411764, 0.011919424689101671]
[48887, 10000, 65521, 0, -1.0808823529411764, 0.011919424689101671]
[48867, 10000, 65521, 0, -1.0808823529411764, 0.011919424689101671]
[48847, 10000, 65521, 0, -1.0808823529411764, 0.011919424689101671]
[48826, 10000, 65521, 0, -1.0808823529411764, 0.011919424689101671]
[48807, 10000, 65521, 0, -1.0808823529411764, 0.011919424689101671]
[48786, 10000, 65521, 0, -1.0808823529411764, 0.011919424689101671]
[48766, 10000, 65521, 0, -1.0808823529411764, 0.011919424689101671]
[48746, 10000, 65521, 0, -1.0808823529411764, 0.011919424689101671]
[48726, 10000, 65521, 0, -1.0808823529411764, 0.011919424689101671]
[48705, 10000, 65521, 0, -1.0808823529411764, 0.011919424689101671]
[48685, 10000, 65521, 0, -1.0808823529411764, 0.011919424689101671]
[48665, 10000, 65521, 0, -1.0808823529411764, 0.011919424689101671]
[48645, 10000, 65521, 0, -1.0208333333333335, 0.011919424689101671]
[48624, 10000, 65521, 0, -1.0208333333333335, 0.011919424689101671]
[48604, 10000, 65521, 0, -1.0208333333333335, 0.011919424689101671]
[48584, 10000, 65521, 0, -1.0208333333333335, 0.011919424689101671]
[48564, 10000, 65521, 0, -1.0208333333333335, 0.011919424689101671]
[48543, 10000, 65521, 0, -1.0808823529411764, 0.011919424689101671]
[48523, 10000, 65521, 0, -1.0808823529411764, 0.011919424689101671]
[48504, 10000, 65521, 0, -1.0808823529411764, 0.011919424689101671]
[48483, 10000, 65521, 0, -1.0808823529411764, 0.011919424689101671]
[48463, 10000, 65521, 0, -1.0808823529411764, 0.011919424689101671]
[48443, 10000, 65521, 0, -1.0808823529411764, 0.011919424689101671]
[48423, 10000, 65521, 0, -1.0808823529411764, 0.011919424689101671]
[48403, 10000, 65521, 0, -1.0808823529411764, 0.011124796376494895]
[48383, 10000, 65521, 0, -1.0808823529411764, 0.011124796376494895]
[48363, 10000, 65521, 0, -1.0808823529411764, 0.011124796376494895]
[48343, 10000, 65521, 0, -1.0808823529411764, 0.011124796376494895]
[48323, 10000, 65521, 0, -1.0808823529411764, 0.011124796376494895]
[48303, 10000, 65521, 0, -1.0808823529411764, 0.011124796376494895]
[48283, 10000, 65521, 0, -1.0808823529411764, 0.011124796376494895]
[48263, 10000, 65521, 0, -1.0808823529411764, 0.011124796376494895]
[48243, 10000, 65521, 0, -1.0808823529411764, 0.011124796376494895]
[48221, 10000, 65521, 0, -1.0808823529411764, 0.011124796376494895]
[48202, 10000, 65521, 0, -1.0808823529411764, 0.011124796376494895]
[48183, 10000, 65521, 0, -1.0808823529411764, 0.011124796376494895]
[48162, 10000, 65521, 0, -1.0808823529411764, 0.011124796376494895]
[48142, 10000, 65521, 0, -1.0808823529411764, 0.011124796376494895]
[48123, 10000, 65521, 0, -1.0808823529411764, 0.011124796376494895]
[48103, 10000, 65521, 0, -1.0808823529411764, 0.011124796376494895]
[48082, 10000, 65521, 0, -1.0808823529411764, 0.011124796376494895]
[48062, 10000, 65521, 0, -1.0808823529411764, 0.011124796376494895]
[48042, 10000, 65521, 0, -1.0808823529411764, 0.011124796376494895]
[48023, 10000, 65521, 0, -1.0808823529411764, 0.011124796376494895]
[48002, 10000, 65521, 0, -1.0808823529411764, 0.011124796376494895]
[47982, 10000, 65521, 0, -1.0808823529411764, 0.011124796376494895]
[47963, 10000, 65521, 0, -1.0808823529411764, 0.011124796376494895]
[47942, 10000, 65521, 0, -1.0808823529411764, 0.011124796376494895]
[47922, 10000, 65521, 0, -1.0808823529411764, 0.011124796376494895]
[47903, 10000, 65521, 0, -1.0808823529411764, 0.011124796376494895]
[47882, 10000, 65521, 0, -1.0808823529411764, 0.011124796376494895]
[47863, 10000, 65521, 0, -1.0808823529411764, 0.011124796376494895]
[47843, 10000, 65521, 0, -1.0808823529411764, 0.011124796376494895]
[47821, 10000, 65521, 0, -1.0808823529411764, 0.010330168063888116]
[47803, 10000, 65521, 0, -1.0808823529411764, 0.010330168063888116]
[47783, 10000, 65521, 0, -1.0808823529411764, 0.010330168063888116]
[47763, 10000, 65521, 0, -1.0808823529411764, 0.010330168063888116]
[47743, 10000, 65521, 0, -1.0808823529411764, 0.010330168063888116]
[47723, 10000, 65521, 0, -1.0808823529411764, 0.010330168063888116]
[47703, 10000, 65521, 0, -1.0808823529411764, 0.010330168063888116]
[47683, 10000, 65521, 0, -1.0808823529411764, 0.010330168063888116]
[47663, 10000, 65521, 0, -1.0808823529411764, 0.010330168063888116]
[47643, 10000, 65521, 0, -1.0808823529411764, 0.010330168063888116]
[47623, 10000, 65521, 0, -1.0808823529411764, 0.010330168063888116]
[47603, 10000, 65521, 0, -1.0808823529411764, 0.010330168063888116]
[47582, 10000, 65521, 0, -1.0808823529411764, 0.010330168063888116]
[47563, 10000, 65521, 0, -1.0808823529411764, 0.010330168063888116]
[47543, 10000, 65521, 0, -1.0808823529411764, 0.010330168063888116]
[47523, 10000, 65521, 0, -1.0208333333333335, 0.010330168063888116]
[47503, 10000, 65521, 0, -1.0208333333333335, 0.010330168063888116]
[47483, 10000, 65521, 0, -1.0808823529411764, 0.010330168063888116]
[47463, 10000, 65521, 0, -1.0808823529411764, 0.010330168063888116]
[47443, 10000, 65521, 0, -1.0808823529411764, 0.010330168063888116]
[47422, 10000, 65521, 0, -1.0808823529411764, 0.010330168063888116]
[47404, 10000, 65521, 0, -1.0808823529411764, 0.010330168063888116]
[47384, 10000, 65521, 0, -1.0808823529411764, 0.010330168063888116]
[47364, 10000, 65521, 0, -1.0808823529411764, 0.010330168063888116]
[47344, 10000, 65521, 0, -1.0808823529411764, 0.010330168063888116]
[47324, 10000, 65521, 0, -1.0808823529411764, 0.010330168063888116]
[47304, 10000, 65521, 0, -1.0808823529411764, 0.010330168063888116]
[47284, 10000, 65521, 0, -1.0808823529411764, 0.010330168063888116]
[47264, 10000, 65521, 0, -1.0808823529411764, 0.010330168063888116]
[47244, 10000, 65521, 0, -1.0808823529411764, 0.010330168063888116]
[47224, 10000, 65521, 0, -1.0808823529411764, 0.010330168063888116]
[47204, 10000, 65521, 0, -1.0808823529411764, 0.010330168063888116]
[47184, 10000, 65521, 0, -1.0808823529411764, 0.010330168063888116]
[47164, 10000, 65521, 0, -1.0808823529411764, 0.010330168063888116]
[47144, 10000, 65521, 0, -1.0808823529411764, 0.010330168063888116]
[47124, 10000, 65521, 0, -1.0808823529411764, 0.010330168063888116]
[47104, 10000, 65521, 0, -1.0808823529411764, 0.010330168063888116]
[47084, 10000, 65521, 0, -1.0808823529411764, 0.010330168063888116]
[47064, 10000, 65521, 0, -1.0808823529411764, 0.010330168063888116]
[47043, 10000, 65521, 0, -1.0808823529411764, 0.010330168063888116]
[47023, 10000, 65521, 0, -1.0808823529411764, 0.010330168063888116]
[47004, 10000, 65521, 0, -1.0808823529411764, 0.010330168063888116]
[46984, 10000, 65521, 0, -1.0808823529411764, 0.010330168063888116]
[46964, 10000, 65521, 0, -1.0808823529411764, 0.010330168063888116]
[46944, 10000, 65521, 0, -1.0808823529411764, 0.010330168063888116]
[46924, 10000, 65521, 0, -1.0808823529411764, 0.010330168063888116]
[46904, 10000, 65521, 0, -1.0808823529411764, 0.010330168063888116]
[46884, 10000, 65521, 0, -1.0808823529411764, 0.010330168063888116]
[46864, 10000, 65521, 0, -1.0808823529411764, 0.010330168063888116]
[46844, 10000, 65521, 0, -1.0808823529411764, 0.010330168063888116]
[46825, 10000, 65521, 0, -1.0808823529411764, 0.010330168063888116]
[46804, 10000, 65521, 0, -1.0808823529411764, 0.010330168063888116]
[46785, 10000, 65521, 0, -1.0808823529411764, 0.010330168063888116]
[46764, 10000, 65521, 0, -1.0808823529411764, 0.010330168063888116]
[46744, 10000, 65521, 0, -1.0808823529411764, 0.010330168063888116]
[46724, 10000, 65521, 0, -1.0808823529411764, 0.010330168063888116]
[46704, 10000, 65521, 0, -1.0808823529411764, 0.010330168063888116]
[46684, 10000, 65521, 0, -1.0808823529411764, 0.010330168063888116]
[46665, 10000, 65521, 0, -1.0808823529411764, 0.010330168063888116]
[46644, 10000, 65521, 0, -1.0808823529411764, 0.010330168063888116]
[46624, 10000, 65521, 0, -1.0808823529411764, 0.010330168063888116]
[46604, 10000, 65521, 0, -1.0808823529411764, 0.010330168063888116]
[46584, 10000, 65521, 0, -1.0808823529411764, 0.010330168063888116]
[46564, 10000, 65521, 0, -1.0808823529411764, 0.010330168063888116]
[46544, 10000, 65521, 0, -1.0808823529411764, 0.010330168063888116]
[46524, 10000, 65521, 0, -1.0808823529411764, 0.010330168063888116]
[46505, 10000, 65521, 0, -1.0808823529411764, 0.010330168063888116]
[46484, 10000, 65521, 0, -1.0808823529411764, 0.011124796376494895]
[46464, 10000, 65521, 0, -1.0808823529411764, 0.011124796376494895]
[46444, 10000, 65521, 0, -1.0808823529411764, 0.011124796376494895]
[46425, 10000, 65521, 0, -1.0808823529411764, 0.011124796376494895]
[46405, 10000, 65521, 0, -1.0808823529411764, 0.011124796376494895]
[46385, 10000, 65521, 0, -1.0808823529411764, 0.011124796376494895]
[46365, 10000, 65521, 0, -1.0808823529411764, 0.011124796376494895]
[46345, 10000, 65521, 0, -1.0808823529411764, 0.011124796376494895]
[46325, 10000, 65521, 0, -1.0808823529411764, 0.011124796376494895]
[46306, 10000, 65521, 0, -1.0808823529411764, 0.011124796376494895]
[46285, 10000, 65521, 0, -1.0808823529411764, 0.011124796376494895]
[46266, 10000, 65521, 0, -1.0808823529411764, 0.011124796376494895]
[46246, 10000, 65521, 0, -1.0808823529411764, 0.011124796376494895]
[46225, 10000, 65521, 0, -1.0808823529411764, 0.011124796376494895]
[46205, 10000, 65521, 0, -1.0208333333333335, 0.011124796376494895]
[46186, 10000, 65521, 0, -1.0208333333333335, 0.011124796376494895]
[46166, 10000, 65521, 0, -1.0208333333333335, 0.011124796376494895]
[46145, 10000, 65521, 0, -1.0208333333333335, 0.011124796376494895]
[46125, 10000, 65521, 0, -1.0208333333333335, 0.011124796376494895]
[46106, 10000, 65521, 0, -1.0208333333333335, 0.011124796376494895]
[46085, 10000, 65521, 0, -1.0208333333333335, 0.011124796376494895]
[46065, 10000, 65521, 0, -1.0208333333333335, 0.011124796376494895]
[46045, 10000, 65521, 0, -1.0208333333333335, 0.011124796376494895]
[46026, 10000, 65521, 0, -1.0208333333333335, 0.011124796376494895]
[46006, 10000, 65521, 0, -1.0208333333333335, 0.011124796376494895]
[45986, 10000, 65521, 0, -1.0208333333333335, 0.011124796376494895]
[45966, 10000, 65521, 0, -1.0208333333333335, 0.011124796376494895]
[45946, 10000, 65521, 0, -1.0208333333333335, 0.011124796376494895]
[45926, 10000, 65521, 0, -1.0208333333333335, 0.011124796376494895]
[45906, 10000, 65521, 0, -1.0208333333333335, 0.011124796376494895]
[45886, 10000, 65521, 0, -1.0208333333333335, 0.011124796376494895]
[45867, 10000, 65521, 0, -1.0208333333333335, 0.011124796376494895]
[45846, 10000, 65521, 0, -1.0208333333333335, 0.011124796376494895]
[45824, 10000, 65521, 0, -1.0208333333333335, 0.011124796376494895]
[45807, 10000, 65521, 0, -1.0208333333333335, 0.011124796376494895]
[45783, 10000, 65522, 0, -1.0208333333333335, 0.011124796376494895]
[45779, 10000, 65524, 0, -1.0208333333333335, 0.011124796376494895]
[45776, 10000, 65526, 0, -1.0208333333333335, 0.011124796376494895]
[45775, 10000, 65527, 0, -1.0208333333333335, 0.011124796376494895]
[45774, 10000, 65529, 0, -1.0208333333333335, 0.011124796376494895]
[45774, 10000, 65530, 0, -1.0208333333333335, 0.011124796376494895]
[45774, 10000, 65531, 0, -1.0208333333333335, 0.011124796376494895]
[45774, 10000, 65532, 0, -1.0208333333333335, 0.011124796376494895]
[45774, 10000, 65533, 0, -1.0208333333333335, 0.011124796376494895]
[45774, 10000, 65534, 0, -1.0208333333333335, 0.011124796376494895]
[45774, 10000, 65534, 0, -1.0208333333333335, 0.011124796376494895]
[45774, 10000, 65534, 0, -1.0208333333333335, 0.011124796376494895]
[45774, 10000, 65535, 0, -1.0208333333333335, 0.011124796376494895]
[45774, 10000, 65535, 0, -1.0208333333333335, 0.011124796376494895]
[45787, 10000, 1, 0, -1.0208333333333335, 0.011124796376494895]
[45806, 10000, 4, 0, -1.0208333333333335, 0.011124796376494895]
[45824, 10000, 6, 0, -1.2009803921568627, 0.011124796376494895]
[45843, 10000, 7, 0, -1.4411764705882353, 0.010330168063888116]
[45860, 10000, 9, 0, -1.5012254901960784, 0.010330168063888116]
[45879, 10000, 10, 0, -1.5012254901960784, 0.010330168063888116]
[45897, 10000, 11, 0, -1.5012254901960784, 0.011124796376494895]
[45913, 10000, 11, 0, -1.5012254901960784, 0.010330168063888116]
[45936, 10000, 12, 0, -1.5012254901960784, 0.011124796376494895]
[45956, 10000, 13, 0, -1.5012254901960784, 0.011124796376494895]
[45972, 10000, 13, 0, -1.5012254901960784, 0.011124796376494895]
[45989, 10000, 13, 0, -1.5012254901960784, 0.011124796376494895]
[46007, 10000, 13, 0, -1.5012254901960784, 0.011124796376494895]
[46027, 10000, 14, 0, -1.5012254901960784, 0.011124796376494895]
[46046, 10000, 14, 0, -1.4411764705882353, 0.011124796376494895]
[46065, 10000, 14, 0, -1.4411764705882353, 0.011124796376494895]
[46096, 10000, 13, 0, -1.4411764705882353, 0.011124796376494895]
[46114, 10000, 14, 0, -1.4411764705882353, 0.011124796376494895]
[46131, 10000, 14, 0, -1.3811274509803921, 0.011124796376494895]
[46149, 10000, 14, 0, -1.4411764705882353, 0.011124796376494895]
[46167, 10000, 14, 0, -1.4411764705882353, 0.011124796376494895]
[46185, 10000, 14, 0, -1.4411764705882353, 0.011124796376494895]
[46204, 10000, 14, 0, -1.4411764705882353, 0.011124796376494895]
[46222, 10000, 14, 0, -1.4411764705882353, 0.011124796376494895]
[46241, 10000, 15, 0, -1.4411764705882353, 0.011124796376494895]
[46260, 10000, 15, 0, -1.4411764705882353, 0.011124796376494895]
[46278, 10000, 15, 0, -1.4411764705882353, 0.011124796376494895]
[46296, 10000, 15, 0, -1.4411764705882353, 0.011124796376494895]
[46314, 10000, 15, 0, -1.4411764705882353, 0.011124796376494895]
[46337, 10000, 15, 0, -1.4411764705882353, 0.011124796376494895]
[46354, 10000, 15, 0, -1.4411764705882353, 0.011124796376494895]
[46374, 10000, 15, 0, -1.4411764705882353, 0.011124796376494895]
[46394, 10000, 15, 0, -1.3811274509803921, 0.011124796376494895]
[46415, 10000, 15, 0, -1.3811274509803921, 0.011124796376494895]
[46434, 10000, 15, 0, -1.3811274509803921, 0.011124796376494895]
[46453, 10000, 15, 0, -1.3811274509803921, 0.011124796376494895]
[46473, 10000, 15, 0, -1.3811274509803921, 0.011124796376494895]
[46494, 10000, 15, 0, -1.3811274509803921, 0.011124796376494895]
[46514, 10000, 15, 0, -1.3811274509803921, 0.011124796376494895]
[46534, 10000, 15, 0, -1.3811274509803921, 0.011124796376494895]
[46553, 10000, 15, 0, -1.3811274509803921, 0.011124796376494895]
[46573, 10000, 15, 0, -1.3811274509803921, 0.011124796376494895]
[46593, 10000, 15, 0, -1.3811274509803921, 0.011124796376494895]
[46613, 10000, 15, 0, -1.3811274509803921, 0.011124796376494895]
[46635, 10000, 15, 0, -1.3811274509803921, 0.011124796376494895]
[46653, 10000, 15, 0, -1.3811274509803921, 0.011124796376494895]
[46674, 10000, 15, 0, -1.3811274509803921, 0.011124796376494895]
[46693, 10000, 15, 0, -1.3811274509803921, 0.011124796376494895]
[46713, 10000, 15, 0, -1.3811274509803921, 0.011124796376494895]
[46734, 10000, 15, 0, -1.3811274509803921, 0.011124796376494895]
[46754, 10000, 15, 0, -1.3811274509803921, 0.011124796376494895]
[46774, 10000, 15, 0, -1.3811274509803921, 0.011124796376494895]
[46794, 10000, 15, 0, -1.3811274509803921, 0.011124796376494895]
[46815, 10000, 15, 0, -1.3811274509803921, 0.011124796376494895]
[46834, 10000, 15, 0, -1.3811274509803921, 0.011124796376494895]
[46854, 10000, 15, 0, -1.3811274509803921, 0.011124796376494895]
[46874, 10000, 15, 0, -1.3811274509803921, 0.011124796376494895]
[46894, 10000, 15, 0, -1.3811274509803921, 0.011124796376494895]
[46915, 10000, 15, 0, -1.3811274509803921, 0.011124796376494895]
[46934, 10000, 15, 0, -1.3811274509803921, 0.011124796376494895]
[46953, 10000, 15, 0, -1.3811274509803921, 0.011124796376494895]
[46974, 10000, 15, 0, -1.3811274509803921, 0.011124796376494895]
[46994, 10000, 15, 0, -1.3811274509803921, 0.011124796376494895]
[47014, 10000, 15, 0, -1.3811274509803921, 0.011124796376494895]
[47033, 10000, 15, 0, -1.3811274509803921, 0.011124796376494895]
[47054, 10000, 15, 0, -1.3811274509803921, 0.011124796376494895]
[47074, 10000, 15, 0, -1.3811274509803921, 0.011124796376494895]
[47094, 10000, 15, 0, -1.3811274509803921, 0.011124796376494895]
[47114, 10000, 15, 0, -1.3811274509803921, 0.011124796376494895]
[47134, 10000, 15, 0, -1.3811274509803921, 0.011124796376494895]
[47154, 10000, 15, 0, -1.3811274509803921, 0.011124796376494895]
[47174, 10000, 15, 0, -1.3811274509803921, 0.011124796376494895]
[47194, 10000, 15, 0, -1.3811274509803921, 0.011124796376494895]
[47215, 10000, 15, 0, -1.4411764705882353, 0.011124796376494895]
[47235, 10000, 15, 0, -1.4411764705882353, 0.011124796376494895]
[47255, 10000, 15, 0, -1.4411764705882353, 0.011124796376494895]
[47274, 10000, 15, 0, -1.3811274509803921, 0.011124796376494895]
[47295, 10000, 15, 0, -1.3811274509803921, 0.011124796376494895]
[47316, 10000, 15, 0, -1.3811274509803921, 0.011124796376494895]
[47335, 10000, 15, 0, -1.3811274509803921, 0.011124796376494895]
[47354, 10000, 15, 0, -1.3811274509803921, 0.011124796376494895]
[47375, 10000, 15, 0, -1.3811274509803921, 0.011124796376494895]
[47394, 10000, 15, 0, -1.3811274509803921, 0.011124796376494895]
[47414, 10000, 15, 0, -1.3811274509803921, 0.011124796376494895]
[47433, 10000, 15, 0, -1.3811274509803921, 0.011124796376494895]
[47454, 10000, 15, 0, -1.3811274509803921, 0.011124796376494895]
[47475, 10000, 15, 0, -1.3811274509803921, 0.011124796376494895]
[47493, 10000, 15, 0, -1.4411764705882353, 0.011124796376494895]
[47513, 10000, 15, 0, -1.4411764705882353, 0.011124796376494895]
[47533, 10000, 15, 0, -1.4411764705882353, 0.011124796376494895]
[47553, 10000, 15, 0, -1.4411764705882353, 0.011124796376494895]
[47572, 10000, 15, 0, -1.3811274509803921, 0.011124796376494895]
[47592, 10000, 15, 0, -1.3811274509803921, 0.011124796376494895]
[47613, 10000, 15, 0, -1.4411764705882353, 0.011124796376494895]
[47633, 10000, 15, 0, -1.4411764705882353, 0.011124796376494895]
[47653, 10000, 15, 0, -1.4411764705882353, 0.011124796376494895]
[47672, 10000, 15, 0, -1.4411764705882353, 0.011124796376494895]
[47693, 10000, 15, 0, -1.4411764705882353, 0.011124796376494895]
[47713, 10000, 15, 0, -1.4411764705882353, 0.011124796376494895]
[47733, 10000, 15, 0, -1.4411764705882353, 0.011124796376494895]
[47753, 10000, 15, 0, -1.4411764705882353, 0.011124796376494895]
[47773, 10000, 15, 0, -1.4411764705882353, 0.011124796376494895]
[47793, 10000, 15, 0, -1.4411764705882353, 0.011124796376494895]
[47813, 10000, 15, 0, -1.4411764705882353, 0.011124796376494895]
[47833, 10000, 15, 0, -1.4411764705882353, 0.011124796376494895]
[47853, 10000, 15, 0, -1.4411764705882353, 0.011124796376494895]
[47873, 10000, 15, 0, -1.4411764705882353, 0.011124796376494895]
[47893, 10000, 15, 0, -1.4411764705882353, 0.011124796376494895]
[47912, 10000, 15, 0, -1.4411764705882353, 0.011124796376494895]
[47933, 10000, 15, 0, -1.4411764705882353, 0.011124796376494895]
[47952, 10000, 15, 0, -1.4411764705882353, 0.011124796376494895]
[47972, 10000, 15, 0, -1.4411764705882353, 0.011124796376494895]
[47992, 10000, 15, 0, -1.4411764705882353, 0.011124796376494895]
[48012, 10000, 15, 0, -1.4411764705882353, 0.011919424689101671]
[48032, 10000, 15, 0, -1.4411764705882353, 0.011919424689101671]
[48052, 10000, 15, 0, -1.4411764705882353, 0.011919424689101671]
[48072, 10000, 15, 0, -1.4411764705882353, 0.011919424689101671]
[48092, 10000, 15, 0, -1.4411764705882353, 0.011919424689101671]
[48113, 10000, 15, -1, -1.4411764705882353, 0.011919424689101671]
[48132, 10000, 15, 0, -1.4411764705882353, 0.011919424689101671]
[48152, 10000, 15, 0, -1.4411764705882353, 0.011919424689101671]
[48172, 10000, 15, 0, -1.4411764705882353, 0.011919424689101671]
[48192, 10000, 15, 0, -1.4411764705882353, 0.011919424689101671]
[48212, 10000, 15, 0, -1.4411764705882353, 0.011919424689101671]
[48233, 10000, 15, 0, -1.4411764705882353, 0.011919424689101671]
[48253, 10000, 15, 0, -1.5012254901960784, 0.011919424689101671]
[48273, 10000, 15, 0, -1.5012254901960784, 0.011919424689101671]
[48292, 10000, 15, 0, -1.5012254901960784, 0.011919424689101671]
[48312, 10000, 15, 0, -1.5012254901960784, 0.011124796376494895]
[48333, 10000, 15, 0, -1.5012254901960784, 0.011124796376494895]
[48352, 10000, 15, 0, -1.5012254901960784, 0.011124796376494895]
[48372, 10000, 15, 0, -1.5012254901960784, 0.011124796376494895]
[48392, 10000, 15, 0, -1.5012254901960784, 0.011124796376494895]
[48412, 10000, 15, 0, -1.5012254901960784, 0.011124796376494895]
[48432, 10000, 15, 0, -1.5012254901960784, 0.011124796376494895]
[48452, 10000, 15, 0, -1.5012254901960784, 0.011124796376494895]
[48472, 10000, 15, 0, -1.5012254901960784, 0.011124796376494895]
[48493, 10000, 15, 0, -1.5012254901960784, 0.011124796376494895]
[48513, 10000, 15, 0, -1.5012254901960784, 0.011124796376494895]
[48533, 10000, 15, 0, -1.5012254901960784, 0.011124796376494895]
[48553, 10000, 15, 0, -1.5012254901960784, 0.011124796376494895]
[48573, 10000, 15, 0, -1.5012254901960784, 0.011124796376494895]
[48593, 10000, 15, 0, -1.5012254901960784, 0.011124796376494895]
[48613, 10000, 15, 0, -1.5012254901960784, 0.011919424689101671]
[48635, 10000, 15, 0, -1.5012254901960784, 0.011919424689101671]
[48655, 10000, 15, 0, -1.5012254901960784, 0.011919424689101671]
[48674, 10000, 15, 0, -1.5012254901960784, 0.011919424689101671]
[48694, 10000, 15, 0, -1.5012254901960784, 0.011919424689101671]
[48715, 10000, 15, 0, -1.5012254901960784, 0.011919424689101671]
[48735, 10000, 15, 0, -1.5012254901960784, 0.011919424689101671]
[48756, 10000, 15, 0, -1.5612745098039214, 0.011919424689101671]
[48776, 10000, 15, 0, -1.5612745098039214, 0.011919424689101671]
[48796, 10000, 15, 0, -1.5612745098039214, 0.011919424689101671]
[48816, 10000, 15, 0, -1.5612745098039214, 0.011919424689101671]
[48836, 10000, 15, 0, -1.5612745098039214, 0.011919424689101671]
[48856, 10000, 15, 0, -1.5612745098039214, 0.011919424689101671]
[48877, 10000, 15, 0, -1.5612745098039214, 0.011919424689101671]
[48897, 10000, 15, 0, -1.5612745098039214, 0.011919424689101671]
[48917, 10000, 15, 0, -1.5612745098039214, 0.011919424689101671]
[48937, 10000, 15, 0, -1.5612745098039214, 0.011919424689101671]
[48957, 10000, 15, 0, -1.5612745098039214, 0.011919424689101671]
[48978, 10000, 15, 0, -1.5612745098039214, 0.011919424689101671]
[48997, 10000, 15, 0, -1.5612745098039214, 0.011919424689101671]
[49018, 10000, 15, 0, -1.5612745098039214, 0.011919424689101671]
[49038, 10000, 15, 0, -1.5612745098039214, 0.011919424689101671]
[49058, 10000, 15, 0, -1.5612745098039214, 0.011919424689101671]
[49079, 10000, 15, 0, -1.5612745098039214, 0.011919424689101671]
[49098, 10000, 15, 0, -1.5612745098039214, 0.011919424689101671]
[49119, 10000, 15, 0, -1.5612745098039214, 0.011919424689101671]
[49140, 10000, 15, 0, -1.5612745098039214, 0.011919424689101671]
[49160, 10000, 15, 0, -1.5012254901960784, 0.011919424689101671]
[49180, 10000, 15, 0, -1.5012254901960784, 0.011919424689101671]
[49201, 10000, 15, 0, -1.5012254901960784, 0.011919424689101671]
[49221, 10000, 15, 0, -1.5012254901960784, 0.011919424689101671]
[49242, 10000, 15, 0, -1.5012254901960784, 0.011919424689101671]
[49262, 10000, 15, 0, -1.5012254901960784, 0.011919424689101671]
[49282, 10000, 15, 0, -1.5012254901960784, 0.011919424689101671]
[49303, 10000, 15, 0, -1.5012254901960784, 0.011919424689101671]
[49322, 10000, 15, 0, -1.5012254901960784, 0.011919424689101671]
[49342, 10000, 15, 0, -1.5012254901960784, 0.011919424689101671]
[49362, 10000, 15, 0, -1.5012254901960784, 0.011919424689101671]
[49383, 10000, 15, 0, -1.5012254901960784, 0.011919424689101671]
[49402, 10000, 15, 0, -1.5012254901960784, 0.011919424689101671]
[49422, 10000, 15, 0, -1.5012254901960784, 0.011919424689101671]
[49442, 10000, 15, 0, -1.5012254901960784, 0.011919424689101671]
[49462, 10000, 15, 0, -1.5012254901960784, 0.011919424689101671]
[49484, 10000, 15, 0, -1.5012254901960784, 0.011919424689101671]
[49503, 10000, 15, 0, -1.5012254901960784, 0.011919424689101671]
[49521, 10000, 15, 0, -1.5012254901960784, 0.011919424689101671]
[49542, 10000, 15, 0, -1.5012254901960784, 0.011919424689101671]
[49562, 10000, 15, 0, -1.5012254901960784, 0.011919424689101671]
[49582, 10000, 15, 0, -1.5012254901960784, 0.011919424689101671]
[49602, 10000, 15, 0, -1.5012254901960784, 0.011919424689101671]
[49622, 10000, 15, 0, -1.5012254901960784, 0.011919424689101671]
[49642, 10000, 15, 0, -1.5012254901960784, 0.011919424689101671]
[49662, 10000, 15, 0, -1.5012254901960784, 0.011919424689101671]
[49682, 10000, 15, 0, -1.5012254901960784, 0.011919424689101671]
[49703, 10000, 15, 0, -1.5012254901960784, 0.011919424689101671]
[49723, 10000, 15, 0, -1.5012254901960784, 0.011919424689101671]
[49743, 10000, 15, 0, -1.5012254901960784, 0.011919424689101671]
[49763, 10000, 15, 0, -1.5012254901960784, 0.011919424689101671]
[49783, 10000, 15, 0, -1.5012254901960784, 0.011919424689101671]
[49803, 10000, 15, 0, -1.5012254901960784, 0.011919424689101671]
[49823, 10000, 15, 0, -1.5012254901960784, 0.011919424689101671]
[49843, 10000, 15, 0, -1.5012254901960784, 0.011919424689101671]
[49863, 10000, 15, 0, -1.5012254901960784, 0.011919424689101671]
[49883, 10000, 15, 0, -1.5012254901960784, 0.011919424689101671]
[49902, 10000, 15, 0, -1.5012254901960784, 0.011919424689101671]
[49922, 10000, 15, 0, -1.5012254901960784, 0.011919424689101671]
[49943, 10000, 15, 0, -1.5012254901960784, 0.011919424689101671]
[49961, 10000, 15, 0, -1.5012254901960784, 0.011919424689101671]
[49981, 10000, 15, 0, -1.5012254901960784, 0.011919424689101671]
[50001, 10000, 15, 0, -1.5012254901960784, 0.011919424689101671]
[50021, 10000, 15, 0, -1.5012254901960784, 0.011919424689101671]
[50041, 10000, 15, 0, -1.5012254901960784, 0.011919424689101671]
[50061, 10000, 15, 0, -1.5012254901960784, 0.011919424689101671]
[50081, 10000, 15, 0, -1.5012254901960784, 0.011919424689101671]
[50101, 10000, 15, 0, -1.5012254901960784, 0.011919424689101671]
[50121, 10000, 15, 0, -1.5012254901960784, 0.011919424689101671]
[50141, 10000, 15, 0, -1.5012254901960784, 0.011919424689101671]
[50161, 10000, 15, 0, -1.5012254901960784, 0.011919424689101671]
[50181, 10000, 15, 0, -1.5012254901960784, 0.011919424689101671]
[50201, 10000, 15, 0, -1.5012254901960784, 0.011919424689101671]
[50221, 10000, 15, 0, -1.5012254901960784, 0.011919424689101671]
[50240, 10000, 15, 0, -1.4411764705882353, 0.011919424689101671]
[50261, 10000, 15, 0, -1.4411764705882353, 0.011919424689101671]
[50280, 10000, 15, 0, -1.4411764705882353, 0.011919424689101671]
[50300, 10000, 15, 0, -1.4411764705882353, 0.011919424689101671]
[50320, 10000, 15, 0, -1.4411764705882353, 0.011919424689101671]
[50340, 10000, 15, 0, -1.4411764705882353, 0.011919424689101671]
[50360, 10000, 15, 0, -1.4411764705882353, 0.011919424689101671]
[50380, 10000, 15, 0, -1.4411764705882353, 0.011919424689101671]
[50400, 10000, 15, 0, -1.4411764705882353, 0.011919424689101671]
[50420, 10000, 15, 0, -1.4411764705882353, 0.011919424689101671]
[50439, 10000, 15, 0, -1.4411764705882353, 0.011919424689101671]
[50459, 10000, 15, 0, -1.4411764705882353, 0.011919424689101671]
[50479, 10000, 15, 0, -1.4411764705882353, 0.011919424689101671]
[50499, 10000, 15, 0, -1.4411764705882353, 0.011919424689101671]
[50519, 10000, 15, 0, -1.4411764705882353, 0.011919424689101671]
[50539, 10000, 15, 0, -1.4411764705882353, 0.011919424689101671]
[50559, 10000, 15, 0, -1.4411764705882353, 0.011919424689101671]
[50579, 10000, 15, 0, -1.4411764705882353, 0.011919424689101671]
[50599, 10000, 15, 0, -1.4411764705882353, 0.01271405300170845]
[50619, 10000, 15, 0, -1.4411764705882353, 0.011919424689101671]
[50639, 10000, 15, 0, -1.4411764705882353, 0.011919424689101671]
[50659, 10000, 15, 0, -1.4411764705882353, 0.011919424689101671]
[50679, 10000, 15, 0, -1.4411764705882353, 0.011919424689101671]
[50699, 10000, 15, 0, -1.4411764705882353, 0.011919424689101671]
[50719, 10000, 15, 0, -1.4411764705882353, 0.011919424689101671]
[50739, 10000, 15, 0, -1.4411764705882353, 0.011919424689101671]
[50759, 10000, 15, 0, -1.4411764705882353, 0.011919424689101671]
[50779, 10000, 15, 0, -1.4411764705882353, 0.011919424689101671]
[50799, 10000, 15, 0, -1.4411764705882353, 0.011919424689101671]
[50819, 10000, 15, 0, -1.4411764705882353, 0.011919424689101671]
[50839, 10000, 15, 0, -1.4411764705882353, 0.011919424689101671]
[50859, 10000, 15, 0, -1.4411764705882353, 0.011919424689101671]
[50879, 10000, 15, 0, -1.4411764705882353, 0.011919424689101671]
[50899, 10000, 15, 0, -1.4411764705882353, 0.011919424689101671]
[50919, 10000, 15, 0, -1.4411764705882353, 0.011919424689101671]
[50939, 10000, 15, 0, -1.4411764705882353, 0.011919424689101671]
[50959, 10000, 15, 0, -1.4411764705882353, 0.011919424689101671]
[50979, 10000, 15, 0, -1.4411764705882353, 0.011919424689101671]
[50999, 10000, 15, 0, -1.4411764705882353, 0.01271405300170845]
[51018, 10000, 15, 0, -1.4411764705882353, 0.01271405300170845]
[51038, 10000, 15, 0, -1.4411764705882353, 0.01271405300170845]
[51059, 10000, 15, 0, -1.4411764705882353, 0.01271405300170845]
[51079, 10000, 15, 0, -1.4411764705882353, 0.01271405300170845]
[51099, 10000, 15, 0, -1.4411764705882353, 0.01271405300170845]
[51119, 10000, 15, 0, -1.4411764705882353, 0.01271405300170845]
[51139, 10000, 15, 0, -1.4411764705882353, 0.01271405300170845]
[51159, 10000, 15, 0, -1.4411764705882353, 0.01271405300170845]
[51179, 10000, 15, 0, -1.4411764705882353, 0.01271405300170845]
[51199, 10000, 15, 0, -1.4411764705882353, 0.01271405300170845]
[51219, 10000, 15, 0, -1.4411764705882353, 0.01271405300170845]
[51239, 10000, 15, 0, -1.4411764705882353, 0.01271405300170845]
[51259, 10000, 15, 0, -1.4411764705882353, 0.01271405300170845]
[51279, 10000, 15, 0, -1.4411764705882353, 0.01271405300170845]
[51300, 10000, 15, 0, -1.4411764705882353, 0.01271405300170845]
[51319, 10000, 15, 0, -1.4411764705882353, 0.01271405300170845]
[51339, 10000, 15, 0, -1.4411764705882353, 0.01271405300170845]
[51359, 10000, 15, 0, -1.4411764705882353, 0.01271405300170845]
[51379, 10000, 15, 0, -1.4411764705882353, 0.01271405300170845]
[51399, 10000, 15, 0, -1.4411764705882353, 0.01271405300170845]
[51418, 10000, 15, 0, -1.4411764705882353, 0.01271405300170845]
[51438, 10000, 15, 0, -1.4411764705882353, 0.01271405300170845]
[51459, 10000, 15, 0, -1.4411764705882353, 0.01271405300170845]
[51478, 10000, 15, 0, -1.4411764705882353, 0.01271405300170845]
[51498, 10000, 15, 0, -1.4411764705882353, 0.01271405300170845]
[51518, 10000, 15, 0, -1.4411764705882353, 0.01271405300170845]
[51538, 10000, 15, 0, -1.4411764705882353, 0.01271405300170845]
[51558, 10000, 15, 0, -1.4411764705882353, 0.01271405300170845]
[51577, 10000, 15, 0, -1.4411764705882353, 0.01271405300170845]
[51598, 10000, 15, 0, -1.4411764705882353, 0.01271405300170845]
[51619, 10000, 15, 0, -1.4411764705882353, 0.01271405300170845]
[51637, 10000, 15, 0, -1.4411764705882353, 0.01271405300170845]
[51657, 10000, 15, 0, -1.4411764705882353, 0.01271405300170845]
[51677, 10000, 15, 0, -1.4411764705882353, 0.01271405300170845]
[51698, 10000, 15, 0, -1.4411764705882353, 0.01271405300170845]
[51719, 10000, 13, 0, -1.4411764705882353, 0.01271405300170845]
[51719, 10000, 11, 0, -1.4411764705882353, 0.01271405300170845]
[51718, 10000, 9, 0, -1.4411764705882353, 0.01271405300170845]
[51718, 10000, 7, 0, -1.3811274509803921, 0.01271405300170845]
[51717, 10000, 6, 0, -1.3811274509803921, 0.011919424689101671]
[51716, 10000, 5, 0, -1.3811274509803921, 0.011919424689101671]
[51716, 10000, 4, 0, -1.3811274509803921, 0.011919424689101671]
[51715, 10000, 3, 0, -1.3811274509803921, 0.011919424689101671]
[51715, 10000, 2, 0, -1.3811274509803921, 0.011124796376494895]
[51715, 10000, 2, 0, -1.3811274509803921, 0.011919424689101671]
[51714, 10000, 1, 0, -1.3811274509803921, 0.011124796376494895]
[51714, 10000, 1, 0, -1.321078431372549, 0.011124796376494895]
[51714, 10000, 1, 0, -1.321078431372549, 0.011124796376494895]
[51714, 10000, 1, 0, -1.321078431372549, 0.011124796376494895]
[51714, 10000, 1, 0, -1.321078431372549, 0.011124796376494895]
[51714, 10000, 1, 0, -1.321078431372549, 0.011124796376494895]
[51714, 10000, 0, 0, -1.321078431372549, 0.011124796376494895]
[51714, 10000, 0, 0, -1.321078431372549, 0.011124796376494895]
[51714, 10000, 0, 0, -1.321078431372549, 0.011124796376494895]
[51714, 10000, 0, 0, -1.321078431372549, 0.011124796376494895]
[51714, 10000, 0, 0, -1.321078431372549, 0.011124796376494895]
[51714, 10000, 0, 0, -1.321078431372549, 0.011124796376494895]
[51714, 10000, 0, 0, -1.321078431372549, 0.011124796376494895]
[51714, 10000, 0, 0, -1.321078431372549, 0.011124796376494895]
[51716, 10000, 0, 0, -1.321078431372549, 0.011124796376494895]
[51701, 10000, 65533, 0, -1.3811274509803921, 0.011124796376494895]
[51683, 10000, 65531, 0, -1.321078431372549, 0.011124796376494895]
[51664, 10000, 65530, 0, -1.2009803921568627, 0.011124796376494895]
[51647, 10000, 65528, 0, -1.1409313725490196, 0.011124796376494895]
[51628, 10000, 65527, 0, -1.1409313725490196, 0.011919424689101671]
[51610, 10000, 65526, 0, -1.1409313725490196, 0.011919424689101671]
[51592, 10000, 65525, 0, -1.1409313725490196, 0.011919424689101671]
[51575, 10000, 65524, 0, -1.1409313725490196, 0.011919424689101671]
[51556, 10000, 65524, 0, -1.1409313725490196, 0.011919424689101671]
[51538, 10000, 65523, 0, -1.0808823529411764, 0.011919424689101671]
[51519, 10000, 65523, 0, -1.0808823529411764, 0.011919424689101671]
[51488, 10000, 65524, 0, -1.0808823529411764, 0.011919424689101671]
[51471, 10000, 65523, 0, -1.0808823529411764, 0.011919424689101671]
[51448, 10000, 65523, 0, -1.0808823529411764, 0.011919424689101671]
[51429, 10000, 65522, 0, -1.0808823529411764, 0.011919424689101671]
[51410, 10000, 65522, 0, -1.0808823529411764, 0.011919424689101671]
[51392, 10000, 65522, 0, -1.0808823529411764, 0.01271405300170845]
[51374, 10000, 65522, 0, -1.0808823529411764, 0.011919424689101671]
[51356, 10000, 65522, 0, -1.0808823529411764, 0.011919424689101671]
[51338, 10000, 65522, 0, -1.0808823529411764, 0.011919424689101671]
[51321, 10000, 65522, 0, -1.0808823529411764, 0.011919424689101671]
[51299, 10000, 65522, 0, -1.0808823529411764, 0.011919424689101671]
[51280, 10000, 65521, 0, -1.0808823529411764, 0.011919424689101671]
[51262, 10000, 65521, 0, -1.0808823529411764, 0.011919424689101671]
[51245, 10000, 65521, 0, -1.0808823529411764, 0.011919424689101671]
[51227, 10000, 65521, 0, -1.0808823529411764, 0.011919424689101671]
[51209, 10000, 65521, 0, -1.0808823529411764, 0.011919424689101671]
[51189, 10000, 65521, 0, -1.1409313725490196, 0.011919424689101671]
[51171, 10000, 65521, 0, -1.1409313725490196, 0.011919424689101671]
[51151, 10000, 65521, 0, -1.1409313725490196, 0.011919424689101671]
[51130, 10000, 65521, 0, -1.1409313725490196, 0.011919424689101671]
[51110, 10000, 65521, 0, -1.1409313725490196, 0.011919424689101671]
[51090, 10000, 65521, 0, -1.1409313725490196, 0.011919424689101671]
[51070, 10000, 65521, 0, -1.1409313725490196, 0.011919424689101671]
[51050, 10000, 65521, 0, -1.1409313725490196, 0.011919424689101671]
[51030, 10000, 65521, 0, -1.1409313725490196, 0.011919424689101671]
[51010, 10000, 65521, 0, -1.1409313725490196, 0.011919424689101671]
[50990, 10000, 65521, 0, -1.1409313725490196, 0.011919424689101671]
[50970, 10000, 65521, 0, -1.1409313725490196, 0.011919424689101671]
[50950, 10000, 65521, 0, -1.1409313725490196, 0.011919424689101671]
[50931, 10000, 65521, 0, -1.1409313725490196, 0.011919424689101671]
[50911, 10000, 65521, 0, -1.1409313725490196, 0.011919424689101671]
[50891, 10000, 65521, 0, -1.1409313725490196, 0.011919424689101671]
[50871, 10000, 65521, 0, -1.1409313725490196, 0.011919424689101671]
[50851, 10000, 65521, 0, -1.1409313725490196, 0.011919424689101671]
[50831, 10000, 65521, 0, -1.1409313725490196, 0.011919424689101671]
[50811, 10000, 65521, 0, -1.0808823529411764, 0.011919424689101671]
[50791, 10000, 65521, 0, -1.0808823529411764, 0.011919424689101671]
[50771, 10000, 65521, 0, -1.0808823529411764, 0.011919424689101671]
[50751, 10000, 65521, 0, -1.1409313725490196, 0.011919424689101671]
[50731, 10000, 65521, 0, -1.1409313725490196, 0.011919424689101671]
[50711, 10000, 65521, 0, -1.1409313725490196, 0.011919424689101671]
[50691, 10000, 65521, 0, -1.1409313725490196, 0.011919424689101671]
[50671, 10000, 65521, 0, -1.1409313725490196, 0.011919424689101671]
[50651, 10000, 65521, 0, -1.1409313725490196, 0.011919424689101671]
[50630, 10000, 65521, 0, -1.1409313725490196, 0.011919424689101671]
[50610, 10000, 65521, 0, -1.1409313725490196, 0.011919424689101671]
[50591, 10000, 65521, 0, -1.1409313725490196, 0.011919424689101671]
[50570, 10000, 65521, 0, -1.1409313725490196, 0.011919424689101671]
[50550, 10000, 65521, 0, -1.0808823529411764, 0.011919424689101671]
[50530, 10000, 65521, 0, -1.0808823529411764, 0.011919424689101671]
[50510, 10000, 65521, 0, -1.0808823529411764, 0.011919424689101671]
[50491, 10000, 65521, 0, -1.0808823529411764, 0.011919424689101671]
[50471, 10000, 65521, 0, -1.0808823529411764, 0.011919424689101671]
[50451, 10000, 65521, 0, -1.0808823529411764, 0.011919424689101671]
[50431, 10000, 65521, 0, -1.0808823529411764, 0.011919424689101671]
[50411, 10000, 65521, 0, -1.0808823529411764, 0.011919424689101671]
[50391, 10000, 65521, 0, -1.0808823529411764, 0.011919424689101671]
[50371, 10000, 65521, 0, -1.0808823529411764, 0.011919424689101671]
[50351, 10000, 65521, 0, -1.0808823529411764, 0.011919424689101671]
[50331, 10000, 65521, 0, -1.0808823529411764, 0.011919424689101671]
[50312, 10000, 65521, 0, -1.0808823529411764, 0.011919424689101671]
[50292, 10000, 65521, 0, -1.0808823529411764, 0.011919424689101671]
[50272, 10000, 65521, 0, -1.0808823529411764, 0.011919424689101671]
[50252, 10000, 65521, 0, -1.0808823529411764, 0.011919424689101671]
[50232, 10000, 65521, 0, -1.0808823529411764, 0.011919424689101671]
[50212, 10000, 65521, 0, -1.0808823529411764, 0.011919424689101671]
[50192, 10000, 65521, 0, -1.0808823529411764, 0.011919424689101671]
[50172, 10000, 65521, 0, -1.0808823529411764, 0.011919424689101671]
[50152, 10000, 65521, 0, -1.0808823529411764, 0.011919424689101671]
[50132, 10000, 65521, 0, -1.0808823529411764, 0.011919424689101671]
[50112, 10000, 65521, 0, -1.0808823529411764, 0.011919424689101671]
[50092, 10000, 65521, 0, -1.0808823529411764, 0.011919424689101671]
[50072, 10000, 65521, 0, -1.0808823529411764, 0.011919424689101671]
[50052, 10000, 65521, 0, -1.0808823529411764, 0.011919424689101671]
[50031, 10000, 65521, 0, -1.0808823529411764, 0.011919424689101671]
[50012, 10000, 65521, 0, -1.0808823529411764, 0.011919424689101671]
[49992, 10000, 65521, 0, -1.0808823529411764, 0.011919424689101671]
[49972, 10000, 65521, 0, -1.0808823529411764, 0.011919424689101671]
[49952, 10000, 65521, 0, -1.0808823529411764, 0.011919424689101671]
[49932, 10000, 65521, 0, -1.0808823529411764, 0.011919424689101671]
[49913, 10000, 65521, 0, -1.0808823529411764, 0.011919424689101671]
[49892, 10000, 65521, 0, -1.0808823529411764, 0.011919424689101671]
[49873, 10000, 65521, 0, -1.0808823529411764, 0.011919424689101671]
[49853, 10000, 65521, 0, -1.0808823529411764, 0.011919424689101671]
[49833, 10000, 65521, 0, -1.0808823529411764, 0.011919424689101671]
[49813, 10000, 65521, 0, -1.0808823529411764, 0.011919424689101671]
[49793, 10000, 65521, 0, -1.0808823529411764, 0.011919424689101671]
[49773, 10000, 65521, 0, -1.0808823529411764, 0.011919424689101671]
[49753, 10000, 65521, 0, -1.0808823529411764, 0.011919424689101671]
[49733, 10000, 65521, 0, -1.0808823529411764, 0.011919424689101671]
[49713, 10000, 65521, 0, -1.0808823529411764, 0.011919424689101671]
[49692, 10000, 65521, 0, -1.0808823529411764, 0.011919424689101671]
[49672, 10000, 65521, 0, -1.0808823529411764, 0.011919424689101671]
[49652, 10000, 65521, 0, -1.0808823529411764, 0.011919424689101671]
[49630, 10000, 65521, 0, -1.0808823529411764, 0.011919424689101671]
[49612, 10000, 65521, 0, -1.0808823529411764, 0.011919424689101671]
[49592, 10000, 65521, 0, -1.0808823529411764, 0.011919424689101671]
[49572, 10000, 65521, 0, -1.0808823529411764, 0.011919424689101671]
[49552, 10000, 65521, 0, -1.0808823529411764, 0.011919424689101671]
[49532, 10000, 65521, 0, -1.0808823529411764, 0.011919424689101671]
[49512, 10000, 65521, 0, -1.0808823529411764, 0.011919424689101671]
[49492, 10000, 65521, 0, -1.0808823529411764, 0.011919424689101671]
[49472, 10000, 65521, 0, -1.0808823529411764, 0.011919424689101671]
[49452, 10000, 65521, 0, -1.0808823529411764, 0.011919424689101671]
[49431, 10000, 65521, 0, -1.0808823529411764, 0.011919424689101671]
[49411, 10000, 65521, 0, -1.0808823529411764, 0.011919424689101671]
[49392, 10000, 65521, 0, -1.0808823529411764, 0.011919424689101671]
[49372, 10000, 65521, 0, -1.0808823529411764, 0.011919424689101671]
[49352, 10000, 65521, 0, -1.0808823529411764, 0.011919424689101671]
[49332, 10000, 65521, 0, -1.0808823529411764, 0.011919424689101671]
[49312, 10000, 65521, 0, -1.0808823529411764, 0.011919424689101671]
[49292, 10000, 65521, 0, -1.0808823529411764, 0.011919424689101671]
[49272, 10000, 65521, 0, -1.0808823529411764, 0.011919424689101671]
[49251, 10000, 65521, 0, -1.0808823529411764, 0.011919424689101671]
[49232, 10000, 65521, 0, -1.0808823529411764, 0.011919424689101671]
[49211, 10000, 65521, 0, -1.0808823529411764, 0.011919424689101671]
[49191, 10000, 65521, 0, -1.0808823529411764, 0.011919424689101671]
[49171, 10000, 65521, 0, -1.0808823529411764, 0.011919424689101671]
[49150, 10000, 65521, 0, -1.0808823529411764, 0.011919424689101671]
[49130, 10000, 65521, 0, -1.0808823529411764, 0.011919424689101671]
[49110, 10000, 65521, 0, -1.0808823529411764, 0.011919424689101671]
[49089, 10000, 65521, 0, -1.0808823529411764, 0.011919424689101671]
[49068, 10000, 65521, 0, -1.0808823529411764, 0.011919424689101671]
[49049, 10000, 65521, 0, -1.0808823529411764, 0.011919424689101671]
[49029, 10000, 65521, 0, -1.0808823529411764, 0.011919424689101671]
[49009, 10000, 65521, 0, -1.0808823529411764, 0.011919424689101671]
[48989, 10000, 65521, 0, -1.0808823529411764, 0.011919424689101671]
[48969, 10000, 65521, 0, -1.0808823529411764, 0.011919424689101671]
[48948, 10000, 65521, 0, -1.0808823529411764, 0.011919424689101671]
[48928, 10000, 65521, 0, -1.0808823529411764, 0.011919424689101671]
[48908, 10000, 65521, 0, -1.0808823529411764, 0.011919424689101671]
[48888, 10000, 65521, 0, -1.0808823529411764, 0.011919424689101671]
[48868, 10000, 65521, 0, -1.0808823529411764, 0.011919424689101671]
[48848, 10000, 65521, 0, -1.0808823529411764, 0.011919424689101671]
[48828, 10000, 65521, 0, -1.0808823529411764, 0.011919424689101671]
[48807, 10000, 65521, 0, -1.0808823529411764, 0.011919424689101671]
[48787, 10000, 65521, 0, -1.0808823529411764, 0.011919424689101671]
[48767, 10000, 65521, 0, -1.0808823529411764, 0.011919424689101671]
[48747, 10000, 65521, 0, -1.0808823529411764, 0.011919424689101671]
[48724, 10000, 65521, 0, -1.0808823529411764, 0.011919424689101671]
[48706, 10000, 65521, 0, -1.0808823529411764, 0.011919424689101671]
[48686, 10000, 65521, 0, -1.0808823529411764, 0.011919424689101671]
[48666, 10000, 65521, 0, -1.0208333333333335, 0.011919424689101671]
[48646, 10000, 65521, 0, -1.0208333333333335, 0.011919424689101671]
[48625, 10000, 65521, 0, -1.0208333333333335, 0.011919424689101671]
[48605, 10000, 65521, 0, -1.0208333333333335, 0.011919424689101671]
[48585, 10000, 65521, 0, -1.0208333333333335, 0.011919424689101671]
[48565, 10000, 65521, 0, -1.0808823529411764, 0.011124796376494895]
[48545, 10000, 65521, 0, -1.0808823529411764, 0.011124796376494895]
[48524, 10000, 65521, 0, -1.0808823529411764, 0.011124796376494895]
[48505, 10000, 65521, 0, -1.0808823529411764, 0.011124796376494895]
[48484, 10000, 65521, 0, -1.0808823529411764, 0.011919424689101671]
[48464, 10000, 65521, 0, -1.0808823529411764, 0.011124796376494895]
[48444, 10000, 65521, 0, -1.0808823529411764, 0.011124796376494895]
[48424, 10000, 65521, 0, -1.0808823529411764, 0.011124796376494895]
[48404, 10000, 65521, 0, -1.0808823529411764, 0.011124796376494895]
[48384, 10000, 65521, 0, -1.0808823529411764, 0.011124796376494895]
[-1, -1, -2, -2, -1.0808823529411764, 0.011124796376494895]
[48344, 10000, 65521, 0, -1.0808823529411764, 0.011124796376494895]
[48321, 10000, 65521, 0, -1.0808823529411764, 0.011124796376494895]
[48304, 10000, 65521, 0, -1.0808823529411764, 0.011124796376494895]
[48284, 10000, 65521, 0, -1.0808823529411764, 0.011124796376494895]
[48264, 10000, 65521, 0, -18, 14]
[48241, 10000, 65521, 0, 0, 0]
[48223, 10000, 65521, 0, -1.0808823529411764, 0.011124796376494895]
[48203, 10000, 65521, 0, -1.0808823529411764, 0.011124796376494895]
[48184, 10000, 65521, 0, -1.0808823529411764, 0.011124796376494895]
[48163, 10000, 65521, 0, -1.0808823529411764, 0.011124796376494895]
[48143, 10000, 65521, 0, -1.0808823529411764, 0.011124796376494895]
[48123, 10000, 65521, 0, -1.0808823529411764, 0.011124796376494895]
[48104, 10000, 65521, 0, -1.0808823529411764, 0.011124796376494895]
[48083, 10000, 65521, 0, -1.0808823529411764, 0.011124796376494895]
[48063, 10000, 65521, 0, -1.0808823529411764, 0.011124796376494895]
[48043, 10000, 65521, 0, -1.0808823529411764, 0.011124796376494895]
[48023, 10000, 65521, 0, -1.0808823529411764, 0.011124796376494895]
[48003, 10000, 65521, 0, -1.0808823529411764, 0.011124796376494895]
[47983, 10000, 65521, 0, -1.0808823529411764, 0.011124796376494895]
[47963, 10000, 65521, 0, -1.0808823529411764, 0.011124796376494895]
[47944, 10000, 65521, 0, -1.0808823529411764, 0.011124796376494895]
[47924, 10000, 65521, 0, -1.0808823529411764, 0.011124796376494895]
[47903, 10000, 65521, 0, -1.0808823529411764, 0.011124796376494895]
[47884, 10000, 65521, 0, -1.0808823529411764, 0.011124796376494895]
[47864, 10000, 65521, 0, -1.0808823529411764, 0.010330168063888116]
[47843, 10000, 65521, 0, -1.0808823529411764, 0.010330168063888116]
[47823, 10000, 65521, 0, -1.0808823529411764, 0.010330168063888116]
[47804, 10000, 65521, 0, -1.0808823529411764, 0.010330168063888116]
[47784, 10000, 65521, 0, -1.0808823529411764, 0.010330168063888116]
[47764, 10000, 65521, 0, -1.0808823529411764, 0.010330168063888116]
[47743, 10000, 65521, 0, -1.0808823529411764, 0.010330168063888116]
[47722, 10000, 65521, 0, -1.0808823529411764, 0.010330168063888116]
[47704, 10000, 65521, 0, -1.0808823529411764, 0.010330168063888116]
[47683, 10000, 65521, 0, -1.0808823529411764, 0.010330168063888116]
[47663, 10000, 65521, 0, -1.0808823529411764, 0.010330168063888116]
[47643, 10000, 65521, 0, -1.0808823529411764, 0.010330168063888116]
[47624, 10000, 65521, 0, -1.0808823529411764, 0.010330168063888116]
[47603, 10000, 65521, 0, -1.0808823529411764, 0.010330168063888116]
[47583, 10000, 65521, 0, -1.0808823529411764, 0.010330168063888116]
[47563, 10000, 65521, 0, -1.0808823529411764, 0.010330168063888116]
[47543, 10000, 65521, 0, -1.0808823529411764, 0.010330168063888116]
[47523, 10000, 65521, 0, -1.0808823529411764, 0.010330168063888116]
[47503, 10000, 65521, 0, -1.0808823529411764, 0.010330168063888116]
[47484, 10000, 65521, 0, -1.0808823529411764, 0.010330168063888116]
[47464, 10000, 65521, 0, -1.0808823529411764, 0.010330168063888116]
[47444, 10000, 65521, 0, -1.0808823529411764, 0.010330168063888116]
[47424, 10000, 65521, 0, -1.0808823529411764, 0.010330168063888116]
[47404, 10000, 65521, 0, -1.0808823529411764, 0.010330168063888116]
[47384, 10000, 65521, 0, -1.0808823529411764, 0.010330168063888116]
[47364, 10000, 65521, 0, -1.0808823529411764, 0.010330168063888116]
[47344, 10000, 65521, 0, -1.0808823529411764, 0.010330168063888116]
[47325, 10000, 65521, 0, -1.0808823529411764, 0.010330168063888116]
[47305, 10000, 65521, 0, -1.0808823529411764, 0.010330168063888116]
[47285, 10000, 65521, 0, -1.0808823529411764, 0.010330168063888116]
[47264, 10000, 65521, 0, -1.0808823529411764, 0.010330168063888116]
[47245, 10000, 65521, 0, -1.0808823529411764, 0.010330168063888116]
[47225, 10000, 65521, 0, -1.0808823529411764, 0.010330168063888116]
[47204, 10000, 65521, 0, -1.0808823529411764, 0.010330168063888116]
[47184, 10000, 65521, 0, -1.0808823529411764, 0.010330168063888116]
[47164, 10000, 65521, 0, -1.0808823529411764, 0.010330168063888116]
[47145, 10000, 65521, 0, -1.0808823529411764, 0.010330168063888116]
[47124, 10000, 65521, 0, -1.0808823529411764, 0.010330168063888116]
[47104, 10000, 65521, 0, -1.0808823529411764, 0.010330168063888116]
[47084, 10000, 65521, 0, -1.0808823529411764, 0.010330168063888116]
[47064, 10000, 65521, 0, -1.0808823529411764, 0.010330168063888116]
[47044, 10000, 65521, 0, -1.0808823529411764, 0.010330168063888116]
[47024, 10000, 65521, 0, -1.0808823529411764, 0.011124796376494895]
[47004, 10000, 65521, 0, -1.0808823529411764, 0.011124796376494895]
[46876, 10000, 65521, 0, -1.0808823529411764, 0.010330168063888116]
[46856, 10000, 65521, 0, -1.0808823529411764, 0.010330168063888116]
[46836, 10000, 65521, 0, -1.0808823529411764, 0.010330168063888116]
[46816, 10000, 65521, 0, -1.0808823529411764, 0.010330168063888116]
[46796, 10000, 65521, 0, -1.0808823529411764, 0.010330168063888116]
[46776, 10000, 65521, 0, -1.0808823529411764, 0.010330168063888116]
[46756, 10000, 65521, 0, -1.0808823529411764, 0.010330168063888116]
[46736, 10000, 65521, 0, -1.0808823529411764, 0.010330168063888116]
[46716, 10000, 65521, 0, -1.0808823529411764, 0.010330168063888116]
[46696, 10000, 65521, 0, -1.0808823529411764, 0.010330168063888116]
[46676, 10000, 65521, 0, -1.0808823529411764, 0.010330168063888116]
[46656, 10000, 65521, 0, -1.0808823529411764, 0.010330168063888116]
[46636, 10000, 65521, 0, -1.0808823529411764, 0.010330168063888116]
[46616, 10000, 65521, -1, -1.0808823529411764, 0.010330168063888116]
[46596, 10000, 65521, 0, -1.0808823529411764, 0.010330168063888116]
[46576, 10000, 65521, 0, -1.0808823529411764, 0.010330168063888116]
[46556, 10000, 65521, 0, -1.0808823529411764, 0.010330168063888116]
[46536, 10000, 65521, 0, -1.0808823529411764, 0.011124796376494895]
[46516, 10000, 65521, 0, -1.0808823529411764, 0.011124796376494895]
[46496, 10000, 65521, 0, -1.0808823529411764, 0.011124796376494895]
[46476, 10000, 65521, 0, -1.0808823529411764, 0.011124796376494895]
[46456, 10000, 65521, 0, -1.0808823529411764, 0.011124796376494895]
[46437, 10000, 65521, 0, -1.0808823529411764, 0.011124796376494895]
[46417, 10000, 65521, 0, -1.0808823529411764, 0.011124796376494895]
[46397, 10000, 65521, 0, -1.0808823529411764, 0.011124796376494895]
[46377, 10000, 65521, 0, -1.0808823529411764, 0.011124796376494895]
[46357, 10000, 65521, 0, -1.0808823529411764, 0.011124796376494895]
[46338, 10000, 65521, 0, -1.0808823529411764, 0.011124796376494895]
[46318, 10000, 65521, 0, -1.0808823529411764, 0.011124796376494895]
[46298, 10000, 65521, 0, -1.0808823529411764, 0.011124796376494895]
[46277, 10000, 65521, 0, -1.0808823529411764, 0.011124796376494895]
[46258, 10000, 65521, 0, -1.0808823529411764, 0.011124796376494895]
[46238, 10000, 65521, 0, -1.0808823529411764, 0.011124796376494895]
[46218, 10000, 65521, 0, -1.0808823529411764, 0.011124796376494895]
[46198, 10000, 65521, 0, -1.0808823529411764, 0.011124796376494895]
[46178, 10000, 65521, 0, -1.0808823529411764, 0.011124796376494895]
[46157, 10000, 65521, 0, -1.0208333333333335, 0.011124796376494895]
[46137, 10000, 65521, 0, -1.0208333333333335, 0.011124796376494895]
[46117, 10000, 65521, 0, -1.0208333333333335, 0.011124796376494895]
[46097, 10000, 65521, 0, -1.0208333333333335, 0.011124796376494895]
[46077, 10000, 65521, 0, -1.0208333333333335, 0.011124796376494895]
[46057, 10000, 65521, 0, -1.0208333333333335, 0.011124796376494895]
[46037, 10000, 65521, 0, -1.0208333333333335, 0.011124796376494895]
[46017, 10000, 65521, 0, -1.0808823529411764, 0.011124796376494895]
[45997, 10000, 65521, 0, -1.0808823529411764, 0.011124796376494895]
[45978, 10000, 65521, 0, -1.0808823529411764, 0.011124796376494895]
[45958, 10000, 65521, 0, -1.0808823529411764, 0.011124796376494895]
[45938, 10000, 65521, 0, -1.0208333333333335, 0.011124796376494895]
[45918, 10000, 65521, 0, -1.0208333333333335, 0.011124796376494895]
[45898, 10000, 65521, 0, -1.0808823529411764, 0.011124796376494895]
[45878, 10000, 65521, 0, -1.0808823529411764, 0.011124796376494895]
[45858, 10000, 65521, 0, -1.0808823529411764, 0.011124796376494895]
[45838, 10000, 65521, 0, -1.0808823529411764, 0.011124796376494895]
[45818, 10000, 65521, 0, -1.0808823529411764, 0.011124796376494895]
[45798, 10000, 65521, 0, -1.0808823529411764, 0.011124796376494895]
[45778, 10000, 65521, 0, -1.0208333333333335, 0.011124796376494895]
[45754, 10000, 65522, 0, -1.0208333333333335, 0.011124796376494895]
[45750, 10000, 65524, 0, -1.0208333333333335, 0.011124796376494895]
[45747, 10000, 65526, 0, -1.0208333333333335, 0.011124796376494895]
[45745, 10000, 65527, 0, -1.0208333333333335, 0.011124796376494895]
[45743, 10000, 65529, 0, -1.0208333333333335, 0.011124796376494895]
[45742, 10000, 65530, 0, -1.0208333333333335, 0.011124796376494895]
[45741, 10000, 65531, 0, -1.0208333333333335, 0.011124796376494895]
[45740, 10000, 65532, 0, -1.0208333333333335, 0.011124796376494895]
[45740, 10000, 65533, 0, -1.0208333333333335, 0.011124796376494895]
[45739, 10000, 65533, 0, -1.0208333333333335, 0.011124796376494895]
[45739, 10000, 65534, 0, -1.0208333333333335, 0.011124796376494895]
[45739, 10000, 65534, 0, -1.0208333333333335, 0.011124796376494895]
[45739, 10000, 65534, 0, -1.0208333333333335, 0.011124796376494895]
[45739, 10000, 65535, 0, -1.0208333333333335, 0.011124796376494895]
[45739, 9997, 65535, 65535, -1.0208333333333335, 0.011124796376494895]
[45739, 9983, 65535, 65534, -1.0208333333333335, 0.011124796376494895]
[45739, 9969, 65535, 65532, -1.0208333333333335, 0.011124796376494895]
[45739, 9953, 65535, 65530, -1.0208333333333335, 0.011124796376494895]
[45739, 9940, 0, 65529, -1.0208333333333335, 0.011124796376494895]
[45739, 9924, 0, 65529, -1.0808823529411764, 0.011124796376494895]
[45739, 9909, 0, 65528, -1.0808823529411764, 0.011124796376494895]
[45739, 9895, 0, 65527, -1.0808823529411764, 0.011124796376494895]
[45739, 9881, 0, 65527, -1.0808823529411764, 0.011124796376494895]
[45739, 9865, 0, 65526, -1.0808823529411764, 0.011124796376494895]
[45739, 9850, 0, 65526, -1.0808823529411764, 0.011124796376494895]
[45739, 9835, 0, 65525, -1.0808823529411764, 0.011124796376494895]
[45739, 9821, 0, 65525, -1.0808823529411764, 0.011124796376494895]
[45739, 9805, 0, 65525, -1.0808823529411764, 0.011124796376494895]
[45739, 9790, 0, 65525, -1.0808823529411764, 0.011124796376494895]
[45739, 9773, 0, 65524, -1.0808823529411764, 0.011124796376494895]
[45739, 9759, 0, 65525, -1.0808823529411764, 0.011124796376494895]
[45739, 9742, 0, 65525, -1.0808823529411764, 0.011124796376494895]
[45739, 9726, 0, 65524, -1.0808823529411764, 0.011124796376494895]
[45739, 9710, 0, 65524, -1.0808823529411764, 0.011124796376494895]
[45739, 9694, 0, 65524, -1.0808823529411764, 0.011124796376494895]
[45739, 9679, 0, 65524, -1.0808823529411764, 0.011124796376494895]
[45739, 9662, 0, 65524, -1.0808823529411764, 0.011919424689101671]
[45739, 9646, 0, 65524, -1.0808823529411764, 0.011124796376494895]
[45739, 9630, 0, 65524, -1.0808823529411764, 0.011124796376494895]
[45739, 9613, 0, 65524, -1.0808823529411764, 0.011124796376494895]
[45739, 9599, 0, 65524, -1.0808823529411764, 0.011124796376494895]
[45739, 9582, 0, 65524, -1.1409313725490196, 0.011124796376494895]
[45739, 9566, 0, 65524, -1.1409313725490196, 0.011124796376494895]
[45739, 9550, 0, 65524, -1.1409313725490196, 0.011124796376494895]
[45739, 9530, 0, 65524, -1.1409313725490196, 0.011124796376494895]
[45739, 9516, 0, 65524, -1.1409313725490196, 0.011124796376494895]
[45739, 9502, 0, 65524, -1.1409313725490196, 0.011124796376494895]
[45739, 9486, 0, 65524, -1.1409313725490196, 0.011124796376494895]
[45739, 9470, 0, 65524, -1.1409313725490196, 0.011124796376494895]
[45739, 9452, 0, 65524, -1.1409313725490196, 0.011124796376494895]
[45739, 9439, 0, 65524, -1.1409313725490196, 0.011124796376494895]
[45739, 9421, 0, 65524, -1.1409313725490196, 0.011124796376494895]
[45739, 9405, 0, 65524, -1.1409313725490196, 0.011124796376494895]
[45739, 9389, 0, 65524, -1.1409313725490196, 0.011124796376494895]
[45739, 9373, 0, 65524, -1.1409313725490196, 0.011124796376494895]
[45739, 9358, 0, 65524, -19, 14]
[45739, 9341, 0, 65524, 0, 0]
[45739, 9323, 0, 65524, -1.1409313725490196, 0.011124796376494895]
[45739, 9309, 0, 65524, -1.1409313725490196, 0.011124796376494895]
[45739, 9292, 0, 65524, -1.1409313725490196, 0.011124796376494895]
[45739, 9278, 0, 65524, -1.1409313725490196, 0.011124796376494895]
[45739, 9261, 0, 65524, -1.1409313725490196, 0.011124796376494895]
[45739, 9245, 0, 65524, -1.1409313725490196, 0.011124796376494895]
[45739, 9229, 0, 65524, -1.1409313725490196, 0.011124796376494895]
[45739, 9212, 0, 65524, -1.1409313725490196, 0.011124796376494895]
[45739, 9198, 0, 65524, -1.1409313725490196, 0.011124796376494895]
[45739, 9181, 0, 65524, -1.1409313725490196, 0.011124796376494895]
[45739, 9165, 0, 65524, -1.1409313725490196, 0.011124796376494895]
[45739, 9149, 0, 65524, -1.1409313725490196, 0.011124796376494895]
[45739, 9133, 0, 65524, -1.1409313725490196, 0.011124796376494895]
[45739, 9118, 0, 65524, -1.1409313725490196, 0.011124796376494895]
[45739, 9102, 0, 65524, -1.1409313725490196, 0.011124796376494895]
[45739, 9086, 0, 65524, -1.1409313725490196, 0.011124796376494895]
[45739, 9070, 0, 65524, -1.1409313725490196, 0.011124796376494895]
[45739, 9053, 0, 65524, -1.1409313725490196, 0.011124796376494895]
[45739, 9038, 0, 65524, -1.1409313725490196, 0.011124796376494895]
[45739, 9022, 0, 65524, -1.1409313725490196, 0.011124796376494895]
[45739, 9006, 0, 65524, -1.1409313725490196, 0.011124796376494895]
[45739, 8990, 0, 65524, -1.1409313725490196, 0.011124796376494895]
[45739, 8972, 0, 65524, -1.1409313725490196, 0.011124796376494895]
[45739, 8958, 0, 65524, -1.1409313725490196, 0.011124796376494895]
[45739, 8942, 0, 65524, -1.1409313725490196, 0.011124796376494895]
[45739, 8926, 0, 65524, -1.1409313725490196, 0.011124796376494895]
[45739, 8910, 0, 65524, -1.1409313725490196, 0.011124796376494895]
[45739, 8893, 0, 65524, -1.1409313725490196, 0.011124796376494895]
[45739, 8878, 0, 65524, -1.1409313725490196, 0.011124796376494895]
[45739, 8862, 0, 65524, -1.1409313725490196, 0.011124796376494895]
[45739, 8845, 0, 65524, -1.1409313725490196, 0.011124796376494895]
[45739, 8829, 0, 65524, -1.1409313725490196, 0.011124796376494895]
[45739, 8812, 0, 65524, -1.1409313725490196, 0.011124796376494895]
[45739, 8798, 0, 65524, -1.1409313725490196, 0.011124796376494895]
[45739, 8782, 0, 65524, -1.1409313725490196, 0.011124796376494895]
[45739, 8764, 0, 65524, -1.1409313725490196, 0.011124796376494895]
[45739, 8749, 0, 65524, -1.1409313725490196, 0.011124796376494895]
[45739, 8733, 0, 65524, -1.1409313725490196, 0.011124796376494895]
[45739, 8718, 0, 65524, -1.1409313725490196, 0.011124796376494895]
[45739, 8702, 0, 65524, -1.1409313725490196, 0.011124796376494895]
[45739, 8686, 0, 65524, -1.1409313725490196, 0.011124796376494895]
[45739, 8669, 0, 65524, -1.1409313725490196, 0.011124796376494895]
[45739, 8653, 0, 65524, -1.1409313725490196, 0.011124796376494895]
[45739, 8638, 0, 65524, -1.1409313725490196, 0.011124796376494895]
[45739, 8622, 0, 65524, -1.1409313725490196, 0.011124796376494895]
[45739, 8606, 0, 65524, -1.1409313725490196, 0.011124796376494895]
[45739, 8590, 0, 65524, -1.1409313725490196, 0.011124796376494895]
[45739, 8573, 0, 65524, -1.1409313725490196, 0.011124796376494895]
[45739, 8558, 0, 65524, -1.1409313725490196, 0.011124796376494895]
[45739, 8543, 0, 65524, -1.1409313725490196, 0.011124796376494895]
[45739, 8524, 0, 65524, -1.1409313725490196, 0.011124796376494895]
[45739, 8510, 0, 65524, -1.1409313725490196, 0.011124796376494895]
[45739, 8494, 0, 65524, -1.1409313725490196, 0.011124796376494895]
[45739, 8479, 0, 65524, -1.1409313725490196, 0.011124796376494895]
[45739, 8463, 0, 65524, -1.1409313725490196, 0.011124796376494895]
[45739, 8446, 0, 65524, -1.1409313725490196, 0.011124796376494895]
[45739, 8430, 0, 65524, -1.1409313725490196, 0.011124796376494895]
[45739, 8413, 0, 65524, -1.1409313725490196, 0.011124796376494895]
[45739, 8398, 0, 65524, -1.1409313725490196, 0.011124796376494895]
[45739, 8383, 0, 65524, -1.1409313725490196, 0.011124796376494895]
[45739, 8366, 0, 65524, -1.1409313725490196, 0.011124796376494895]
[45739, 8350, 0, 65524, -1.1409313725490196, 0.011124796376494895]
[45739, 8333, 0, 65524, -1.1409313725490196, 0.011124796376494895]
[45739, 8318, 0, 65524, -1.1409313725490196, 0.011124796376494895]
[45739, 8303, 0, 65524, -1.1409313725490196, 0.011124796376494895]
[45739, 8285, 0, 65524, -1.1409313725490196, 0.011124796376494895]
[45739, 8269, 0, 65524, -1.1409313725490196, 0.011124796376494895]
[45739, 8253, 0, 65524, -1.1409313725490196, 0.011124796376494895]
[45739, 8238, 0, 65524, -1.1409313725490196, 0.011124796376494895]
[45739, 8222, 0, 65524, -1.1409313725490196, 0.011124796376494895]
[45739, 8205, 0, 65524, -1.1409313725490196, 0.011124796376494895]
[45739, 8189, 0, 65524, -1.1409313725490196, 0.011124796376494895]
[45739, 8171, 0, 65524, -1.1409313725490196, 0.011124796376494895]
[45739, 8157, 0, 65524, -1.1409313725490196, 0.011124796376494895]
[45739, 8142, 0, 65524, -1.1409313725490196, 0.011124796376494895]
[45739, 8125, 0, 65524, -1.1409313725490196, 0.011124796376494895]
[45739, 8110, 0, 65524, -1.1409313725490196, 0.011124796376494895]
[45739, 8090, 0, 65524, -1.1409313725490196, 0.011124796376494895]
[45739, 8076, 0, 65524, -1.1409313725490196, 0.011124796376494895]
[45739, 8055, 0, 65525, -1.1409313725490196, 0.011124796376494895]
[45739, 8056, 0, 65527, -1.1409313725490196, 0.011124796376494895]
[45739, 8055, 0, 65528, -1.1409313725490196, 0.011124796376494895]
[45739, 8056, 0, 65530, -1.1409313725490196, 0.011124796376494895]
[45739, 8056, 0, 65531, -1.1409313725490196, 0.011124796376494895]
[45739, 8056, 0, 65532, -1.1409313725490196, 0.011124796376494895]
[45739, 8056, 0, 65532, -1.1409313725490196, 0.011124796376494895]
[45739, 8056, 0, 65533, -1.1409313725490196, 0.011124796376494895]
[45739, 8056, 0, 65534, -1.1409313725490196, 0.011124796376494895]
[45739, 8056, 0, 65534, -1.1409313725490196, 0.011124796376494895]
[45739, 8056, 0, 65534, -1.1409313725490196, 0.011124796376494895]
[45739, 8056, 0, 65535, -1.1409313725490196, 0.011124796376494895]
[45739, 8056, 0, 65535, -1.1409313725490196, 0.011124796376494895]
[45739, 8056, 0, 65535, -1.1409313725490196, 0.011124796376494895]
[45739, 8056, 0, 65535, -1.1409313725490196, 0.011124796376494895]
[45739, 8056, 0, 65535, -1.1409313725490196, 0.011124796376494895]
[45739, 8056, 0, 0, -1.1409313725490196, 0.011124796376494895]
[45739, 8069, 0, 2, -1.1409313725490196, 0.011124796376494895]
[45739, 8081, 0, 4, -1.1409313725490196, 0.011124796376494895]
[45739, 8097, 0, 5, -1.1409313725490196, 0.011124796376494895]
[45739, 8113, 0, 6, -1.1409313725490196, 0.011124796376494895]
[45739, 8127, 0, 7, -1.1409313725490196, 0.011124796376494895]
[45739, 8140, 0, 8, -1.1409313725490196, 0.011124796376494895]
[45739, 8156, 0, 8, -1.1409313725490196, 0.011124796376494895]
[45739, 8171, 0, 9, -1.1409313725490196, 0.011124796376494895]
[45739, 8186, 0, 10, -1.1409313725490196, 0.011124796376494895]
[45739, 8199, 0, 10, -1.1409313725490196, 0.011124796376494895]
[45739, 8215, 0, 10, -1.1409313725490196, 0.011124796376494895]
[45739, 8232, 0, 11, -1.1409313725490196, 0.011124796376494895]
[45739, 8248, 0, 11, -1.1409313725490196, 0.011124796376494895]
[45739, 8261, 0, 11, -1.1409313725490196, 0.011124796376494895]
[45739, 8278, 0, 11, -1.1409313725490196, 0.011124796376494895]
[45739, 8294, 0, 11, -1.1409313725490196, 0.011124796376494895]
[45739, 8309, 0, 12, -1.1409313725490196, 0.011124796376494895]
[45739, 8334, 0, 11, -1.1409313725490196, 0.011124796376494895]
[45739, 8349, 0, 11, -1.1409313725490196, 0.011124796376494895]
[45739, 8362, 0, 11, -1.1409313725490196, 0.011124796376494895]
[45739, 8379, 0, 11, -1.1409313725490196, 0.011124796376494895]
[45739, 8393, 0, 11, -1.1409313725490196, 0.011124796376494895]
[45739, 8409, 0, 12, -1.1409313725490196, 0.011124796376494895]
[45739, 8422, 0, 12, -1.1409313725490196, 0.011124796376494895]
[45739, 8438, 0, 11, -1.1409313725490196, 0.011124796376494895]
[45739, 8453, 0, 12, -1.1409313725490196, 0.011124796376494895]
[45739, 8469, 0, 12, -1.1409313725490196, 0.011124796376494895]
[45739, 8481, 0, 12, -1.1409313725490196, 0.011124796376494895]
[45739, 8499, 0, 12, -1.1409313725490196, 0.011124796376494895]
[45739, 8514, 0, 12, -1.1409313725490196, 0.011124796376494895]
[45739, 8528, 0, 12, -1.1409313725490196, 0.011124796376494895]
[45739, 8541, 0, 12, -1.1409313725490196, 0.011124796376494895]
[45739, 8557, 0, 12, -1.1409313725490196, 0.011124796376494895]
[45739, 8574, 0, 12, -1.1409313725490196, 0.011124796376494895]
[45739, 8590, 0, 12, -1.1409313725490196, 0.011124796376494895]
[45739, 8604, 0, 12, -1.1409313725490196, 0.011124796376494895]
[45739, 8619, 0, 12, -1.1409313725490196, 0.011124796376494895]
[45739, 8637, 0, 12, -1.1409313725490196, 0.011124796376494895]
[45739, 8654, 0, 12, -1.1409313725490196, 0.011124796376494895]
[45739, 8669, 0, 12, -1.1409313725490196, 0.011124796376494895]
[45739, 8684, 0, 12, -1.1409313725490196, 0.011124796376494895]
[45739, 8699, 0, 12, -1.1409313725490196, 0.011124796376494895]
[45739, 8716, 0, 12, -1.1409313725490196, 0.011124796376494895]
[45739, 8732, 0, 12, -1.1409313725490196, 0.011124796376494895]
[45739, 8749, 0, 12, -1.1409313725490196, 0.011124796376494895]
[45739, 8764, 0, 12, -1.1409313725490196, 0.011124796376494895]
[45739, 8779, 0, 12, -1.1409313725490196, 0.011124796376494895]
[45739, 8796, 0, 12, -1.1409313725490196, 0.011124796376494895]
[45739, 8812, 0, 12, -1.1409313725490196, 0.011124796376494895]
[45739, 8829, 0, 12, -1.1409313725490196, 0.011124796376494895]
[45739, 8844, 0, 12, -1.1409313725490196, 0.011124796376494895]
[45739, 8859, 0, 12, -1.1409313725490196, 0.011124796376494895]
[45739, 8877, 0, 12, -1.1409313725490196, 0.011124796376494895]
[45739, 8894, 0, 12, -1.1409313725490196, 0.011124796376494895]
[45739, 8909, 0, 12, -1.1409313725490196, 0.011124796376494895]
[45739, 8925, 0, 12, -1.1409313725490196, 0.011124796376494895]
[45739, 8940, 0, 12, -1.1409313725490196, 0.011124796376494895]
[45739, 8957, 0, 12, -1.1409313725490196, 0.011124796376494895]
[45739, 8973, 0, 12, -1.1409313725490196, 0.011124796376494895]
[45739, 8989, 0, 12, -1.1409313725490196, 0.011124796376494895]
[45739, 9005, 0, 12, -1.1409313725490196, 0.011124796376494895]
[45739, 9020, 0, 12, -1.1409313725490196, 0.011124796376494895]
[45739, 9037, 0, 12, -1.1409313725490196, 0.011124796376494895]
[45739, 9053, 0, 12, -1.1409313725490196, 0.011124796376494895]
[45739, 9069, 0, 12, -1.1409313725490196, 0.011124796376494895]
[45739, 9084, 0, 12, -1.1409313725490196, 0.011124796376494895]
[45739, 9099, 0, 12, -1.1409313725490196, 0.011124796376494895]
[45739, 9116, 0, 12, -1.1409313725490196, 0.011124796376494895]
[45739, 9132, 0, 12, -1.1409313725490196, 0.011124796376494895]
[45739, 9148, 0, 12, -1.1409313725490196, 0.011124796376494895]
[45739, 9164, 0, 12, -1.1409313725490196, 0.011124796376494895]
[45739, 9178, 0, 12, -1.1409313725490196, 0.011124796376494895]
[45739, 9196, 0, 12, -1.1409313725490196, 0.011124796376494895]
[45739, 9211, 0, 12, -1.1409313725490196, 0.011124796376494895]
[45739, 9228, 0, 12, -1.1409313725490196, 0.011124796376494895]
[45739, 9243, 0, 12, -1.1409313725490196, 0.011124796376494895]
[45739, 9258, 0, 12, -1.1409313725490196, 0.011124796376494895]
[45739, 9275, 0, 12, -1.1409313725490196, 0.011124796376494895]
[45739, 9292, 0, 12, -1.1409313725490196, 0.011124796376494895]
[45739, 9308, 0, 12, -1.1409313725490196, 0.011124796376494895]
[45739, 9323, 0, 12, -1.1409313725490196, 0.011124796376494895]
[45739, 9338, 0, 12, -1.1409313725490196, 0.011124796376494895]
[45739, 9356, 0, 12, -1.1409313725490196, 0.011124796376494895]
[45739, 9372, 0, 12, -1.1409313725490196, 0.011124796376494895]
[45739, 9388, 0, 12, -1.1409313725490196, 0.011124796376494895]
[45739, 9404, 0, 12, -1.1409313725490196, 0.011124796376494895]
[45739, 9419, 0, 12, -1.1409313725490196, 0.011124796376494895]
[45739, 9437, 0, 12, -1.1409313725490196, 0.011124796376494895]
[45739, 9452, 0, 12, -1.1409313725490196, 0.011124796376494895]
[45739, 9469, 0, 12, -1.1409313725490196, 0.011124796376494895]
[45739, 9485, 0, 12, -1.1409313725490196, 0.011124796376494895]
[45739, 9499, 0, 12, -1.1409313725490196, 0.011124796376494895]
[45739, 9517, 0, 12, -1.1409313725490196, 0.011124796376494895]
[45739, 9533, 0, 12, -1.1409313725490196, 0.011124796376494895]
[45739, 9549, 0, 12, -1.1409313725490196, 0.011124796376494895]
[45739, 9565, 0, 12, -1.1409313725490196, 0.011124796376494895]
[45739, 9579, 0, 12, -1.1409313725490196, 0.011124796376494895]
[45739, 9597, 0, 12, -1.1409313725490196, 0.011124796376494895]
[45739, 9613, 0, 12, -1.1409313725490196, 0.011124796376494895]
[45739, 9629, 0, 12, -1.1409313725490196, 0.011124796376494895]
[45739, 9645, 0, 12, -1.1409313725490196, 0.011124796376494895]
[45739, 9660, 0, 12, -1.1409313725490196, 0.011124796376494895]
[45739, 9677, 0, 12, -1.1409313725490196, 0.011124796376494895]
[45739, 9693, 0, 12, -1.1409313725490196, 0.011124796376494895]
[45739, 9709, 0, 12, -1.1409313725490196, 0.011124796376494895]
[45739, 9725, 0, 12, -1.1409313725490196, 0.011124796376494895]
[45739, 9739, 0, 12, -1.1409313725490196, 0.011124796376494895]
[45739, 9757, 0, 12, -1.1409313725490196, 0.011124796376494895]
[45739, 9773, 0, 12, -1.1409313725490196, 0.011124796376494895]
[45739, 9789, 0, 12, -1.1409313725490196, 0.011124796376494895]
[45739, 9805, 0, 12, -1.1409313725490196, 0.011124796376494895]
[45739, 9820, 0, 12, -1.1409313725490196, 0.011124796376494895]
[45739, 9837, 0, 12, -1.1409313725490196, 0.011124796376494895]
[45739, 9853, 0, 12, -1.1409313725490196, 0.011124796376494895]
[45739, 9870, 0, 12, -1.1409313725490196, 0.011124796376494895]
[45739, 9886, 0, 12, -1.1409313725490196, 0.011124796376494895]
[45739, 9901, 0, 12, -1.1409313725490196, 0.011124796376494895]
[45739, 9918, 0, 12, -1.1409313725490196, 0.011124796376494895]
[45739, 9934, 0, 12, -1.1409313725490196, 0.011124796376494895]
[45739, 9951, 0, 12, -1.1409313725490196, 0.011124796376494895]
[45739, 9966, 0, 12, -1.1409313725490196, 0.011124796376494895]
[45739, 9981, 0, 12, -1.1409313725490196, 0.011124796376494895]
[45739, 10007, 0, 11, -1.1409313725490196, 0.011124796376494895]
[45739, 10008, 0, 10, -1.1409313725490196, 0.011124796376494895]
[45739, 10009, 0, 8, -1.1409313725490196, 0.011124796376494895]
[45739, 10009, 0, 7, -1.1409313725490196, 0.011124796376494895]
[45739, 10010, 0, 6, -1.1409313725490196, 0.011124796376494895]
[45739, 10010, 0, 5, -1.1409313725490196, 0.011124796376494895]
[45739, 10011, 0, 4, -1.1409313725490196, 0.011124796376494895]
[45739, 10011, 0, 3, -1.1409313725490196, 0.011124796376494895]
[45739, 10011, 0, 3, -1.1409313725490196, 0.011124796376494895]
[45739, 10011, 0, 2, -1.1409313725490196, 0.011124796376494895]
[45739, 10008, 0, 0, -1.1409313725490196, 0.011124796376494895]
[45739, 9995, 0, 65534, -1.1409313725490196, 0.011124796376494895]
[45739, 9982, 0, 65533, -1.1409313725490196, 0.011124796376494895]
[45739, 9966, 0, 65531, -1.1409313725490196, 0.011124796376494895]
[45739, 9951, 0, 65530, -1.1409313725490196, 0.011124796376494895]
[45739, 9936, 0, 65529, -1.1409313725490196, 0.011124796376494895]
[45739, 9921, 0, 65528, -1.1409313725490196, 0.011124796376494895]
[45739, 9906, 0, 65527, -1.1409313725490196, 0.011124796376494895]
[45739, 9891, 0, 65527, -1.1409313725490196, 0.011124796376494895]
[45739, 9878, 0, 65526, -1.1409313725490196, 0.011124796376494895]
[45739, 9862, 0, 65526, -1.1409313725490196, 0.011124796376494895]
[45739, 9848, 0, 65526, -1.1409313725490196, 0.011124796376494895]
[45739, 9833, 0, 65525, -1.1409313725490196, 0.011124796376494895]
[45739, 9820, 0, 65525, -1.1409313725490196, 0.011124796376494895]
[45739, 9803, 0, 65525, -1.1409313725490196, 0.011124796376494895]
[45739, 9788, 0, 65525, -1.1409313725490196, 0.011124796376494895]
[45739, 9773, 0, 65524, -1.1409313725490196, 0.011124796376494895]
[45739, 9760, 0, 65525, -1.1409313725490196, 0.011124796376494895]
[45739, 9744, 0, 65525, -1.1409313725490196, 0.011124796376494895]
[45739, 9729, 0, 65524, -1.1409313725490196, 0.011124796376494895]
[45739, 9714, 0, 65524, -1.1409313725490196, 0.011124796376494895]
[45739, 9699, 0, 65524, -1.1409313725490196, 0.011124796376494895]
[45739, 9682, 0, 65524, -1.1409313725490196, 0.011124796376494895]
[45739, 9667, 0, 65524, -1.1409313725490196, 0.011124796376494895]
[45739, 9650, 0, 65524, -1.1409313725490196, 0.011124796376494895]
[45739, 9634, 0, 65524, -1.1409313725490196, 0.011124796376494895]
[45739, 9618, 0, 65524, -1.1409313725490196, 0.011124796376494895]
[45739, 9602, 0, 65524, -1.1409313725490196, 0.011124796376494895]
[45739, 9587, 0, 65524, -1.1409313725490196, 0.011124796376494895]
[45739, 9570, 0, 65524, -1.1409313725490196, 0.011124796376494895]
[45739, 9555, 0, 65524, -1.1409313725490196, 0.011124796376494895]
[45739, 9540, 0, 65524, -1.1409313725490196, 0.011124796376494895]
[45739, 9522, 0, 65524, -1.1409313725490196, 0.011124796376494895]
[45739, 9506, 0, 65524, -1.1409313725490196, 0.011124796376494895]
[45739, 9490, 0, 65524, -1.1409313725490196, 0.011124796376494895]
[45739, 9473, 0, 65524, -1.1409313725490196, 0.011124796376494895]
[45739, 9459, 0, 65524, -1.1409313725490196, 0.011124796376494895]
[45739, 9442, 0, 65524, -1.1409313725490196, 0.011124796376494895]
[45739, 9426, 0, 65524, -1.1409313725490196, 0.011124796376494895]
[45739, 9410, 0, 65524, -1.1409313725490196, 0.011124796376494895]
[45739, 9393, 0, 65524, -1.1409313725490196, 0.011124796376494895]
[45739, 9379, 0, 65524, -1.1409313725490196, 0.011124796376494895]
[45739, 9361, 0, 65524, -1.1409313725490196, 0.011124796376494895]
[45739, 9346, 0, 65524, -1.1409313725490196, 0.011124796376494895]
[45739, 9329, 0, 65524, -1.1409313725490196, 0.011124796376494895]
[45739, 9313, 0, 65524, -1.1409313725490196, 0.011124796376494895]
[45739, 9299, 0, 65524, -1.1409313725490196, 0.011124796376494895]
[45739, 9281, 0, 65524, -1.1409313725490196, 0.011124796376494895]
[45739, 9265, 0, 65524, -1.1409313725490196, 0.011124796376494895]
[45739, 9249, 0, 65524, -1.1409313725490196, 0.011124796376494895]
[45739, 9233, 0, 65524, -1.1409313725490196, 0.011124796376494895]
[45739, 9218, 0, 65524, -1.1409313725490196, 0.011124796376494895]
[45739, 9200, 0, 65524, -1.1409313725490196, 0.011124796376494895]
[45739, 9186, 0, 65524, -1.1409313725490196, 0.011124796376494895]
[45739, 9169, 0, 65524, -1.1409313725490196, 0.011124796376494895]
[45739, 9153, 0, 65524, -1.1409313725490196, 0.011124796376494895]
[45739, 9139, 0, 65524, -1.1409313725490196, 0.011124796376494895]
[45739, 9121, 0, 65524, -1.1409313725490196, 0.011124796376494895]
[45739, 9106, 0, 65524, -1.1409313725490196, 0.011124796376494895]
[45739, 9090, 0, 65524, -1.1409313725490196, 0.011124796376494895]
[45739, 9074, 0, 65524, -1.1409313725490196, 0.011124796376494895]
[45739, 9059, 0, 65524, -1.1409313725490196, 0.011124796376494895]
[45739, 9042, 0, 65524, -1.1409313725490196, 0.011124796376494895]
[45739, 9026, 0, 65524, -1.1409313725490196, 0.011124796376494895]
[45739, 9010, 0, 65524, -1.1409313725490196, 0.011124796376494895]
[45739, 8994, 0, 65524, -1.1409313725490196, 0.011124796376494895]
[45739, 8980, 0, 65524, -1.1409313725490196, 0.011124796376494895]
[45739, 8962, 0, 65524, -1.1409313725490196, 0.011124796376494895]
[45739, 8946, 0, 65524, -1.1409313725490196, 0.011124796376494895]
[45739, 8930, 0, 65524, -1.1409313725490196, 0.011124796376494895]
[45739, 8914, 0, 65524, -1.1409313725490196, 0.011124796376494895]
[45739, 8899, 0, 65524, -1.1409313725490196, 0.011124796376494895]
[45739, 8881, 0, 65524, -1.1409313725490196, 0.011124796376494895]
[45739, 8866, 0, 65524, -1.1409313725490196, 0.011124796376494895]
[45739, 8850, 0, 65524, -1.1409313725490196, 0.011124796376494895]
[45739, 8833, 0, 65524, -1.1409313725490196, 0.011124796376494895]
[45739, 8819, 0, 65524, -1.1409313725490196, 0.011124796376494895]
[45739, 8801, 0, 65524, -1.1409313725490196, 0.011124796376494895]
[45739, 8786, 0, 65524, -1.1409313725490196, 0.011124796376494895]
[45739, 8770, 0, 65524, -1.1409313725490196, 0.011124796376494895]
[45739, 8753, 0, 65524, -1.1409313725490196, 0.011124796376494895]
[45739, 8739, 0, 65524, -1.1409313725490196, 0.011124796376494895]
[45739, 8721, 0, 65524, -1.1409313725490196, 0.011124796376494895]
[45739, 8706, 0, 65524, -1.1409313725490196, 0.011124796376494895]
[45739, 8690, 0, 65524, -1.1409313725490196, 0.011124796376494895]
[45739, 8674, 0, 65524, -1.1409313725490196, 0.011124796376494895]
[45739, 8659, 0, 65524, -1.1409313725490196, 0.011124796376494895]
[45739, 8641, 0, 65524, -1.1409313725490196, 0.011124796376494895]
[45739, 8626, 0, 65524, -1.1409313725490196, 0.011124796376494895]
[45739, 8610, 0, 65524, -1.1409313725490196, 0.011124796376494895]
[45739, 8594, 0, 65524, -1.1409313725490196, 0.011124796376494895]
[45739, 8579, 0, 65524, -1.1409313725490196, 0.011124796376494895]
[45739, 8562, 0, 65524, -1.1409313725490196, 0.011124796376494895]
[45739, 8547, 0, 65524, -1.1409313725490196, 0.011124796376494895]
[45739, 8531, 0, 65524, -1.1409313725490196, 0.011124796376494895]
[45739, 8514, 0, 65524, -1.1409313725490196, 0.011124796376494895]
[45739, 8499, 0, 65524, -1.1409313725490196, 0.011124796376494895]
[45739, 8482, 0, 65524, -1.1409313725490196, 0.011124796376494895]
[45739, 8467, 0, 65524, -1.1409313725490196, 0.011124796376494895]
[45739, 8451, 0, 65524, -1.1409313725490196, 0.011124796376494895]
[45739, 8434, 0, 65524, -1.1409313725490196, 0.011124796376494895]
[45739, 8420, 0, 65524, -1.1409313725490196, 0.011124796376494895]
[45739, 8402, 0, 65524, -1.1409313725490196, 0.011124796376494895]
[45739, 8386, 0, 65524, -1.1409313725490196, 0.011124796376494895]
[45739, 8370, 0, 65524, -1.1409313725490196, 0.011124796376494895]
[45739, 8353, 0, 65524, -1.1409313725490196, 0.011124796376494895]
[45739, 8339, 0, 65524, -1.1409313725490196, 0.011124796376494895]
[45739, 8322, 0, 65524, -1.1409313725490196, 0.011124796376494895]
[45739, 8306, 0, 65524, -1.1409313725490196, 0.011124796376494895]
[45739, 8290, 0, 65524, -1.1409313725490196, 0.011124796376494895]
[45739, 8273, 0, 65524, -1.1409313725490196, 0.011124796376494895]
[45739, 8258, 0, 65524, -1.1409313725490196, 0.011124796376494895]
[45739, 8242, 0, 65524, -1.1409313725490196, 0.011124796376494895]
[45739, 8226, 0, 65524, -1.1409313725490196, 0.011124796376494895]
[45739, 8209, 0, 65524, -1.1409313725490196, 0.011124796376494895]
[45739, 8193, 0, 65524, -1.1409313725490196, 0.011124796376494895]
[45739, 8179, 0, 65524, -1.1409313725490196, 0.011124796376494895]
[45739, 8162, 0, 65524, -1.1409313725490196, 0.011124796376494895]
[45739, 8146, 0, 65524, -1.1409313725490196, 0.011124796376494895]
[45739, 8130, 0, 65524, -1.1409313725490196, 0.011124796376494895]
[45739, 8114, 0, 65524, -1.1409313725490196, 0.011124796376494895]
[45739, 8098, 0, 65524, -1.1409313725490196, 0.011124796376494895]
[45739, 8082, 0, 65524, -1.1409313725490196, 0.011124796376494895]
[45739, 8061, 0, 65525, -1.1409313725490196, 0.011124796376494895]
[45739, 8060, 0, 65527, -1.1409313725490196, 0.011124796376494895]
[45739, 8060, 0, 65528, -1.1409313725490196, 0.011124796376494895]
[45739, 8060, 0, 65530, -1.1409313725490196, 0.011124796376494895]
[45739, 8060, 0, 65531, -1.1409313725490196, 0.011124796376494895]
[45739, 8060, 0, 65532, -1.1409313725490196, 0.011124796376494895]
[45739, 8060, 0, 65532, -1.1409313725490196, 0.011124796376494895]
[45739, 8060, 0, 65533, -1.1409313725490196, 0.011124796376494895]
[45739, 8060, 0, 65534, -1.1409313725490196, 0.011124796376494895]
[45739, 8060, 0, 65534, -1.1409313725490196, 0.011124796376494895]
[45739, 8060, 0, 65535, -1.1409313725490196, 0.011124796376494895]
[45739, 8060, 0, 65535, -1.1409313725490196, 0.011124796376494895]
[45739, 8060, 0, 65535, -1.1409313725490196, 0.011124796376494895]
[45739, 8060, 0, 65535, -1.1409313725490196, 0.011124796376494895]
[45739, 8060, 0, 65535, -1.1409313725490196, 0.011124796376494895]
[45739, 8060, 0, 65535, -1.1409313725490196, 0.011124796376494895]
[45739, 8060, 0, 0, -1.1409313725490196, 0.011124796376494895]
[45739, 8060, 0, 0, -1.1409313725490196, 0.011124796376494895]
[45739, 8062, 0, 0, -1.1409313725490196, 0.011124796376494895]
[45739, 8073, 0, 2, -1.1409313725490196, 0.011124796376494895]
[45739, 8089, 0, 4, -1.1409313725490196, 0.011124796376494895]
[45739, 8103, 0, 5, -1.1409313725490196, 0.011124796376494895]
[45739, 8119, 0, 6, -1.1409313725490196, 0.011124796376494895]
[45739, 8135, 0, 7, -1.1409313725490196, 0.011124796376494895]
[45739, 8152, 0, 8, -1.1409313725490196, 0.011124796376494895]
[45739, 8166, 0, 9, -1.1409313725490196, 0.011124796376494895]
[45739, 8182, 0, 10, -1.1409313725490196, 0.011124796376494895]
[45739, 8198, 0, 10, -1.1409313725490196, 0.011124796376494895]
[45739, 8212, 0, 10, -1.1409313725490196, 0.011124796376494895]
[45739, 8227, 0, 11, -1.1409313725490196, 0.011124796376494895]
[45739, 8239, 0, 11, -1.1409313725490196, 0.011124796376494895]
[45739, 8255, 0, 11, -1.1409313725490196, 0.011124796376494895]
[45739, 8270, 0, 11, -1.1409313725490196, 0.011124796376494895]
[45739, 8284, 0, 11, -1.1409313725490196, 0.011124796376494895]
[45739, 8300, 0, 11, -1.1409313725490196, 0.011124796376494895]
[45739, 8316, 0, 11, -1.1409313725490196, 0.011124796376494895]
[45739, 8330, 0, 12, -1.1409313725490196, 0.011124796376494895]
[45739, 8345, 0, 12, -1.1409313725490196, 0.011124796376494895]
[45739, 8359, 0, 12, -1.1409313725490196, 0.011124796376494895]
[45739, 8377, 0, 12, -1.1409313725490196, 0.011124796376494895]
[45739, 8393, 0, 12, -1.1409313725490196, 0.011124796376494895]
[45739, 8409, 0, 12, -1.1409313725490196, 0.011124796376494895]
[45739, 8425, 0, 12, -1.1409313725490196, 0.011124796376494895]
[45739, 8440, 0, 12, -1.1409313725490196, 0.011124796376494895]
[45739, 8458, 0, 12, -1.1409313725490196, 0.011124796376494895]
[45739, 8474, 0, 12, -1.1409313725490196, 0.011124796376494895]
[45739, 8490, 0, 12, -1.1409313725490196, 0.011124796376494895]
[45739, 8505, 0, 12, -1.1409313725490196, 0.011124796376494895]
[45739, 8519, 0, 12, -1.1409313725490196, 0.011124796376494895]
[45739, 8538, 0, 12, -1.1409313725490196, 0.011124796376494895]
[45739, 8553, 0, 12, -1.1409313725490196, 0.011124796376494895]
[45739, 8569, 0, 12, -1.1409313725490196, 0.011124796376494895]
[45739, 8585, 0, 12, -1.1409313725490196, 0.011124796376494895]
[45739, 8599, 0, 12, -1.1409313725490196, 0.011124796376494895]
[45739, 8617, 0, 12, -1.1409313725490196, 0.011124796376494895]
[45739, 8633, 0, 12, -1.1409313725490196, 0.011124796376494895]
[45739, 8649, 0, 12, -1.1409313725490196, 0.011124796376494895]
[45739, 8664, 0, 12, -1.1409313725490196, 0.011124796376494895]
[45739, 8679, 0, 12, -1.1409313725490196, 0.011124796376494895]
[45739, 8697, 0, 12, -1.1409313725490196, 0.011124796376494895]
[45739, 8712, 0, 12, -1.1409313725490196, 0.011124796376494895]
[45739, 8729, 0, 12, -1.1409313725490196, 0.011124796376494895]
[45739, 8748, 0, 12, -1.1409313725490196, 0.011124796376494895]
[45739, 8759, 0, 12, -1.1409313725490196, 0.011124796376494895]
[45739, 8777, 0, 12, -1.1409313725490196, 0.011124796376494895]
[45739, 8793, 0, 12, -1.1409313725490196, 0.011124796376494895]
[45739, 8809, 0, 12, -1.1409313725490196, 0.011124796376494895]
[45739, 8824, 0, 12, -1.1409313725490196, 0.011124796376494895]
[45739, 8838, 0, 12, -1.1409313725490196, 0.011124796376494895]
[45739, 8857, 0, 12, -1.1409313725490196, 0.011124796376494895]
[45739, 8873, 0, 12, -1.1409313725490196, 0.011124796376494895]
[45739, 8889, 0, 12, -1.1409313725490196, 0.011124796376494895]
[45739, 8905, 0, 12, -1.1409313725490196, 0.011124796376494895]
[45739, 8919, 0, 12, -1.1409313725490196, 0.011124796376494895]
[45739, 8937, 0, 12, -1.1409313725490196, 0.011124796376494895]
[45739, 8953, 0, 12, -1.1409313725490196, 0.011124796376494895]
[45739, 8969, 0, 12, -1.1409313725490196, 0.011124796376494895]
[45739, 8986, 0, 12, -1.1409313725490196, 0.011124796376494895]
[45739, 8999, 0, 12, -1.1409313725490196, 0.011124796376494895]
[45739, 9017, 0, 12, -1.1409313725490196, 0.011124796376494895]
[45739, 9033, 0, 12, -1.1409313725490196, 0.011124796376494895]
[45739, 9049, 0, 12, -1.1409313725490196, 0.011124796376494895]
[45739, 9065, 0, 12, -1.1409313725490196, 0.011124796376494895]
[45739, 9079, 0, 12, -1.1409313725490196, 0.011124796376494895]
[45739, 9097, 0, 12, -1.1409313725490196, 0.011124796376494895]
[45739, 9113, 0, 12, -1.1409313725490196, 0.011124796376494895]
[45739, 9128, 0, 12, -1.1409313725490196, 0.011124796376494895]
[45739, 9144, 0, 12, -1.1409313725490196, 0.011124796376494895]
[45739, 9158, 0, 12, -1.1409313725490196, 0.011124796376494895]
[45739, 9176, 0, 12, -1.1409313725490196, 0.011124796376494895]
[45739, 9192, 0, 12, -1.1409313725490196, 0.011124796376494895]
[45739, 9208, 0, 12, -1.1409313725490196, 0.011124796376494895]
[45739, 9224, 0, 12, -1.1409313725490196, 0.011124796376494895]
[45739, 9238, 0, 12, -1.1409313725490196, 0.011124796376494895]
[45739, 9256, 0, 12, -1.1409313725490196, 0.011124796376494895]
[45739, 9272, 0, 12, -1.1409313725490196, 0.011124796376494895]
[45739, 9288, 0, 12, -1.1409313725490196, 0.011124796376494895]
[45739, 9304, 0, 12, -1.1409313725490196, 0.011124796376494895]
[45739, 9318, 0, 12, -1.1409313725490196, 0.011124796376494895]
[45739, 9337, 0, 12, -1.1409313725490196, 0.011124796376494895]
[45739, 9352, 0, 12, -1.1409313725490196, 0.011124796376494895]
[45739, 9368, 0, 12, -1.1409313725490196, 0.011124796376494895]
[45739, 9384, 0, 12, -1.1409313725490196, 0.011124796376494895]
[45739, 9399, 0, 12, -1.1409313725490196, 0.011124796376494895]
[45739, 9417, 0, 12, -1.1409313725490196, 0.011124796376494895]
[45739, 9433, 0, 12, -1.1409313725490196, 0.011124796376494895]
[45739, 9449, 0, 12, -1.1409313725490196, 0.011124796376494895]
[45739, 9465, 0, 12, -1.1409313725490196, 0.011124796376494895]
[45739, 9479, 0, 12, -1.1409313725490196, 0.011124796376494895]
[45739, 9497, 0, 12, -1.1409313725490196, 0.011124796376494895]
[45739, 9513, 0, 12, -1.1409313725490196, 0.011124796376494895]
[45739, 9530, 0, 12, -1.1409313725490196, 0.011124796376494895]
[45739, 9545, 0, 12, -1.1409313725490196, 0.011124796376494895]
[45739, 9559, 0, 12, -1.1409313725490196, 0.011124796376494895]
[45739, 9577, 0, 12, -1.1409313725490196, 0.011124796376494895]
[45739, 9593, 0, 12, -1.1409313725490196, 0.011124796376494895]
[45739, 9609, 0, 12, -1.1409313725490196, 0.011124796376494895]
[45739, 9625, 0, 12, -1.1409313725490196, 0.011124796376494895]
[45739, 9639, 0, 12, -1.1409313725490196, 0.011124796376494895]
[45739, 9657, 0, 12, -1.1409313725490196, 0.011124796376494895]
[45739, 9673, 0, 12, -1.1409313725490196, 0.011124796376494895]
[45739, 9689, 0, 12, -1.1409313725490196, 0.011124796376494895]
[45739, 9705, 0, 12, -1.1409313725490196, 0.011124796376494895]
[45739, 9719, 0, 12, -1.1409313725490196, 0.011124796376494895]
[45739, 9737, 0, 12, -1.1409313725490196, 0.011124796376494895]
[45739, 9753, 0, 12, -1.1409313725490196, 0.011124796376494895]
[45739, 9769, 0, 12, -1.1409313725490196, 0.011124796376494895]
[45739, 9785, 0, 12, -1.1409313725490196, 0.011124796376494895]
[45739, 9800, 0, 12, -1.1409313725490196, 0.011124796376494895]
[45739, 9817, 0, 12, -1.1409313725490196, 0.011124796376494895]
[45739, 9833, 0, 12, -1.1409313725490196, 0.011124796376494895]
[45739, 9850, 0, 12, -1.1409313725490196, 0.011124796376494895]
[45739, 9866, 0, 12, -1.1409313725490196, 0.011124796376494895]
[45739, 9880, 0, 12, -1.1409313725490196, 0.011124796376494895]
[45739, 9898, 0, 12, -1.1409313725490196, 0.011124796376494895]
[45739, 9914, 0, 12, -1.1409313725490196, 0.011124796376494895]
[45739, 9930, 0, 12, -1.1409313725490196, 0.011124796376494895]
[45739, 9946, 0, 12, -1.1409313725490196, 0.011124796376494895]
[45739, 9961, 0, 12, -1.1409313725490196, 0.011124796376494895]
[45739, 9979, 0, 12, -1.1409313725490196, 0.011124796376494895]
[45739, 10000, 0, 11, -1.1409313725490196, 0.011124796376494895]
[45739, 10001, 0, 9, -1.1409313725490196, 0.011124796376494895]
[45739, 10002, 0, 8, -1.1409313725490196, 0.011124796376494895]
[45739, 10004, 0, 7, -1.1409313725490196, 0.011124796376494895]
[45739, 10004, 0, 6, -1.1409313725490196, 0.011124796376494895]
[45739, 10005, 0, 5, -1.1409313725490196, 0.011124796376494895]
[45739, 10005, 0, 4, -1.1409313725490196, 0.011124796376494895]
[45739, -1, 0, -2, -1.1409313725490196, 0.011124796376494895]
[45739, 10005, 0, 2, -1.1409313725490196, 0.011124796376494895]
[45739, 10005, 0, 2, -1.1409313725490196, 0.011124796376494895]
[45739, 10005, 0, 2, -1.1409313725490196, 0.011124796376494895]
[45739, 10005, 0, 1, -1.1409313725490196, 0.011124796376494895]
[45739, 10005, 0, 1, -1.1409313725490196, 0.011124796376494895]
[45739, 10005, 0, 1, -1.1409313725490196, 0.011124796376494895]
[45739, 10005, 0, 1, -1.1409313725490196, 0.011124796376494895]
[45739, 10001, 0, 0, -1.1409313725490196, 0.011124796376494895]
[45739, 9989, 0, 65534, -1.1409313725490196, 0.011124796376494895]
[45739, 9974, 0, 65532, -1.1409313725490196, 0.011124796376494895]
[45739, 9957, 0, 65530, -1.1409313725490196, 0.011124796376494895]
[45739, 9942, 0, 65530, -1.1409313725490196, 0.011124796376494895]
[45739, 9927, 0, 65528, -1.1409313725490196, 0.011124796376494895]
[45739, 9912, 0, 65528, -1.1409313725490196, 0.011124796376494895]
[45739, 9899, 0, 65527, -1.1409313725490196, 0.011124796376494895]
[45739, 9881, 0, 65526, -1.1409313725490196, 0.011124796376494895]
[45739, 9864, 0, 65526, -1.1409313725490196, 0.011124796376494895]
[45739, 9849, 0, 65526, -1.1409313725490196, 0.011124796376494895]
[45739, 9834, 0, 65525, -1.1409313725490196, 0.011124796376494895]
[45739, 9821, 0, 65525, -1.1409313725490196, 0.011124796376494895]
[45739, 9803, 0, 65525, -1.1409313725490196, 0.011124796376494895]
[45739, 9789, 0, 65525, -1.1409313725490196, 0.011124796376494895]
[45739, 9773, 0, 65525, -1.1409313725490196, 0.011124796376494895]
[45739, 9760, 0, 65525, -1.1409313725490196, 0.011124796376494895]
[45739, 9745, 0, 65524, -1.1409313725490196, 0.011124796376494895]
[45739, 9721, 0, 65526, -1.1409313725490196, 0.011124796376494895]
[45739, 9707, 0, 65525, -1.1409313725490196, 0.011124796376494895]
[45739, 9691, 0, 65525, -1.1409313725490196, 0.011124796376494895]
[45739, 9677, 0, 65525, -1.1409313725490196, 0.011124796376494895]
[45739, 9661, 0, 65525, -1.1409313725490196, 0.011124796376494895]
[45739, 9645, 0, 65525, -1.1409313725490196, 0.011124796376494895]
[45739, 9630, 0, 65524, -1.1409313725490196, 0.011124796376494895]
[45739, 9617, 0, 65524, -1.1409313725490196, 0.011124796376494895]
[45739, 9601, 0, 65524, -1.1409313725490196, 0.011124796376494895]
[45739, 9587, 0, 65524, -1.1409313725490196, 0.011124796376494895]
[45739, 9572, 0, 65524, -1.1409313725490196, 0.011124796376494895]
[45739, 9559, 0, 65524, -1.1409313725490196, 0.011124796376494895]
[45739, 9542, 0, 65524, -1.1409313725490196, 0.011124796376494895]
[45739, 9527, 0, 65524, -1.1409313725490196, 0.011124796376494895]
[45739, 9511, 0, 65524, -1.1409313725490196, 0.011124796376494895]
[45739, 9497, 0, 65524, -1.1409313725490196, 0.011124796376494895]
[45739, 9481, 0, 65524, -1.1409313725490196, 0.011124796376494895]
[45739, 9466, 0, 65524, -1.1409313725490196, 0.011124796376494895]
[45739, 9450, 0, 65524, -1.1409313725490196, 0.011124796376494895]
[45739, 9435, 0, 65524, -1.1409313725490196, 0.011124796376494895]
[45739, 9420, 0, 65524, -1.1409313725490196, 0.011124796376494895]
[45739, 9403, 0, 65524, -1.1409313725490196, 0.011124796376494895]
[45739, 9387, 0, 65524, -1.1409313725490196, 0.011124796376494895]
[45739, 9370, 0, 65524, -1.1409313725490196, 0.011124796376494895]
[45739, 9354, 0, 65524, -1.1409313725490196, 0.011124796376494895]
[45739, 9340, 0, 65524, -1.1409313725490196, 0.011124796376494895]
[45739, 9322, 0, 65524, -1.1409313725490196, 0.011124796376494895]
[45739, 9307, 0, 65524, -1.1409313725490196, 0.011124796376494895]
[45739, 9290, 0, 65524, -1.1409313725490196, 0.011124796376494895]
[45739, 9274, 0, 65524, -1.1409313725490196, 0.011124796376494895]
[45739, 9260, 0, 65524, -1.1409313725490196, 0.011124796376494895]
[45739, 9242, 0, 65524, -1.1409313725490196, 0.011124796376494895]
[45739, 9226, 0, 65524, -1.1409313725490196, 0.011124796376494895]
[45739, 9210, 0, 65524, -1.1409313725490196, 0.011124796376494895]
[45739, 9194, 0, 65524, -1.1409313725490196, 0.011124796376494895]
[45739, 9180, 0, 65524, -1.1409313725490196, 0.011124796376494895]
[45739, 9162, 0, 65524, -1.1409313725490196, 0.011124796376494895]
[45739, 9146, 0, 65524, -1.1409313725490196, 0.011124796376494895]
[45739, 9130, 0, 65524, -1.1409313725490196, 0.011124796376494895]
[45739, 9115, 0, 65524, -1.1409313725490196, 0.011124796376494895]
[45739, 9101, 0, 65524, -1.1409313725490196, 0.011124796376494895]
[45739, 9083, 0, 65524, -1.1409313725490196, 0.011124796376494895]
[45739, 9067, 0, 65524, -1.1409313725490196, 0.011124796376494895]
[45739, 9051, 0, 65524, -1.1409313725490196, 0.011124796376494895]
[45739, 9035, 0, 65524, -1.1409313725490196, 0.011124796376494895]
[45739, 9021, 0, 65524, -1.1409313725490196, 0.011124796376494895]
[45739, 9003, 0, 65524, -1.1409313725490196, 0.011124796376494895]
[45739, 8987, 0, 65524, -1.1409313725490196, 0.011124796376494895]
[45739, 8971, 0, 65524, -1.1409313725490196, 0.011124796376494895]
[45739, 8955, 0, 65524, -1.1409313725490196, 0.011124796376494895]
[45739, 8941, 0, 65524, -1.1409313725490196, 0.011124796376494895]
[45739, 8923, 0, 65524, -1.1409313725490196, 0.011124796376494895]
[45739, 8907, 0, 65524, -1.1409313725490196, 0.011124796376494895]
[45739, 8890, 0, 65524, -1.1409313725490196, 0.011124796376494895]
[45739, 8875, 0, 65524, -1.1409313725490196, 0.011124796376494895]
[45739, 8861, 0, 65524, -1.1409313725490196, 0.011124796376494895]
[45739, 8843, 0, 65524, -1.1409313725490196, 0.011124796376494895]
[45739, 8827, 0, 65524, -1.1409313725490196, 0.011124796376494895]
[45739, 8810, 0, 65524, -1.1409313725490196, 0.011124796376494895]
[45739, 8794, 0, 65524, -1.1409313725490196, 0.011124796376494895]
[45739, 8781, 0, 65524, -1.1409313725490196, 0.011124796376494895]
[45739, 8762, 0, 65524, -1.1409313725490196, 0.011124796376494895]
[45739, 8747, 0, 65524, -1.1409313725490196, 0.011124796376494895]
[45739, 8730, 0, 65524, -1.1409313725490196, 0.011124796376494895]
[45739, 8714, 0, 65524, -1.1409313725490196, 0.011124796376494895]
[45739, 8701, 0, 65524, -1.1409313725490196, 0.011124796376494895]
[45739, 8683, 0, 65524, -1.1409313725490196, 0.011124796376494895]
[45739, 8667, 0, 65524, -1.1409313725490196, 0.011124796376494895]
[45739, 8649, 0, 65524, -1.1409313725490196, 0.011124796376494895]
[45739, 8634, 0, 65524, -1.1409313725490196, 0.011124796376494895]
[45739, 8621, 0, 65524, -1.1409313725490196, 0.011124796376494895]
[45739, 8603, 0, 65524, -1.1409313725490196, 0.011124796376494895]
[45739, 8587, 0, 65524, -1.1409313725490196, 0.011124796376494895]
[45739, 8571, 0, 65524, -1.1409313725490196, 0.011124796376494895]
[45739, 8555, 0, 65524, -1.1409313725490196, 0.011124796376494895]
[45739, 8541, 0, 65524, -1.1409313725490196, 0.011124796376494895]
[45739, 8523, 0, 65524, -1.1409313725490196, 0.011124796376494895]
[45739, 8508, 0, 65524, -1.1409313725490196, 0.011124796376494895]
[45739, 8491, 0, 65524, -1.1409313725490196, 0.011124796376494895]
[45739, 8475, 0, 65524, -1.1409313725490196, 0.011124796376494895]
[45739, 8461, 0, 65524, -1.1409313725490196, 0.011124796376494895]
[45739, 8443, 0, 65524, -1.1409313725490196, 0.011124796376494895]
[45739, 8428, 0, 65524, -1.1409313725490196, 0.011124796376494895]
[45739, 8411, 0, 65524, -1.1409313725490196, 0.011124796376494895]
[45739, 8395, 0, 65524, -1.1409313725490196, 0.011124796376494895]
[45739, 8381, 0, 65524, -1.1409313725490196, 0.011124796376494895]
[45739, 8363, 0, 65524, -1.1409313725490196, 0.011124796376494895]
[45739, 8347, 0, 65524, -1.1409313725490196, 0.011124796376494895]
[45739, 8331, 0, 65524, -1.1409313725490196, 0.011124796376494895]
[45739, 8315, 0, 65524, -1.1409313725490196, 0.011124796376494895]
[45739, 8301, 0, 65524, -1.1409313725490196, 0.011124796376494895]
[45739, 8283, 0, 65524, -1.1409313725490196, 0.011124796376494895]
[45739, 8267, 0, 65524, -1.1409313725490196, 0.011124796376494895]
[45739, 8250, 0, 65524, -1.1409313725490196, 0.011124796376494895]
[45739, 8234, 0, 65524, -1.1409313725490196, 0.011124796376494895]
[45739, 8220, 0, 65524, -1.1409313725490196, 0.011124796376494895]
[45739, 8203, 0, 65524, -1.1409313725490196, 0.011124796376494895]
[45739, 8187, 0, 65524, -1.1409313725490196, 0.011124796376494895]
[45739, 8170, 0, 65524, -1.1409313725490196, 0.011124796376494895]
[45739, 8154, 0, 65524, -1.1409313725490196, 0.011124796376494895]
[45739, 8140, 0, 65524, -1.1409313725490196, 0.011124796376494895]
[45739, 8123, 0, 65524, -1.1409313725490196, 0.011124796376494895]
[45739, 8107, 0, 65524, -1.1409313725490196, 0.011124796376494895]
[45739, 8090, 0, 65524, -1.1409313725490196, 0.011124796376494895]
[45739, 8074, 0, 65524, -1.1409313725490196, 0.011124796376494895]
[45739, 8058, 0, 65524, -1.1409313725490196, 0.011124796376494895]
[45739, 8036, 0, 65525, -1.1409313725490196, 0.011124796376494895]
[45739, 8036, 0, 65527, -1.1409313725490196, 0.011124796376494895]
[45739, 8036, 0, 65528, -1.1409313725490196, 0.011124796376494895]
[45739, 8036, 0, 65530, -1.1409313725490196, 0.011124796376494895]
[45739, 8036, 0, 65531, -1.1409313725490196, 0.011124796376494895]
[45739, 8036, 0, 65532, -1.1409313725490196, 0.011124796376494895]
[45739, 8036, 0, 65532, -1.1409313725490196, 0.011124796376494895]
[45739, 8036, 0, 65533, -1.1409313725490196, 0.011124796376494895]
[45739, 8036, 0, 65534, -1.1409313725490196, 0.011124796376494895]
[45739, 8036, 0, 65534, -1.1409313725490196, 0.011124796376494895]
[45739, 8036, 0, 65534, -1.1409313725490196, 0.011124796376494895]
[45739, 8036, 0, 65535, -1.1409313725490196, 0.011124796376494895]
[45739, 8036, 0, 65535, -1.1409313725490196, 0.011124796376494895]
[45739, 8036, 0, 65535, -1.1409313725490196, 0.011124796376494895]
[45739, 8036, 0, 65535, -1.1409313725490196, 0.011124796376494895]
[45739, 8036, 0, 65535, -1.1409313725490196, 0.011124796376494895]
[45739, 8036, 0, 0, -1.1409313725490196, 0.011124796376494895]
[45739, 8036, 0, 0, -1.1409313725490196, 0.011124796376494895]
[45739, 8036, 0, 0, -1.1409313725490196, 0.011919424689101671]
[45739, 8036, 0, 0, -1.1409313725490196, 0.011124796376494895]
[45739, 8036, 0, 0, -1.2009803921568627, 0.011124796376494895]
[45739, 8048, 0, 2, -1.1409313725490196, 0.011124796376494895]
[45739, 8060, 0, 4, -1.1409313725490196, 0.011124796376494895]
[45739, 8076, 0, 5, -1.1409313725490196, 0.011124796376494895]
[45739, 8090, 0, 6, -1.1409313725490196, 0.011124796376494895]
[45739, 8104, 0, 7, -1.2009803921568627, 0.011124796376494895]
[45739, 8119, 0, 8, -1.1409313725490196, 0.011919424689101671]
[45739, 8133, 0, 9, -1.1409313725490196, 0.011124796376494895]
[45739, 8149, 0, 9, -1.2009803921568627, 0.011124796376494895]
[45739, 8162, 0, 10, -1.1409313725490196, 0.011919424689101671]
[45739, 8178, 0, 10, -1.1409313725490196, 0.011124796376494895]
[45739, 8193, 0, 10, -1.1409313725490196, 0.011124796376494895]
[45739, 8209, 0, 11, -1.1409313725490196, 0.011919424689101671]
[45739, 8224, 0, 11, -1.1409313725490196, 0.011124796376494895]
[45739, 8239, 0, 11, -1.1409313725490196, 0.011124796376494895]
[45739, 8256, 0, 11, -1.1409313725490196, 0.011919424689101671]
[45739, 8273, 0, 11, -1.1409313725490196, 0.011124796376494895]
[45739, 8289, 0, 12, -1.1409313725490196, 0.011919424689101671]
[45739, 8304, 0, 12, -1.1409313725490196, 0.011919424689101671]
[45739, 8319, 0, 12, -1.1409313725490196, 0.011124796376494895]
[45739, 8337, 0, 12, -1.1409313725490196, 0.011919424689101671]
[45739, 8353, 0, 12, -1.1409313725490196, 0.011124796376494895]
[45739, 8369, 0, 12, -1.1409313725490196, 0.011124796376494895]
[45739, 8385, 0, 12, -1.1409313725490196, 0.011919424689101671]
[45739, 8399, 0, 12, -1.1409313725490196, 0.011124796376494895]
[45739, 8418, 0, 12, -1.1409313725490196, 0.011124796376494895]
[45739, 8433, 0, 12, -1.1409313725490196, 0.011919424689101671]
[45739, 8450, 0, 12, -1.1409313725490196, 0.011124796376494895]
[45739, 8465, 0, 12, -1.1409313725490196, 0.011124796376494895]
[45739, 8479, 0, 12, -1.1409313725490196, 0.011919424689101671]
[45739, 8497, 0, 12, -1.1409313725490196, 0.011124796376494895]
[45739, 8513, 0, 12, -1.1409313725490196, 0.011124796376494895]
[45739, 8530, 0, 12, -1.1409313725490196, 0.011919424689101671]
[45739, 8545, 0, 12, -1.1409313725490196, 0.011124796376494895]
[45739, 8559, 0, 12, -1.1409313725490196, 0.011124796376494895]
[45739, 8577, 0, 12, -1.1409313725490196, 0.011919424689101671]
[45739, 8593, 0, 12, -1.1409313725490196, 0.011124796376494895]
[45739, 8609, 0, 12, -1.1409313725490196, 0.011919424689101671]
[45739, 8625, 0, 12, -1.1409313725490196, 0.011124796376494895]
[45739, 8639, 0, 12, -1.1409313725490196, 0.011124796376494895]
[45739, 8657, 0, 12, -1.1409313725490196, 0.011124796376494895]
[45739, 8673, 0, 12, -1.1409313725490196, 0.011124796376494895]
[45739, 8689, 0, 12, -1.1409313725490196, 0.011124796376494895]
[45739, 8704, 0, 12, -1.1409313725490196, 0.011124796376494895]
[45739, 8718, 0, 12, -1.1409313725490196, 0.011124796376494895]
[45739, 8737, 0, 12, -1.1409313725490196, 0.011124796376494895]
[45739, 8752, 0, 12, -1.1409313725490196, 0.011919424689101671]
[45739, 8769, 0, 12, -1.1409313725490196, 0.011124796376494895]
[45739, 8785, 0, 12, -1.1409313725490196, 0.011124796376494895]
[45739, 8798, 0, 12, -1.1409313725490196, 0.011124796376494895]
[45739, 8816, 0, 12, -1.1409313725490196, 0.011124796376494895]
[45739, 8832, 0, 12, -1.1409313725490196, 0.011124796376494895]
[45739, 8849, 0, 12, -1.1409313725490196, 0.011124796376494895]
[45739, 8865, 0, 12, -1.1409313725490196, 0.011124796376494895]
[45739, 8879, 0, 12, -1.1409313725490196, 0.011124796376494895]
[45739, 8897, 0, 12, -1.1409313725490196, 0.011124796376494895]
[45739, 8913, 0, 12, -1.1409313725490196, 0.011124796376494895]
[45739, 8929, 0, 12, -1.1409313725490196, 0.011124796376494895]
[45739, 8945, 0, 12, -1.1409313725490196, 0.011124796376494895]
[45739, 8959, 0, 12, -1.1409313725490196, 0.011124796376494895]
[45739, 8977, 0, 12, -1.1409313725490196, 0.011124796376494895]
[45739, 8993, 0, 12, -1.1409313725490196, 0.011124796376494895]
[45739, 9010, 0, 12, -1.1409313725490196, 0.011124796376494895]
[45739, 9025, 0, 12, -1.1409313725490196, 0.011124796376494895]
[45739, 9039, 0, 12, -1.1409313725490196, 0.011124796376494895]
[45739, 9057, 0, 12, -1.1409313725490196, 0.011124796376494895]
[45739, 9073, 0, 12, -1.1409313725490196, 0.011124796376494895]
[45739, 9089, 0, 12, -1.1409313725490196, 0.011124796376494895]
[45739, 9105, 0, 12, -1.1409313725490196, 0.011124796376494895]
[45739, 9119, 0, 12, -1.1409313725490196, 0.011124796376494895]
[45739, 9137, 0, 12, -1.1409313725490196, 0.011124796376494895]
[45739, 9152, 0, 12, -1.1409313725490196, 0.011124796376494895]
[45739, 9169, 0, 12, -1.1409313725490196, 0.011124796376494895]
[45739, 9184, 0, 12, -1.1409313725490196, 0.011124796376494895]
[45739, 9199, 0, 12, -1.1409313725490196, 0.011124796376494895]
[45739, 9216, 0, 12, -1.1409313725490196, 0.011124796376494895]
[45739, 9232, 0, 12, -1.1409313725490196, 0.011124796376494895]
[45739, 9249, 0, 12, -1.1409313725490196, 0.011124796376494895]
[45739, 9264, 0, 12, -1.1409313725490196, 0.011124796376494895]
[45739, 9278, 0, 12, -1.1409313725490196, 0.011124796376494895]
[45739, 9296, 0, 12, -1.1409313725490196, 0.011124796376494895]
[45739, 9312, 0, 12, -1.1409313725490196, 0.011124796376494895]
[45739, 9328, 0, 12, -1.1409313725490196, 0.011124796376494895]
[45739, 9344, 0, 12, -1.1409313725490196, 0.011124796376494895]
[45739, 9358, 0, 12, -1.1409313725490196, 0.011124796376494895]
[45739, 9376, 0, 12, -1.1409313725490196, 0.011124796376494895]
[45739, 9392, 0, 12, -1.1409313725490196, 0.011124796376494895]
[45739, 9409, 0, 12, -1.1409313725490196, 0.011124796376494895]
[45739, 9425, 0, 12, -1.1409313725490196, 0.011124796376494895]
[45739, 9439, 0, 12, -1.1409313725490196, 0.011124796376494895]
[45739, 9456, 0, 12, -1.1409313725490196, 0.011124796376494895]
[45739, 9473, 0, 12, -1.1409313725490196, 0.011124796376494895]
[45739, 9489, 0, 12, -1.1409313725490196, 0.011124796376494895]
[45739, 9505, 0, 12, -1.1409313725490196, 0.011124796376494895]
[45739, 9519, 0, 12, -1.1409313725490196, 0.011124796376494895]
[45739, 9537, 0, 12, -1.1409313725490196, 0.011124796376494895]
[45739, 9553, 0, 12, -1.1409313725490196, 0.011124796376494895]
[45739, 9569, 0, 12, -1.1409313725490196, 0.011124796376494895]
[45739, 9586, 0, 12, -1.1409313725490196, 0.011124796376494895]
[45739, 9600, 0, 12, -1.1409313725490196, 0.011124796376494895]
[45739, 9617, 0, 12, -1.1409313725490196, 0.011124796376494895]
[45739, 9633, 0, 12, -1.1409313725490196, 0.011124796376494895]
[45739, 9650, 0, 12, -1.1409313725490196, 0.011124796376494895]
[45739, 9666, 0, 12, -1.1409313725490196, 0.011124796376494895]
[45739, 9680, 0, 12, -1.1409313725490196, 0.011124796376494895]
[45739, 9697, 0, 12, -1.1409313725490196, 0.011124796376494895]
[45739, 9713, 0, 12, -1.1409313725490196, 0.011124796376494895]
[45739, 9729, 0, 12, -1.1409313725490196, 0.011124796376494895]
[45739, 9746, 0, 12, -1.1409313725490196, 0.011124796376494895]
[45739, 9760, 0, 12, -1.1409313725490196, 0.011124796376494895]
[45739, 9777, 0, 12, -1.1409313725490196, 0.011124796376494895]
[45739, 9793, 0, 12, -1.1409313725490196, 0.011124796376494895]
[45739, 9810, 0, 12, -1.1409313725490196, 0.011124796376494895]
[45739, 9826, 0, 12, -1.1409313725490196, 0.011124796376494895]
[45739, 9840, 0, 12, -1.1409313725490196, 0.011124796376494895]
[45739, 9857, 0, 12, -1.1409313725490196, 0.011124796376494895]
[45739, 9874, 0, 12, -1.1409313725490196, 0.011124796376494895]
[45739, 9890, 0, 12, -1.1409313725490196, 0.011124796376494895]
[45739, 9907, 0, 12, -1.1409313725490196, 0.011124796376494895]
[45739, 9921, 0, 12, -1.1409313725490196, 0.011124796376494895]
[45739, 9938, 0, 12, -1.1409313725490196, 0.011124796376494895]
[45739, 9954, 0, 12, -1.1409313725490196, 0.011124796376494895]
[45739, 9977, 0, 11, -1.1409313725490196, 0.011124796376494895]
[45739, 9978, 0, 10, -1.1409313725490196, 0.011124796376494895]
[45739, 9978, 0, 8, -1.1409313725490196, 0.011919424689101671]
[45739, 9978, 0, 7, -1.1409313725490196, 0.011919424689101671]
[45739, 9979, 0, 6, -1.1409313725490196, 0.011124796376494895]
[45739, 9980, 0, 5, -1.1409313725490196, 0.011124796376494895]
[45739, 9981, 0, 4, -1.1409313725490196, 0.011124796376494895]
[45739, 9981, 0, 3, -1.1409313725490196, 0.011124796376494895]
[45739, 9981, 0, 3, -1.1409313725490196, 0.011124796376494895]
[45739, 9981, 0, 2, -1.1409313725490196, 0.011124796376494895]
[45739, 9981, 0, 2, -1.1409313725490196, 0.011124796376494895]
[45739, 9981, 0, 1, -1.1409313725490196, 0.011124796376494895]
[45739, 9981, 0, 1, -1.1409313725490196, 0.011124796376494895]
[45739, 9981, 0, 1, -1.1409313725490196, 0.011124796376494895]
[45779, 9981, 9, 1, -1.1409313725490196, 0.011124796376494895]
[45850, 9981, 17, 1, -1.2610294117647058, 0.011124796376494895]
[45927, 9981, 24, 0, -1.4411764705882353, 0.011124796376494895]
[45997, 9981, 30, 0, -1.4411764705882353, 0.011124796376494895]
[46070, 9981, 35, 0, -1.4411764705882353, 0.011124796376494895]
[46152, 9981, 40, 0, -1.4411764705882353, 0.011124796376494895]
[46227, 9981, 43, 0, -1.4411764705882353, 0.011124796376494895]
[46297, 9981, 46, 0, -1.4411764705882353, 0.011124796376494895]
[46373, 9981, 48, 0, -1.4411764705882353, 0.011124796376494895]
[46448, 9981, 50, 0, -1.4411764705882353, 0.011124796376494895]
[46522, 9981, 52, 0, -1.4411764705882353, 0.011124796376494895]
[46593, 9981, 53, 0, -1.3811274509803921, 0.011124796376494895]
[46668, 9981, 54, 0, -1.3811274509803921, 0.011124796376494895]
[46743, 9981, 55, 0, -1.3811274509803921, 0.011124796376494895]
[46822, 9981, 56, 0, -1.3811274509803921, 0.011124796376494895]
[46891, 9981, 57, 0, -1.3811274509803921, 0.011124796376494895]
[46971, 9981, 57, 0, -1.3811274509803921, 0.011124796376494895]
[47097, 9981, 53, 0, -1.3811274509803921, 0.011124796376494895]
[47170, 9981, 54, 0, -1.3811274509803921, 0.011124796376494895]
[47243, 9981, 55, 0, -1.3811274509803921, 0.011124796376494895]
[47314, 9981, 56, 0, -1.3811274509803921, 0.011124796376494895]
[47395, 9981, 57, 0, -1.3811274509803921, 0.011124796376494895]
[47467, 9981, 57, 0, -1.3811274509803921, 0.011124796376494895]
[47537, 9981, 58, 0, -1.4411764705882353, 0.011124796376494895]
[47611, 9981, 58, 0, -1.4411764705882353, 0.011124796376494895]
[47686, 9981, 58, 0, -1.4411764705882353, 0.011124796376494895]
[47757, 9981, 59, 0, -1.4411764705882353, 0.011124796376494895]
[47831, 9981, 59, 0, -1.4411764705882353, 0.011124796376494895]
[47905, 9981, 59, 0, -1.4411764705882353, 0.011124796376494895]
[47974, 9981, 59, 0, -1.4411764705882353, 0.011124796376494895]
[48050, 9981, 59, 0, -1.4411764705882353, 0.011124796376494895]
[48130, 9981, 59, 0, -1.4411764705882353, 0.011919424689101671]
[48211, 9981, 59, 0, -1.4411764705882353, 0.011919424689101671]
[48291, 9981, 59, 0, -1.4411764705882353, 0.011919424689101671]
[48371, 9981, 59, 0, -1.5012254901960784, 0.011919424689101671]
[48451, 9981, 60, 0, -1.5012254901960784, 0.011919424689101671]
[48534, 9981, 60, 0, -1.5012254901960784, 0.011919424689101671]
[48615, 9981, 60, 0, -1.5012254901960784, 0.011919424689101671]
[48693, 9981, 60, 0, -1.5012254901960784, 0.011919424689101671]
[48774, 9981, 60, 0, -1.5012254901960784, 0.011919424689101671]
[48855, 9981, 60, 0, -1.5012254901960784, 0.011919424689101671]
[48935, 9981, 60, 0, -1.5612745098039214, 0.011919424689101671]
[49016, 9981, 60, 0, -1.5612745098039214, 0.011919424689101671]
[49097, 9981, 60, 0, -1.5612745098039214, 0.011919424689101671]
[49178, 9981, 60, 0, -1.5612745098039214, 0.011919424689101671]
[49259, 9981, 60, 0, -1.5612745098039214, 0.011919424689101671]
[49340, 9981, 60, 0, -1.5612745098039214, 0.011919424689101671]
[49420, 9981, 60, 0, -1.5612745098039214, 0.011919424689101671]
[49500, 9981, 60, 0, -1.5612745098039214, 0.011919424689101671]
[49580, 9981, 60, 0, -1.5612745098039214, 0.011919424689101671]
[49661, 9981, 60, 0, -1.5012254901960784, 0.011919424689101671]
[49741, 9981, 60, 0, -1.5012254901960784, 0.011919424689101671]
[49821, 9981, 60, 0, -1.5012254901960784, 0.011919424689101671]
[49900, 9981, 60, 0, -1.5012254901960784, 0.01271405300170845]
[49981, 9981, 60, 0, -1.5012254901960784, 0.01271405300170845]
[50060, 9981, 60, 0, -1.5012254901960784, 0.01271405300170845]
[50139, 9981, 60, 0, -1.5012254901960784, 0.01271405300170845]
[50219, 9981, 60, 0, -1.5012254901960784, 0.01271405300170845]
[50300, 9981, 60, 0, -1.5012254901960784, 0.01271405300170845]
[50379, 9981, 60, 0, -1.4411764705882353, 0.01271405300170845]
[50458, 9981, 60, 0, -1.4411764705882353, 0.01271405300170845]
[50538, 9981, 60, 0, -1.4411764705882353, 0.01271405300170845]
[50618, 9981, 60, 0, -1.4411764705882353, 0.01271405300170845]
[50698, 9981, 60, 0, -1.4411764705882353, 0.01271405300170845]
[50778, 9981, 60, 0, -1.4411764705882353, 0.01271405300170845]
[50858, 9981, 60, 0, -1.4411764705882353, 0.01271405300170845]
[50938, 9981, 60, 0, -1.4411764705882353, 0.011919424689101671]
[51018, 9981, 60, 0, -1.4411764705882353, 0.011919424689101671]
[51099, 9981, 60, 0, -1.4411764705882353, 0.01271405300170845]
[51178, 9981, 60, 0, -1.4411764705882353, 0.01271405300170845]
[51259, 9981, 60, 0, -1.4411764705882353, 0.01271405300170845]
[51339, 9981, 60, 0, -1.4411764705882353, 0.01271405300170845]
[51418, 9981, 60, 0, -1.4411764705882353, 0.01271405300170845]
[51497, 9981, 60, 0, -1.4411764705882353, 0.01271405300170845]
[51580, 9981, 60, 0, -1.4411764705882353, 0.01271405300170845]
[51657, 9981, 60, 0, -1.4411764705882353, 0.01271405300170845]
[51738, 9981, 60, 0, -1.4411764705882353, 0.01271405300170845]
[51817, 9981, 60, 0, -1.4411764705882353, 0.01271405300170845]
[51897, 9981, 60, 0, -1.5012254901960784, 0.01271405300170845]
[51976, 9981, 60, 0, -1.5012254901960784, 0.01271405300170845]
[52056, 9981, 60, 0, -1.5012254901960784, 0.01271405300170845]
[52136, 9981, 60, 0, -1.5012254901960784, 0.01271405300170845]
[52217, 9981, 60, 0, -1.5012254901960784, 0.01271405300170845]
[52302, 9981, 60, 0, -1.5012254901960784, 0.01271405300170845]
[52377, 9981, 60, 0, -1.5012254901960784, 0.01271405300170845]
[52456, 9981, 60, 0, -1.5012254901960784, 0.01271405300170845]
[52537, 9981, 60, 0, -1.5012254901960784, 0.01271405300170845]
[52619, 9981, 60, 0, -1.5012254901960784, 0.01271405300170845]
[52699, 9981, 60, 0, -1.5012254901960784, 0.01271405300170845]
[52780, 9981, 60, 0, -1.5012254901960784, 0.01271405300170845]
[52867, 9981, 60, 0, -1.5612745098039214, 0.01271405300170845]
[52942, 9981, 60, 0, -1.5612745098039214, 0.01271405300170845]
[53022, 9981, 60, 0, -1.5612745098039214, 0.01271405300170845]
[53104, 9981, 60, 0, -1.5612745098039214, 0.01271405300170845]
[53189, 9981, 60, 0, -1.5612745098039214, 0.01271405300170845]
[53269, 9981, 61, 0, -1.5012254901960784, 0.01271405300170845]
[53346, 9981, 61, 0, -1.5012254901960784, 0.01271405300170845]
[53427, 9981, 60, 0, -1.5612745098039214, 0.01271405300170845]
[53507, 9981, 60, 0, -1.5612745098039214, 0.01271405300170845]
[53595, 9981, 60, 0, -1.5612745098039214, 0.01271405300170845]
[53673, 9981, 60, 0, -1.5612745098039214, 0.01271405300170845]
[53756, 9981, 60, 0, -1.5612745098039214, 0.01350868131431523]
[53828, 9981, 60, 0, -1.5612745098039214, 0.01350868131431523]
[53907, 9981, 60, 0, -1.5612745098039214, 0.01350868131431523]
[53986, 9981, 60, 0, -1.5012254901960784, 0.01350868131431523]
[54066, 9981, 60, 0, -1.5612745098039214, 0.01350868131431523]
[54146, 9981, 60, 0, -1.5612745098039214, 0.01350868131431523]
[54226, 9981, 60, 0, -1.5612745098039214, 0.01350868131431523]
[54306, 9981, 60, 0, -1.5012254901960784, 0.01350868131431523]
[54386, 9981, 60, 0, -1.5012254901960784, 0.01350868131431523]
[54465, 9981, 60, 0, -1.5012254901960784, 0.01350868131431523]
[54544, 9981, 60, 0, -1.5012254901960784, 0.01350868131431523]
[54624, 9981, 60, 0, -1.5012254901960784, 0.01350868131431523]
[54704, 9981, 60, 0, -1.5012254901960784, 0.01350868131431523]
[54785, 9981, 60, 0, -1.5012254901960784, 0.01350868131431523]
[54864, 9981, 60, 0, -1.5012254901960784, 0.01350868131431523]
[54944, 9981, 60, 0, -1.5012254901960784, 0.01350868131431523]
[55024, 9981, 60, 0, -1.5012254901960784, 0.01350868131431523]
[55104, 9981, 60, 0, -1.5012254901960784, 0.01350868131431523]
[55185, 9981, 60, 0, -1.5012254901960784, 0.01350868131431523]
[55264, 9981, 60, 0, -1.5012254901960784, 0.01350868131431523]
[55344, 9981, 60, 0, -1.5012254901960784, 0.01350868131431523]
[55424, 9981, 60, 0, -1.5012254901960784, 0.01350868131431523]
[55503, 9981, 60, 0, -1.5012254901960784, 0.01350868131431523]
[55583, 9981, 60, 0, -1.5012254901960784, 0.01350868131431523]
[55663, 9981, 60, 0, -1.5012254901960784, 0.01350868131431523]
[55743, 9981, 60, 0, -1.5012254901960784, 0.01350868131431523]
[55826, 9981, 60, 0, -1.5612745098039214, 0.01350868131431523]
[55903, 9981, 60, 0, -1.5612745098039214, 0.01350868131431523]
[55982, 9981, 60, 0, -1.5612745098039214, 0.01350868131431523]
[56062, 9981, 60, 0, -1.5012254901960784, 0.01350868131431523]
[56142, 9981, 60, 0, -1.5012254901960784, 0.01350868131431523]
[56223, 9981, 60, 0, -1.5012254901960784, 0.01350868131431523]
[56303, 9981, 60, 0, -1.5012254901960784, 0.01350868131431523]
[56383, 9981, 60, 0, -1.5612745098039214, 0.01350868131431523]
[56463, 9981, 60, 0, -1.5612745098039214, 0.01350868131431523]
[56543, 9981, 60, 0, -1.5612745098039214, 0.01350868131431523]
[56624, 9981, 60, 0, -1.5612745098039214, 0.01350868131431523]
[56705, 9981, 60, 0, -1.5612745098039214, 0.01350868131431523]
[56786, 9981, 60, 0, -1.5612745098039214, 0.01350868131431523]
[56867, 9981, 60, 0, -1.5612745098039214, 0.01350868131431523]
[56948, 9981, 60, 0, -1.5612745098039214, 0.01350868131431523]
[57028, 9981, 60, 0, -1.5612745098039214, 0.01350868131431523]
[57109, 9981, 60, 0, -1.5612745098039214, 0.01350868131431523]
[57192, 9981, 60, 0, -1.5612745098039214, 0.01350868131431523]
[57272, 9981, 60, 0, -1.5612745098039214, 0.01350868131431523]
[57352, 9981, 60, 0, -1.5612745098039214, 0.014303309626922006]
[57439, 9981, 60, 0, -1.5612745098039214, 0.014303309626922006]
[57512, 9981, 60, 0, -1.6213235294117647, 0.014303309626922006]
[57592, 9981, 60, 0, -1.6213235294117647, 0.014303309626922006]
[57672, 9981, 60, 0, -1.6213235294117647, 0.014303309626922006]
[57753, 9981, 60, 0, -1.6213235294117647, 0.014303309626922006]
[57833, 9981, 60, 0, -1.5612745098039214, 0.014303309626922006]
[57912, 9981, 60, 0, -1.6213235294117647, 0.014303309626922006]
[57992, 9981, 60, 0, -1.6213235294117647, 0.014303309626922006]
[58073, 9981, 60, 0, -1.6213235294117647, 0.014303309626922006]
[58152, 9981, 60, 0, -1.6213235294117647, 0.014303309626922006]
[58231, 9981, 60, 0, -1.6213235294117647, 0.014303309626922006]
[58311, 9981, 60, 0, -1.6213235294117647, 0.014303309626922006]
[58391, 9981, 60, 0, -1.6213235294117647, 0.014303309626922006]
[58470, 9981, 60, 0, -1.6213235294117647, 0.01350868131431523]
[58549, 9981, 60, 0, -1.5612745098039214, 0.01350868131431523]
[58629, 9981, 60, 0, -1.5612745098039214, 0.01350868131431523]
[58709, 9981, 60, 0, -1.5612745098039214, 0.01350868131431523]
[58792, 9981, 60, 0, -1.5012254901960784, 0.01350868131431523]
[58869, 9981, 60, 0, -1.5012254901960784, 0.01350868131431523]
[58949, 9981, 60, 0, -1.5612745098039214, 0.01350868131431523]
[59029, 9981, 60, 0, -1.5612745098039214, 0.014303309626922006]
[59109, 9981, 60, 0, -1.5612745098039214, 0.014303309626922006]
[59189, 9981, 60, 0, -1.5612745098039214, 0.014303309626922006]
[59269, 9981, 60, 0, -1.5012254901960784, 0.014303309626922006]
[59349, 9981, 60, 0, -1.5012254901960784, 0.014303309626922006]
[59429, 9981, 60, 0, -1.5012254901960784, 0.014303309626922006]
[59508, 9981, 60, 0, -1.5612745098039214, 0.01350868131431523]
[59587, 9981, 60, 0, -1.5612745098039214, 0.01350868131431523]
[59668, 9981, 60, 0, -1.5612745098039214, 0.014303309626922006]
[59748, 9981, 60, 0, -1.5612745098039214, 0.014303309626922006]
[59828, 9981, 60, 0, -1.5612745098039214, 0.014303309626922006]
[59908, 9981, 60, 0, -1.5612745098039214, 0.014303309626922006]
[59987, 9981, 60, 0, -1.5612745098039214, 0.014303309626922006]
[60067, 9981, 60, 0, -1.5612745098039214, 0.014303309626922006]
[60147, 9981, 60, 0, -1.6213235294117647, 0.014303309626922006]
[60228, 9981, 60, 0, -1.6213235294117647, 0.014303309626922006]
[60308, 9981, 60, 0, -1.5612745098039214, 0.014303309626922006]
[60387, 9981, 60, 0, -1.5612745098039214, 0.014303309626922006]
[60467, 9981, 60, 0, -1.5612745098039214, 0.014303309626922006]
[60548, 9981, 60, 0, -1.6213235294117647, 0.014303309626922006]
[60629, 9981, 60, 0, -1.6213235294117647, 0.014303309626922006]
[60710, 9981, 60, 0, -1.6213235294117647, 0.014303309626922006]
[60792, 9981, 60, 0, -1.6213235294117647, 0.014303309626922006]
[60873, 9981, 60, 0, -1.6213235294117647, 0.014303309626922006]
[60952, 9981, 60, 0, -1.6213235294117647, 0.014303309626922006]
[61033, 9981, 60, 0, -1.6213235294117647, 0.014303309626922006]
[61114, 9981, 60, 0, -1.6213235294117647, 0.014303309626922006]
[61195, 9981, 60, 0, -1.6213235294117647, 0.014303309626922006]
[61276, 9981, 60, 0, -1.6213235294117647, 0.014303309626922006]
[61357, 9981, 60, 0, -1.6213235294117647, 0.014303309626922006]
[61437, 9981, 60, 0, -1.6213235294117647, 0.014303309626922006]
[61516, 9981, 60, 0, -1.6213235294117647, 0.014303309626922006]
[61597, 9981, 60, 0, -1.6213235294117647, 0.014303309626922006]
[61677, 9981, 60, 0, -1.6213235294117647, 0.014303309626922006]
[61761, 9981, 60, 0, -1.6213235294117647, 0.014303309626922006]
[61842, 9981, 60, 0, -1.6213235294117647, 0.014303309626922006]
[61918, 9981, 60, 0, -1.6213235294117647, 0.014303309626922006]
[61997, 9981, 60, 0, -1.6213235294117647, 0.014303309626922006]
[62077, 9981, 60, 0, -1.6213235294117647, 0.014303309626922006]
[62156, 9981, 60, 0, -1.5612745098039214, 0.014303309626922006]
[62237, 9981, 60, 0, -1.5612745098039214, 0.014303309626922006]
[62317, 9981, 60, 0, -1.5612745098039214, 0.014303309626922006]
[62396, 9981, 60, 0, -1.5612745098039214, 0.014303309626922006]
[62475, 9981, 60, 0, -1.5612745098039214, 0.014303309626922006]
[62555, 9981, 60, 0, -1.5612745098039214, 0.014303309626922006]
[62634, 9981, 60, 0, -1.5612745098039214, 0.014303309626922006]
[62715, 9981, 60, 0, -1.5612745098039214, 0.014303309626922006]
[62795, 9981, 60, 0, -1.5612745098039214, 0.014303309626922006]
[62876, 9981, 60, 0, -1.5612745098039214, 0.014303309626922006]
[62955, 9981, 60, 0, -1.5612745098039214, 0.014303309626922006]
[63035, 9981, 60, 0, -1.5012254901960784, 0.015097937939528785]
[63116, 9981, 60, 0, -1.5012254901960784, 0.015097937939528785]
[63197, 9981, 60, 0, -1.5012254901960784, 0.015097937939528785]
[63275, 9981, 60, 0, -1.5012254901960784, 0.015097937939528785]
[63355, 9981, 60, 0, -1.5012254901960784, 0.015097937939528785]
[63434, 9981, 60, 0, -1.5012254901960784, 0.015097937939528785]
[63514, 9981, 60, 0, -1.5012254901960784, 0.014303309626922006]
[63595, 9981, 60, 0, -1.5012254901960784, 0.014303309626922006]
[63674, 9981, 60, 0, -1.5012254901960784, 0.014303309626922006]
[63754, 9981, 60, 0, -1.5612745098039214, 0.014303309626922006]
[63835, 9981, 60, 0, -1.5612745098039214, 0.015097937939528785]
[63914, 9981, 60, 0, -1.5612745098039214, 0.015097937939528785]
[63994, 9981, 60, 0, -1.5612745098039214, 0.015097937939528785]
[64074, 9981, 60, 0, -1.5612745098039214, 0.015097937939528785]
[64153, 9981, 60, 0, -1.5612745098039214, 0.015097937939528785]
[64234, 9981, 60, 0, -1.5612745098039214, 0.015097937939528785]
[64317, 9981, 60, 0, -1.5612745098039214, 0.015097937939528785]
[64393, 9981, 60, 0, -1.5612745098039214, 0.015097937939528785]
[64474, 9981, 60, 0, -1.5612745098039214, 0.015097937939528785]
[64554, 9981, 60, 0, -1.6213235294117647, 0.015097937939528785]
[64635, 9981, 60, 0, -1.5612745098039214, 0.015097937939528785]
[64717, 9981, 60, 0, -1.6213235294117647, 0.015097937939528785]
[64798, 9981, 60, 0, -1.6213235294117647, 0.015097937939528785]
[64879, 9981, 60, 0, -1.681372549019608, 0.015097937939528785]
[64959, 9981, 60, 0, -1.681372549019608, 0.015097937939528785]
[65039, 9981, 60, 0, -1.681372549019608, 0.015097937939528785]
[65121, 9981, 61, 0, -1.681372549019608, 0.014303309626922006]
[65203, 9981, 61, 0, -1.681372549019608, 0.014303309626922006]
[65283, 9981, 61, 0, -1.681372549019608, 0.015097937939528785]
[65364, 9981, 61, 0, -1.681372549019608, 0.015097937939528785]
[65444, 9981, 60, 0, -1.681372549019608, 0.015097937939528785]
[65523, 9981, 60, 0, -1.681372549019608, 0.015097937939528785]
[65603, 9981, 60, 0, -1.6213235294117647, 0.015097937939528785]
[65684, 9981, 60, 0, -1.6213235294117647, 0.015097937939528785]
[65768, 9981, 60, 0, -1.6213235294117647, 0.015097937939528785]
[65846, 9981, 60, 0, -1.6213235294117647, 0.015097937939528785]
[65926, 9981, 60, 0, -1.6213235294117647, 0.015097937939528785]
[66003, 9981, 60, 0, -1.6213235294117647, 0.015097937939528785]
[66084, 9981, 60, 0, -1.6213235294117647, 0.015097937939528785]
[66164, 9981, 60, 0, -1.6213235294117647, 0.015097937939528785]
[66243, 9981, 60, 0, -1.5612745098039214, 0.015097937939528785]
[66323, 9981, 60, 0, -1.5612745098039214, 0.015097937939528785]
[66403, 9981, 60, 0, -1.5612745098039214, 0.015097937939528785]
[66482, 9981, 60, 0, -1.5612745098039214, 0.015097937939528785]
[66563, 9981, 60, 0, -1.5012254901960784, 0.015097937939528785]
[66642, 9981, 60, 0, -1.5012254901960784, 0.014303309626922006]
[66722, 9981, 60, 0, -1.5012254901960784, 0.014303309626922006]
[66805, 9981, 60, 0, -1.5012254901960784, 0.015097937939528785]
[66882, 9981, 60, 0, -1.5012254901960784, 0.015097937939528785]
[66962, 9981, 60, 0, -1.5012254901960784, 0.015097937939528785]
[67044, 9981, 60, 0, -1.5012254901960784, 0.015097937939528785]
[67122, 9981, 60, 0, -1.5012254901960784, 0.015097937939528785]
[67202, 9981, 60, 0, -1.5012254901960784, 0.015097937939528785]
[67282, 9981, 60, 0, -1.5012254901960784, 0.015097937939528785]
[67362, 9981, 60, 0, -1.5012254901960784, 0.015097937939528785]
[67443, 9981, 60, 0, -1.5012254901960784, 0.015097937939528785]
[67521, 9981, 60, 0, -1.5012254901960784, 0.015097937939528785]
[67601, 9981, 60, 0, -1.5012254901960784, 0.015097937939528785]
[67681, 9981, 60, 0, -1.5012254901960784, 0.015097937939528785]
[67761, 9981, 60, 0, -1.5012254901960784, 0.015097937939528785]
[67841, 9981, 60, 0, -1.5612745098039214, 0.015097937939528785]
[67922, 9981, 60, 0, -1.5612745098039214, 0.015097937939528785]
[68001, 9981, 60, 0, -1.5612745098039214, 0.015097937939528785]
[68081, 9981, 60, 0, -1.5612745098039214, 0.015097937939528785]
[68161, 9981, 60, 0, -1.5612745098039214, 0.015097937939528785]
[68241, 9981, 60, 0, -1.6213235294117647, 0.015097937939528785]
[68321, 9981, 60, 0, -1.5612745098039214, 0.015097937939528785]
[68401, 9981, 60, 0, -1.5612745098039214, 0.015097937939528785]
[68480, 9981, 60, 0, -1.5612745098039214, 0.015097937939528785]
[68561, 9981, 60, 0, -1.6213235294117647, 0.015097937939528785]
[68642, 9981, 60, 0, -1.6213235294117647, 0.015097937939528785]
[68723, 9981, 60, 0, -1.6213235294117647, 0.015097937939528785]
[68807, 9981, 60, 0, -1.6213235294117647, 0.015097937939528785]
[68885, 9981, 60, 0, -1.6213235294117647, 0.015097937939528785]
[68965, 9981, 60, 0, -1.6213235294117647, 0.015097937939528785]
[69046, 9981, 60, 0, -1.681372549019608, 0.015097937939528785]
[69128, 9981, 61, 0, -1.681372549019608, 0.015097937939528785]
[69209, 9981, 61, 0, -1.681372549019608, 0.015097937939528785]
[69290, 9981, 61, 0, -1.681372549019608, 0.015097937939528785]
[69370, 9981, 61, 0, -1.741421568627451, 0.015097937939528785]
[69450, 9981, 60, 0, -1.741421568627451, 0.015097937939528785]
[69530, 9981, 60, 0, -1.741421568627451, 0.015097937939528785]
[69610, 9981, 60, 0, -1.741421568627451, 0.014303309626922006]
[69690, 9981, 60, 0, -1.681372549019608, 0.014303309626922006]
[69772, 9981, 60, 0, -1.681372549019608, 0.014303309626922006]
[69851, 9981, 60, 0, -1.681372549019608, 0.015097937939528785]
[69931, 9981, 60, 0, -1.681372549019608, 0.015097937939528785]
[70010, 9981, 60, 0, -1.681372549019608, 0.015097937939528785]
[70090, 9981, 60, 0, -1.681372549019608, 0.015097937939528785]
[70170, 9981, 60, 0, -1.681372549019608, 0.015097937939528785]
[70250, 9981, 60, 0, -1.681372549019608, 0.015097937939528785]
[70330, 9981, 60, 0, -1.681372549019608, 0.015097937939528785]
[70410, 9981, 60, 0, -1.6213235294117647, 0.015097937939528785]
[70488, 9981, 60, 0, -1.6213235294117647, 0.015097937939528785]
[70568, 9981, 60, 0, -1.6213235294117647, 0.015097937939528785]
[70648, 9981, 60, 0, -1.6213235294117647, 0.015097937939528785]
[70728, 9981, 60, 0, -1.6213235294117647, 0.015097937939528785]
[70809, 9981, 60, 0, -1.6213235294117647, 0.015097937939528785]
[70888, 9981, 60, 0, -1.6213235294117647, 0.015097937939528785]
[70968, 9981, 60, 0, -1.6213235294117647, 0.015097937939528785]
[71047, 9981, 60, 0, -1.6213235294117647, 0.015097937939528785]
[71128, 9981, 60, 0, -1.6213235294117647, 0.015097937939528785]
[71209, 9981, 60, 0, -1.681372549019608, 0.015097937939528785]
[71288, 9981, 60, 0, -1.681372549019608, 0.015097937939528785]
[71369, 9981, 60, 0, -1.6213235294117647, 0.015097937939528785]
[71447, 9981, 60, 0, -1.6213235294117647, 0.015097937939528785]
[71527, 9981, 60, 0, -1.6213235294117647, 0.015892566252135563]
[71607, 9981, 60, 0, -1.6213235294117647, 0.015892566252135563]
[71687, 9981, 60, 0, -1.6213235294117647, 0.015097937939528785]
[71767, 9981, 60, 0, -1.6213235294117647, 0.015097937939528785]
[71848, 9981, 60, 0, -1.5612745098039214, 0.015097937939528785]
[71927, 9981, 60, 0, -1.5612745098039214, 0.015097937939528785]
[72015, 9981, 60, 0, -1.5612745098039214, 0.015097937939528785]
[72090, 9981, 60, 0, -1.5612745098039214, 0.015097937939528785]
[72167, 9981, 60, 0, -1.5612745098039214, 0.015097937939528785]
[72247, 9981, 60, 0, -1.6213235294117647, 0.015892566252135563]
[72327, 9981, 60, 0, -1.6213235294117647, 0.015892566252135563]
[72406, 9981, 60, 0, -1.6213235294117647, 0.015097937939528785]
[72487, 9981, 60, 0, -1.6213235294117647, 0.015097937939528785]
[72569, 9981, 60, 0, -1.6213235294117647, 0.015097937939528785]
[72648, 9981, 60, 0, -1.6213235294117647, 0.015892566252135563]
[72729, 9981, 60, 0, -1.6213235294117647, 0.015892566252135563]
[72810, 9981, 60, 0, -1.6213235294117647, 0.015892566252135563]
[72891, 9981, 60, 0, -1.6213235294117647, 0.015892566252135563]
[72971, 9981, 60, 0, -1.6213235294117647, 0.015892566252135563]
[73052, 9981, 60, 0, -1.6213235294117647, 0.015892566252135563]
[73133, 9981, 60, 0, -1.6213235294117647, 0.015892566252135563]
[73215, 9981, 60, 0, -1.681372549019608, 0.015892566252135563]
[73296, 9981, 60, 0, -1.681372549019608, 0.015892566252135563]
[73376, 9981, 60, 0, -1.6213235294117647, 0.015892566252135563]
[73456, 9981, 60, 0, -1.6213235294117647, 0.015892566252135563]
[73535, 9981, 60, 0, -1.6213235294117647, 0.015892566252135563]
[73623, 9981, 60, 0, -1.6213235294117647, 0.015892566252135563]
[73696, 9981, 60, 0, -1.6213235294117647, 0.015892566252135563]
[73778, 9981, 60, 0, -1.6213235294117647, 0.015892566252135563]
[73857, 9981, 60, 0, -1.6213235294117647, 0.015892566252135563]
[73936, 9981, 60, 0, -1.6213235294117647, 0.015892566252135563]
[74016, 9981, 60, 0, -1.6213235294117647, 0.015892566252135563]
[74095, 9981, 60, 0, -1.6213235294117647, 0.015892566252135563]
[74177, 9981, 60, 0, -1.6213235294117647, 0.015892566252135563]
[74255, 9981, 60, 0, -1.5612745098039214, 0.015892566252135563]
[74335, 9981, 60, 0, -1.5612745098039214, 0.015892566252135563]
[74414, 9981, 60, 0, -1.6213235294117647, 0.015892566252135563]
[74493, 9981, 60, 0, -1.6213235294117647, 0.015892566252135563]
[74574, 9981, 60, 0, -1.5612745098039214, 0.015892566252135563]
[74653, 9981, 60, 0, -1.5612745098039214, 0.015892566252135563]
[74734, 9981, 60, 0, -1.5612745098039214, 0.015892566252135563]
[74814, 9981, 60, 0, -1.5612745098039214, 0.015892566252135563]
[74893, 9981, 60, 0, -1.5612745098039214, 0.015892566252135563]
[74973, 9981, 60, 0, -1.5612745098039214, 0.015892566252135563]
[75053, 9981, 60, 0, -1.5612745098039214, 0.015892566252135563]
[75134, 9981, 60, 0, -1.5612745098039214, 0.015892566252135563]
[75214, 9981, 60, 0, -1.5612745098039214, 0.015892566252135563]
[75295, 9981, 60, 0, -1.5612745098039214, 0.015892566252135563]
[75383, 9981, 60, 0, -1.5612745098039214, 0.015892566252135563]
[75461, 9981, 60, 0, -1.5612745098039214, 0.015892566252135563]
[75535, 9981, 60, 0, -1.5612745098039214, 0.015892566252135563]
[75612, 9981, 60, 0, -1.5612745098039214, 0.015892566252135563]
[75693, 9981, 60, 0, -1.5612745098039214, 0.015892566252135563]
[75773, 9981, 60, 0, -1.6213235294117647, 0.015892566252135563]
[75853, 9981, 60, 0, -1.6213235294117647, 0.015892566252135563]
[75932, 9981, 60, 0, -1.6213235294117647, 0.015892566252135563]
[76012, 9981, 60, 0, -1.6213235294117647, 0.015892566252135563]
[76092, 9981, 60, 0, -1.6213235294117647, 0.015892566252135563]
[76172, 9981, 60, 0, -1.6213235294117647, 0.015892566252135563]
[76253, 9981, 60, 0, -1.6213235294117647, 0.015892566252135563]
[76333, 9981, 60, 0, -1.6213235294117647, 0.015892566252135563]
[76413, 9981, 60, 0, -1.6213235294117647, 0.015892566252135563]
[76492, 9981, 60, 0, -1.681372549019608, 0.015892566252135563]
[76575, 9981, 60, 0, -1.681372549019608, 0.015892566252135563]
[76654, 9981, 60, 0, -1.681372549019608, 0.015892566252135563]
[76735, 9981, 60, 0, -1.681372549019608, 0.015892566252135563]
[76817, 9981, 60, 0, -1.681372549019608, 0.015892566252135563]
[76897, 9981, 60, 0, -1.681372549019608, 0.015892566252135563]
[76977, 9981, 60, 0, -1.681372549019608, 0.015892566252135563]
[77058, 9981, 60, 0, -1.681372549019608, 0.015892566252135563]
[77140, 9981, 60, 0, -1.681372549019608, 0.015892566252135563]
[77221, 9981, 61, 0, -1.681372549019608, 0.015892566252135563]
[77302, 9981, 61, 0, -1.6213235294117647, 0.015892566252135563]
[77381, 9981, 60, 0, -1.6213235294117647, 0.015892566252135563]
[77463, 9981, 60, 0, -1.6213235294117647, 0.015892566252135563]
[77542, 9981, 60, 0, -1.681372549019608, 0.015892566252135563]
[77622, 9981, 60, 0, -1.681372549019608, 0.015892566252135563]
[77702, 9981, 60, 0, -1.6213235294117647, 0.015892566252135563]
[77783, 9981, 60, 0, -1.6213235294117647, 0.015892566252135563]
[77863, 9981, 60, 0, -1.6213235294117647, 0.015892566252135563]
[77943, 9981, 60, 0, -1.6213235294117647, 0.015892566252135563]
[78022, 9981, 60, 0, -1.6213235294117647, 0.015892566252135563]
[78102, 9981, 60, 0, -1.6213235294117647, 0.015892566252135563]
[78186, 9981, 60, 0, -1.5612745098039214, 0.015892566252135563]
[78262, 9981, 60, 0, -1.5612745098039214, 0.015892566252135563]
[78342, 9981, 60, 0, -1.5612745098039214, 0.015892566252135563]
[78421, 9981, 60, 0, -1.6213235294117647, 0.015892566252135563]
[78500, 9981, 60, 0, -1.6213235294117647, 0.015892566252135563]
[78590, 9981, 60, 0, -1.5612745098039214, 0.015892566252135563]
[78662, 9981, 60, 0, -1.5612745098039214, 0.015892566252135563]
[78740, 9981, 60, 0, -1.5612745098039214, 0.015892566252135563]
[78820, 9981, 60, 0, -1.5612745098039214, 0.015892566252135563]
[78900, 9981, 60, 0, -1.5612745098039214, 0.015892566252135563]
[78979, 9981, 60, 0, -1.5612745098039214, 0.015892566252135563]
[79061, 9981, 60, 0, -1.5612745098039214, 0.016687194564742342]
[79140, 9981, 60, 0, -1.5612745098039214, 0.016687194564742342]
[79220, 9981, 60, 0, -1.5612745098039214, 0.016687194564742342]
[79300, 9981, 60, 0, -1.5612745098039214, 0.016687194564742342]
[79380, 9981, 60, 0, -1.5612745098039214, 0.015892566252135563]
[79460, 9981, 60, 0, -1.5612745098039214, 0.015892566252135563]
[79540, 9981, 60, 0, -1.5612745098039214, 0.015892566252135563]
[79619, 9981, 60, 0, -1.5612745098039214, 0.015892566252135563]
[79699, 9981, 60, 0, -26, 20]
[79780, 9981, 60, 0, 0, 0]
[79866, 9981, 53, 0, -1.5612745098039214, 0.016687194564742342]
[79866, 9981, 43, 0, -1.5612745098039214, 0.016687194564742342]
[79866, 9981, 36, 0, -1.5012254901960784, 0.015892566252135563]
[79866, 9981, 30, 0, -1.4411764705882353, 0.015892566252135563]
[79866, 9981, 25, 0, -1.4411764705882353, 0.015892566252135563]
[79865, 9981, 21, 0, -1.4411764705882353, 0.015892566252135563]
[79865, 9981, 17, 0, -1.4411764705882353, 0.015892566252135563]
[79864, 9981, 13, 0, -1.4411764705882353, 0.015892566252135563]
[79863, 9981, 11, 0, -1.4411764705882353, 0.015097937939528785]
[79863, 9981, 9, 0, -1.4411764705882353, 0.015097937939528785]
[79863, 9981, 7, 0, -1.4411764705882353, 0.015097937939528785]
[79862, 9981, 6, 0, -1.4411764705882353, 0.015097937939528785]
[79862, 9981, 5, 0, -1.4411764705882353, 0.015097937939528785]
[79862, 9981, 4, 0, -1.4411764705882353, 0.015097937939528785]
[79862, 9981, 3, 0, -1.3811274509803921, 0.015097937939528785]
[79862, 9981, 3, 0, -1.3811274509803921, 0.015097937939528785]
[79862, 9981, 2, 0, -1.3811274509803921, 0.015097937939528785]
[79862, 9981, 2, 0, -1.3811274509803921, 0.015097937939528785]
[79862, 9981, 2, 0, -1.3811274509803921, 0.015097937939528785]
[79862, 9981, 1, 0, -1.3811274509803921, 0.015097937939528785]
[79862, 9981, 1, 0, -1.3811274509803921, 0.015097937939528785]
[79862, 9981, 1, 0, -1.3811274509803921, 0.015097937939528785]
[79862, 9981, 1, 0, -1.3811274509803921, 0.015097937939528785]
[79862, 9981, 1, 0, -1.3811274509803921, 0.015097937939528785]
[79862, 9981, 0, 0, -1.3811274509803921, 0.015097937939528785]
[79862, 9981, 0, 0, -1.3811274509803921, 0.015097937939528785]
[79862, 9981, 0, 0, -1.3811274509803921, 0.015097937939528785]
[79862, 9981, 0, 0, -1.3811274509803921, 0.015097937939528785]
[79862, 9981, 0, 0, -1.3811274509803921, 0.015097937939528785]
[79862, 9981, 0, 0, -1.3811274509803921, 0.015097937939528785]
[79862, 9981, 0, 0, -1.3811274509803921, 0.015097937939528785]
[79862, 9981, 0, 0, -1.3811274509803921, 0.015097937939528785]
[79862, 9981, 0, 0, -1.3811274509803921, 0.015097937939528785]
[79862, 9981, 0, 0, -1.3811274509803921, 0.015097937939528785]
[79862, 9981, 0, 0, -1.3811274509803921, 0.015097937939528785]
[79862, 9981, 0, 0, -1.3811274509803921, 0.015097937939528785]
[79862, 9981, 0, 0, -1.3811274509803921, 0.015097937939528785]
[79862, 9981, 0, 0, -1.3811274509803921, 0.015097937939528785]
[79862, 9981, 0, 0, -1.3811274509803921, 0.015097937939528785]
[79862, 9981, 0, 0, -1.3811274509803921, 0.015097937939528785]
[79862, 9981, 0, 0, -1.3811274509803921, 0.015097937939528785]
[79862, 9981, 0, 0, -1.3811274509803921, 0.015097937939528785]
[79862, 9981, 0, 0, -1.3811274509803921, 0.015097937939528785]
[79862, 9981, 0, 0, -1.3811274509803921, 0.015097937939528785]
[79862, 9981, 0, 0, -1.3811274509803921, 0.015097937939528785]
[79862, 9981, 0, 0, -1.3811274509803921, 0.015097937939528785]
[79862, 9981, 0, 0, -1.3811274509803921, 0.015097937939528785]
[79862, 9981, 0, 0, -1.3811274509803921, 0.015097937939528785]
[79862, 9981, 0, 0, -1.3811274509803921, 0.015097937939528785]
[79862, 9981, 0, 0, -1.3811274509803921, 0.015097937939528785]
[79862, 9981, 0, 0, -1.3811274509803921, 0.015097937939528785]
[79862, 9981, 0, 0, -1.3811274509803921, 0.015097937939528785]
[79862, 9981, 0, 0, -1.3811274509803921, 0.015097937939528785]
[79862, 9981, 0, 0, -1.3811274509803921, 0.015097937939528785]
[79862, 9981, 0, 0, -1.3811274509803921, 0.015097937939528785]
[79862, -1, 0, -2, -1.3811274509803921, 0.015097937939528785]
[79862, 9981, 0, -1, -1.3811274509803921, 0.015097937939528785]
[79862, 9981, 0, 0, -1.3811274509803921, 0.015097937939528785]
[79862, 9981, 0, 0, -1.3811274509803921, 0.015097937939528785]
[79862, 9981, 0, 0, -1.3811274509803921, 0.015097937939528785]
[79862, 9981, 0, 0, -1.3811274509803921, 0.015097937939528785]
[79862, 9981, 0, 0, -1.3811274509803921, 0.015097937939528785]
[79862, 9981, 0, 0, -1.3811274509803921, 0.015097937939528785]
[79862, 9981, 0, 0, -1.3811274509803921, 0.015097937939528785]
[79862, 9981, 0, 0, -1.3811274509803921, 0.015097937939528785]
[79862, 9981, 0, 0, -1.3811274509803921, 0.015097937939528785]
[79862, 9981, 0, 0, -1.3811274509803921, 0.015097937939528785]
[79862, 9981, 0, 0, -1.3811274509803921, 0.015097937939528785]
[79862, 9981, 0, 0, -1.3811274509803921, 0.015097937939528785]
[79862, 9981, 0, 0, -1.3811274509803921, 0.015097937939528785]
[79862, 9981, 0, 0, -1.3811274509803921, 0.015097937939528785]
[79862, 9981, 0, 0, -1.3811274509803921, 0.015097937939528785]
[79862, 9981, 0, 0, -1.3811274509803921, 0.015097937939528785]
[79862, 9981, 0, 0, -1.3811274509803921, 0.015097937939528785]
[79862, 9981, 0, 0, -1.3811274509803921, 0.015097937939528785]
[79862, 9981, 0, 0, -1.3811274509803921, 0.015097937939528785]
[79862, 9981, 0, 0, -1.3811274509803921, 0.015097937939528785]
[79862, 9981, 0, 0, -1.3811274509803921, 0.015097937939528785]
[79862, 9981, 0, 0, -1.3811274509803921, 0.015097937939528785]
[79862, 9981, 0, 0, -1.3811274509803921, 0.015097937939528785]
[79862, 9981, 0, 0, -1.3811274509803921, 0.015097937939528785]
[79862, 9981, 0, 0, -1.3811274509803921, 0.015097937939528785]
[79862, 9981, 0, 0, -1.3811274509803921, 0.015097937939528785]
[79862, 9981, 0, 0, -1.3811274509803921, 0.015097937939528785]
[79862, 9981, 0, 0, -1.3811274509803921, 0.015097937939528785]
[79862, 9981, 0, 0, -1.3811274509803921, 0.015097937939528785]
[79862, 9981, 0, 0, -1.3811274509803921, 0.015097937939528785]
[79862, 9981, 0, 0, -1.3811274509803921, 0.015097937939528785]
[79862, 9981, 0, 0, -1.3811274509803921, 0.015097937939528785]
[79862, 9981, 0, 0, -1.3811274509803921, 0.015097937939528785]
[79862, 9981, 0, 0, -1.3811274509803921, 0.015097937939528785]
[79862, 9981, 0, 0, -1.3811274509803921, 0.015097937939528785]
[79862, 9981, 0, 0, -1.3811274509803921, 0.015097937939528785]
[79862, 9981, 0, 0, -1.3811274509803921, 0.015097937939528785]
[79862, 9981, 0, 0, -1.3811274509803921, 0.015097937939528785]
[79862, 9981, 0, 0, -1.3811274509803921, 0.015097937939528785]
[79862, 9981, 0, 0, -1.3811274509803921, 0.015097937939528785]
[79862, 9981, 0, 0, -1.3811274509803921, 0.015097937939528785]
[79862, 9981, 0, 0, -1.3811274509803921, 0.015097937939528785]
[79862, 9981, 0, 0, -1.3811274509803921, 0.015097937939528785]
[79862, 9981, 0, 0, -1.3811274509803921, 0.015097937939528785]
[79862, 9981, 0, 0, -1.3811274509803921, 0.015097937939528785]
[79862, 9981, 0, 0, -1.3811274509803921, 0.015097937939528785]
[79862, 9981, 0, 0, -1.3811274509803921, 0.015097937939528785]
[79862, 9981, 0, 0, -1.3811274509803921, 0.015097937939528785]
[79862, 9981, 0, 0, -1.3811274509803921, 0.015097937939528785]
[79862, 9981, 0, 0, -1.3811274509803921, 0.015097937939528785]
[79862, 9981, 0, 0, -1.3811274509803921, 0.015097937939528785]
[79862, 9981, 0, 0, -1.3811274509803921, 0.015097937939528785]
[79862, 9981, 0, 0, -1.3811274509803921, 0.015097937939528785]
[79862, 9981, 0, 0, -1.3811274509803921, 0.015097937939528785]
[79862, 9981, 0, 0, -1.3811274509803921, 0.015097937939528785]
[79862, 9981, 0, 0, -1.3811274509803921, 0.015097937939528785]
[79862, 9981, 0, 0, -1.3811274509803921, 0.015097937939528785]
[79862, 9981, 0, 0, -1.3811274509803921, 0.015097937939528785]
[79862, 9981, 0, 0, -1.3811274509803921, 0.015097937939528785]
[79862, 9981, 0, 0, -1.3811274509803921, 0.015097937939528785]
[79862, 9981, 0, 0, -1.3811274509803921, 0.015097937939528785]
[79862, 9981, 0, 0, -1.3811274509803921, 0.015097937939528785]
[79862, 9981, 0, 0, -1.3811274509803921, 0.015097937939528785]
[79862, 9981, 0, 0, -1.3811274509803921, 0.015097937939528785]
[79862, 9981, 0, 0, -1.3811274509803921, 0.015097937939528785]
[79862, 9981, 0, 0, -1.3811274509803921, 0.015097937939528785]
[79862, 9981, 0, 0, -1.3811274509803921, 0.015097937939528785]
[79862, 9981, 0, 0, -1.3811274509803921, 0.015097937939528785]
[79862, 9981, 0, 0, -1.3811274509803921, 0.015097937939528785]
[79862, 9981, 0, 0, -1.3811274509803921, 0.015097937939528785]
[79862, 9981, 0, 0, -1.3811274509803921, 0.015097937939528785]
[79862, 9981, 0, 0, -1.3811274509803921, 0.015097937939528785]
[79862, 9981, 0, 0, -1.3811274509803921, 0.015097937939528785]
[79862, 9981, 0, 0, -1.3811274509803921, 0.015097937939528785]
[79862, 9981, 0, 0, -1.3811274509803921, 0.015097937939528785]
[79862, 9981, 0, 0, -1.3811274509803921, 0.015097937939528785]
[79862, 9981, 0, 0, -1.3811274509803921, 0.015097937939528785]
[79862, 9981, 0, 0, -1.3811274509803921, 0.015097937939528785]
[79862, 9981, 0, 0, -1.3811274509803921, 0.015097937939528785]
[79862, 9981, 0, 0, -1.3811274509803921, 0.015097937939528785]
[79862, 9981, 0, 0, -1.3811274509803921, 0.015097937939528785]
[79862, 9981, 0, 0, -1.3811274509803921, 0.015097937939528785]
[79862, 9981, 0, 0, -1.3811274509803921, 0.015097937939528785]
[79862, 9981, 0, 0, -1.3811274509803921, 0.015097937939528785]
[79862, 9981, 0, 0, -1.3811274509803921, 0.015097937939528785]
[79862, 9981, 0, 0, -1.3811274509803921, 0.015097937939528785]
[79862, 9981, 0, 0, -1.3811274509803921, 0.015097937939528785]
[79862, 9981, 0, 0, -1.3811274509803921, 0.015097937939528785]
[79862, 9981, 0, 0, -1.3811274509803921, 0.015097937939528785]
[79862, 9981, 0, 0, -1.3811274509803921, 0.015097937939528785]
[79862, 9981, 0, 0, -1.3811274509803921, 0.015097937939528785]
[79862, 9981, 0, 0, -1.3811274509803921, 0.015097937939528785]
[79862, 9981, 0, 0, -1.3811274509803921, 0.015097937939528785]
[79862, 9981, 0, 0, -1.3811274509803921, 0.015097937939528785]
[79862, 9981, 0, 0, -1.3811274509803921, 0.015097937939528785]
[79862, 9981, 0, 0, -1.3811274509803921, 0.015097937939528785]
[79862, 9981, 0, 0, -1.3811274509803921, 0.015097937939528785]
[79862, 9981, 0, 0, -1.3811274509803921, 0.015097937939528785]
[79862, 9981, 0, 0, -1.3811274509803921, 0.015097937939528785]
[79862, 9981, 0, 0, -1.3811274509803921, 0.015097937939528785]
[79862, 9981, 0, 0, -1.3811274509803921, 0.015097937939528785]
[79862, 9981, 0, 0, -1.3811274509803921, 0.015097937939528785]
[79862, 9981, 0, 0, -1.3811274509803921, 0.015097937939528785]
[79862, 9981, 0, 0, -1.3811274509803921, 0.015097937939528785]
[79862, 9981, 0, 0, -1.3811274509803921, 0.015097937939528785]
[79862, 9981, 0, 0, -1.3811274509803921, 0.015097937939528785]
[79862, 9981, 0, 0, -1.3811274509803921, 0.015097937939528785]
[79862, 9981, 0, 0, -1.3811274509803921, 0.015097937939528785]
[79862, 9981, 0, 0, -1.3811274509803921, 0.015097937939528785]
[79862, 9981, 0, 0, -1.3811274509803921, 0.015097937939528785]
[79862, 9981, 0, 0, -1.3811274509803921, 0.015097937939528785]
[79862, 9981, 0, 0, -1.3811274509803921, 0.015097937939528785]
[79862, 9981, 0, 0, -1.3811274509803921, 0.015097937939528785]
[79862, 9981, 0, 0, -1.3811274509803921, 0.015097937939528785]
[79862, 9981, 0, 0, -1.3811274509803921, 0.015097937939528785]
[79862, 9981, 0, 0, -1.3811274509803921, 0.015097937939528785]
[79862, 9981, 0, 0, -1.3811274509803921, 0.015097937939528785]
[79862, 9981, 0, 0, -1.3811274509803921, 0.015097937939528785]
[79862, 9981, 0, 0, -1.3811274509803921, 0.015097937939528785]
[79862, 9981, 0, 0, -1.3811274509803921, 0.015097937939528785]
[79862, 9981, 0, 0, -1.3811274509803921, 0.015097937939528785]
[79862, 9981, 0, 0, -1.3811274509803921, 0.015097937939528785]
[79862, 9981, 0, 0, -1.3811274509803921, 0.015097937939528785]
[79862, 9981, 0, 0, -1.3811274509803921, 0.015097937939528785]
[79862, 9981, 0, 0, -1.3811274509803921, 0.015097937939528785]
[79862, 9981, 0, 0, -1.3811274509803921, 0.015097937939528785]
[79862, 9981, 0, 0, -1.3811274509803921, 0.015097937939528785]
[79862, 9981, 0, 0, -1.3811274509803921, 0.015097937939528785]
[79862, 9981, 0, 0, -1.3811274509803921, 0.015097937939528785]
[79862, 9981, 0, 0, -1.3811274509803921, 0.015097937939528785]
[79862, 9981, 0, 0, -1.3811274509803921, 0.015097937939528785]
[79862, 9981, 0, 0, -1.3811274509803921, 0.015097937939528785]
[79862, 9981, 0, 0, -1.3811274509803921, 0.015097937939528785]
[79862, 9981, 0, 0, -1.3811274509803921, 0.015097937939528785]
[79862, 9981, 0, 0, -1.3811274509803921, 0.015097937939528785]
[79862, 9981, 0, 0, -1.3811274509803921, 0.015097937939528785]
[79862, 9981, 0, 0, -1.3811274509803921, 0.015097937939528785]
[79862, 9981, 0, 0, -1.3811274509803921, 0.015097937939528785]
[79862, 9981, 0, 0, -1.3811274509803921, 0.015097937939528785]
[79862, 9981, 0, 0, -1.3811274509803921, 0.015097937939528785]
[79862, 9981, 0, 0, -1.3811274509803921, 0.015097937939528785]
[79862, 9981, 0, 0, -1.3811274509803921, 0.015097937939528785]
[79862, 9981, 0, 0, -1.3811274509803921, 0.015097937939528785]
[79862, 9981, 0, 0, -1.3811274509803921, 0.015097937939528785]
[79862, 9981, 0, 0, -1.3811274509803921, 0.015097937939528785]
[79862, 9981, 0, 0, -1.3811274509803921, 0.015097937939528785]
[79862, 9981, 0, 0, -1.3811274509803921, 0.015097937939528785]
[79862, 9981, 0, 0, -1.3811274509803921, 0.015097937939528785]
[79862, 9981, 0, 0, -1.3811274509803921, 0.015097937939528785]
[79862, 9981, 0, 0, -1.3811274509803921, 0.015097937939528785]
[79862, 9981, 0, 0, -1.3811274509803921, 0.015097937939528785]
[79862, 9981, 0, 0, -1.3811274509803921, 0.015097937939528785]
[79862, 9981, 0, 0, -1.3811274509803921, 0.015097937939528785]
[79862, 9981, 0, 0, -1.3811274509803921, 0.015097937939528785]
[79862, 9981, 0, 0, -1.3811274509803921, 0.015097937939528785]
[79862, 9981, 0, 0, -1.3811274509803921, 0.015097937939528785]
[79862, 9981, 0, 0, -1.3811274509803921, 0.015097937939528785]
[79862, 9981, 0, 0, -1.3811274509803921, 0.015097937939528785]
[79862, 9981, 0, 0, -1.3811274509803921, 0.015097937939528785]
[79862, 9981, 0, 0, -1.3811274509803921, 0.015097937939528785]
[79862, 9981, 0, 0, -1.3811274509803921, 0.015097937939528785]
[79862, 9981, 0, 0, -1.3811274509803921, 0.015097937939528785]
[79862, 9981, 0, 0, -1.3811274509803921, 0.015097937939528785]
[79862, 9981, 0, 0, -1.3811274509803921, 0.015097937939528785]
[79862, 9981, 0, 0, -1.3811274509803921, 0.015097937939528785]
[79862, 9981, 0, 0, -1.3811274509803921, 0.015097937939528785]
[79862, 9981, 0, 0, -1.3811274509803921, 0.015097937939528785]
[79862, 9981, 0, 0, -1.3811274509803921, 0.015097937939528785]
[79862, 9981, 0, 0, -1.3811274509803921, 0.015097937939528785]
[79862, 9981, 0, 0, -1.3811274509803921, 0.015097937939528785]
[79862, 9981, 0, 0, -1.3811274509803921, 0.015097937939528785]
[79862, 9981, 0, 0, -1.3811274509803921, 0.015097937939528785]
[79862, 9981, 0, 0, -1.3811274509803921, 0.015097937939528785]
[79862, 9981, 0, 0, -1.3811274509803921, 0.015097937939528785]
[79862, 9981, 0, 0, -1.3811274509803921, 0.015097937939528785]
[79862, 9981, 0, 0, -1.3811274509803921, 0.015097937939528785]
[79862, 9981, 0, 0, -1.3811274509803921, 0.015097937939528785]
[79862, 9981, 0, 0, -1.3811274509803921, 0.015097937939528785]
[79862, 9981, 0, 0, -1.3811274509803921, 0.015097937939528785]
[79862, 9981, 0, 0, -1.3811274509803921, 0.015097937939528785]
[79862, 9981, 0, 0, -1.3811274509803921, 0.015097937939528785]
[79862, 9981, 0, 0, -1.3811274509803921, 0.015097937939528785]
[79862, 9981, 0, 0, -1.3811274509803921, 0.015097937939528785]
[79862, 9981, 0, 0, -1.3811274509803921, 0.015097937939528785]
[79862, 9981, 0, 0, -1.3811274509803921, 0.015097937939528785]
[79862, 9981, 0, 0, -1.3811274509803921, 0.015097937939528785]
[79862, 9981, 0, 0, -1.3811274509803921, 0.015097937939528785]
[79862, 9981, 0, 0, -1.3811274509803921, 0.015097937939528785]
[79862, 9981, 0, 0, -1.3811274509803921, 0.015097937939528785]
[79862, 9981, 0, 0, -1.3811274509803921, 0.015097937939528785]
[79862, 9981, 0, 0, -1.3811274509803921, 0.015097937939528785]
[79862, 9981, 0, 0, -1.3811274509803921, 0.015097937939528785]
[79862, 9981, 0, 0, -1.3811274509803921, 0.015097937939528785]
[79862, 9981, 0, 0, -1.3811274509803921, 0.015097937939528785]
[79862, 9981, 0, 0, -1.3811274509803921, 0.015097937939528785]
[79862, 9981, 0, 0, -1.3811274509803921, 0.015097937939528785]
[79862, 9981, 0, 0, -1.3811274509803921, 0.015097937939528785]
[79862, 9981, 0, 0, -1.3811274509803921, 0.015097937939528785]
[79862, 9981, 0, 0, -1.3811274509803921, 0.015097937939528785]
[79862, 9981, 0, 0, -1.3811274509803921, 0.015097937939528785]
[79862, 9981, 0, 0, -1.3811274509803921, 0.015097937939528785]
[79862, 9981, 0, 0, -1.3811274509803921, 0.015097937939528785]
[79862, 9981, 0, 0, -1.3811274509803921, 0.015097937939528785]
[79862, 9981, 0, 0, -1.3811274509803921, 0.015097937939528785]
[79862, 9981, 0, 0, -1.3811274509803921, 0.015097937939528785]
[79862, 9981, 0, 0, -1.3811274509803921, 0.015097937939528785]
[79862, 9981, 0, 0, -1.3811274509803921, 0.015097937939528785]
[79862, 9981, 0, 0, -1.3811274509803921, 0.015097937939528785]
[79862, 9981, 0, 0, -1.3811274509803921, 0.015097937939528785]
[79862, 9981, 0, 0, -1.3811274509803921, 0.015097937939528785]
[79862, 9981, 0, 0, -1.3811274509803921, 0.015097937939528785]
[79862, 9981, 0, 0, -1.3811274509803921, 0.015097937939528785]
[79862, 9981, 0, 0, -1.3811274509803921, 0.015097937939528785]
[79862, 9981, 0, 0, -1.3811274509803921, 0.015097937939528785]
[79862, 9981, 0, 0, -1.3811274509803921, 0.015097937939528785]
[79862, 9981, 0, 0, -1.3811274509803921, 0.015097937939528785]
[79862, 9981, 0, 0, -1.3811274509803921, 0.015097937939528785]
[79862, 9981, 0, 0, -1.3811274509803921, 0.015097937939528785]
[79862, 9981, 0, 0, -1.3811274509803921, 0.015097937939528785]
[79862, 9981, 0, 0, -1.3811274509803921, 0.015097937939528785]
[79862, 9981, 0, 0, -1.3811274509803921, 0.015097937939528785]
[79862, 9981, 0, 0, -1.3811274509803921, 0.015097937939528785]
[79862, 9981, 0, 0, -1.3811274509803921, 0.015097937939528785]
[79862, 9981, 0, 0, -1.3811274509803921, 0.015097937939528785]
[79862, 9981, 0, 0, -1.3811274509803921, 0.015097937939528785]
[79862, 9981, 0, 0, -1.3811274509803921, 0.015097937939528785]
[79862, 9981, 0, 0, -1.3811274509803921, 0.015097937939528785]
[79862, 9981, 0, 0, -1.3811274509803921, 0.015097937939528785]
[79862, 9981, 0, 0, -1.3811274509803921, 0.015097937939528785]
[79862, 9981, 0, 0, -1.3811274509803921, 0.015097937939528785]
[79862, 9981, 0, 0, -1.3811274509803921, 0.015097937939528785]
[79862, 9981, 0, 0, -1.3811274509803921, 0.015097937939528785]
[79862, 9981, 0, 0, -1.3811274509803921, 0.015097937939528785]
[79862, 9981, 0, 0, -1.3811274509803921, 0.015097937939528785]
[79862, 9981, 0, 0, -1.3811274509803921, 0.015097937939528785]
[79862, 9981, 0, 0, -1.3811274509803921, 0.015097937939528785]
[79862, 9981, 0, 0, -1.3811274509803921, 0.015097937939528785]
[79862, 9981, 0, 0, -1.3811274509803921, 0.015097937939528785]
[79862, 9981, 0, 0, -1.3811274509803921, 0.015097937939528785]
[79862, 9981, 0, 0, -1.3811274509803921, 0.015097937939528785]
[79862, 9981, 0, 0, -1.3811274509803921, 0.015097937939528785]
[79862, 9981, 0, 0, -1.3811274509803921, 0.015097937939528785]
[79862, 9981, 0, 0, -1.3811274509803921, 0.015097937939528785]
[79862, 9981, 0, 0, -1.3811274509803921, 0.015097937939528785]
[79862, 9981, 0, 0, -1.3811274509803921, 0.015097937939528785]
[79862, 9981, 0, 0, -1.3811274509803921, 0.015097937939528785]
[79862, 9981, 0, 0, -1.3811274509803921, 0.015097937939528785]
[79862, 9981, 0, 0, -1.3811274509803921, 0.015097937939528785]
[79862, 9981, 0, 0, -1.3811274509803921, 0.015097937939528785]
[79862, 9981, 0, 0, -1.3811274509803921, 0.015097937939528785]
[79862, 9981, 0, 0, -1.3811274509803921, 0.015097937939528785]
[79862, 9981, 0, 0, -1.3811274509803921, 0.015097937939528785]
[79862, 9981, 0, 0, -1.3811274509803921, 0.015097937939528785]
[79862, 9981, 0, 0, -1.3811274509803921, 0.015097937939528785]
[79862, 9981, 0, 0, -1.3811274509803921, 0.015097937939528785]
[79862, 9981, 0, 0, -1.3811274509803921, 0.015097937939528785]
[79862, 9981, 0, 0, -1.3811274509803921, 0.015097937939528785]
[79862, 9981, 0, 0, -1.3811274509803921, 0.015097937939528785]
[79862, 9981, 0, 0, -1.3811274509803921, 0.015097937939528785]
[79862, 9981, 0, 0, -1.3811274509803921, 0.015097937939528785]
[79862, 9981, 0, 0, -1.3811274509803921, 0.015097937939528785]
[79862, 9981, 0, 0, -1.3811274509803921, 0.015097937939528785]
[79862, 9981, 0, 0, -1.3811274509803921, 0.015097937939528785]
[79862, 9981, 0, 0, -1.3811274509803921, 0.015097937939528785]
[79862, 9981, 0, 0, -1.3811274509803921, 0.015097937939528785]
[79862, 9981, 0, 0, -1.3811274509803921, 0.015097937939528785]
[79862, 9981, 0, 0, -1.3811274509803921, 0.015097937939528785]
[79862, 9981, 0, 0, -1.3811274509803921, 0.015097937939528785]
[79862, 9981, 0, 0, -1.3811274509803921, 0.015097937939528785]
[79862, 9981, 0, 0, -1.3811274509803921, 0.015097937939528785]
[79862, 9981, 0, 0, -1.3811274509803921, 0.014303309626922006]
[79862, 9981, 0, 0, -1.3811274509803921, 0.014303309626922006]
[79862, 9981, 0, 0, -1.3811274509803921, 0.014303309626922006]
[79862, 9981, 0, 0, -1.3811274509803921, 0.015097937939528785]
[79862, 9981, 0, 0, -1.3811274509803921, 0.015097937939528785]
[79862, 9981, 0, 0, -1.3811274509803921, 0.015097937939528785]
[79862, 9981, 0, 0, -1.3811274509803921, 0.014303309626922006]
[79862, 9981, 0, 0, -1.3811274509803921, 0.015097937939528785]
[79862, 9981, 0, 0, -1.3811274509803921, 0.015097937939528785]
[79862, 9981, 0, 0, -1.3811274509803921, 0.014303309626922006]
[79862, 9981, 0, 0, -1.3811274509803921, 0.014303309626922006]
[79862, 9981, 0, 0, -1.3811274509803921, 0.015097937939528785]
[79862, 9981, 0, 0, -1.3811274509803921, 0.015097937939528785]
[79862, 9981, 0, 0, -1.3811274509803921, 0.015097937939528785]
[79862, 9981, 0, 0, -1.3811274509803921, 0.014303309626922006]
[79862, 9981, 0, 0, -1.3811274509803921, 0.014303309626922006]
[79862, 9981, 0, 0, -1.3811274509803921, 0.015097937939528785]
[79862, 9981, 0, 0, -1.3811274509803921, 0.015097937939528785]
[79862, 9981, 0, 0, -1.3811274509803921, 0.014303309626922006]
[79862, 9981, 0, 0, -1.3811274509803921, 0.014303309626922006]
[79862, 9981, 0, 0, -1.3811274509803921, 0.014303309626922006]
[79862, 9981, 0, 0, -1.3811274509803921, 0.015097937939528785]
[79862, 9981, 0, 0, -1.3811274509803921, 0.015097937939528785]
[79862, 9981, 0, 0, -1.3811274509803921, 0.015097937939528785]
[79862, 9981, 0, 0, -1.3811274509803921, 0.015097937939528785]
[79862, 9981, 0, 0, -1.3811274509803921, 0.014303309626922006]
[79862, 9981, 0, 0, -1.3811274509803921, 0.014303309626922006]
[79862, 9981, 0, 0, -1.3811274509803921, 0.015097937939528785]
[79862, 9981, 0, 0, -1.3811274509803921, 0.015097937939528785]
[79862, 9981, 0, 0, -1.3811274509803921, 0.015097937939528785]
[79862, 9981, 0, 0, -1.3811274509803921, 0.015097937939528785]
[79862, 9981, 0, 0, -1.3811274509803921, 0.014303309626922006]
[79862, 9981, 0, 0, -1.3811274509803921, 0.014303309626922006]
[79862, 9981, 0, 0, -1.3811274509803921, 0.014303309626922006]
[79862, 9981, 0, 0, -1.3811274509803921, 0.015097937939528785]
[79862, 9981, 0, 0, -1.3811274509803921, 0.015097937939528785]
[79862, 9981, 0, 0, -1.3811274509803921, 0.015097937939528785]
[79862, 9981, 0, 0, -1.3811274509803921, 0.014303309626922006]
[79862, 9981, 0, 0, -1.3811274509803921, 0.015097937939528785]
[79862, 9981, 0, 0, -1.3811274509803921, 0.014303309626922006]
[79862, 9981, 0, 0, -1.3811274509803921, 0.014303309626922006]
[79862, 9981, 0, 0, -1.3811274509803921, 0.015097937939528785]
[79862, 9981, 0, 0, -1.3811274509803921, 0.015097937939528785]
[79862, 9981, 0, 0, -1.3811274509803921, 0.015097937939528785]
[79862, 9981, 0, 0, -1.3811274509803921, 0.014303309626922006]
[79862, 9981, 0, 0, -1.3811274509803921, 0.014303309626922006]
[79862, 9981, 0, 0, -1.3811274509803921, 0.015097937939528785]
[79862, 9981, 0, 0, -1.3811274509803921, 0.015097937939528785]
[79862, 9981, 0, 0, -1.3811274509803921, 0.015097937939528785]
[79862, 9981, 0, 0, -1.3811274509803921, 0.015097937939528785]
[79862, 9981, 0, 0, -1.3811274509803921, 0.014303309626922006]
[79862, 9981, 0, 0, -1.3811274509803921, 0.014303309626922006]
[79862, 9981, 0, 0, -1.3811274509803921, 0.014303309626922006]
[79862, 9981, 0, 0, -1.3811274509803921, 0.014303309626922006]
[79862, 9981, 0, 0, -1.3811274509803921, 0.015097937939528785]
[79862, 9981, 0, 0, -1.3811274509803921, 0.015097937939528785]
[79862, 9981, 0, 0, -1.3811274509803921, 0.014303309626922006]
[79862, 9981, 0, 0, -1.3811274509803921, 0.014303309626922006]
[79862, 9981, 0, 0, -1.3811274509803921, 0.014303309626922006]
[79862, 9981, 0, 0, -1.3811274509803921, 0.015097937939528785]
[79862, 9981, 0, 0, -1.3811274509803921, 0.015097937939528785]
[79862, 9981, 0, 0, -1.3811274509803921, 0.014303309626922006]
[79862, 9981, 0, 0, -1.3811274509803921, 0.014303309626922006]
[79862, 9981, 0, 0, -1.3811274509803921, 0.014303309626922006]
[79862, 9981, 0, 0, -1.3811274509803921, 0.014303309626922006]
[79862, 9981, 0, 0, -1.3811274509803921, 0.015097937939528785]
[79862, 9981, 0, 0, -1.3811274509803921, 0.015097937939528785]
[79862, 9981, 0, 0, -1.3811274509803921, 0.015097937939528785]
[79862, 9981, 0, 0, -1.3811274509803921, 0.015097937939528785]
[79862, 9981, 0, 0, -1.3811274509803921, 0.015097937939528785]
[79862, 9981, 0, 0, -1.3811274509803921, 0.015097937939528785]
[79862, 9981, 0, 0, -1.3811274509803921, 0.015097937939528785]
[79862, 9981, 0, 0, -1.3811274509803921, 0.014303309626922006]
[79862, 9981, 0, 0, -1.3811274509803921, 0.014303309626922006]
[79862, 9981, 0, 0, -1.3811274509803921, 0.015097937939528785]
[79862, 9981, 0, 0, -1.3811274509803921, 0.015097937939528785]
[79862, 9981, 0, 0, -1.3811274509803921, 0.015097937939528785]
[79862, 9981, 0, 0, -1.3811274509803921, 0.014303309626922006]
[79862, 9981, 0, 0, -1.3811274509803921, 0.014303309626922006]
[79862, 9981, 0, 0, -1.3811274509803921, 0.015097937939528785]
[79862, 9981, 0, 0, -1.3811274509803921, 0.014303309626922006]
[79862, 9981, 0, 0, -1.3811274509803921, 0.015097937939528785]
[79862, 9981, 0, 0, -1.3811274509803921, 0.015097937939528785]
[79862, 9981, 0, 0, -1.3811274509803921, 0.014303309626922006]
[79862, 9981, 0, 0, -1.3811274509803921, 0.015097937939528785]
[79862, 9981, 0, 0, -1.3811274509803921, 0.015097937939528785]
[79862, 9981, 0, 0, -1.3811274509803921, 0.014303309626922006]
[79862, 9981, 0, 0, -1.3811274509803921, 0.015097937939528785]
[79862, 9981, 0, 0, -1.3811274509803921, 0.014303309626922006]
[79862, 9981, 0, 0, -1.3811274509803921, 0.014303309626922006]
[79862, 9981, 0, 0, -1.3811274509803921, 0.015097937939528785]
[79862, 9981, 0, 0, -1.3811274509803921, 0.014303309626922006]
[79862, 9981, 0, 0, -1.3811274509803921, 0.015097937939528785]
[79862, 9981, 0, 0, -1.3811274509803921, 0.015097937939528785]
[79862, 9981, 0, 0, -1.3811274509803921, 0.015097937939528785]
[79862, 9981, 0, 0, -1.3811274509803921, 0.015097937939528785]
[79862, 9981, 0, 0, -1.3811274509803921, 0.014303309626922006]
[79862, 9981, 0, 0, -1.3811274509803921, 0.014303309626922006]
[79862, 9981, 0, 0, -1.3811274509803921, 0.015097937939528785]
[79862, 9981, 0, 0, -1.3811274509803921, 0.015097937939528785]
[79862, 9981, 0, 0, -1.3811274509803921, 0.015097937939528785]
[79862, 9981, 0, 0, -1.3811274509803921, 0.015097937939528785]
[79862, 9981, 0, 0, -1.3811274509803921, 0.014303309626922006]
[79862, 9981, 0, 0, -1.3811274509803921, 0.014303309626922006]
[79862, 9981, 0, 0, -1.3811274509803921, 0.014303309626922006]
[79862, 9981, 0, 0, -1.3811274509803921, 0.015097937939528785]
[79862, 9981, 0, 0, -1.3811274509803921, 0.015097937939528785]
[79862, 9981, 0, 0, -1.3811274509803921, 0.014303309626922006]
[79862, 9981, 0, 0, -1.3811274509803921, 0.015097937939528785]
[79862, 9981, 0, 0, -1.3811274509803921, 0.015097937939528785]
[79862, 9981, 0, 0, -1.3811274509803921, 0.014303309626922006]
[79862, 9981, 0, 0, -1.3811274509803921, 0.014303309626922006]
[79862, 9981, 0, 0, -1.3811274509803921, 0.014303309626922006]
[79862, 9981, 0, 0, -1.3811274509803921, 0.014303309626922006]
[79862, 9981, 0, 0, -1.3811274509803921, 0.015097937939528785]
[79862, 9981, 0, 0, -1.3811274509803921, 0.015097937939528785]
[79862, 9981, 0, 0, -1.3811274509803921, 0.015097937939528785]
[79862, 9981, 0, 0, -1.3811274509803921, 0.015097937939528785]
[79862, 9981, 0, 0, -1.3811274509803921, 0.014303309626922006]
[79862, 9981, 0, 0, -1.3811274509803921, 0.015097937939528785]
[79862, 9981, 0, 0, -1.3811274509803921, 0.014303309626922006]
[79862, 9981, 0, 0, -1.3811274509803921, 0.014303309626922006]
[79862, 9981, 0, 0, -1.3811274509803921, 0.015097937939528785]
[79862, 9981, 0, 0, -1.3811274509803921, 0.014303309626922006]
[79862, 9981, 0, 0, -1.3811274509803921, 0.014303309626922006]
[79862, 9981, 0, 0, -1.3811274509803921, 0.015097937939528785]
[79862, 9981, 0, 0, -1.3811274509803921, 0.014303309626922006]
[79862, 9981, 0, 0, -1.3811274509803921, 0.015097937939528785]
[79862, 9981, 0, 0, -1.3811274509803921, 0.014303309626922006]
[79862, 9981, 0, 0, -1.3811274509803921, 0.014303309626922006]
[79862, 9981, 0, 0, -1.3811274509803921, 0.015097937939528785]
[79862, 9981, 0, 0, -1.3811274509803921, 0.014303309626922006]
[79862, 9981, 0, 0, -1.3811274509803921, 0.014303309626922006]
[79862, 9981, 0, 0, -1.3811274509803921, 0.015097937939528785]
[79862, 9981, 0, 0, -1.3811274509803921, 0.015097937939528785]
[79862, 9981, 0, 0, -1.3811274509803921, 0.015097937939528785]
[79862, 9981, 0, 0, -1.3811274509803921, 0.015097937939528785]
[79862, 9981, 0, 0, -1.3811274509803921, 0.014303309626922006]
[79862, 9981, 0, 0, -1.3811274509803921, 0.014303309626922006]
[79862, 9981, 0, 0, -1.3811274509803921, 0.015097937939528785]
[79862, 9981, 0, 0, -1.3811274509803921, 0.014303309626922006]
[79862, 9981, 0, 0, -1.3811274509803921, 0.015097937939528785]
[79862, 9981, 0, 0, -1.3811274509803921, 0.014303309626922006]
[79862, 9981, 0, 0, -1.3811274509803921, 0.014303309626922006]
[79862, 9981, 0, 0, -1.3811274509803921, 0.014303309626922006]
[79862, 9981, 0, 0, -1.3811274509803921, 0.014303309626922006]
[79862, 9981, 0, 0, -1.3811274509803921, 0.014303309626922006]
[79862, 9981, 0, 0, -1.3811274509803921, 0.015097937939528785]
[79862, 9981, 0, 0, -1.3811274509803921, 0.014303309626922006]
[79862, 9981, 0, 0, -1.3811274509803921, 0.014303309626922006]
[79862, 9981, 0, 0, -1.3811274509803921, 0.014303309626922006]
[79862, 9981, 0, 0, -1.3811274509803921, 0.014303309626922006]
[79862, 9981, 0, 0, -1.3811274509803921, 0.015097937939528785]
[79862, 9981, 0, 0, -1.3811274509803921, 0.014303309626922006]
[79862, 9981, 0, 0, -1.3811274509803921, 0.014303309626922006]
[79862, 9981, 0, 0, -1.3811274509803921, 0.015097937939528785]
[79862, 9981, 0, 0, -1.3811274509803921, 0.014303309626922006]
[79862, 9981, 0, 0, -1.3811274509803921, 0.014303309626922006]
[79862, 9981, 0, 0, -1.3811274509803921, 0.015097937939528785]
[79862, 9981, 0, 0, -1.3811274509803921, 0.014303309626922006]
[79862, 9981, 0, 0, -1.3811274509803921, 0.015097937939528785]
[79862, 9981, 0, 0, -1.3811274509803921, 0.014303309626922006]
[79862, 9981, 0, 0, -1.3811274509803921, 0.014303309626922006]
[79862, 9981, 0, 0, -1.3811274509803921, 0.015097937939528785]
[79862, 9981, 0, 0, -1.3811274509803921, 0.014303309626922006]
[79862, 9981, 0, 0, -1.3811274509803921, 0.014303309626922006]
[79862, 9981, 0, 0, -1.3811274509803921, 0.015097937939528785]
[79862, 9981, 0, 0, -1.3811274509803921, 0.014303309626922006]
[79862, 9981, 0, 0, -1.3811274509803921, 0.014303309626922006]
[79862, 9981, 0, 0, -1.3811274509803921, 0.014303309626922006]
[79862, 9981, 0, 0, -1.3811274509803921, 0.014303309626922006]
[79862, 9981, 0, 0, -1.3811274509803921, 0.015097937939528785]
[79862, 9981, 0, 0, -1.3811274509803921, 0.014303309626922006]
[79862, 9981, 0, 0, -1.3811274509803921, 0.014303309626922006]
[79862, 9981, 0, 0, -1.3811274509803921, 0.014303309626922006]
[79862, 9981, 0, 0, -1.3811274509803921, 0.014303309626922006]
[79862, 9981, 0, 0, -1.3811274509803921, 0.014303309626922006]
[79862, 9981, 0, 0, -1.3811274509803921, 0.014303309626922006]
[79862, 9981, 0, 0, -1.3811274509803921, 0.014303309626922006]
[79862, 9981, 0, 0, -1.3811274509803921, 0.014303309626922006]
[79862, 9981, 0, 0, -1.3811274509803921, 0.014303309626922006]
