[80000, 10000, 0, 0, 0, 0]
[80000, 10000, 0, 0, -1.5012254901960784, 0.015097937939528785]
[80000, 10000, 0, 0, -1.5012254901960784, 0.015097937939528785]
[80000, 10000, 0, 0, -1.5012254901960784, 0.015097937939528785]
[80000, 10000, 0, 0, -1.5012254901960784, 0.015097937939528785]
[80000, 10000, 0, 0, -1.5012254901960784, 0.015097937939528785]
[80000, 10000, 0, 0, -1.5012254901960784, 0.015097937939528785]
[80000, 10000, 0, 0, -1.5012254901960784, 0.015097937939528785]
[80000, 10000, 0, 0, -1.5012254901960784, 0.015097937939528785]
[80000, 10000, 0, 0, -1.5012254901960784, 0.015097937939528785]
[80000, 10000, 0, 0, -1.5012254901960784, 0.015097937939528785]
[80000, 10000, 0, 0, -1.5012254901960784, 0.015097937939528785]
[80000, 10000, 0, 0, -1.5012254901960784, 0.015097937939528785]
[80000, 10000, 0, 0, -1.5012254901960784, 0.015097937939528785]
[80000, 10000, 0, 0, -1.5012254901960784, 0.015097937939528785]
[80000, 10000, 0, 0, -1.5012254901960784, 0.015097937939528785]
[80000, 10000, 0, 0, -1.5012254901960784, 0.015097937939528785]
[80000, 10000, 0, 0, -1.5012254901960784, 0.015097937939528785]
[80000, 10000, 0, 0, -1.5012254901960784, 0.015097937939528785]
[80000, 10000, 0, 0, -1.5012254901960784, 0.015097937939528785]
[80000, 10000, 0, 0, -1.5012254901960784, 0.015097937939528785]
[80000, 10000, 0, 0, -1.5012254901960784, 0.015097937939528785]
[80000, 10000, 0, 0, -1.5012254901960784, 0.015097937939528785]
[80000, 10000, 0, 0, -1.5012254901960784, 0.015097937939528785]
[80000, 10000, 0, 0, -1.5012254901960784, 0.015097937939528785]
[80000, 10000, 0, 0, -1.5012254901960784, 0.015097937939528785]
[80000, 10000, 0, 0, -1.5012254901960784, 0.015097937939528785]
[80000, 10000, 0, 0, -1.5012254901960784, 0.015097937939528785]
[80000, 10000, 0, 0, -1.5012254901960784, 0.015097937939528785]
[80000, 10000, 0, 0, -1.5012254901960784, 0.015097937939528785]
[80000, 10000, 0, 0, -1.5012254901960784, 0.015097937939528785]
[80000, 10000, 0, 0, -1.5012254901960784, 0.015097937939528785]
[80000, 10000, 0, 0, -1.5012254901960784, 0.015097937939528785]
[80000, 10000, 0, 0, -1.5012254901960784, 0.015097937939528785]
[80000, 10000, 0, 0, -1.5012254901960784, 0.015097937939528785]
[80000, 10000, 0, 0, -1.5012254901960784, 0.015097937939528785]
[80000, 10000, 0, 0, -1.5012254901960784, 0.015097937939528785]
[80000, 10000, 0, 0, -1.5012254901960784, 0.015097937939528785]
[80000, 10000, 0, 0, -1.5012254901960784, 0.015097937939528785]
[80000, 10000, 0, 0, -1.5012254901960784, 0.015097937939528785]
[80000, 10000, 0, 0, -1.5012254901960784, 0.015097937939528785]
[80000, 10000, 0, 0, -1.5012254901960784, 0.015097937939528785]
[80000, 10000, 0, 0, -1.5012254901960784, 0.015097937939528785]
[80000, 10000, 0, 0, -1.5012254901960784, 0.015097937939528785]
[80000, 10000, 0, 0, -1.5012254901960784, 0.015097937939528785]
[80000, 10000, 0, 0, -1.5012254901960784, 0.015097937939528785]
[80000, 10000, 0, 0, -1.5012254901960784, 0.015097937939528785]
[80000, 10000, 0, 0, -1.5012254901960784, 0.015097937939528785]
[80000, 10000, 0, 0, -1.5012254901960784, 0.015097937939528785]
[80000, 10000, 0, 0, -1.5012254901960784, 0.015097937939528785]
[80000, 10000, 0, 0, -1.5012254901960784, 0.015097937939528785]
[80000, 10000, 0, 0, -1.5012254901960784, 0.015097937939528785]
[80000, 10000, 0, 0, -1.5012254901960784, 0.015097937939528785]
[80000, 10000, 0, 0, -1.5012254901960784, 0.015097937939528785]
[80000, 10000, 0, 0, -1.5012254901960784, 0.015097937939528785]
[80000, 10000, 0, 0, -1.5012254901960784, 0.015097937939528785]
[80000, 10000, 0, 0, -1.5012254901960784, 0.015097937939528785]
[80000, 10000, 0, 0, -1.5012254901960784, 0.015097937939528785]
[80000, 10000, 0, 0, -1.5012254901960784, 0.015097937939528785]
[80000, 10000, 0, 0, -1.5012254901960784, 0.015097937939528785]
[80000, 10000, 0, 0, -1.5012254901960784, 0.015097937939528785]
[80000, 10000, 0, 0, -1.5012254901960784, 0.015097937939528785]
[80000, 10000, 0, 0, -1.5012254901960784, 0.015097937939528785]
[80000, 10000, 0, 0, -1.5012254901960784, 0.015097937939528785]
[80000, 10000, 0, 0, -1.5012254901960784, 0.015097937939528785]
[80000, 10000, 0, 0, -1.5012254901960784, 0.015097937939528785]
[80000, 10000, 0, 0, -1.5012254901960784, 0.015097937939528785]
[80000, 10000, 0, 0, -1.5012254901960784, 0.015097937939528785]
[80000, 10000, 0, 0, -1.5012254901960784, 0.015097937939528785]
[80000, 10000, 0, 0, -1.5012254901960784, 0.015097937939528785]
[80000, 10000, 0, 0, -1.5012254901960784, 0.015097937939528785]
[80000, 10000, 0, 0, -1.5012254901960784, 0.015097937939528785]
[80000, 10000, 0, 0, -1.5012254901960784, 0.015097937939528785]
[80000, 10000, 0, 0, -1.5012254901960784, 0.015097937939528785]
[80000, 10000, 0, 0, -1.5012254901960784, 0.015097937939528785]
[80000, 10000, 0, 0, -1.5012254901960784, 0.015097937939528785]
[80000, 10000, 0, 0, -1.5012254901960784, 0.015097937939528785]
[80000, 10000, 0, 0, -1.5012254901960784, 0.015097937939528785]
[80000, 10000, 0, 0, -1.5012254901960784, 0.015097937939528785]
[80000, 10000, 0, 0, -1.5012254901960784, 0.015097937939528785]
[80000, 10000, 0, 0, -1.5012254901960784, 0.015097937939528785]
[80000, 10000, 0, 0, -1.5012254901960784, 0.015097937939528785]
[80000, 10000, 0, 0, -1.5012254901960784, 0.015097937939528785]
[80000, 10000, 0, 0, -1.5012254901960784, 0.015097937939528785]
[80000, 10000, 0, 0, -1.5012254901960784, 0.015097937939528785]
[80000, 10000, 0, 0, -1.5012254901960784, 0.015097937939528785]
[80000, 10000, 0, 0, -1.5012254901960784, 0.015097937939528785]
[80000, 10000, 0, 0, -1.5012254901960784, 0.015097937939528785]
[80000, 10000, 0, 0, -1.5012254901960784, 0.015097937939528785]
[80000, 10000, 0, 0, -1.5012254901960784, 0.015097937939528785]
[80000, 10000, 0, 0, -1.5012254901960784, 0.015097937939528785]
[80000, 10000, 0, 0, -1.5012254901960784, 0.015097937939528785]
[80000, 10000, 0, 0, -1.5012254901960784, 0.015097937939528785]
[80000, 10000, 0, 0, -1.5012254901960784, 0.015097937939528785]
[80000, 10000, 0, 0, -1.5012254901960784, 0.015097937939528785]
[80000, 10000, 0, 0, -1.5012254901960784, 0.015097937939528785]
[80000, 10000, 0, 0, -1.5012254901960784, 0.015097937939528785]
[80000, 10000, 0, 0, -1.5012254901960784, 0.015097937939528785]
[80000, 10000, 0, 0, -1.5012254901960784, 0.015097937939528785]
[80000, 10000, 0, 0, -1.5012254901960784, 0.015097937939528785]
[80000, 10000, 0, 0, -1.5012254901960784, 0.015097937939528785]
[80000, 10000, 0, 0, -1.5012254901960784, 0.015097937939528785]
[80000, 10000, 0, 0, -1.5012254901960784, 0.015097937939528785]
[80000, 10000, 0, 0, -1.5012254901960784, 0.015097937939528785]
[80000, 10000, 0, 0, -1.5012254901960784, 0.015097937939528785]
[80000, 10000, 0, 0, -1.5012254901960784, 0.015097937939528785]
[80000, 10000, 0, 0, -1.5012254901960784, 0.015097937939528785]
[80000, 10000, 0, 0, -1.5012254901960784, 0.015097937939528785]
[80000, 10000, 0, 0, -1.5012254901960784, 0.015097937939528785]
[80000, 10000, 0, 0, -1.5012254901960784, 0.015097937939528785]
[80000, 10000, 0, 0, -1.5012254901960784, 0.015097937939528785]
[80000, -1, 0, -2, -1.5012254901960784, 0.015097937939528785]
[80000, 10000, 0, 0, -1.5012254901960784, 0.015097937939528785]
[80000, 10000, 0, 0, -1.5012254901960784, 0.015097937939528785]
[80000, 10000, 0, 0, -1.5012254901960784, 0.015097937939528785]
[80000, 10000, 0, 0, -1.5012254901960784, 0.015097937939528785]
[80000, 10000, 0, 0, -1.5012254901960784, 0.015097937939528785]
[80000, 10000, 0, 0, -1.5012254901960784, 0.015097937939528785]
[80000, 10000, 0, 0, -1.5012254901960784, 0.015097937939528785]
[80000, 10000, 0, 0, -1.5012254901960784, 0.015097937939528785]
[80000, 10000, 0, 0, -1.5012254901960784, 0.015097937939528785]
[80000, 10000, 0, 0, -1.5012254901960784, 0.015097937939528785]
[80000, 10000, 0, 0, -1.5012254901960784, 0.015097937939528785]
[80000, 10000, 0, 0, -1.5012254901960784, 0.015097937939528785]
[80000, 10000, 0, 0, -1.5012254901960784, 0.015097937939528785]
[80000, 10000, 0, 0, -1.5012254901960784, 0.015097937939528785]
[80000, 10000, 0, 0, -1.5012254901960784, 0.015097937939528785]
[80000, 10000, 0, 0, -1.5012254901960784, 0.015097937939528785]
[80000, 10000, 0, 0, -1.5012254901960784, 0.015097937939528785]
[80000, 10000, 0, 0, -1.5012254901960784, 0.015097937939528785]
[80000, 10000, 0, 0, -1.5012254901960784, 0.015097937939528785]
[80000, 10000, 0, 0, -1.5012254901960784, 0.015097937939528785]
[80000, 10000, 0, 0, -1.5012254901960784, 0.015097937939528785]
[80000, 10000, 0, 0, -1.5012254901960784, 0.015097937939528785]
[80000, 10000, 0, 0, -1.5012254901960784, 0.015097937939528785]
[80000, 10000, 0, 0, -1.5012254901960784, 0.015097937939528785]
[80000, 10000, 0, 0, -1.5012254901960784, 0.015097937939528785]
[80000, 10000, 0, 0, -1.5012254901960784, 0.015097937939528785]
[80000, 10000, 0, 0, -1.5012254901960784, 0.015097937939528785]
[80000, 10000, 0, 0, -1.5012254901960784, 0.015097937939528785]
[80000, 10000, 0, 0, -1.5012254901960784, 0.015097937939528785]
[80000, 10000, 0, 0, -1.5012254901960784, 0.015097937939528785]
[80000, 10000, 0, 0, -1.5012254901960784, 0.015097937939528785]
[80000, 10000, 0, 0, -1.5012254901960784, 0.015097937939528785]
[80000, 10000, 0, 0, -1.5012254901960784, 0.015097937939528785]
[80000, 10000, 0, 0, -1.5012254901960784, 0.015097937939528785]
[80000, 10000, 0, -1, -1.5012254901960784, 0.015097937939528785]
[80000, 10000, 0, 0, -1.5012254901960784, 0.015097937939528785]
[80000, 10000, 0, 0, -1.5012254901960784, 0.015097937939528785]
[80000, 10000, 0, 0, -1.5012254901960784, 0.015097937939528785]
[80000, 10000, 0, 0, -1.5012254901960784, 0.015097937939528785]
[80000, 10000, 0, 0, -1.5012254901960784, 0.015097937939528785]
[80000, 10000, 0, 0, -1.5012254901960784, 0.015097937939528785]
[80000, 10000, 0, 0, -1.5012254901960784, 0.015097937939528785]
[80000, 10000, 0, 0, -1.5012254901960784, 0.015097937939528785]
[80000, 10000, 0, 0, -1.5012254901960784, 0.015097937939528785]
[80000, 10000, 0, 0, -1.5012254901960784, 0.015097937939528785]
[80000, 10000, 0, 0, -1.5012254901960784, 0.015097937939528785]
[80000, 10000, 0, 0, -1.5012254901960784, 0.015097937939528785]
[80000, 10000, 0, 0, -1.5012254901960784, 0.015097937939528785]
[80000, 10000, 0, 0, -1.5012254901960784, 0.015097937939528785]
[80000, 10000, 0, 0, -1.5012254901960784, 0.015097937939528785]
[80000, 10000, 0, 0, -1.5012254901960784, 0.015097937939528785]
[80000, 10000, 0, 0, -1.5012254901960784, 0.015097937939528785]
[79984, 10000, 65531, 0, -1.5012254901960784, 0.015097937939528785]
[79912, 10000, 65522, 0, -1.4411764705882353, 0.015097937939528785]
[79838, 10000, 65514, 0, -1.2610294117647058, 0.015097937939528785]
[79765, 10000, 65508, 0, -1.2009803921568627, 0.015097937939528785]
[79694, 10000, 65503, 0, -1.2009803921568627, 0.015097937939528785]
[79620, 10000, 65498, 0, -1.2009803921568627, 0.015097937939528785]
[79546, 10000, 65494, 0, -1.2009803921568627, 0.015097937939528785]
[79473, 10000, 65491, 0, -1.2009803921568627, 0.015097937939528785]
[79393, 10000, 65489, 0, -1.2610294117647058, 0.015097937939528785]
[79317, 10000, 65486, 0, -1.2610294117647058, 0.015097937939528785]
[79244, 10000, 65485, 0, -1.2610294117647058, 0.015097937939528785]
[79171, 10000, 65483, 0, -1.2009803921568627, 0.015097937939528785]
[79100, 10000, 65482, 0, -1.2610294117647058, 0.015097937939528785]
[79028, 10000, 65481, 0, -1.2610294117647058, 0.015097937939528785]
[78953, 10000, 65480, 0, -1.2610294117647058, 0.015097937939528785]
[78872, 10000, 65480, 0, -1.2610294117647058, 0.015097937939528785]
[78792, 10000, 65479, 0, -1.2610294117647058, 0.015097937939528785]
[78712, 10000, 65478, 0, -1.2610294117647058, 0.015097937939528785]
[78633, 10000, 65478, 0, -1.2610294117647058, 0.015097937939528785]
[78553, 10000, 65478, 0, -1.2610294117647058, 0.015097937939528785]
[78473, 10000, 65477, 0, -1.2610294117647058, 0.015097937939528785]
[78393, 10000, 65477, 0, -1.2610294117647058, 0.015097937939528785]
[78312, 10000, 65477, 0, -1.2610294117647058, 0.015097937939528785]
[78233, 10000, 65477, 0, -1.2610294117647058, 0.015097937939528785]
[78151, 10000, 65477, 0, -1.2009803921568627, 0.015097937939528785]
[78076, 10000, 65477, 0, -1.2009803921568627, 0.014303309626922006]
[78000, 10000, 65477, 0, -1.2009803921568627, 0.014303309626922006]
[77921, 10000, 65477, 0, -1.2610294117647058, 0.015097937939528785]
[77841, 10000, 65477, 0, -1.2009803921568627, 0.015097937939528785]
[77762, 10000, 65477, 0, -1.1409313725490196, 0.015097937939528785]
[77687, 10000, 65478, 0, -1.1409313725490196, 0.015097937939528785]
[77615, 10000, 65478, 0, -1.2009803921568627, 0.015097937939528785]
[77543, 10000, 65479, 0, -1.2009803921568627, 0.015097937939528785]
[77466, 10000, 65478, 0, -1.2009803921568627, 0.015097937939528785]
[77380, 10000, 65477, 0, -1.2009803921568627, 0.015097937939528785]
[77293, 10000, 65476, 0, -1.2009803921568627, 0.015097937939528785]
[77212, 10000, 65476, 0, -1.2009803921568627, 0.015097937939528785]
[77136, 10000, 65477, 0, -1.2009803921568627, 0.015097937939528785]
[77058, 10000, 65477, 0, -1.2009803921568627, 0.015097937939528785]
[76972, 10000, 65476, 0, -1.2009803921568627, 0.015097937939528785]
[76879, 10000, 65474, 0, -1.1409313725490196, 0.015097937939528785]
[76791, 10000, 65474, 0, -1.1409313725490196, 0.014303309626922006]
[76711, 10000, 65474, 0, -1.2009803921568627, 0.014303309626922006]
[76630, 10000, 65474, 0, -1.2009803921568627, 0.014303309626922006]
[76550, 10000, 65475, 0, -1.2009803921568627, 0.015097937939528785]
[76470, 10000, 65475, 0, -1.2009803921568627, 0.015097937939528785]
[76388, 10000, 65475, 0, -1.2009803921568627, 0.015097937939528785]
[76307, 10000, 65475, 0, -1.2009803921568627, 0.015892566252135563]
[76226, 10000, 65475, 0, -1.2009803921568627, 0.015097937939528785]
[76146, 10000, 65475, 0, -1.2009803921568627, 0.015097937939528785]
[76066, 10000, 65475, 0, -1.2009803921568627, 0.015097937939528785]
[75985, 10000, 65475, 0, -1.2009803921568627, 0.014303309626922006]
[75898, 10000, 65475, 0, -1.2009803921568627, 0.014303309626922006]
[75825, 10000, 65476, 0, -1.2009803921568627, 0.014303309626922006]
[75743, 10000, 65476, 0, -1.2009803921568627, 0.014303309626922006]
[75666, 10000, 65476, 0, -1.2009803921568627, 0.014303309626922006]
[75586, 10000, 65476, 0, -1.2009803921568627, 0.014303309626922006]
[75492, 10000, 65476, 0, -1.2009803921568627, 0.014303309626922006]
[75421, 10000, 65476, 0, -1.2009803921568627, 0.014303309626922006]
[75345, 10000, 65476, 0, -1.2009803921568627, 0.014303309626922006]
[75266, 10000, 65476, 0, -1.2009803921568627, 0.014303309626922006]
[75186, 10000, 65476, 0, -1.2009803921568627, 0.014303309626922006]
[75106, 10000, 65476, 0, -1.1409313725490196, 0.014303309626922006]
[75027, 10000, 65476, 0, -1.1409313725490196, 0.014303309626922006]
[74947, 10000, 65476, 0, -1.2009803921568627, 0.014303309626922006]
[74867, 10000, 65476, 0, -1.2009803921568627, 0.014303309626922006]
[74787, 10000, 65476, 0, -1.2009803921568627, 0.014303309626922006]
[74707, 10000, 65476, 0, -1.2009803921568627, 0.014303309626922006]
[74627, 10000, 65476, 0, -1.2009803921568627, 0.014303309626922006]
[74548, 10000, 65476, 0, -1.2009803921568627, 0.014303309626922006]
[74468, 10000, 65476, 0, -1.2009803921568627, 0.014303309626922006]
[74387, 10000, 65476, 0, -1.2009803921568627, 0.014303309626922006]
[74303, 10000, 65476, 0, -1.2009803921568627, 0.014303309626922006]
[74228, 10000, 65476, 0, -1.2009803921568627, 0.014303309626922006]
[74148, 10000, 65476, 0, -1.2009803921568627, 0.014303309626922006]
[74070, 10000, 65477, 0, -1.2610294117647058, 0.014303309626922006]
[73994, 10000, 65477, 0, -1.2610294117647058, 0.01350868131431523]
[73914, 10000, 65477, 0, -1.2610294117647058, 0.01350868131431523]
[73835, 10000, 65477, 0, -1.2610294117647058, 0.01350868131431523]
[73756, 10000, 65477, 0, -1.2009803921568627, 0.01350868131431523]
[73680, 10000, 65478, 0, -1.2009803921568627, 0.01350868131431523]
[73608, 10000, 65478, 0, -1.2009803921568627, 0.01350868131431523]
[73533, 10000, 65479, 0, -1.2009803921568627, 0.01350868131431523]
[73459, 10000, 65478, 0, -1.2009803921568627, 0.014303309626922006]
[73372, 10000, 65477, 0, -1.2009803921568627, 0.014303309626922006]
[73286, 10000, 65476, 0, -1.1409313725490196, 0.014303309626922006]
[73207, 10000, 65476, 0, -1.2009803921568627, 0.014303309626922006]
[73132, 10000, 65477, 0, -1.2009803921568627, 0.014303309626922006]
[73055, 10000, 65477, 0, -1.2610294117647058, 0.014303309626922006]
[72970, 10000, 65476, 0, -1.2610294117647058, 0.014303309626922006]
[72874, 10000, 65474, 0, -1.2610294117647058, 0.014303309626922006]
[72785, 10000, 65473, 0, -1.2009803921568627, 0.014303309626922006]
[72704, 10000, 65474, 0, -1.2610294117647058, 0.014303309626922006]
[72623, 10000, 65474, 0, -1.2610294117647058, 0.014303309626922006]
[72543, 10000, 65474, 0, -1.2009803921568627, 0.014303309626922006]
[72462, 10000, 65475, 0, -1.2009803921568627, 0.014303309626922006]
[72381, 10000, 65475, 0, -1.2009803921568627, 0.014303309626922006]
[72300, 10000, 65475, 0, -1.2610294117647058, 0.014303309626922006]
[72220, 10000, 65475, 0, -1.2610294117647058, 0.014303309626922006]
[72139, 10000, 65475, 0, -1.2610294117647058, 0.014303309626922006]
[72059, 10000, 65475, 0, -1.2610294117647058, 0.01350868131431523]
[71979, 10000, 65475, 0, -1.2610294117647058, 0.01350868131431523]
[71899, 10000, 65475, 0, -1.2610294117647058, 0.01350868131431523]
[71818, 10000, 65476, 0, -1.2009803921568627, 0.01350868131431523]
[71738, 10000, 65476, 0, -1.2009803921568627, 0.01350868131431523]
[71659, 10000, 65476, 0, -1.2009803921568627, 0.01350868131431523]
[71579, 10000, 65476, 0, -1.2009803921568627, 0.01350868131431523]
[71499, 10000, 65476, 0, -1.2009803921568627, 0.01350868131431523]
[71419, 10000, 65476, 0, -1.2009803921568627, 0.01350868131431523]
[71339, 10000, 65476, 0, -1.2009803921568627, 0.01271405300170845]
[71259, 10000, 65476, 0, -1.2009803921568627, 0.01271405300170845]
[71179, 10000, 65476, 0, -1.2009803921568627, 0.01350868131431523]
[71099, 10000, 65476, 0, -1.2009803921568627, 0.01350868131431523]
[71020, 10000, 65476, 0, -1.2009803921568627, 0.01350868131431523]
[70940, 10000, 65476, 0, -1.2009803921568627, 0.01350868131431523]
[70859, 10000, 65476, 0, -1.2009803921568627, 0.01350868131431523]
[70779, 10000, 65476, 0, -1.2009803921568627, 0.01350868131431523]
[70699, 10000, 65476, 0, -1.2009803921568627, 0.01350868131431523]
[70619, 10000, 65476, 0, -1.2009803921568627, 0.01350868131431523]
[70540, 10000, 65476, 0, -1.2009803921568627, 0.01350868131431523]
[70460, 10000, 65476, 0, -1.2009803921568627, 0.01350868131431523]
[70380, 10000, 65476, 0, -1.2009803921568627, 0.01350868131431523]
[70300, 10000, 65476, 0, -1.2009803921568627, 0.01350868131431523]
[70220, 10000, 65476, 0, -1.2009803921568627, 0.01350868131431523]
[70136, 10000, 65476, 0, -1.2009803921568627, 0.01350868131431523]
[70064, 10000, 65477, 0, -1.1409313725490196, 0.01350868131431523]
[69986, 10000, 65477, 0, -1.1409313725490196, 0.01350868131431523]
[69909, 10000, 65477, 0, -1.1409313725490196, 0.01350868131431523]
[69828, 10000, 65477, 0, -1.1409313725490196, 0.01350868131431523]
[69751, 10000, 65477, 0, -1.1409313725490196, 0.01350868131431523]
[69675, 10000, 65478, 0, -1.0808823529411764, 0.01350868131431523]
[69603, 10000, 65479, 0, -1.0808823529411764, 0.01350868131431523]
[69531, 10000, 65479, 0, -1.0808823529411764, 0.01350868131431523]
[69454, 10000, 65478, 0, -1.0808823529411764, 0.01350868131431523]
[69366, 10000, 65477, 0, -1.0808823529411764, 0.01350868131431523]
[69281, 10000, 65476, 0, -1.0808823529411764, 0.01350868131431523]
[69201, 10000, 65476, 0, -1.0808823529411764, 0.01350868131431523]
[69124, 10000, 65477, 0, -1.0808823529411764, 0.014303309626922006]
[69047, 10000, 65477, 0, -1.0808823529411764, 0.014303309626922006]
[68960, 10000, 65475, 0, -1.0208333333333335, 0.014303309626922006]
[68864, 10000, 65474, 0, -1.0208333333333335, 0.014303309626922006]
[68778, 10000, 65473, 0, -1.0808823529411764, 0.01350868131431523]
[68697, 10000, 65474, 0, -1.0808823529411764, 0.01350868131431523]
[68616, 10000, 65474, 0, -1.0808823529411764, 0.01350868131431523]
[68536, 10000, 65474, 0, -1.0208333333333335, 0.01350868131431523]
[68455, 10000, 65474, 0, -1.0808823529411764, 0.01350868131431523]
[68374, 10000, 65475, 0, -1.0808823529411764, 0.01350868131431523]
[68293, 10000, 65475, 0, -1.0808823529411764, 0.01350868131431523]
[68212, 10000, 65475, 0, -1.0808823529411764, 0.01350868131431523]
[68132, 10000, 65475, 0, -1.0808823529411764, 0.01350868131431523]
[68053, 10000, 65475, 0, -1.0208333333333335, 0.01350868131431523]
[67972, 10000, 65475, 0, -1.0208333333333335, 0.01350868131431523]
[67884, 10000, 65476, 0, -1.0208333333333335, 0.01271405300170845]
[67811, 10000, 65476, 0, -1.0208333333333335, 0.01271405300170845]
[67730, 10000, 65476, 0, -1.0208333333333335, 0.01271405300170845]
[67652, 10000, 65476, 0, -1.0208333333333335, 0.01271405300170845]
[67571, 10000, 65476, 0, -1.0808823529411764, 0.011919424689101671]
[67492, 10000, 65476, 0, -1.0808823529411764, 0.011919424689101671]
[67412, 10000, 65476, 0, -1.0808823529411764, 0.011919424689101671]
[67332, 10000, 65476, 0, -1.0808823529411764, 0.01271405300170845]
[67252, 10000, 65476, 0, -1.0208333333333335, 0.01271405300170845]
[67173, 10000, 65476, 0, -1.0208333333333335, 0.01271405300170845]
[67093, 10000, 65476, 0, -1.0208333333333335, 0.01271405300170845]
[67014, 10000, 65476, 0, -1.0808823529411764, 0.01271405300170845]
[66932, 10000, 65476, 0, -1.0808823529411764, 0.01271405300170845]
[66853, 10000, 65476, 0, -1.0208333333333335, 0.01271405300170845]
[66773, 10000, 65476, 0, -1.0808823529411764, 0.01271405300170845]
[66693, 10000, 65476, 0, -1.0808823529411764, 0.01271405300170845]
[66613, 10000, 65476, 0, -1.0808823529411764, 0.01271405300170845]
[66533, 10000, 65476, 0, -1.0808823529411764, 0.01271405300170845]
[66454, 10000, 65476, 0, -1.0808823529411764, 0.01271405300170845]
[66374, 10000, 65476, 0, -1.0808823529411764, 0.01271405300170845]
[66294, 10000, 65476, 0, -1.0808823529411764, 0.01271405300170845]
[66214, 10000, 65476, 0, -1.0808823529411764, 0.01271405300170845]
[66134, 10000, 65476, 0, -1.0808823529411764, 0.01271405300170845]
[66057, 10000, 65477, 0, -1.0808823529411764, 0.01271405300170845]
[65981, 10000, 65477, 0, -1.0808823529411764, 0.01271405300170845]
[65891, 10000, 65477, 0, -1.0808823529411764, 0.01271405300170845]
[65815, 10000, 65477, 0, -1.0808823529411764, 0.01271405300170845]
[65744, 10000, 65477, 0, -1.0208333333333335, 0.01271405300170845]
[65670, 10000, 65478, 0, -1.0208333333333335, 0.01271405300170845]
[65597, 10000, 65479, 0, -1.0208333333333335, 0.01271405300170845]
[65525, 10000, 65479, 0, -1.0208333333333335, 0.01271405300170845]
[65446, 10000, 65478, 0, -1.0208333333333335, 0.01271405300170845]
[65360, 10000, 65477, 0, -1.0208333333333335, 0.01271405300170845]
[65273, 10000, 65476, 0, -1.0208333333333335, 0.01271405300170845]
[65194, 10000, 65476, 0, -1.0208333333333335, 0.01271405300170845]
[65118, 10000, 65477, 0, -1.0208333333333335, 0.01271405300170845]
[65041, 10000, 65477, 0, -1.0208333333333335, 0.01271405300170845]
[64943, 10000, 65475, 0, -1.0208333333333335, 0.01271405300170845]
[64857, 10000, 65473, 0, -0.9607843137254902, 0.01350868131431523]
[64772, 10000, 65473, 0, -0.9607843137254902, 0.01350868131431523]
[64691, 10000, 65474, 0, -0.9607843137254902, 0.01350868131431523]
[64611, 10000, 65474, 0, -1.0208333333333335, 0.01271405300170845]
[64531, 10000, 65475, 0, -1.0208333333333335, 0.01271405300170845]
[64450, 10000, 65475, 0, -1.0208333333333335, 0.01271405300170845]
[64368, 10000, 65475, 0, -1.0208333333333335, 0.01271405300170845]
[64287, 10000, 65475, 0, -1.0208333333333335, 0.01271405300170845]
[64207, 10000, 65475, 0, -0.9607843137254902, 0.01271405300170845]
[64126, 10000, 65475, 0, -0.9607843137254902, 0.01271405300170845]
[64047, 10000, 65475, 0, -0.9607843137254902, 0.01271405300170845]
[63966, 10000, 65476, 0, -1.0208333333333335, 0.011919424689101671]
[63886, 10000, 65476, 0, -1.0208333333333335, 0.011919424689101671]
[63805, 10000, 65476, 0, -1.0208333333333335, 0.011919424689101671]
[63724, 10000, 65476, 0, -1.0208333333333335, 0.011919424689101671]
[63646, 10000, 65476, 0, -1.0208333333333335, 0.011919424689101671]
[63567, 10000, 65476, 0, -1.0208333333333335, 0.011124796376494895]
[63486, 10000, 65476, 0, -1.0208333333333335, 0.011124796376494895]
[63406, 10000, 65476, 0, -1.0208333333333335, 0.011124796376494895]
[63326, 10000, 65476, 0, -1.0208333333333335, 0.011919424689101671]
[63245, 10000, 65476, 0, -1.0208333333333335, 0.011919424689101671]
[63167, 10000, 65476, 0, -1.0208333333333335, 0.011919424689101671]
[63088, 10000, 65476, 0, -1.0208333333333335, 0.011919424689101671]
[63007, 10000, 65476, 0, -1.0208333333333335, 0.011919424689101671]
[62927, 10000, 65476, 0, -1.0208333333333335, 0.011919424689101671]
[62847, 10000, 65476, 0, -1.0208333333333335, 0.011919424689101671]
[62767, 10000, 65476, 0, -1.0208333333333335, 0.011919424689101671]
[62687, 10000, 65476, 0, -1.0208333333333335, 0.011919424689101671]
[62608, 10000, 65476, 0, -1.0208333333333335, 0.011919424689101671]
[62526, 10000, 65476, 0, -1.0208333333333335, 0.011919424689101671]
[62448, 10000, 65476, 0, -1.0208333333333335, 0.011919424689101671]
[62367, 10000, 65476, 0, -1.0208333333333335, 0.011919424689101671]
[62288, 10000, 65476, 0, -1.0208333333333335, 0.011919424689101671]
[62208, 10000, 65476, 0, -1.0208333333333335, 0.011919424689101671]
[62129, 10000, 65476, 0, -1.0208333333333335, 0.011919424689101671]
[62052, 10000, 65477, 0, -1.0208333333333335, 0.011919424689101671]
[61975, 10000, 65477, 0, -1.0208333333333335, 0.011919424689101671]
[61896, 10000, 65477, 0, -1.0208333333333335, 0.011919424689101671]
[61816, 10000, 65477, 0, -1.0208333333333335, 0.011919424689101671]
[61736, 10000, 65477, 0, -1.0208333333333335, 0.011919424689101671]
[61662, 10000, 65478, 0, -1.0208333333333335, 0.011919424689101671]
[61591, 10000, 65479, 0, -1.0208333333333335, 0.011919424689101671]
[61517, 10000, 65479, 0, -1.0208333333333335, 0.011919424689101671]
[61436, 10000, 65478, 0, -1.0208333333333335, 0.011919424689101671]
[61350, 10000, 65477, 0, -1.0208333333333335, 0.01271405300170845]
[61266, 10000, 65476, 0, -1.0208333333333335, 0.01271405300170845]
[61188, 10000, 65477, 0, -1.0208333333333335, 0.01271405300170845]
[61112, 10000, 65477, 0, -1.0208333333333335, 0.01271405300170845]
[61034, 10000, 65477, 0, -1.0208333333333335, 0.01271405300170845]
[60946, 10000, 65475, 0, -1.0208333333333335, 0.01271405300170845]
[60852, 10000, 65474, 0, -1.0208333333333335, 0.01271405300170845]
[60765, 10000, 65473, 0, -1.0808823529411764, 0.01271405300170845]
[60685, 10000, 65474, 0, -1.0808823529411764, 0.01271405300170845]
[60604, 10000, 65474, 0, -1.0808823529411764, 0.01271405300170845]
[60523, 10000, 65474, 0, -1.0808823529411764, 0.011919424689101671]
[60442, 10000, 65475, 0, -1.0808823529411764, 0.011919424689101671]
[60360, 10000, 65475, 0, -1.0808823529411764, 0.011919424689101671]
[60280, 10000, 65475, 0, -1.0808823529411764, 0.011919424689101671]
[60200, 10000, 65475, 0, -1.0808823529411764, 0.011919424689101671]
[60119, 10000, 65475, 0, -1.0808823529411764, 0.011919424689101671]
[60040, 10000, 65475, 0, -1.0808823529411764, 0.011919424689101671]
[59959, 10000, 65475, 0, -1.0808823529411764, 0.011919424689101671]
[59878, 10000, 65475, 0, -1.0808823529411764, 0.011919424689101671]
[59798, 10000, 65476, 0, -1.0808823529411764, 0.011919424689101671]
[59719, 10000, 65476, 0, -1.0808823529411764, 0.011919424689101671]
[59639, 10000, 65476, 0, -1.0808823529411764, 0.011124796376494895]
[59560, 10000, 65476, 0, -1.0808823529411764, 0.011124796376494895]
[59479, 10000, 65476, 0, -1.0808823529411764, 0.011124796376494895]
[59398, 10000, 65476, 0, -1.0808823529411764, 0.011124796376494895]
[59319, 10000, 65476, 0, -1.0808823529411764, 0.011124796376494895]
[59239, 10000, 65476, 0, -1.0808823529411764, 0.011124796376494895]
[59160, 10000, 65476, 0, -1.0808823529411764, 0.011124796376494895]
[59080, 10000, 65476, 0, -1.0808823529411764, 0.011124796376494895]
[59000, 10000, 65476, 0, -1.0808823529411764, 0.011124796376494895]
[58920, 10000, 65476, 0, -1.0808823529411764, 0.011124796376494895]
[58840, 10000, 65476, 0, -1.0808823529411764, 0.011124796376494895]
[58760, 10000, 65476, 0, -1.0808823529411764, 0.011124796376494895]
[58680, 10000, 65476, 0, -1.0808823529411764, 0.011124796376494895]
[58600, 10000, 65476, 0, -1.0808823529411764, 0.011124796376494895]
[58521, 10000, 65476, 0, -1.0808823529411764, 0.011124796376494895]
[58441, 10000, 65476, 0, -1.0808823529411764, 0.011124796376494895]
[58361, 10000, 65476, 0, -1.0808823529411764, 0.011124796376494895]
[58281, 10000, 65476, 0, -1.0808823529411764, 0.011124796376494895]
[58201, 10000, 65476, 0, -1.0808823529411764, 0.011124796376494895]
[58122, 10000, 65476, 0, -1.0808823529411764, 0.010330168063888116]
[58045, 10000, 65477, 0, -1.0808823529411764, 0.010330168063888116]
[57969, 10000, 65477, 0, -1.0808823529411764, 0.011124796376494895]
[57889, 10000, 65477, 0, -1.0808823529411764, 0.011124796376494895]
[57808, 10000, 65477, 0, -1.0208333333333335, 0.011124796376494895]
[57730, 10000, 65477, 0, -1.0208333333333335, 0.011124796376494895]
[57654, 10000, 65478, 0, -1.0208333333333335, 0.011124796376494895]
[57584, 10000, 65478, 0, -1.0208333333333335, 0.011124796376494895]
[57504, 10000, 65478, 0, -1.0808823529411764, 0.011124796376494895]
[57426, 10000, 65478, 0, -1.0808823529411764, 0.011919424689101671]
[57341, 10000, 65477, 0, -1.0808823529411764, 0.011919424689101671]
[57259, 10000, 65476, 0, -1.0808823529411764, 0.011919424689101671]
[57182, 10000, 65477, 0, -1.0808823529411764, 0.011919424689101671]
[57106, 10000, 65477, 0, -1.0808823529411764, 0.011919424689101671]
[57028, 10000, 65477, 0, -1.0808823529411764, 0.011919424689101671]
[56940, 10000, 65475, 0, -1.0808823529411764, 0.011919424689101671]
[56845, 10000, 65474, 0, -1.0808823529411764, 0.011919424689101671]
[56759, 10000, 65474, 0, -1.0808823529411764, 0.011919424689101671]
[56678, 10000, 65474, 0, -1.0808823529411764, 0.011919424689101671]
[56597, 10000, 65474, 0, -1.0808823529411764, 0.011919424689101671]
[56515, 10000, 65474, 0, -1.0808823529411764, 0.011919424689101671]
[56436, 10000, 65475, 0, -1.0808823529411764, 0.011124796376494895]
[56355, 10000, 65475, 0, -1.0808823529411764, 0.011124796376494895]
[56273, 10000, 65475, 0, -1.0808823529411764, 0.011124796376494895]
[56194, 10000, 65475, 0, -1.0808823529411764, 0.011124796376494895]
[56113, 10000, 65475, 0, -1.0808823529411764, 0.010330168063888116]
[56033, 10000, 65475, 0, -1.0808823529411764, 0.010330168063888116]
[55953, 10000, 65475, 0, -1.0808823529411764, 0.010330168063888116]
[55867, 10000, 65476, 0, -1.0808823529411764, 0.010330168063888116]
[55792, 10000, 65476, 0, -1.0808823529411764, 0.010330168063888116]
[55713, 10000, 65476, 0, -1.0808823529411764, 0.010330168063888116]
[55631, 10000, 65476, 0, -1.0808823529411764, 0.010330168063888116]
[55553, 10000, 65476, 0, -1.0808823529411764, 0.010330168063888116]
[55473, 10000, 65476, 0, -1.0808823529411764, 0.010330168063888116]
[55393, 10000, 65476, 0, -1.0808823529411764, 0.010330168063888116]
[55313, 10000, 65476, 0, -1.0808823529411764, 0.010330168063888116]
[55233, 10000, 65476, 0, -1.0808823529411764, 0.010330168063888116]
[55154, 10000, 65476, 0, -1.0808823529411764, 0.010330168063888116]
[55074, 10000, 65476, 0, -1.0808823529411764, 0.010330168063888116]
[54995, 10000, 65476, 0, -1.0808823529411764, 0.010330168063888116]
[54914, 10000, 65476, 0, -1.0808823529411764, 0.010330168063888116]
[54834, 10000, 65476, 0, -1.0808823529411764, 0.010330168063888116]
[54754, 10000, 65476, 0, -1.0808823529411764, 0.010330168063888116]
[54674, 10000, 65476, 0, -1.0808823529411764, 0.010330168063888116]
[54595, 10000, 65476, 0, -1.0808823529411764, 0.010330168063888116]
[54514, 10000, 65476, 0, -1.0808823529411764, 0.010330168063888116]
[54434, 10000, 65476, 0, -1.0808823529411764, 0.010330168063888116]
[54354, 10000, 65476, 0, -1.0808823529411764, 0.010330168063888116]
[54274, 10000, 65476, 0, -1.0808823529411764, 0.010330168063888116]
[54195, 10000, 65476, 0, -1.0808823529411764, 0.010330168063888116]
[54115, 10000, 65476, 0, -1.0808823529411764, 0.010330168063888116]
[54040, 10000, 65477, 0, -1.0808823529411764, 0.010330168063888116]
[53963, 10000, 65477, 0, -1.0808823529411764, 0.010330168063888116]
[53883, 10000, 65477, 0, -1.0808823529411764, 0.010330168063888116]
[53804, 10000, 65477, 0, -1.0808823529411764, 0.010330168063888116]
[53725, 10000, 65477, 0, -1.0808823529411764, 0.010330168063888116]
[53652, 10000, 65478, 0, -1.0808823529411764, 0.010330168063888116]
[53579, 10000, 65479, 0, -1.0808823529411764, 0.010330168063888116]
[53505, 10000, 65479, 0, -1.0808823529411764, 0.010330168063888116]
[53423, 10000, 65478, 0, -1.0208333333333335, 0.010330168063888116]
[53337, 10000, 65477, 0, -1.0208333333333335, 0.010330168063888116]
[53254, 10000, 65476, 0, -1.0208333333333335, 0.010330168063888116]
[53176, 10000, 65477, 0, -1.0208333333333335, 0.010330168063888116]
[53093, 10000, 65477, 0, -1.0208333333333335, 0.011124796376494895]
[53019, 10000, 65477, 0, -1.0808823529411764, 0.011124796376494895]
[52932, 10000, 65475, 0, -1.0208333333333335, 0.011124796376494895]
[52838, 10000, 65474, 0, -1.0208333333333335, 0.011124796376494895]
[52753, 10000, 65474, 0, -1.0808823529411764, 0.011124796376494895]
[52672, 10000, 65474, 0, -1.0808823529411764, 0.010330168063888116]
[52592, 10000, 65474, 0, -1.0808823529411764, 0.010330168063888116]
[52512, 10000, 65475, 0, -1.0208333333333335, 0.010330168063888116]
[52430, 10000, 65475, 0, -1.0208333333333335, 0.010330168063888116]
[52349, 10000, 65475, 0, -1.0208333333333335, 0.010330168063888116]
[52268, 10000, 65475, 0, -1.0808823529411764, 0.010330168063888116]
[52188, 10000, 65475, 0, -1.0208333333333335, 0.010330168063888116]
[52108, 10000, 65475, 0, -1.0208333333333335, 0.010330168063888116]
[52028, 10000, 65475, 0, -1.0208333333333335, 0.010330168063888116]
[51947, 10000, 65476, 0, -1.0208333333333335, 0.010330168063888116]
[51867, 10000, 65476, 0, -1.0208333333333335, 0.010330168063888116]
[51787, 10000, 65476, 0, -1.0208333333333335, 0.009535539751281338]
[51707, 10000, 65476, 0, -1.0208333333333335, 0.009535539751281338]
[51628, 10000, 65476, 0, -1.0808823529411764, 0.009535539751281338]
[51547, 10000, 65476, 0, -1.0208333333333335, 0.009535539751281338]
[51468, 10000, 65476, 0, -1.0208333333333335, 0.010330168063888116]
[51388, 10000, 65476, 0, -1.0208333333333335, 0.010330168063888116]
[51307, 10000, 65476, 0, -1.0208333333333335, 0.009535539751281338]
[51228, 10000, 65476, 0, -1.0208333333333335, 0.009535539751281338]
[51148, 10000, 65476, 0, -1.0208333333333335, 0.010330168063888116]
[51062, 10000, 65476, 0, -1.0208333333333335, 0.009535539751281338]
[50989, 10000, 65476, 0, -1.0208333333333335, 0.009535539751281338]
[50909, 10000, 65476, 0, -1.0208333333333335, 0.009535539751281338]
[50829, 10000, 65476, 0, -1.0208333333333335, 0.009535539751281338]
[50749, 10000, 65476, 0, -1.0208333333333335, 0.010330168063888116]
[50669, 10000, 65476, 0, -1.0208333333333335, 0.010330168063888116]
[50590, 10000, 65476, 0, -1.0208333333333335, 0.010330168063888116]
[50510, 10000, 65476, 0, -1.0208333333333335, 0.010330168063888116]
[50429, 10000, 65476, 0, -1.0208333333333335, 0.010330168063888116]
[50349, 10000, 65476, 0, -1.0208333333333335, 0.010330168063888116]
[50269, 10000, 65476, 0, -1.0208333333333335, 0.010330168063888116]
[50190, 10000, 65476, 0, -1.0208333333333335, 0.010330168063888116]
[50111, 10000, 65476, 0, -0.9607843137254902, 0.010330168063888116]
[50033, 10000, 65477, 0, -0.9607843137254902, 0.010330168063888116]
[49956, 10000, 65477, 0, -0.9607843137254902, 0.010330168063888116]
[49877, 10000, 65477, 0, -0.9607843137254902, 0.010330168063888116]
[49797, 10000, 65477, 0, -0.9607843137254902, 0.010330168063888116]
[49719, 10000, 65477, 0, -0.9607843137254902, 0.010330168063888116]
[49646, 10000, 65478, 0, -0.9607843137254902, 0.011124796376494895]
[49574, 10000, 65479, 0, -0.9607843137254902, 0.011124796376494895]
[49499, 10000, 65479, 0, -0.9607843137254902, 0.011124796376494895]
[49416, 10000, 65478, 0, -0.9607843137254902, 0.011124796376494895]
[49330, 10000, 65477, 0, -0.9607843137254902, 0.011124796376494895]
[49247, 10000, 65476, 0, -0.9607843137254902, 0.011124796376494895]
[49171, -1, 65477, -2, -0.9607843137254902, 0.011124796376494895]
[49092, 10000, 65477, 0, -0.9607843137254902, 0.011919424689101671]
[49015, 10000, 65477, 0, -0.9607843137254902, 0.011919424689101671]
[48924, 10000, 65475, 0, -0.9007352941176471, 0.011919424689101671]
[48831, 10000, 65474, 0, -0.9007352941176471, 0.011919424689101671]
[48747, 10000, 65474, 0, -0.9007352941176471, 0.011919424689101671]
[48664, 10000, 65474, 0, -0.9607843137254902, 0.011919424689101671]
[48585, 10000, 65474, 0, -0.9607843137254902, 0.011919424689101671]
[48505, 10000, 65475, 0, -0.9007352941176471, 0.011919424689101671]
[48423, 10000, 65475, 0, -0.9007352941176471, 0.011919424689101671]
[48343, 10000, 65475, 0, -0.9007352941176471, 0.011919424689101671]
[48261, 10000, 65475, 0, -0.840686274509804, 0.011919424689101671]
[48180, 10000, 65475, 0, -0.840686274509804, 0.011919424689101671]
[48101, 10000, 65475, 0, -0.840686274509804, 0.011919424689101671]
[48021, 10000, 65475, 0, -0.9007352941176471, 0.011919424689101671]
[47940, 10000, 65475, 0, -0.9007352941176471, 0.011919424689101671]
[47852, 10000, 65476, 0, -0.9007352941176471, 0.011919424689101671]
[47778, 10000, 65476, 0, -0.9007352941176471, 0.011919424689101671]
[47687, 10000, 65482, 0, -0.9007352941176471, 0.011124796376494895]
[47686, 10000, 65491, 0, -0.9007352941176471, 0.011124796376494895]
[47685, 10000, 65498, 0, -0.9607843137254902, 0.011124796376494895]
[47683, 10000, 65504, 0, -1.0208333333333335, 0.011124796376494895]
[47682, 10000, 65510, 0, -1.0208333333333335, 0.011124796376494895]
[47682, 10000, 65514, 0, -1.0208333333333335, 0.011124796376494895]
[47690, 10000, 65525, 0, -0.9607843137254902, 0.011919424689101671]
[47708, 10000, 65529, 0, -0.9007352941176471, 0.011919424689101671]
[47727, 10000, 65532, 0, -1.0208333333333335, 0.011919424689101671]
[47747, 10000, 0, 0, -1.2009803921568627, 0.011919424689101671]
[47765, 10000, 2, 0, -1.2610294117647058, 0.011919424689101671]
[47783, 10000, 5, 0, -1.321078431372549, 0.011919424689101671]
[47802, 10000, 6, 0, -1.321078431372549, 0.011919424689101671]
[47821, 10000, 8, 0, -1.321078431372549, 0.011919424689101671]
[47838, 10000, 9, 0, -1.321078431372549, 0.011919424689101671]
[47856, 10000, 10, 0, -1.321078431372549, 0.011919424689101671]
[47873, 10000, 11, 0, -1.321078431372549, 0.011919424689101671]
[47895, 10000, 12, 0, -1.321078431372549, 0.011124796376494895]
[47916, 10000, 12, 0, -1.321078431372549, 0.011919424689101671]
[47932, 10000, 13, 0, -1.321078431372549, 0.011124796376494895]
[47950, 10000, 13, 0, -1.3811274509803921, 0.011124796376494895]
[47968, 10000, 13, 0, -1.3811274509803921, 0.011124796376494895]
[47988, 10000, 14, 0, -1.3811274509803921, 0.011124796376494895]
[48007, 10000, 14, 0, -1.3811274509803921, 0.011124796376494895]
[48028, 10000, 14, 0, -1.3811274509803921, 0.011124796376494895]
[48047, 10000, 14, 0, -1.3811274509803921, 0.011124796376494895]
[48066, 10000, 14, 0, -1.3811274509803921, 0.011124796376494895]
[48085, 10000, 14, 0, -1.3811274509803921, 0.011124796376494895]
[48103, 10000, 15, 0, -1.3811274509803921, 0.011124796376494895]
[48120, 10000, 15, 0, -1.3811274509803921, 0.011124796376494895]
[48140, 10000, 15, 0, -1.4411764705882353, 0.011124796376494895]
[48159, 10000, 15, 0, -1.4411764705882353, 0.011124796376494895]
[48179, 10000, 15, 0, -1.4411764705882353, 0.011124796376494895]
[48198, 10000, 15, 0, -1.4411764705882353, 0.011124796376494895]
[48218, 10000, 15, 0, -1.5012254901960784, 0.011124796376494895]
[48239, 10000, 15, 0, -1.5012254901960784, 0.010330168063888116]
[48259, 10000, 15, 0, -1.5012254901960784, 0.010330168063888116]
[48278, 10000, 15, 0, -1.5012254901960784, 0.010330168063888116]
[48299, 10000, 15, 0, -1.5012254901960784, 0.010330168063888116]
[48319, 10000, 15, 0, -1.5012254901960784, 0.010330168063888116]
[48339, 10000, 15, 0, -1.4411764705882353, 0.010330168063888116]
[48360, 10000, 15, 0, -1.4411764705882353, 0.010330168063888116]
[48380, 10000, 15, 0, -1.5012254901960784, 0.010330168063888116]
[48400, 10000, 15, 0, -1.5012254901960784, 0.010330168063888116]
[48420, 10000, 15, 0, -1.5012254901960784, 0.010330168063888116]
[48441, 10000, 15, 0, -1.5012254901960784, 0.010330168063888116]
[48461, 10000, 15, 0, -1.5012254901960784, 0.010330168063888116]
[48482, 10000, 15, 0, -1.5012254901960784, 0.010330168063888116]
[48502, 10000, 15, 0, -1.5012254901960784, 0.010330168063888116]
[48522, 10000, 15, 0, -1.5012254901960784, 0.010330168063888116]
[48542, 10000, 15, 0, -1.5012254901960784, 0.010330168063888116]
[48563, 10000, 15, 0, -1.5012254901960784, 0.010330168063888116]
[48582, 10000, 15, 0, -1.5012254901960784, 0.010330168063888116]
[48602, 10000, 15, 0, -1.5012254901960784, 0.010330168063888116]
[48623, 10000, 15, 0, -1.5012254901960784, 0.010330168063888116]
[48643, 10000, 15, 0, -1.5012254901960784, 0.010330168063888116]
[48663, 10000, 15, 0, -1.5612745098039214, 0.010330168063888116]
[48683, 10000, 15, 0, -1.5612745098039214, 0.010330168063888116]
[48703, 10000, 15, 0, -1.5612745098039214, 0.010330168063888116]
[48724, 10000, 15, 0, -1.5612745098039214, 0.010330168063888116]
[48744, 10000, 15, 0, -1.5612745098039214, 0.010330168063888116]
[48763, 10000, 15, 0, -1.5612745098039214, 0.010330168063888116]
[48784, 10000, 15, 0, -1.5612745098039214, 0.010330168063888116]
[48805, 10000, 15, 0, -1.5612745098039214, 0.010330168063888116]
[48825, 10000, 15, 0, -1.5612745098039214, 0.010330168063888116]
[48845, 10000, 15, 0, -1.5612745098039214, 0.010330168063888116]
[48865, 10000, 15, 0, -1.5612745098039214, 0.010330168063888116]
[48886, 10000, 15, 0, -1.5612745098039214, 0.010330168063888116]
[48906, 10000, 15, 0, -1.5612745098039214, 0.010330168063888116]
[48926, 10000, 15, 0, -1.5612745098039214, 0.010330168063888116]
[48946, 10000, 15, 0, -1.5612745098039214, 0.010330168063888116]
[48967, 10000, 15, 0, -1.5612745098039214, 0.010330168063888116]
[48987, 10000, 15, 0, -1.5012254901960784, 0.010330168063888116]
[49007, 10000, 15, 0, -1.5012254901960784, 0.010330168063888116]
[49027, 10000, 15, 0, -1.5012254901960784, 0.010330168063888116]
[49047, 10000, 15, 0, -1.5012254901960784, 0.010330168063888116]
[49068, 10000, 15, 0, -1.5012254901960784, 0.010330168063888116]
[49087, 10000, 15, 0, -1.5012254901960784, 0.010330168063888116]
[49107, 10000, 15, 0, -1.5012254901960784, 0.010330168063888116]
[49128, 10000, 15, 0, -1.5012254901960784, 0.010330168063888116]
[49148, 10000, 15, 0, -1.5612745098039214, 0.010330168063888116]
[49167, 10000, 15, 0, -1.5612745098039214, 0.010330168063888116]
[49188, 10000, 15, 0, -1.5012254901960784, 0.010330168063888116]
[49208, 10000, 15, 0, -1.5012254901960784, 0.010330168063888116]
[49227, 10000, 15, 0, -1.5012254901960784, 0.010330168063888116]
[49247, 10000, 15, 0, -1.5012254901960784, 0.010330168063888116]
[49268, 10000, 15, 0, -1.5012254901960784, 0.010330168063888116]
[49288, 10000, 15, 0, -1.5012254901960784, 0.010330168063888116]
[49308, 10000, 15, 0, -1.5012254901960784, 0.010330168063888116]
[49328, 10000, 15, 0, -1.5012254901960784, 0.010330168063888116]
[49348, 10000, 15, 0, -1.5012254901960784, 0.010330168063888116]
[49368, 10000, 15, 0, -1.5012254901960784, 0.011124796376494895]
[49389, 10000, 15, 0, -1.5012254901960784, 0.011124796376494895]
[49408, 10000, 15, 0, -1.5012254901960784, 0.011124796376494895]
[49429, 10000, 15, 0, -1.5012254901960784, 0.011124796376494895]
[49449, 10000, 15, 0, -1.5012254901960784, 0.011124796376494895]
[49469, 10000, 15, 0, -1.5012254901960784, 0.011124796376494895]
[49488, 10000, 15, 0, -1.5012254901960784, 0.011124796376494895]
[49509, 10000, 15, 0, -1.5012254901960784, 0.011124796376494895]
[49529, 10000, 15, 0, -1.5012254901960784, 0.011124796376494895]
[49549, 10000, 15, 0, -1.5012254901960784, 0.011124796376494895]
[49569, 10000, 15, 0, -1.4411764705882353, 0.011124796376494895]
[49589, 10000, 15, 0, -1.4411764705882353, 0.011124796376494895]
[49610, 10000, 15, 0, -1.4411764705882353, 0.011124796376494895]
[49628, 10000, 15, 0, -1.4411764705882353, 0.011124796376494895]
[49648, 10000, 15, 0, -1.4411764705882353, 0.011124796376494895]
[49668, 10000, 15, 0, -1.4411764705882353, 0.011124796376494895]
[49688, 10000, 15, 0, -1.4411764705882353, 0.011124796376494895]
[49708, 10000, 15, 0, -1.4411764705882353, 0.011124796376494895]
[49728, 10000, 15, 0, -1.4411764705882353, 0.011124796376494895]
[49748, 10000, 15, 0, -1.5012254901960784, 0.011124796376494895]
[49768, 10000, 15, 0, -1.5012254901960784, 0.011124796376494895]
[49788, 10000, 15, 0, -1.5012254901960784, 0.011124796376494895]
[49807, 10000, 15, 0, -1.5012254901960784, 0.011124796376494895]
[49828, 10000, 15, 0, -1.5012254901960784, 0.011124796376494895]
[49848, 10000, 15, 0, -1.5012254901960784, 0.011124796376494895]
[49868, 10000, 15, 0, -1.5012254901960784, 0.011124796376494895]
[49887, 10000, 15, 0, -1.5012254901960784, 0.011124796376494895]
[49908, 10000, 15, 0, -1.5012254901960784, 0.011124796376494895]
[49928, 10000, 15, 0, -1.5012254901960784, 0.011124796376494895]
[49948, 10000, 15, 0, -1.4411764705882353, 0.011124796376494895]
[49967, 10000, 15, 0, -1.4411764705882353, 0.011124796376494895]
[49988, 10000, 15, 0, -1.4411764705882353, 0.011124796376494895]
[50008, 10000, 15, 0, -1.4411764705882353, 0.011124796376494895]
[50028, 10000, 15, 0, -1.4411764705882353, 0.011124796376494895]
[50047, 10000, 15, 0, -1.4411764705882353, 0.011124796376494895]
[50067, 10000, 15, 0, -1.4411764705882353, 0.011124796376494895]
[50087, 10000, 15, 0, -1.4411764705882353, 0.011124796376494895]
[50107, 10000, 15, 0, -1.4411764705882353, 0.011124796376494895]
[50127, 10000, 15, 0, -1.4411764705882353, 0.011124796376494895]
[50147, 10000, 15, 0, -1.4411764705882353, 0.011124796376494895]
[50167, 10000, 15, 0, -1.4411764705882353, 0.011124796376494895]
[50187, 10000, 15, 0, -1.4411764705882353, 0.011124796376494895]
[50206, 10000, 15, 0, -1.4411764705882353, 0.011124796376494895]
[50227, 10000, 15, 0, -1.4411764705882353, 0.011124796376494895]
[50246, 10000, 15, 0, -1.4411764705882353, 0.011124796376494895]
[50266, 10000, 15, 0, -1.4411764705882353, 0.011124796376494895]
[50286, 10000, 15, 0, -1.4411764705882353, 0.011124796376494895]
[50306, 10000, 15, 0, -1.4411764705882353, 0.011124796376494895]
[50327, 10000, 15, 0, -1.4411764705882353, 0.011124796376494895]
[50346, 10000, 15, 0, -1.4411764705882353, 0.011124796376494895]
[50366, 10000, 15, 0, -1.4411764705882353, 0.011124796376494895]
[50387, 10000, 15, 0, -1.4411764705882353, 0.011124796376494895]
[50407, 10000, 15, 0, -1.4411764705882353, 0.011124796376494895]
[50426, 10000, 15, 0, -1.4411764705882353, 0.011124796376494895]
[50446, 10000, 15, 0, -1.4411764705882353, 0.011124796376494895]
[50467, 10000, 15, 0, -1.4411764705882353, 0.011124796376494895]
[50487, 10000, 15, 0, -1.4411764705882353, 0.011124796376494895]
[50507, 10000, 15, 0, -1.4411764705882353, 0.011124796376494895]
[50527, 10000, 15, 0, -1.4411764705882353, 0.011124796376494895]
[50547, 10000, 15, 0, -1.4411764705882353, 0.011124796376494895]
[50567, 10000, 15, 0, -1.4411764705882353, 0.011124796376494895]
[50587, 10000, 15, 0, -1.4411764705882353, 0.011124796376494895]
[50606, 10000, 15, 0, -1.4411764705882353, 0.011124796376494895]
[50627, 10000, 15, 0, -1.4411764705882353, 0.011124796376494895]
[50647, 10000, 15, 0, -1.4411764705882353, 0.011124796376494895]
[50666, 10000, 15, 0, -1.4411764705882353, 0.011124796376494895]
[50686, 10000, 15, 0, -1.4411764705882353, 0.011124796376494895]
[50706, 10000, 15, 0, -1.4411764705882353, 0.011124796376494895]
[50726, 10000, 15, 0, -1.4411764705882353, 0.011124796376494895]
[50746, 10000, 15, 0, -1.4411764705882353, 0.011124796376494895]
[50766, 10000, 15, 0, -1.4411764705882353, 0.011124796376494895]
[50786, 10000, 15, 0, -1.4411764705882353, 0.011124796376494895]
[50807, 10000, 15, 0, -1.4411764705882353, 0.011124796376494895]
[50826, 10000, 15, 0, -1.4411764705882353, 0.011124796376494895]
[50847, 10000, 15, 0, -1.4411764705882353, 0.011124796376494895]
[50867, 10000, 15, 0, -1.4411764705882353, 0.011124796376494895]
[50887, 10000, 15, 0, -1.4411764705882353, 0.011124796376494895]
[50907, 10000, 15, 0, -1.4411764705882353, 0.011124796376494895]
[50926, 10000, 15, 0, -1.4411764705882353, 0.011124796376494895]
[50947, 10000, 15, 0, -1.4411764705882353, 0.011124796376494895]
[50967, 10000, 15, 0, -1.4411764705882353, 0.011124796376494895]
[50987, 10000, 15, 0, -1.4411764705882353, 0.011124796376494895]
[51006, 10000, 15, 0, -1.4411764705882353, 0.011124796376494895]
[51027, 10000, 15, 0, -1.4411764705882353, 0.011124796376494895]
[51047, 10000, 15, 0, -1.4411764705882353, 0.011124796376494895]
[51067, 10000, 15, 0, -1.4411764705882353, 0.011124796376494895]
[51086, 10000, 15, 0, -1.4411764705882353, 0.011124796376494895]
[51106, 10000, 15, 0, -1.4411764705882353, 0.011124796376494895]
[51126, 10000, 15, 0, -1.4411764705882353, 0.011124796376494895]
[51146, 10000, 15, 0, -1.4411764705882353, 0.011124796376494895]
[51166, 10000, 15, 0, -1.4411764705882353, 0.011124796376494895]
[51186, 10000, 15, 0, -1.4411764705882353, 0.011124796376494895]
[51207, 10000, 15, 0, -1.4411764705882353, 0.011124796376494895]
[51225, 10000, 15, 0, -1.4411764705882353, 0.011124796376494895]
[51245, 10000, 15, 0, -1.4411764705882353, 0.011124796376494895]
[51265, 10000, 15, 0, -1.4411764705882353, 0.011124796376494895]
[51285, 10000, 15, 0, -1.4411764705882353, 0.011124796376494895]
[51305, 10000, 15, 0, -1.4411764705882353, 0.011124796376494895]
[51325, 10000, 15, 0, -1.4411764705882353, 0.011124796376494895]
[51345, 10000, 15, 0, -1.4411764705882353, 0.011124796376494895]
[51365, 10000, 15, 0, -1.4411764705882353, 0.011124796376494895]
[51385, 10000, 15, 0, -1.4411764705882353, 0.011124796376494895]
[51405, 10000, 15, 0, -1.4411764705882353, 0.011124796376494895]
[51425, 10000, 15, 0, -1.4411764705882353, 0.011124796376494895]
[51445, 10000, 15, 0, -1.4411764705882353, 0.011124796376494895]
[51465, 10000, 15, 0, -1.4411764705882353, 0.011124796376494895]
[51486, 10000, 15, 0, -1.4411764705882353, 0.011124796376494895]
[51506, 10000, 15, 0, -1.4411764705882353, 0.011124796376494895]
[51526, 10000, 15, 0, -1.4411764705882353, 0.011124796376494895]
[51545, 10000, 15, 0, -1.4411764705882353, 0.011124796376494895]
[51565, 10000, 15, 0, -1.4411764705882353, 0.011124796376494895]
[51586, 10000, 15, 0, -1.4411764705882353, 0.011124796376494895]
[51605, 10000, 15, 0, -1.4411764705882353, 0.011124796376494895]
[51628, 10000, 13, 0, -1.4411764705882353, 0.011124796376494895]
[51628, 10000, 11, 0, -1.4411764705882353, 0.011124796376494895]
[51628, 10000, 9, 0, -1.4411764705882353, 0.011124796376494895]
[51627, 10000, 7, 0, -1.4411764705882353, 0.011124796376494895]
[51627, 10000, 6, 0, -1.3811274509803921, 0.011124796376494895]
[51626, 10000, 5, 0, -1.3811274509803921, 0.011124796376494895]
[51626, 10000, 4, 0, -1.3811274509803921, 0.010330168063888116]
[51625, 10000, 3, 0, -1.3811274509803921, 0.010330168063888116]
[51625, 10000, 3, 0, -1.3811274509803921, 0.010330168063888116]
[51625, 10000, 2, 0, -1.3811274509803921, 0.010330168063888116]
[51624, 10000, 2, 0, -1.3811274509803921, 0.010330168063888116]
[51624, 10000, 1, 0, -1.3811274509803921, 0.010330168063888116]
[51624, 10000, 1, 0, -1.3811274509803921, 0.010330168063888116]
[51624, 10000, 1, 0, -1.3811274509803921, 0.010330168063888116]
[51626, 10000, 0, 0, -1.3811274509803921, 0.010330168063888116]
[51609, 10000, 65534, 0, -1.3811274509803921, 0.010330168063888116]
[51590, 10000, 65532, 0, -1.321078431372549, 0.010330168063888116]
[51572, 10000, 65530, 0, -1.2009803921568627, 0.010330168063888116]
[51552, 10000, 65528, 0, -1.1409313725490196, 0.010330168063888116]
[51535, 10000, 65527, 0, -1.1409313725490196, 0.010330168063888116]
[51516, 10000, 65526, 0, -1.1409313725490196, 0.010330168063888116]
[51498, 10000, 65525, 0, -1.1409313725490196, 0.011124796376494895]
[51480, 10000, 65524, 0, -1.1409313725490196, 0.011124796376494895]
[51463, 10000, 65524, 0, -1.1409313725490196, 0.011124796376494895]
[51443, 10000, 65523, 0, -1.1409313725490196, 0.011124796376494895]
[51425, 10000, 65523, 0, -1.1409313725490196, 0.011124796376494895]
[51407, 10000, 65523, 0, -1.1409313725490196, 0.011124796376494895]
[51382, 10000, 65522, 0, -1.1409313725490196, 0.011124796376494895]
[51365, 10000, 65522, 0, -1.1409313725490196, 0.011124796376494895]
[51346, 10000, 65522, 0, -1.1409313725490196, 0.011124796376494895]
[51328, 10000, 65522, 0, -1.1409313725490196, 0.011124796376494895]
[51311, 10000, 65522, 0, -1.1409313725490196, 0.011124796376494895]
[51291, 10000, 65522, 0, -1.1409313725490196, 0.011124796376494895]
[51271, 10000, 65521, 0, -1.1409313725490196, 0.011124796376494895]
[51251, 10000, 65521, 0, -1.1409313725490196, 0.011124796376494895]
[51231, 10000, 65521, 0, -1.1409313725490196, 0.011124796376494895]
[51212, 10000, 65521, 0, -1.1409313725490196, 0.011124796376494895]
[51192, 10000, 65521, 0, -1.1409313725490196, 0.011124796376494895]
[51171, 10000, 65521, 0, -1.0808823529411764, 0.011124796376494895]
[51152, 10000, 65521, 0, -1.0808823529411764, 0.011124796376494895]
[51132, 10000, 65521, 0, -1.0808823529411764, 0.011124796376494895]
[51111, 10000, 65521, 0, -1.0808823529411764, 0.011124796376494895]
[51090, 10000, 65521, 0, -1.0808823529411764, 0.011124796376494895]
[51070, 10000, 65521, 0, -1.0808823529411764, 0.011124796376494895]
[51050, 10000, 65521, 0, -1.0808823529411764, 0.011124796376494895]
[51031, 10000, 65521, 0, -1.0808823529411764, 0.011124796376494895]
[51011, 10000, 65521, 0, -1.0808823529411764, 0.011124796376494895]
[50991, 10000, 65521, 0, -1.0808823529411764, 0.011124796376494895]
[50971, 10000, 65521, 0, -1.0808823529411764, 0.011124796376494895]
[50951, 10000, 65521, 0, -1.0808823529411764, 0.011124796376494895]
[50931, 10000, 65521, 0, -1.0808823529411764, 0.011124796376494895]
[50911, 10000, 65521, 0, -1.0808823529411764, 0.011124796376494895]
[50890, 10000, 65521, 0, -1.0808823529411764, 0.011124796376494895]
[50870, 10000, 65521, 0, -1.0808823529411764, 0.011124796376494895]
[50851, 10000, 65521, 0, -1.0808823529411764, 0.011124796376494895]
[50829, 10000, 65521, 0, -1.0808823529411764, 0.011124796376494895]
[50810, 10000, 65521, 0, -1.0808823529411764, 0.011124796376494895]
[50791, 10000, 65521, 0, -1.0808823529411764, 0.011124796376494895]
[50770, 10000, 65521, 0, -1.0808823529411764, 0.011124796376494895]
[50750, 10000, 65521, 0, -1.0808823529411764, 0.011124796376494895]
[50730, 10000, 65521, 0, -1.0808823529411764, 0.011124796376494895]
[50711, 10000, 65521, 0, -1.0808823529411764, 0.011124796376494895]
[50691, 10000, 65521, 0, -1.0808823529411764, 0.011124796376494895]
[50671, -1, 65521, -2, -1.0808823529411764, 0.011124796376494895]
[50651, 10000, 65521, 0, -1.0808823529411764, 0.011124796376494895]
[50631, 10000, 65521, 0, -1.0808823529411764, 0.011124796376494895]
[50611, 10000, 65521, 0, -1.0808823529411764, 0.011124796376494895]
[50589, 10000, 65521, 0, -1.0808823529411764, 0.011124796376494895]
[50571, 10000, 65521, 0, -1.0808823529411764, 0.011124796376494895]
[50551, 10000, 65521, 0, -1.0808823529411764, 0.011124796376494895]
[50531, 10000, 65521, 0, -1.0808823529411764, 0.011124796376494895]
[50512, 10000, 65521, 0, -1.0808823529411764, 0.011124796376494895]
[50491, 10000, 65521, 0, -1.0808823529411764, 0.011124796376494895]
[50472, 10000, 65521, 0, -1.0808823529411764, 0.011124796376494895]
[50451, 10000, 65521, 0, -1.0808823529411764, 0.011124796376494895]
[50431, 10000, 65521, 0, -1.0808823529411764, 0.011124796376494895]
[50411, 10000, 65521, 0, -1.0808823529411764, 0.011124796376494895]
[50391, 10000, 65521, 0, -1.0808823529411764, 0.011124796376494895]
[50371, 10000, 65521, 0, -1.0808823529411764, 0.011124796376494895]
[50351, 10000, 65521, 0, -1.0808823529411764, 0.011124796376494895]
[50331, 10000, 65521, 0, -1.0808823529411764, 0.011124796376494895]
[50311, 10000, 65521, 0, -1.0208333333333335, 0.011124796376494895]
[50291, 10000, 65521, 0, -1.0208333333333335, 0.011124796376494895]
[50271, 10000, 65521, 0, -1.0208333333333335, 0.011124796376494895]
[50251, 10000, 65521, 0, -1.0208333333333335, 0.011124796376494895]
[50231, 10000, 65521, 0, -1.0208333333333335, 0.011124796376494895]
[50211, 10000, 65521, 0, -1.0208333333333335, 0.011124796376494895]
[50191, 10000, 65521, 0, -1.0208333333333335, 0.011124796376494895]
[50171, 10000, 65521, 0, -1.0208333333333335, 0.011124796376494895]
[50152, 10000, 65521, 0, -1.0208333333333335, 0.011124796376494895]
[50131, 10000, 65521, 0, -1.0208333333333335, 0.011124796376494895]
[50112, 10000, 65521, 0, -1.0208333333333335, 0.011124796376494895]
[50092, 10000, 65521, 0, -1.0208333333333335, 0.011124796376494895]
[50072, 10000, 65521, 0, -1.0208333333333335, 0.011124796376494895]
[50052, 10000, 65521, 0, -1.0208333333333335, 0.011124796376494895]
[50032, 10000, 65521, 0, -1.0208333333333335, 0.011124796376494895]
[50012, 10000, 65521, 0, -1.0208333333333335, 0.011124796376494895]
[49992, 10000, 65521, 0, -1.0208333333333335, 0.011124796376494895]
[49972, 10000, 65521, 0, -1.0208333333333335, 0.011124796376494895]
[49952, 10000, 65521, 0, -1.0208333333333335, 0.011124796376494895]
[49932, 10000, 65521, 0, -1.0208333333333335, 0.011124796376494895]
[49912, 10000, 65521, 0, -1.0208333333333335, 0.011124796376494895]
[49891, 10000, 65521, 0, -1.0208333333333335, 0.011124796376494895]
[49872, 10000, 65521, 0, -1.0208333333333335, 0.011124796376494895]
[49852, 10000, 65521, 0, -1.0208333333333335, 0.011124796376494895]
[49832, 10000, 65521, 0, -1.0208333333333335, 0.011124796376494895]
[49812, 10000, 65521, 0, -1.0208333333333335, 0.011124796376494895]
[49792, 10000, 65521, 0, -1.0208333333333335, 0.011124796376494895]
[49772, 10000, 65521, 0, -1.0208333333333335, 0.011124796376494895]
[49752, 10000, 65521, 0, -1.0208333333333335, 0.011124796376494895]
[49732, 10000, 65521, 0, -1.0208333333333335, 0.011124796376494895]
[49712, 10000, 65521, 0, -1.0208333333333335, 0.011124796376494895]
[49692, 10000, 65521, 0, -1.0208333333333335, 0.011124796376494895]
[49672, 10000, 65521, 0, -1.0208333333333335, 0.011124796376494895]
[49652, 10000, 65521, 0, -1.0208333333333335, 0.011919424689101671]
[49633, 10000, 65521, 0, -1.0208333333333335, 0.011919424689101671]
[49612, 10000, 65521, 0, -1.0208333333333335, 0.011919424689101671]
[49593, 10000, 65521, 0, -1.0208333333333335, 0.011919424689101671]
[49573, 10000, 65521, 0, -1.0208333333333335, 0.011919424689101671]
[49553, 10000, 65521, 0, -1.0208333333333335, 0.011919424689101671]
[49533, 10000, 65521, 0, -1.0208333333333335, 0.011919424689101671]
[49513, 10000, 65521, 0, -1.0208333333333335, 0.011919424689101671]
[49493, 10000, 65521, 0, -1.0208333333333335, 0.011919424689101671]
[49472, 10000, 65521, 0, -1.0208333333333335, 0.011919424689101671]
[49453, 10000, 65521, 0, -1.0208333333333335, 0.011919424689101671]
[49433, 10000, 65521, 0, -1.0208333333333335, 0.011919424689101671]
[49412, 10000, 65521, 0, -1.0208333333333335, 0.011919424689101671]
[49392, 10000, 65521, 0, -1.0208333333333335, 0.011919424689101671]
[49372, 10000, 65521, 0, -0.9607843137254902, 0.011919424689101671]
[49352, 10000, 65521, 0, -0.9607843137254902, 0.011919424689101671]
[49332, 10000, 65521, 0, -0.9607843137254902, 0.011919424689101671]
[49312, 10000, 65521, 0, -0.9607843137254902, 0.011919424689101671]
[49292, 10000, 65521, 0, -1.0208333333333335, 0.011919424689101671]
[49272, 10000, 65521, 0, -1.0208333333333335, 0.011919424689101671]
[49252, 10000, 65521, 0, -1.0208333333333335, 0.011919424689101671]
[49232, 10000, 65521, 0, -1.0208333333333335, 0.011919424689101671]
[49212, 10000, 65521, 0, -1.0208333333333335, 0.011919424689101671]
[49192, 10000, 65521, 0, -0.9607843137254902, 0.011919424689101671]
[49172, 10000, 65521, 0, -0.9607843137254902, 0.011919424689101671]
[49152, 10000, 65521, 0, -0.9607843137254902, 0.011919424689101671]
[49132, 10000, 65521, 0, -0.9607843137254902, 0.011919424689101671]
[49112, 10000, 65521, 0, -0.9607843137254902, 0.011919424689101671]
[49092, 10000, 65521, 0, -0.9607843137254902, 0.011919424689101671]
[49070, 10000, 65521, 0, -0.9607843137254902, 0.011919424689101671]
[49052, 10000, 65521, 0, -0.9607843137254902, 0.011919424689101671]
[49032, 10000, 65521, 0, -0.9607843137254902, 0.011919424689101671]
[49012, 10000, 65521, 0, -0.9607843137254902, 0.011919424689101671]
[48991, 10000, 65521, 0, -0.9607843137254902, 0.011919424689101671]
[48971, 10000, 65521, 0, -0.9607843137254902, 0.01271405300170845]
[48951, 10000, 65521, 0, -0.9607843137254902, 0.011919424689101671]
[48929, 10000, 65521, 0, -0.9607843137254902, 0.011919424689101671]
[48910, 10000, 65521, 0, -0.9607843137254902, 0.01271405300170845]
[48890, 10000, 65521, 0, -0.9607843137254902, 0.011919424689101671]
[48870, 10000, 65521, 0, -0.9607843137254902, 0.01271405300170845]
[48850, 10000, 65521, 0, -0.9607843137254902, 0.011919424689101671]
[48829, 10000, 65521, 0, -0.9607843137254902, 0.011919424689101671]
[48809, 10000, 65521, 0, -0.9607843137254902, 0.011919424689101671]
[48789, 10000, 65521, 0, -0.9607843137254902, 0.011919424689101671]
[48768, 10000, 65521, 0, -0.9607843137254902, 0.011919424689101671]
[48748, 10000, 65521, 0, -0.9607843137254902, 0.011919424689101671]
[48728, 10000, 65521, 0, -0.9607843137254902, 0.011919424689101671]
[48708, 10000, 65521, 0, -0.9607843137254902, 0.011919424689101671]
[48688, 10000, 65521, 0, -0.9607843137254902, 0.011919424689101671]
[48668, 10000, 65521, 0, -0.9607843137254902, 0.011919424689101671]
[48648, 10000, 65521, 0, -0.9607843137254902, 0.011919424689101671]
[48628, 10000, 65521, 0, -0.9607843137254902, 0.011919424689101671]
[48607, 10000, 65521, 0, -0.9607843137254902, 0.011919424689101671]
[48586, 10000, 65521, 0, -0.9607843137254902, 0.011919424689101671]
[48567, 10000, 65521, 0, -0.9607843137254902, 0.011919424689101671]
[48547, 10000, 65521, 0, -0.9607843137254902, 0.011919424689101671]
[48527, 10000, 65521, 0, -0.9607843137254902, 0.011919424689101671]
[48507, 10000, 65521, 0, -0.9607843137254902, 0.011919424689101671]
[48487, 10000, 65521, 0, -0.9607843137254902, 0.011919424689101671]
[48466, 10000, 65521, 0, -0.9607843137254902, 0.011919424689101671]
[48446, 10000, 65521, 0, -0.9607843137254902, 0.011919424689101671]
[48426, 10000, 65521, 0, -0.9607843137254902, 0.011919424689101671]
[48405, 10000, 65521, 0, -0.9607843137254902, 0.011919424689101671]
[48385, 10000, 65521, 0, -0.9607843137254902, 0.011919424689101671]
[48365, 10000, 65521, 0, -0.9607843137254902, 0.011919424689101671]
[48345, 10000, 65521, 0, -0.9007352941176471, 0.011919424689101671]
[48324, 10000, 65521, 0, -0.9007352941176471, 0.011919424689101671]
[48304, 10000, 65521, 0, -0.9007352941176471, 0.011919424689101671]
[48284, 10000, 65521, 0, -0.9007352941176471, 0.011919424689101671]
[48264, 10000, 65521, 0, -0.9007352941176471, 0.011919424689101671]
[48244, 10000, 65521, 0, -0.9007352941176471, 0.011919424689101671]
[48224, 10000, 65521, 0, -0.9007352941176471, 0.011919424689101671]
[48204, 10000, 65521, 0, -0.9007352941176471, 0.011919424689101671]
[48182, 10000, 65521, 0, -0.9007352941176471, 0.011919424689101671]
[48162, 10000, 65521, 0, -0.9007352941176471, 0.011919424689101671]
[48144, 10000, 65521, 0, -0.9007352941176471, 0.011919424689101671]
[48123, 10000, 65521, 0, -0.9007352941176471, 0.011919424689101671]
[48103, 10000, 65521, 0, -0.9007352941176471, 0.011919424689101671]
[48083, 10000, 65521, 0, -0.9007352941176471, 0.011919424689101671]
[48064, 10000, 65521, 0, -0.9007352941176471, 0.011919424689101671]
[48043, 10000, 65521, 0, -0.9007352941176471, 0.011919424689101671]
[48023, 10000, 65521, 0, -0.9007352941176471, 0.011919424689101671]
[48003, 10000, 65521, 0, -0.9007352941176471, 0.011919424689101671]
[47983, 10000, 65521, 0, -0.9607843137254902, 0.011919424689101671]
[47963, 10000, 65521, 0, -0.9607843137254902, 0.011919424689101671]
[47943, 10000, 65521, 0, -0.9607843137254902, 0.011919424689101671]
[47923, 10000, 65521, 0, -0.9607843137254902, 0.011919424689101671]
[47903, 10000, 65521, 0, -0.9607843137254902, 0.011919424689101671]
[47883, 10000, 65521, 0, -0.9007352941176471, 0.011919424689101671]
[47863, 10000, 65521, 0, -0.9007352941176471, 0.011919424689101671]
[47843, 10000, 65521, 0, -0.9007352941176471, 0.011919424689101671]
[47823, 10000, 65521, 0, -0.9007352941176471, 0.011919424689101671]
[47802, 10000, 65521, 0, -0.9007352941176471, 0.011919424689101671]
[47783, 10000, 65521, 0, -0.9007352941176471, 0.011919424689101671]
[47763, 10000, 65521, 0, -0.9007352941176471, 0.011919424689101671]
[47743, 10000, 65521, 0, -0.9007352941176471, 0.011919424689101671]
[47723, 10000, 65521, 0, -0.9007352941176471, 0.011919424689101671]
[47703, 10000, 65521, 0, -0.9007352941176471, 0.011919424689101671]
[47679, 10000, 65522, 0, -0.9007352941176471, 0.011919424689101671]
[47677, 10000, 65524, 0, -0.9607843137254902, 0.011919424689101671]
[47675, 10000, 65526, 0, -0.9607843137254902, 0.011919424689101671]
[47675, 10000, 65528, 0, -0.9607843137254902, 0.011919424689101671]
[47673, 10000, 65529, 0, -0.9607843137254902, 0.011919424689101671]
[47672, 10000, 65530, 0, -0.9607843137254902, 0.011919424689101671]
[47671, 10000, 65531, 0, -0.9007352941176471, 0.011919424689101671]
[47670, 10000, 65532, 0, -0.9007352941176471, 0.011919424689101671]
[47670, 10000, 65533, 0, -0.9007352941176471, 0.011919424689101671]
[47670, 10000, 65533, 0, -0.9007352941176471, 0.011919424689101671]
[47670, 10000, 65534, 0, -0.9007352941176471, 0.011919424689101671]
[47670, 10000, 65534, 0, -0.9007352941176471, 0.011919424689101671]
[47670, 10000, 65534, 0, -0.9607843137254902, 0.011919424689101671]
[47670, 10000, 65535, 0, -0.9607843137254902, 0.011919424689101671]
[47670, 10000, 65535, 0, -0.9607843137254902, 0.011919424689101671]
[47682, 10000, 2, 0, -0.9607843137254902, 0.011919424689101671]
[47703, 10000, 4, 0, -1.0208333333333335, 0.011919424689101671]
[47721, 10000, 6, 0, -1.2009803921568627, 0.01271405300170845]
[47741, 10000, 8, 0, -1.2610294117647058, 0.01271405300170845]
[47759, 10000, 9, 0, -1.321078431372549, 0.011919424689101671]
[47776, 10000, 10, 0, -1.321078431372549, 0.011919424689101671]
[47793, 10000, 11, 0, -1.321078431372549, 0.011919424689101671]
[47811, 10000, 11, 0, -1.321078431372549, 0.011919424689101671]
[47832, 10000, 12, 0, -1.3811274509803921, 0.011919424689101671]
[47850, 10000, 13, 0, -1.3811274509803921, 0.011919424689101671]
[47868, 10000, 13, 0, -1.3811274509803921, 0.011919424689101671]
[47887, 10000, 13, 0, -1.3811274509803921, 0.011919424689101671]
[47907, 10000, 13, 0, -1.3811274509803921, 0.011919424689101671]
[47925, 10000, 14, 0, -1.3811274509803921, 0.011919424689101671]
[47943, 10000, 14, 0, -1.3811274509803921, 0.011919424689101671]
[47970, 10000, 13, 0, -1.3811274509803921, 0.011919424689101671]
[47990, 10000, 13, 0, -1.3811274509803921, 0.011124796376494895]
[48008, 10000, 14, 0, -1.4411764705882353, 0.011124796376494895]
[48027, 10000, 14, 0, -1.4411764705882353, 0.011124796376494895]
[48046, 10000, 14, 0, -1.4411764705882353, 0.011124796376494895]
[48066, 10000, 14, 0, -1.4411764705882353, 0.011124796376494895]
[48084, 10000, 14, 0, -1.4411764705882353, 0.011124796376494895]
[48102, 10000, 15, 0, -1.4411764705882353, 0.011124796376494895]
[48118, 10000, 15, 0, -1.4411764705882353, 0.011124796376494895]
[48137, 10000, 15, 0, -1.4411764705882353, 0.011124796376494895]
[48157, 10000, 15, 0, -1.4411764705882353, 0.011124796376494895]
[48174, 10000, 15, 0, -1.4411764705882353, 0.011124796376494895]
[48190, 10000, 15, 0, -1.4411764705882353, 0.011124796376494895]
[48209, 10000, 15, 0, -1.4411764705882353, 0.011124796376494895]
[48229, 10000, 15, 0, -1.4411764705882353, 0.011124796376494895]
[48249, 10000, 15, 0, -1.4411764705882353, 0.011124796376494895]
[48269, 10000, 15, 0, -1.4411764705882353, 0.011124796376494895]
[48289, 10000, 15, 0, -1.4411764705882353, 0.011124796376494895]
[48310, 10000, 15, 0, -1.4411764705882353, 0.011124796376494895]
[48330, 10000, 15, 0, -1.4411764705882353, 0.011124796376494895]
[48350, 10000, 15, 0, -1.4411764705882353, 0.011124796376494895]
[48370, 10000, 15, 0, -1.4411764705882353, 0.011124796376494895]
[48391, 10000, 15, 0, -1.4411764705882353, 0.011124796376494895]
[48411, 10000, 15, 0, -1.4411764705882353, 0.011124796376494895]
[48431, 10000, 15, 0, -1.5012254901960784, 0.011124796376494895]
[48452, 10000, 15, 0, -1.5012254901960784, 0.011124796376494895]
[48472, 10000, 15, 0, -1.5012254901960784, 0.011124796376494895]
[48493, 10000, 15, 0, -1.5012254901960784, 0.011124796376494895]
[48512, 10000, 15, 0, -1.5012254901960784, 0.011124796376494895]
[48532, 10000, 15, 0, -1.5012254901960784, 0.011124796376494895]
[48553, 10000, 15, 0, -1.5012254901960784, 0.011124796376494895]
[48573, 10000, 15, 0, -1.5012254901960784, 0.010330168063888116]
[48593, 10000, 15, 0, -1.5012254901960784, 0.010330168063888116]
[48613, 10000, 15, 0, -1.5612745098039214, 0.010330168063888116]
[48634, 10000, 15, 0, -1.5612745098039214, 0.010330168063888116]
[48654, 10000, 15, 0, -1.5612745098039214, 0.010330168063888116]
[48673, 10000, 15, 0, -1.5612745098039214, 0.010330168063888116]
[48693, 10000, 15, 0, -1.5612745098039214, 0.010330168063888116]
[48714, 10000, 15, 0, -1.5612745098039214, 0.010330168063888116]
[48734, 10000, 15, 0, -1.5612745098039214, 0.010330168063888116]
[48754, 10000, 15, 0, -1.5612745098039214, 0.010330168063888116]
[48774, 10000, 15, 0, -1.5612745098039214, 0.010330168063888116]
[48795, 10000, 15, 0, -1.5612745098039214, 0.010330168063888116]
[48815, 10000, 15, 0, -1.5612745098039214, 0.010330168063888116]
[48835, 10000, 15, 0, -1.5612745098039214, 0.010330168063888116]
[48855, 10000, 15, 0, -1.5612745098039214, 0.010330168063888116]
[48876, 10000, 15, 0, -1.5612745098039214, 0.010330168063888116]
[48897, 10000, 15, 0, -1.6213235294117647, 0.010330168063888116]
[48916, 10000, 15, 0, -1.6213235294117647, 0.010330168063888116]
[48937, 10000, 15, 0, -1.6213235294117647, 0.011124796376494895]
[48957, 10000, 15, 0, -1.5612745098039214, 0.011124796376494895]
[48977, 10000, 15, 0, -1.5612745098039214, 0.011124796376494895]
[49000, 10000, 15, 0, -1.5612745098039214, 0.011124796376494895]
[49018, 10000, 15, 0, -1.5612745098039214, 0.011124796376494895]
[49038, 10000, 15, 0, -1.5612745098039214, 0.011124796376494895]
[49058, 10000, 15, 0, -1.5012254901960784, 0.011124796376494895]
[49078, 10000, 15, 0, -1.5012254901960784, 0.011124796376494895]
[49098, 10000, 15, 0, -1.5012254901960784, 0.011124796376494895]
[49118, 10000, 15, 0, -1.5012254901960784, 0.011124796376494895]
[49138, 10000, 15, 0, -1.5012254901960784, 0.011124796376494895]
[49158, 10000, 15, 0, -1.5012254901960784, 0.011124796376494895]
[49178, 10000, 15, 0, -1.5012254901960784, 0.011124796376494895]
[49198, 10000, 15, 0, -1.5012254901960784, 0.011124796376494895]
[49218, 10000, 15, 0, -1.5012254901960784, 0.011124796376494895]
[49238, 10000, 15, 0, -1.5012254901960784, 0.011124796376494895]
[49257, 10000, 15, 0, -1.5012254901960784, 0.011124796376494895]
[49278, 10000, 15, 0, -1.5012254901960784, 0.011124796376494895]
[49298, 10000, 15, 0, -1.5012254901960784, 0.011124796376494895]
[49318, 10000, 15, 0, -1.5012254901960784, 0.011124796376494895]
[49338, 10000, 15, 0, -1.5012254901960784, 0.011124796376494895]
[49358, 10000, 15, 0, -1.5012254901960784, 0.011124796376494895]
[49379, 10000, 15, 0, -1.5012254901960784, 0.011124796376494895]
[49400, 10000, 15, 0, -1.5012254901960784, 0.011124796376494895]
[49418, 10000, 15, 0, -1.5012254901960784, 0.011124796376494895]
[49439, 10000, 15, 0, -1.5012254901960784, 0.011124796376494895]
[49459, 10000, 15, 0, -1.5012254901960784, 0.011124796376494895]
[49479, 10000, 15, 0, -1.5012254901960784, 0.011124796376494895]
[49499, 10000, 15, 0, -1.5012254901960784, 0.011124796376494895]
[49519, 10000, 15, 0, -1.5012254901960784, 0.011124796376494895]
[49539, 10000, 15, 0, -1.5012254901960784, 0.011124796376494895]
[49559, 10000, 15, 0, -1.5012254901960784, 0.011124796376494895]
[49579, 10000, 15, 0, -1.4411764705882353, 0.011124796376494895]
[49599, 10000, 15, 0, -1.4411764705882353, 0.011124796376494895]
[49618, 10000, 15, 0, -1.4411764705882353, 0.011124796376494895]
[49638, 10000, 15, 0, -1.4411764705882353, 0.011124796376494895]
[49658, 10000, 15, 0, -1.4411764705882353, 0.011124796376494895]
[49678, 10000, 15, 0, -1.4411764705882353, 0.011124796376494895]
[49698, 10000, 15, 0, -1.4411764705882353, 0.011124796376494895]
[49718, 10000, 15, 0, -1.5012254901960784, 0.011124796376494895]
[49737, 10000, 15, 0, -1.5012254901960784, 0.011124796376494895]
[49758, 10000, 15, 0, -1.5012254901960784, 0.011124796376494895]
[49778, 10000, 15, 0, -1.5012254901960784, 0.011124796376494895]
[49797, 10000, 15, 0, -1.5012254901960784, 0.011124796376494895]
[49817, 10000, 15, 0, -1.5012254901960784, 0.011124796376494895]
[49838, 10000, 15, 0, -1.5012254901960784, 0.011124796376494895]
[49858, 10000, 15, 0, -1.5012254901960784, 0.011124796376494895]
[49877, 10000, 15, 0, -1.5012254901960784, 0.011124796376494895]
[49897, 10000, 15, 0, -1.4411764705882353, 0.011124796376494895]
[49918, 10000, 15, 0, -1.4411764705882353, 0.011124796376494895]
[49938, 10000, 15, 0, -1.4411764705882353, 0.011124796376494895]
[49957, 10000, 15, 0, -1.4411764705882353, 0.011124796376494895]
[49977, 10000, 15, 0, -1.4411764705882353, 0.011124796376494895]
[49998, 10000, 15, 0, -1.4411764705882353, 0.011124796376494895]
[50018, 10000, 15, 0, -1.4411764705882353, 0.011124796376494895]
[50038, 10000, 15, 0, -1.4411764705882353, 0.011124796376494895]
[50059, 10000, 15, 0, -1.4411764705882353, 0.011124796376494895]
[50077, 10000, 15, 0, -1.4411764705882353, 0.011124796376494895]
[50097, 10000, 15, 0, -1.4411764705882353, 0.011124796376494895]
[50117, 10000, 15, 0, -1.4411764705882353, 0.011124796376494895]
[50137, 10000, 15, 0, -1.4411764705882353, 0.011124796376494895]
[50157, 10000, 15, 0, -1.4411764705882353, 0.011124796376494895]
[50177, 10000, 15, 0, -1.4411764705882353, 0.011124796376494895]
[50196, 10000, 15, 0, -1.4411764705882353, 0.011124796376494895]
[50216, 10000, 15, 0, -1.4411764705882353, 0.011124796376494895]
[50236, 10000, 15, 0, -1.4411764705882353, 0.011124796376494895]
[50256, 10000, 15, 0, -1.4411764705882353, 0.011124796376494895]
[50276, 10000, 15, 0, -1.4411764705882353, 0.011124796376494895]
[50296, 10000, 15, 0, -1.4411764705882353, 0.011124796376494895]
[50317, 10000, 15, 0, -1.4411764705882353, 0.011124796376494895]
[50337, 10000, 15, 0, -1.4411764705882353, 0.011124796376494895]
[50356, 10000, 15, 0, -1.4411764705882353, 0.011124796376494895]
[50376, 10000, 15, 0, -1.4411764705882353, 0.011124796376494895]
[50397, 10000, 15, 0, -1.4411764705882353, 0.011124796376494895]
[50417, 10000, 15, 0, -1.4411764705882353, 0.011124796376494895]
[50436, 10000, 15, 0, -1.4411764705882353, 0.011124796376494895]
[50456, 10000, 15, 0, -1.4411764705882353, 0.011124796376494895]
[50477, 10000, 15, 0, -1.4411764705882353, 0.011124796376494895]
[50497, 10000, 15, 0, -1.4411764705882353, 0.011124796376494895]
[50517, 10000, 15, 0, -1.4411764705882353, 0.011124796376494895]
[50537, 10000, 15, 0, -1.4411764705882353, 0.011124796376494895]
[50557, 10000, 15, 0, -1.4411764705882353, 0.011124796376494895]
[50579, 10000, 15, 0, -1.4411764705882353, 0.011124796376494895]
[50598, 10000, 15, 0, -1.4411764705882353, 0.011124796376494895]
[50617, 10000, 15, 0, -1.4411764705882353, 0.011124796376494895]
[50638, 10000, 15, 0, -1.4411764705882353, 0.011124796376494895]
[50657, 10000, 15, 0, -1.4411764705882353, 0.011124796376494895]
[50677, 10000, 15, 0, -1.4411764705882353, 0.011124796376494895]
[50697, 10000, 15, 0, -1.4411764705882353, 0.011124796376494895]
[50717, 10000, 15, 0, -1.4411764705882353, 0.011124796376494895]
[50737, 10000, 15, 0, -1.4411764705882353, 0.011124796376494895]
[50757, 10000, 15, 0, -1.4411764705882353, 0.011124796376494895]
[50779, 10000, 15, 0, -1.4411764705882353, 0.011124796376494895]
[50797, 10000, 15, 0, -1.4411764705882353, 0.011124796376494895]
[50819, 10000, 15, 0, -1.4411764705882353, 0.011124796376494895]
[50837, 10000, 15, 0, -1.4411764705882353, 0.011124796376494895]
[50857, 10000, 15, 0, -1.4411764705882353, 0.011124796376494895]
[50878, 10000, 15, 0, -1.4411764705882353, 0.011124796376494895]
[50898, 10000, 15, 0, -1.4411764705882353, 0.011124796376494895]
[50917, 10000, 15, 0, -1.4411764705882353, 0.011124796376494895]
[50938, 10000, 15, 0, -1.4411764705882353, 0.011124796376494895]
[50958, 10000, 15, 0, -1.4411764705882353, 0.011124796376494895]
[50978, 10000, 15, 0, -1.4411764705882353, 0.011124796376494895]
[50997, 10000, 15, 0, -1.4411764705882353, 0.011124796376494895]
[51018, 10000, 15, 0, -1.4411764705882353, 0.011919424689101671]
[51039, 10000, 15, 0, -1.4411764705882353, 0.011124796376494895]
[51058, 10000, 15, 0, -1.4411764705882353, 0.011124796376494895]
[51078, 10000, 15, 0, -1.4411764705882353, 0.011124796376494895]
[51098, 10000, 15, 0, -1.4411764705882353, 0.011124796376494895]
[51118, 10000, 15, 0, -1.4411764705882353, 0.011124796376494895]
[51138, 10000, 15, 0, -1.4411764705882353, 0.011124796376494895]
[51157, 10000, 15, 0, -1.4411764705882353, 0.011124796376494895]
[51177, 10000, 15, 0, -1.4411764705882353, 0.011124796376494895]
[51198, 10000, 15, 0, -1.4411764705882353, 0.011124796376494895]
[51218, 10000, 15, 0, -1.4411764705882353, 0.011124796376494895]
[51237, 10000, 15, 0, -1.4411764705882353, 0.011124796376494895]
[51257, 10000, 15, 0, -1.4411764705882353, 0.011124796376494895]
[51277, 10000, 15, 0, -1.4411764705882353, 0.011124796376494895]
[51297, 10000, 15, 0, -1.4411764705882353, 0.011124796376494895]
[51317, 10000, 15, 0, -1.4411764705882353, 0.011124796376494895]
[51337, 10000, 15, 0, -1.4411764705882353, 0.011919424689101671]
[51357, 10000, 15, 0, -1.4411764705882353, 0.011919424689101671]
[51377, 10000, 15, 0, -1.4411764705882353, 0.011919424689101671]
[51397, 10000, 15, 0, -1.4411764705882353, 0.011919424689101671]
[51417, 10000, 15, 0, -1.4411764705882353, 0.011124796376494895]
[51438, 10000, 15, 0, -1.4411764705882353, 0.011124796376494895]
[51458, 10000, 15, 0, -1.4411764705882353, 0.011124796376494895]
[51478, 10000, 15, 0, -1.4411764705882353, 0.011124796376494895]
[51497, 10000, 15, 0, -1.4411764705882353, 0.011124796376494895]
[51518, 10000, 15, 0, -1.4411764705882353, 0.011124796376494895]
[51538, 10000, 15, 0, -1.4411764705882353, 0.011124796376494895]
[51560, 10000, 15, 0, -1.4411764705882353, 0.011124796376494895]
[51578, 10000, 15, 0, -1.4411764705882353, 0.011124796376494895]
[51598, 10000, 15, 0, -1.4411764705882353, 0.011124796376494895]
[51622, 10000, 13, 0, -1.5012254901960784, 0.011124796376494895]
[51622, 10000, 11, 0, -1.5012254901960784, 0.011124796376494895]
[51621, 10000, 9, 0, -1.4411764705882353, 0.011124796376494895]
[51621, 10000, 8, 0, -1.4411764705882353, 0.011124796376494895]
[51620, 10000, 6, 0, -1.4411764705882353, 0.011124796376494895]
[51619, 10000, 5, 0, -1.3811274509803921, 0.011124796376494895]
[51618, 10000, 4, 0, -1.3811274509803921, 0.010330168063888116]
[51618, 10000, 3, 0, -1.3811274509803921, 0.010330168063888116]
[51618, 10000, 2, 0, -1.3811274509803921, 0.010330168063888116]
[51618, 10000, 2, 0, -1.3811274509803921, 0.010330168063888116]
[51617, 10000, 2, 0, -1.3811274509803921, 0.010330168063888116]
[51617, 10000, 1, 0, -1.3811274509803921, 0.010330168063888116]
[51617, 10000, 1, 0, -1.3811274509803921, 0.010330168063888116]
[51617, 10000, 1, 0, -1.3811274509803921, 0.010330168063888116]
[51617, 10000, 1, 0, -1.3811274509803921, 0.010330168063888116]
[51617, 10000, 1, 0, -1.3811274509803921, 0.010330168063888116]
[51619, 10000, 0, 0, -1.3811274509803921, 0.010330168063888116]
[51603, 10000, 65534, 0, -1.3811274509803921, 0.010330168063888116]
[51583, 10000, 65531, 0, -1.321078431372549, 0.010330168063888116]
[51564, 10000, 65530, 0, -1.2009803921568627, 0.010330168063888116]
[51546, 10000, 65528, 0, -1.1409313725490196, 0.010330168063888116]
[51528, 10000, 65527, 0, -1.1409313725490196, 0.010330168063888116]
[51511, 10000, 65526, 0, -1.1409313725490196, 0.011124796376494895]
[51492, 10000, 65525, 0, -1.1409313725490196, 0.011124796376494895]
[51475, 10000, 65525, 0, -1.1409313725490196, 0.011124796376494895]
[51456, 10000, 65524, 0, -1.1409313725490196, 0.011124796376494895]
[51438, 10000, 65524, 0, -1.1409313725490196, 0.011124796376494895]
[51419, 10000, 65523, 0, -1.1409313725490196, 0.011124796376494895]
[51401, 10000, 65523, 0, -1.1409313725490196, 0.011124796376494895]
[51382, 10000, 65522, 0, -1.1409313725490196, 0.011124796376494895]
[51352, 10000, 65523, 0, -1.1409313725490196, 0.011124796376494895]
[51334, 10000, 65523, 0, -1.1409313725490196, 0.011124796376494895]
[51316, 10000, 65522, 0, -1.1409313725490196, 0.011124796376494895]
[51296, 10000, 65522, 0, -1.1409313725490196, 0.011124796376494895]
[51277, 10000, 65522, 0, -1.1409313725490196, 0.011124796376494895]
[51256, 10000, 65522, 0, -1.1409313725490196, 0.011124796376494895]
[51237, 10000, 65522, 0, -1.1409313725490196, 0.011124796376494895]
[51220, 10000, 65522, 0, -1.1409313725490196, 0.011124796376494895]
[51197, 10000, 65522, 0, -1.1409313725490196, 0.011124796376494895]
[51178, 10000, 65521, 0, -1.1409313725490196, 0.011124796376494895]
[51160, 10000, 65521, 0, -1.0808823529411764, 0.011124796376494895]
[51142, 10000, 65521, 0, -1.0808823529411764, 0.011124796376494895]
[51123, 10000, 65521, 0, -1.0808823529411764, 0.011124796376494895]
[51105, 10000, 65521, 0, -1.0808823529411764, 0.011124796376494895]
[51087, 10000, 65521, 0, -1.0808823529411764, 0.011124796376494895]
[51068, 10000, 65521, 0, -1.0808823529411764, 0.011124796376494895]
[51050, 10000, 65521, 0, -1.0808823529411764, 0.011124796376494895]
[51032, 10000, 65521, 0, -1.0808823529411764, 0.011124796376494895]
[51014, 10000, 65521, 0, -1.0808823529411764, 0.011124796376494895]
[50995, 10000, 65521, 0, -1.0808823529411764, 0.011124796376494895]
[50975, 10000, 65521, 0, -1.0808823529411764, 0.011124796376494895]
[50955, 10000, 65521, 0, -1.0808823529411764, 0.011124796376494895]
[50935, 10000, 65521, 0, -1.0808823529411764, 0.011124796376494895]
[50915, 10000, 65521, 0, -1.0808823529411764, 0.011124796376494895]
[50895, 10000, 65521, 0, -1.0808823529411764, 0.011124796376494895]
[50875, 10000, 65521, 0, -1.0808823529411764, 0.011124796376494895]
[50855, 10000, 65521, 0, -1.0808823529411764, 0.011124796376494895]
[50834, 10000, 65521, 0, -1.0808823529411764, 0.011124796376494895]
[50814, 10000, 65521, 0, -1.0808823529411764, 0.011124796376494895]
[50795, 10000, 65521, 0, -1.0808823529411764, 0.011124796376494895]
[50774, 10000, 65521, 0, -1.0808823529411764, 0.011124796376494895]
[50754, 10000, 65521, 0, -1.0808823529411764, 0.011124796376494895]
[50734, 10000, 65521, 0, -1.0808823529411764, 0.011124796376494895]
[50714, 10000, 65521, 0, -1.0808823529411764, 0.011124796376494895]
[50694, 10000, 65521, 0, -1.0808823529411764, 0.011124796376494895]
[50675, 10000, 65521, 0, -1.0808823529411764, 0.011124796376494895]
[50655, 10000, 65521, 0, -1.0808823529411764, 0.011124796376494895]
[50635, 10000, 65521, 0, -1.0808823529411764, 0.011124796376494895]
[50613, 10000, 65521, 0, -1.0808823529411764, 0.011124796376494895]
[50595, 10000, 65521, 0, -1.0808823529411764, 0.011124796376494895]
[50575, 10000, 65521, 0, -1.0808823529411764, 0.011124796376494895]
[50555, 10000, 65521, 0, -1.0808823529411764, 0.011124796376494895]
[50535, 10000, 65521, 0, -1.0808823529411764, 0.011124796376494895]
[50515, 10000, 65521, 0, -1.0808823529411764, 0.011124796376494895]
[50495, 10000, 65521, 0, -1.0808823529411764, 0.011124796376494895]
[50475, 10000, 65521, 0, -1.0808823529411764, 0.011124796376494895]
[50455, 10000, 65521, 0, -1.0808823529411764, 0.011124796376494895]
[50434, 10000, 65521, 0, -1.0808823529411764, 0.011124796376494895]
[50415, 10000, 65521, 0, -1.0808823529411764, 0.011124796376494895]
[50395, 10000, 65521, 0, -1.0808823529411764, 0.011124796376494895]
[50375, 10000, 65521, 0, -1.0808823529411764, 0.011124796376494895]
[50354, 10000, 65521, 0, -1.0808823529411764, 0.011124796376494895]
[50334, 10000, 65521, 0, -1.0808823529411764, 0.011124796376494895]
[50313, 10000, 65521, 0, -1.0808823529411764, 0.011124796376494895]
[50294, 10000, 65521, 0, -1.0808823529411764, 0.011124796376494895]
[50274, 10000, 65521, 0, -1.0208333333333335, 0.011124796376494895]
[50254, 10000, 65521, 0, -1.0208333333333335, 0.011124796376494895]
[50234, 10000, 65521, 0, -1.0808823529411764, 0.011124796376494895]
[50212, 10000, 65521, 0, -1.0808823529411764, 0.011124796376494895]
[50195, 10000, 65521, 0, -1.0808823529411764, 0.011124796376494895]
[50175, 10000, 65521, 0, -1.0808823529411764, 0.011124796376494895]
[50154, 10000, 65521, 0, -1.0208333333333335, 0.011124796376494895]
[50135, 10000, 65521, 0, -1.0808823529411764, 0.011124796376494895]
[50115, 10000, 65521, 0, -1.0808823529411764, 0.011124796376494895]
[50095, 10000, 65521, 0, -1.0808823529411764, 0.011124796376494895]
[50075, 10000, 65521, 0, -1.0808823529411764, 0.011124796376494895]
[50055, 10000, 65521, 0, -1.0808823529411764, 0.011124796376494895]
[50034, 10000, 65521, 0, -1.0208333333333335, 0.011124796376494895]
[50015, 10000, 65521, 0, -1.0208333333333335, 0.011124796376494895]
[49995, 10000, 65521, 0, -1.0208333333333335, 0.011124796376494895]
[49975, 10000, 65521, 0, -1.0208333333333335, 0.011124796376494895]
[49955, 10000, 65521, 0, -1.0208333333333335, 0.011124796376494895]
[49933, 10000, 65521, 0, -1.0208333333333335, 0.011124796376494895]
[49915, 10000, 65521, 0, -1.0208333333333335, 0.011124796376494895]
[49895, 10000, 65521, 0, -1.0208333333333335, 0.011124796376494895]
[49875, 10000, 65521, 0, -1.0208333333333335, 0.011124796376494895]
[49855, 10000, 65521, 0, -1.0208333333333335, 0.011124796376494895]
[49835, 10000, 65521, 0, -1.0208333333333335, 0.011124796376494895]
[49815, 10000, 65521, 0, -1.0208333333333335, 0.011124796376494895]
[49795, 10000, 65521, 0, -1.0208333333333335, 0.011124796376494895]
[49775, 10000, 65521, 0, -1.0208333333333335, 0.011124796376494895]
[49755, 10000, 65521, 0, -1.0208333333333335, 0.011124796376494895]
[49735, 10000, 65521, 0, -1.0208333333333335, 0.011124796376494895]
[49715, 10000, 65521, 0, -1.0208333333333335, 0.011124796376494895]
[49695, 10000, 65521, 0, -1.0208333333333335, 0.011124796376494895]
[49675, 10000, 65521, 0, -1.0208333333333335, 0.011919424689101671]
[49656, 10000, 65521, 0, -1.0208333333333335, 0.011919424689101671]
[49636, 10000, 65521, 0, -1.0208333333333335, 0.011919424689101671]
[49616, 10000, 65521, 0, -1.0208333333333335, 0.011919424689101671]
[49596, 10000, 65521, 0, -1.0208333333333335, 0.011919424689101671]
[49576, 10000, 65521, 0, -1.0208333333333335, 0.011919424689101671]
[49556, 10000, 65521, 0, -1.0208333333333335, 0.011919424689101671]
[49536, 10000, 65521, 0, -1.0208333333333335, 0.011919424689101671]
[49516, 10000, 65521, 0, -1.0208333333333335, 0.011919424689101671]
[49496, 10000, 65521, 0, -1.0208333333333335, 0.011919424689101671]
[49476, 10000, 65521, 0, -1.0208333333333335, 0.011919424689101671]
[49456, 10000, 65521, 0, -1.0208333333333335, 0.011919424689101671]
[49436, 10000, 65521, 0, -1.0208333333333335, 0.011919424689101671]
[49416, 10000, 65521, 0, -1.0208333333333335, 0.011919424689101671]
[49396, 10000, 65521, 0, -1.0208333333333335, 0.011919424689101671]
[49376, 10000, 65521, 0, -1.0208333333333335, 0.011919424689101671]
[49356, 10000, 65521, 0, -1.0208333333333335, 0.011919424689101671]
[49336, 10000, 65521, 0, -1.0208333333333335, 0.011919424689101671]
[49316, 10000, 65521, 0, -1.0208333333333335, 0.011919424689101671]
[49295, 10000, 65521, 0, -1.0208333333333335, 0.011919424689101671]
[49275, 10000, 65521, 0, -1.0208333333333335, 0.011919424689101671]
[49255, 10000, 65521, 0, -1.0208333333333335, 0.011919424689101671]
[49235, 10000, 65521, 0, -1.0208333333333335, 0.011919424689101671]
[49215, 10000, 65521, 0, -1.0208333333333335, 0.011919424689101671]
[49196, 10000, 65521, 0, -1.0208333333333335, 0.011919424689101671]
[49175, 10000, 65521, 0, -1.0208333333333335, 0.01271405300170845]
[49156, 10000, 65521, 0, -1.0208333333333335, 0.011919424689101671]
[49135, 10000, 65521, 0, -1.0208333333333335, 0.011919424689101671]
[49116, 10000, 65521, 0, -1.0208333333333335, 0.011919424689101671]
[49095, 10000, 65521, 0, -1.0208333333333335, 0.011919424689101671]
[49075, 10000, 65521, 0, -1.0208333333333335, 0.01271405300170845]
[49055, 10000, 65521, 0, -0.9607843137254902, 0.01271405300170845]
[49035, 10000, 65521, 0, -0.9607843137254902, 0.01271405300170845]
[49015, 10000, 65521, 0, -0.9607843137254902, 0.01271405300170845]
[48995, 10000, 65521, 0, -0.9607843137254902, 0.01271405300170845]
[48974, 10000, 65521, 0, -0.9607843137254902, 0.01271405300170845]
[48955, 10000, 65521, 0, -1.0208333333333335, 0.01271405300170845]
[48934, 10000, 65521, 0, -1.0208333333333335, 0.01271405300170845]
[48914, 10000, 65521, 0, -1.0208333333333335, 0.01271405300170845]
[48891, 10000, 65521, 0, -1.0208333333333335, 0.01271405300170845]
[48873, 10000, 65521, 0, -1.0208333333333335, 0.01271405300170845]
[48853, 10000, 65521, 0, -1.0208333333333335, 0.01271405300170845]
[48833, 10000, 65521, 0, -1.0208333333333335, 0.01271405300170845]
[48812, 10000, 65521, 0, -1.0208333333333335, 0.01271405300170845]
[48790, 10000, 65521, 0, -1.0208333333333335, 0.01271405300170845]
[48772, 10000, 65521, 0, -1.0208333333333335, 0.01271405300170845]
[48751, 10000, 65521, 0, -1.0208333333333335, 0.01271405300170845]
[48732, 10000, 65521, 0, -1.0208333333333335, 0.01271405300170845]
[48712, 10000, 65521, 0, -1.0208333333333335, 0.01271405300170845]
[48691, 10000, 65521, 0, -1.0208333333333335, 0.01271405300170845]
[48671, 10000, 65521, 0, -0.9607843137254902, 0.01271405300170845]
[48651, 10000, 65521, 0, -0.9607843137254902, 0.01271405300170845]
[48629, 10000, 65521, 0, -0.9607843137254902, 0.01271405300170845]
[48610, 10000, 65521, 0, -0.9607843137254902, 0.011919424689101671]
[48591, 10000, 65521, 0, -0.9607843137254902, 0.011919424689101671]
[48571, 10000, 65521, 0, -0.9607843137254902, 0.011919424689101671]
[48551, 10000, 65521, 0, -0.9607843137254902, 0.011919424689101671]
[48530, 10000, 65521, 0, -0.9607843137254902, 0.011919424689101671]
[48510, 10000, 65521, 0, -0.9607843137254902, 0.011919424689101671]
[48490, 10000, 65521, 0, -0.9607843137254902, 0.011919424689101671]
[48470, 10000, 65521, 0, -0.9607843137254902, 0.011919424689101671]
[48450, 10000, 65521, 0, -0.9607843137254902, 0.011919424689101671]
[48429, 10000, 65521, 0, -0.9607843137254902, 0.011919424689101671]
[48409, 10000, 65521, 0, -0.9607843137254902, 0.011919424689101671]
[48389, 10000, 65521, 0, -0.9607843137254902, 0.011919424689101671]
[48368, 10000, 65521, 0, -0.9607843137254902, 0.011919424689101671]
[48348, 10000, 65521, 0, -0.9607843137254902, 0.011919424689101671]
[48328, 10000, 65521, 0, -0.9007352941176471, 0.011919424689101671]
[48308, 10000, 65521, 0, -0.9007352941176471, 0.011919424689101671]
[48288, 10000, 65521, 0, -0.9007352941176471, 0.011919424689101671]
[48267, 10000, 65521, 0, -0.9007352941176471, 0.011919424689101671]
[48247, 10000, 65521, 0, -0.9607843137254902, 0.011919424689101671]
[48228, 10000, 65521, 0, -0.9607843137254902, 0.011919424689101671]
[48207, 10000, 65521, 0, -0.9607843137254902, 0.011919424689101671]
[48187, 10000, 65521, 0, -0.9607843137254902, 0.011919424689101671]
[48167, 10000, 65521, 0, -0.9607843137254902, 0.011919424689101671]
[48146, 10000, 65521, 0, -0.9607843137254902, 0.011919424689101671]
[48127, 10000, 65521, 0, -0.9607843137254902, 0.011919424689101671]
[48107, 10000, 65521, 0, -0.9607843137254902, 0.011919424689101671]
[48087, 10000, 65521, 0, -0.9607843137254902, 0.011919424689101671]
[48067, 10000, 65521, 0, -0.9607843137254902, 0.011919424689101671]
[48046, 10000, 65521, 0, -0.9607843137254902, 0.011919424689101671]
[48027, 10000, 65521, 0, -0.9607843137254902, 0.011919424689101671]
[48007, 10000, 65521, 0, -0.9607843137254902, 0.011919424689101671]
[47987, 10000, 65521, 0, -0.9607843137254902, 0.011919424689101671]
[47967, 10000, 65521, 0, -0.9607843137254902, 0.011919424689101671]
[47947, 10000, 65521, 0, -0.9607843137254902, 0.011919424689101671]
[47927, 10000, 65521, 0, -0.9607843137254902, 0.011919424689101671]
[47907, 10000, 65521, 0, -0.9607843137254902, 0.011919424689101671]
[47884, 10000, 65521, 0, -0.9607843137254902, 0.011919424689101671]
[47865, 10000, 65521, 0, -0.9607843137254902, 0.011919424689101671]
[47846, 10000, 65521, 0, -0.9607843137254902, 0.011919424689101671]
[47826, 10000, 65521, 0, -0.9607843137254902, 0.011919424689101671]
[47806, 10000, 65521, 0, -0.9607843137254902, 0.011919424689101671]
[47786, 10000, 65521, 0, -0.9007352941176471, 0.011919424689101671]
[47766, 10000, 65521, 0, -0.9007352941176471, 0.011919424689101671]
[47747, 10000, 65521, 0, -0.9007352941176471, 0.011919424689101671]
[47726, 10000, 65521, 0, -0.9007352941176471, 0.011919424689101671]
[47706, 10000, 65521, 0, -0.9007352941176471, 0.011919424689101671]
[47686, 10000, 65521, 0, -0.9607843137254902, 0.011919424689101671]
[47664, 10000, 65523, 0, -0.9607843137254902, 0.011919424689101671]
[47662, 10000, 65525, 0, -0.9607843137254902, 0.011919424689101671]
[47660, 10000, 65526, 0, -0.9607843137254902, 0.011124796376494895]
[47659, 10000, 65528, 0, -0.9607843137254902, 0.011919424689101671]
[47657, 10000, 65529, 0, -0.9607843137254902, 0.011919424689101671]
[47657, 10000, 65530, 0, -0.9607843137254902, 0.011919424689101671]
[47657, 10000, 65531, 0, -0.9607843137254902, 0.011919424689101671]
[47657, 10000, 65532, 0, -0.9607843137254902, 0.011919424689101671]
[47656, 10000, 65533, 0, -0.9607843137254902, 0.011919424689101671]
[47656, 10000, 65533, 0, -0.9607843137254902, 0.011919424689101671]
[47656, 10000, 65534, 0, -0.9607843137254902, 0.011919424689101671]
[47655, 10000, 65534, 0, -0.9607843137254902, 0.011919424689101671]
[47655, 10000, 65534, 0, -0.9607843137254902, 0.011919424689101671]
[47655, 10000, 65535, 0, -0.9607843137254902, 0.011919424689101671]
[47666, 10000, 1, 0, -0.9607843137254902, 0.011919424689101671]
[47686, 10000, 4, 0, -0.9607843137254902, 0.011919424689101671]
[47704, 10000, 6, 0, -1.1409313725490196, 0.01271405300170845]
[47725, 10000, 7, 0, -1.2610294117647058, 0.01271405300170845]
[47745, 10000, 9, 0, -1.321078431372549, 0.011919424689101671]
[47763, 10000, 10, 0, -1.321078431372549, 0.011919424689101671]
[47781, 10000, 11, 0, -1.321078431372549, 0.011919424689101671]
[47799, 10000, 11, 0, -1.321078431372549, 0.011919424689101671]
[47817, 10000, 12, 0, -1.3811274509803921, 0.011919424689101671]
[47836, 10000, 13, 0, -1.3811274509803921, 0.011919424689101671]
[47852, 10000, 13, 0, -1.3811274509803921, 0.011919424689101671]
[47877, 10000, 13, 0, -1.3811274509803921, 0.011919424689101671]
[47894, 10000, 14, 0, -1.3811274509803921, 0.011919424689101671]
[47914, 10000, 14, 0, -1.3811274509803921, 0.011919424689101671]
[47933, 10000, 14, 0, -1.3811274509803921, 0.011919424689101671]
[47950, 10000, 14, 0, -1.4411764705882353, 0.011919424689101671]
[47969, 10000, 14, 0, -1.4411764705882353, 0.011919424689101671]
[47988, 10000, 14, 0, -1.4411764705882353, 0.011919424689101671]
[48007, 10000, 14, 0, -1.4411764705882353, 0.011919424689101671]
[48027, 10000, 14, 0, -1.4411764705882353, 0.011124796376494895]
[48046, 10000, 14, 0, -1.4411764705882353, 0.011124796376494895]
[48066, 10000, 15, 0, -1.4411764705882353, 0.011124796376494895]
[48085, 10000, 15, 0, -1.4411764705882353, 0.011124796376494895]
[48105, 10000, 15, 0, -1.4411764705882353, 0.011124796376494895]
[48124, 10000, 15, 0, -1.4411764705882353, 0.011124796376494895]
[48145, 10000, 15, 0, -1.4411764705882353, 0.011124796376494895]
[48165, 10000, 15, 0, -1.4411764705882353, 0.011124796376494895]
[48185, 10000, 15, 0, -1.4411764705882353, 0.011124796376494895]
[48204, 10000, 15, 0, -1.4411764705882353, 0.011124796376494895]
[48225, 10000, 15, 0, -1.4411764705882353, 0.011124796376494895]
[48245, 10000, 15, 0, -1.4411764705882353, 0.011124796376494895]
[48265, 10000, 15, 0, -1.4411764705882353, 0.011124796376494895]
[48285, 10000, 15, 0, -1.4411764705882353, 0.011124796376494895]
[48305, 10000, 15, 0, -1.4411764705882353, 0.011124796376494895]
[48326, 10000, 15, 0, -1.4411764705882353, 0.011124796376494895]
[48346, 10000, 15, 0, -1.4411764705882353, 0.011124796376494895]
[48366, 10000, 15, 0, -1.4411764705882353, 0.011124796376494895]
[48387, 10000, 15, 0, -1.4411764705882353, 0.011124796376494895]
[48407, 10000, 15, 0, -1.4411764705882353, 0.011124796376494895]
[48427, 10000, 15, 0, -1.4411764705882353, 0.011124796376494895]
[48447, 10000, 15, 0, -1.4411764705882353, 0.011124796376494895]
[48468, 10000, 15, 0, -1.5012254901960784, 0.011124796376494895]
[48488, 10000, 15, 0, -1.5012254901960784, 0.011124796376494895]
[48508, 10000, 15, 0, -1.5012254901960784, 0.011124796376494895]
[48528, 10000, 15, 0, -1.5012254901960784, 0.011124796376494895]
[48548, 10000, 15, 0, -1.5012254901960784, 0.011124796376494895]
[48569, 10000, 15, 0, -1.5012254901960784, 0.011124796376494895]
[48589, 10000, 15, 0, -1.5012254901960784, 0.011124796376494895]
[48609, 10000, 15, 0, -1.5012254901960784, 0.011124796376494895]
[48629, 10000, 15, 0, -1.5012254901960784, 0.011124796376494895]
[48649, 10000, 15, 0, -1.5012254901960784, 0.011124796376494895]
[48669, 10000, 15, 0, -1.5012254901960784, 0.011124796376494895]
[48689, 10000, 15, 0, -1.5612745098039214, 0.011124796376494895]
[48710, 10000, 15, 0, -1.5612745098039214, 0.011124796376494895]
[48730, 10000, 15, 0, -1.5612745098039214, 0.011124796376494895]
[48750, 10000, 15, 0, -1.5612745098039214, 0.011124796376494895]
[48770, 10000, 15, 0, -1.5612745098039214, 0.011124796376494895]
[48790, 10000, 15, 0, -1.5612745098039214, 0.011124796376494895]
[48811, 10000, 15, 0, -1.5612745098039214, 0.011124796376494895]
[48831, 10000, 15, 0, -1.5612745098039214, 0.011124796376494895]
[48851, 10000, 15, 0, -1.5612745098039214, 0.011124796376494895]
[48872, 10000, 15, 0, -1.5612745098039214, 0.011124796376494895]
[48892, 10000, 15, 0, -1.5612745098039214, 0.011124796376494895]
[48912, 10000, 15, 0, -1.5612745098039214, 0.011124796376494895]
[48932, 10000, 15, 0, -1.5612745098039214, 0.011124796376494895]
[48953, 10000, 15, 0, -1.5612745098039214, 0.011124796376494895]
[48973, 10000, 15, 0, -1.5012254901960784, 0.011124796376494895]
[48994, 10000, 15, 0, -1.5012254901960784, 0.011124796376494895]
[49013, 10000, 15, 0, -1.5012254901960784, 0.011124796376494895]
[49034, 10000, 15, 0, -1.5012254901960784, 0.011124796376494895]
[49054, 10000, 15, 0, -1.5012254901960784, 0.011124796376494895]
[49074, 10000, 15, 0, -1.5012254901960784, 0.011124796376494895]
[49094, 10000, 15, 0, -1.5012254901960784, 0.011124796376494895]
[49114, 10000, 15, 0, -1.5012254901960784, 0.011124796376494895]
[49134, 10000, 15, 0, -1.5012254901960784, 0.011124796376494895]
[49154, 10000, 15, 0, -1.5012254901960784, 0.011124796376494895]
[49174, 10000, 15, 0, -1.5012254901960784, 0.011124796376494895]
[49194, 10000, 15, 0, -1.5012254901960784, 0.011124796376494895]
[49214, 10000, 15, 0, -1.5012254901960784, 0.011124796376494895]
[49234, 10000, 15, 0, -1.5012254901960784, 0.011124796376494895]
[49253, 10000, 15, 0, -1.5012254901960784, 0.011124796376494895]
[49274, 10000, 15, 0, -1.5012254901960784, 0.011124796376494895]
[49294, 10000, 15, 0, -1.5012254901960784, 0.011124796376494895]
[49314, 10000, 15, 0, -1.5012254901960784, 0.011124796376494895]
[49334, 10000, 15, 0, -1.5012254901960784, 0.011124796376494895]
[49354, 10000, 15, 0, -1.5012254901960784, 0.011124796376494895]
[49374, 10000, 15, 0, -1.5012254901960784, 0.011124796376494895]
[49395, 10000, 15, 0, -1.5012254901960784, 0.011124796376494895]
[49415, 10000, 15, 0, -1.5012254901960784, 0.011124796376494895]
[49435, 10000, 15, 0, -1.5012254901960784, 0.011124796376494895]
[49455, 10000, 15, 0, -1.5012254901960784, 0.011124796376494895]
[49475, 10000, 15, 0, -1.5012254901960784, 0.011124796376494895]
[49495, 10000, 15, 0, -1.5012254901960784, 0.011124796376494895]
[49515, 10000, 15, 0, -1.5012254901960784, 0.011124796376494895]
[49535, 10000, 15, 0, -1.5012254901960784, 0.011124796376494895]
[49555, 10000, 15, 0, -1.5012254901960784, 0.011124796376494895]
[49574, 10000, 15, 0, -1.5012254901960784, 0.011124796376494895]
[49595, 10000, 15, 0, -1.4411764705882353, 0.011124796376494895]
[49615, 10000, 15, 0, -1.4411764705882353, 0.011124796376494895]
[49634, 10000, 15, 0, -1.4411764705882353, 0.011124796376494895]
[49654, 10000, 15, 0, -1.4411764705882353, 0.011124796376494895]
[49674, 10000, 15, 0, -1.4411764705882353, 0.011124796376494895]
[49694, -1, 15, -2, -1.5012254901960784, 0.011124796376494895]
[49714, 10000, 15, 0, -1.5012254901960784, 0.011124796376494895]
[49733, 10000, 15, 0, -1.5012254901960784, 0.011124796376494895]
[49753, 10000, 15, 0, -1.5012254901960784, 0.011124796376494895]
[49773, 10000, 15, 0, -1.5012254901960784, 0.011124796376494895]
[49794, 10000, 15, 0, -1.5012254901960784, 0.011124796376494895]
[49813, 10000, 15, 0, -1.5012254901960784, 0.011124796376494895]
[49833, 10000, 15, 0, -1.5012254901960784, 0.011124796376494895]
[49853, 10000, 15, 0, -1.5012254901960784, 0.011124796376494895]
[49873, 10000, 15, 0, -1.5012254901960784, 0.011124796376494895]
[49893, 10000, 15, 0, -1.5012254901960784, 0.011124796376494895]
[49913, 10000, 15, 0, -1.5012254901960784, 0.011124796376494895]
[49933, 10000, 15, 0, -1.4411764705882353, 0.011124796376494895]
[49953, 10000, 15, 0, -1.4411764705882353, 0.011124796376494895]
[49973, 10000, 15, 0, -1.4411764705882353, 0.011124796376494895]
[49993, 10000, 15, 0, -1.4411764705882353, 0.011124796376494895]
[50013, 10000, 15, 0, -1.4411764705882353, 0.011124796376494895]
[50033, 10000, 15, 0, -1.4411764705882353, 0.011124796376494895]
[50052, 10000, 15, 0, -1.4411764705882353, 0.011124796376494895]
[50072, 10000, 15, 0, -1.4411764705882353, 0.011124796376494895]
[50092, 10000, 15, 0, -1.4411764705882353, 0.011124796376494895]
[50174, 10000, 15, 0, -1.4411764705882353, 0.011124796376494895]
[50193, 10000, 15, 0, -1.4411764705882353, 0.011124796376494895]
[50214, 10000, 15, 0, -1.4411764705882353, 0.011124796376494895]
[50233, 10000, 15, 0, -1.4411764705882353, 0.011124796376494895]
[50254, 10000, 15, 0, -1.4411764705882353, 0.011124796376494895]
[50273, 10000, 15, 0, -1.4411764705882353, 0.011124796376494895]
[50293, 10000, 15, 0, -1.4411764705882353, 0.011124796376494895]
[50314, 10000, 15, 0, -1.4411764705882353, 0.011124796376494895]
[50333, 10000, 15, 0, -1.4411764705882353, 0.011124796376494895]
[50353, 10000, 15, 0, -1.4411764705882353, 0.011124796376494895]
[50373, 10000, 15, 0, -1.4411764705882353, 0.011124796376494895]
[50394, 10000, 15, 0, -1.4411764705882353, 0.011124796376494895]
[50414, 10000, 15, 0, -1.4411764705882353, 0.011124796376494895]
[50434, 10000, 15, 0, -1.4411764705882353, 0.011124796376494895]
[50453, 10000, 15, 0, -1.4411764705882353, 0.011124796376494895]
[50474, 10000, 15, 0, -1.4411764705882353, 0.011124796376494895]
[50494, 10000, 15, 0, -1.4411764705882353, 0.011124796376494895]
[50514, 10000, 15, 0, -1.4411764705882353, 0.011124796376494895]
[50534, 10000, 15, 0, -1.4411764705882353, 0.011124796376494895]
[50554, 10000, 15, 0, -1.4411764705882353, 0.011124796376494895]
[50574, 10000, 15, 0, -1.4411764705882353, 0.011124796376494895]
[50594, 10000, 15, 0, -1.4411764705882353, 0.011124796376494895]
[50613, 10000, 15, 0, -1.4411764705882353, 0.011124796376494895]
[50634, 10000, 15, 0, -1.4411764705882353, 0.011124796376494895]
[50654, 10000, 15, 0, -1.4411764705882353, 0.011124796376494895]
[50673, 10000, 15, 0, -1.4411764705882353, 0.011124796376494895]
[50693, 10000, 15, 0, -1.4411764705882353, 0.011124796376494895]
[50714, 10000, 15, 0, -1.4411764705882353, 0.011124796376494895]
[50733, 10000, 15, 0, -1.4411764705882353, 0.011124796376494895]
[50753, 10000, 15, 0, -1.4411764705882353, 0.011124796376494895]
[50773, 10000, 15, 0, -1.4411764705882353, 0.011124796376494895]
[50793, 10000, 15, 0, -1.4411764705882353, 0.011124796376494895]
[50814, 10000, 15, 0, -1.4411764705882353, 0.011124796376494895]
[50833, 10000, 15, 0, -1.4411764705882353, 0.011124796376494895]
[50853, 10000, 15, 0, -1.4411764705882353, 0.011919424689101671]
[50874, 10000, 15, 0, -1.4411764705882353, 0.011919424689101671]
[50894, 10000, 15, 0, -1.4411764705882353, 0.011919424689101671]
[50914, 10000, 15, 0, -1.4411764705882353, 0.011919424689101671]
[50935, 10000, 15, 0, -1.4411764705882353, 0.011919424689101671]
[50955, 10000, 15, 0, -1.4411764705882353, 0.011919424689101671]
[50975, 10000, 15, 0, -1.4411764705882353, 0.011919424689101671]
[50994, 10000, 15, 0, -1.4411764705882353, 0.011919424689101671]
[51014, 10000, 15, 0, -1.4411764705882353, 0.011919424689101671]
[51034, 10000, 15, 0, -1.4411764705882353, 0.011919424689101671]
[51054, 10000, 15, 0, -1.4411764705882353, 0.011919424689101671]
[51074, 10000, 15, 0, -1.4411764705882353, 0.011919424689101671]
[51094, 10000, 15, 0, -1.4411764705882353, 0.011919424689101671]
[51114, 10000, 15, 0, -1.4411764705882353, 0.011919424689101671]
[51138, 10000, 15, 0, -1.4411764705882353, 0.011919424689101671]
[51155, 10000, 15, 0, -1.4411764705882353, 0.011124796376494895]
[51173, 10000, 15, 0, -1.4411764705882353, 0.011124796376494895]
[51194, 10000, 15, 0, -1.4411764705882353, 0.011919424689101671]
[51214, 10000, 15, 0, -1.4411764705882353, 0.011919424689101671]
[51233, 10000, 15, 0, -1.4411764705882353, 0.011919424689101671]
[51253, 10000, 15, 0, -1.4411764705882353, 0.011919424689101671]
[51273, 10000, 15, 0, -1.4411764705882353, 0.011919424689101671]
[51293, 10000, 15, 0, -1.4411764705882353, 0.011919424689101671]
[51313, 10000, 15, 0, -1.4411764705882353, 0.011919424689101671]
[51333, 10000, 15, 0, -1.4411764705882353, 0.011919424689101671]
[51353, 10000, 15, 0, -1.4411764705882353, 0.011919424689101671]
[51375, 10000, 15, 0, -1.4411764705882353, 0.011919424689101671]
[51393, 10000, 15, 0, -1.4411764705882353, 0.011919424689101671]
[51413, 10000, 15, 0, -1.4411764705882353, 0.011919424689101671]
[51434, 10000, 15, 0, -1.4411764705882353, 0.011919424689101671]
[51454, 10000, 15, 0, -1.4411764705882353, 0.011919424689101671]
[51474, 10000, 15, 0, -1.4411764705882353, 0.011919424689101671]
[51493, 10000, 15, 0, -1.4411764705882353, 0.011919424689101671]
[51514, 10000, 15, 0, -1.4411764705882353, 0.011919424689101671]
[51534, 10000, 15, 0, -1.4411764705882353, 0.011919424689101671]
[51553, 10000, 15, 0, -1.4411764705882353, 0.011124796376494895]
[51573, 10000, 15, 0, -1.4411764705882353, 0.011124796376494895]
[51594, 10000, 15, 0, -1.4411764705882353, 0.011124796376494895]
[51619, 10000, 13, 0, -1.4411764705882353, 0.011124796376494895]
[51619, 10000, 11, 0, -1.4411764705882353, 0.011124796376494895]
[51618, 10000, 9, 0, -1.4411764705882353, 0.011124796376494895]
[51618, 10000, 7, 0, -1.3811274509803921, 0.011124796376494895]
[51617, 10000, 6, 0, -1.3811274509803921, 0.011124796376494895]
[51616, 10000, 5, 0, -1.3811274509803921, 0.011124796376494895]
[51615, 10000, 4, 0, -1.3811274509803921, 0.011124796376494895]
[51615, 10000, 3, 0, -1.3811274509803921, 0.011124796376494895]
[51615, 10000, 2, 0, -1.3811274509803921, 0.010330168063888116]
[51615, 10000, 2, 0, -1.3811274509803921, 0.010330168063888116]
[51615, 10000, 2, 0, -1.3811274509803921, 0.010330168063888116]
[51615, 10000, 1, 0, -1.3811274509803921, 0.010330168063888116]
[51615, 10000, 1, 0, -1.3811274509803921, 0.010330168063888116]
[51616, 10000, 1, 0, -1.3811274509803921, 0.010330168063888116]
[51601, 10000, 65534, 0, -1.3811274509803921, 0.010330168063888116]
[51583, 10000, 65532, 0, -1.321078431372549, 0.010330168063888116]
[51563, 10000, 65530, 0, -1.2009803921568627, 0.010330168063888116]
[51546, 10000, 65529, 0, -1.1409313725490196, 0.010330168063888116]
[51527, 10000, 65527, 0, -1.1409313725490196, 0.010330168063888116]
[51510, 10000, 65526, 0, -1.1409313725490196, 0.011124796376494895]
[51491, 10000, 65525, 0, -1.1409313725490196, 0.011124796376494895]
[51474, 10000, 65525, 0, -1.1409313725490196, 0.011124796376494895]
[51453, 10000, 65524, 0, -1.1409313725490196, 0.011124796376494895]
[51435, 10000, 65523, 0, -1.1409313725490196, 0.011124796376494895]
[51416, 10000, 65523, 0, -1.1409313725490196, 0.011124796376494895]
[51395, 10000, 65523, 0, -1.1409313725490196, 0.011124796376494895]
[51376, 10000, 65522, 0, -1.1409313725490196, 0.011124796376494895]
[51359, 10000, 65522, 0, -1.1409313725490196, 0.011124796376494895]
[51339, 10000, 65522, 0, -1.1409313725490196, 0.011124796376494895]
[51320, 10000, 65522, 0, -1.1409313725490196, 0.011124796376494895]
[51296, 10000, 65522, -1, -1.1409313725490196, 0.011124796376494895]
[51278, 10000, 65522, 0, -1.1409313725490196, 0.011124796376494895]
[51260, 10000, 65521, 0, -1.1409313725490196, 0.011124796376494895]
[51240, 10000, 65521, 0, -1.1409313725490196, 0.011124796376494895]
[51220, 10000, 65521, 0, -1.1409313725490196, 0.011124796376494895]
[51201, 10000, 65521, 0, -1.1409313725490196, 0.011124796376494895]
[51181, 10000, 65521, 0, -1.1409313725490196, 0.011124796376494895]
[51161, 10000, 65521, 0, -1.1409313725490196, 0.011124796376494895]
[51141, 10000, 65521, 0, -1.1409313725490196, 0.011124796376494895]
[51121, 10000, 65521, 0, -1.1409313725490196, 0.011124796376494895]
[51101, 10000, 65521, 0, -1.1409313725490196, 0.011124796376494895]
[51081, 10000, 65521, 0, -1.1409313725490196, 0.011124796376494895]
[51061, 10000, 65521, 0, -1.1409313725490196, 0.011124796376494895]
[51041, 10000, 65521, 0, -1.0808823529411764, 0.011124796376494895]
[51021, 10000, 65521, 0, -1.0808823529411764, 0.011124796376494895]
[50999, 10000, 65521, 0, -1.0808823529411764, 0.011124796376494895]
[50981, 10000, 65521, 0, -1.0808823529411764, 0.011124796376494895]
[50961, 10000, 65521, 0, -1.0808823529411764, 0.011124796376494895]
[50941, 10000, 65521, 0, -1.0808823529411764, 0.011124796376494895]
[50921, 10000, 65521, 0, -1.0808823529411764, 0.011124796376494895]
[50900, 10000, 65521, 0, -1.0808823529411764, 0.011124796376494895]
[50881, 10000, 65521, -1, -1.0808823529411764, 0.011124796376494895]
[50861, 10000, 65521, 0, -1.0808823529411764, 0.011124796376494895]
[50841, 10000, 65521, 0, -1.0808823529411764, 0.011124796376494895]
[50821, 10000, 65521, 0, -1.0808823529411764, 0.011124796376494895]
[50800, 10000, 65521, 0, -1.0808823529411764, 0.011124796376494895]
[50781, 10000, 65521, 0, -1.0808823529411764, 0.011124796376494895]
[50761, 10000, 65521, 0, -1.0808823529411764, 0.011124796376494895]
[50741, 10000, 65521, 0, -1.0808823529411764, 0.011124796376494895]
[50719, 10000, 65521, 0, -1.0808823529411764, 0.011124796376494895]
[50699, 10000, 65521, 0, -1.0808823529411764, 0.011124796376494895]
[50681, 10000, 65521, 0, -1.0808823529411764, 0.011124796376494895]
[50661, 10000, 65521, 0, -1.0808823529411764, 0.011124796376494895]
[50641, 10000, 65521, 0, -1.0808823529411764, 0.011124796376494895]
[50621, 10000, 65521, 0, -1.0808823529411764, 0.011124796376494895]
[50600, 10000, 65521, 0, -1.0808823529411764, 0.011124796376494895]
[50581, 10000, 65521, 0, -1.0808823529411764, 0.011124796376494895]
[50562, 10000, 65521, 0, -1.0808823529411764, 0.011124796376494895]
[50542, 10000, 65521, 0, -1.0808823529411764, 0.011124796376494895]
[50522, 10000, 65521, 0, -1.0808823529411764, 0.011124796376494895]
[50501, 10000, 65521, 0, -1.0808823529411764, 0.011124796376494895]
[50482, 10000, 65521, 0, -1.0808823529411764, 0.011124796376494895]
[50462, 10000, 65521, 0, -1.0808823529411764, 0.011124796376494895]
[50441, 10000, 65521, 0, -1.0808823529411764, 0.011124796376494895]
[50421, 10000, 65521, 0, -1.0808823529411764, 0.011124796376494895]
[50401, 10000, 65521, 0, -1.1409313725490196, 0.011124796376494895]
[50381, 10000, 65521, 0, -1.1409313725490196, 0.011124796376494895]
[50361, 10000, 65521, 0, -1.1409313725490196, 0.011124796376494895]
[50341, 10000, 65521, 0, -1.1409313725490196, 0.011124796376494895]
[50321, 10000, 65521, 0, -1.0808823529411764, 0.011124796376494895]
[50301, 10000, 65521, 0, -1.0808823529411764, 0.011124796376494895]
[50280, -1, 65521, -2, -1.0808823529411764, 0.011124796376494895]
[50261, 10000, 65521, 0, -1.0808823529411764, 0.011124796376494895]
[50241, 10000, 65521, 0, -1.0808823529411764, 0.011124796376494895]
[50221, 10000, 65521, 0, -1.0808823529411764, 0.011124796376494895]
[50201, 10000, 65521, 0, -1.0808823529411764, 0.011124796376494895]
[50181, 10000, 65521, 0, -1.0808823529411764, 0.011124796376494895]
[50161, 10000, 65521, 0, -1.0808823529411764, 0.011124796376494895]
[50142, 10000, 65521, 0, -1.0808823529411764, 0.011124796376494895]
[50122, 10000, 65521, 0, -1.0808823529411764, 0.011124796376494895]
[50102, 10000, 65521, 0, -1.0808823529411764, 0.011124796376494895]
[50082, 10000, 65521, 0, -1.0808823529411764, 0.011124796376494895]
[50062, 10000, 65521, 0, -1.0808823529411764, 0.011124796376494895]
[50042, 10000, 65521, 0, -1.0808823529411764, 0.011124796376494895]
[50022, 10000, 65521, 0, -1.0208333333333335, 0.011124796376494895]
[50002, 10000, 65521, 0, -1.0208333333333335, 0.011124796376494895]
[49982, 10000, 65521, 0, -1.0208333333333335, 0.011124796376494895]
[49962, 10000, 65521, 0, -1.0208333333333335, 0.011124796376494895]
[49942, 10000, 65521, 0, -1.0208333333333335, 0.011124796376494895]
[49922, 10000, 65521, 0, -1.0208333333333335, 0.011124796376494895]
[49902, 10000, 65521, 0, -1.0808823529411764, 0.011124796376494895]
[49882, 10000, 65521, 0, -1.0808823529411764, 0.011124796376494895]
[49862, 10000, 65521, 0, -1.0808823529411764, 0.011124796376494895]
[49842, 10000, 65521, 0, -1.0808823529411764, 0.011124796376494895]
[49822, 10000, 65521, 0, -1.0808823529411764, 0.011124796376494895]
[49801, 10000, 65521, 0, -1.0808823529411764, 0.011124796376494895]
[49782, 10000, 65521, 0, -1.0208333333333335, 0.011919424689101671]
[49762, 10000, 65521, 0, -1.0208333333333335, 0.011919424689101671]
[49742, 10000, 65521, 0, -1.0208333333333335, 0.011919424689101671]
[49722, 10000, 65521, 0, -1.0208333333333335, 0.011919424689101671]
[49702, 10000, 65521, 0, -1.0208333333333335, 0.011919424689101671]
[49683, 10000, 65521, 0, -1.0208333333333335, 0.011919424689101671]
[49663, 10000, 65521, 0, -1.0208333333333335, 0.011919424689101671]
[49643, 10000, 65521, 0, -1.0208333333333335, 0.011919424689101671]
[49623, 10000, 65521, 0, -1.0208333333333335, 0.011919424689101671]
[49602, 10000, 65521, 0, -1.0208333333333335, 0.011919424689101671]
[49583, 10000, 65521, 0, -1.0208333333333335, 0.011919424689101671]
[49563, 10000, 65521, 0, -1.0208333333333335, 0.011919424689101671]
[49543, 10000, 65521, 0, -1.0208333333333335, 0.011919424689101671]
[49523, 10000, 65521, 0, -1.0208333333333335, 0.011919424689101671]
[49503, 10000, 65521, 0, -1.0208333333333335, 0.011919424689101671]
[49483, 10000, 65521, 0, -1.0208333333333335, 0.011919424689101671]
[49463, 10000, 65521, 0, -1.0208333333333335, 0.011919424689101671]
[49443, 10000, 65521, 0, -1.0208333333333335, 0.011919424689101671]
[49423, 10000, 65521, 0, -1.0208333333333335, 0.011919424689101671]
[49402, 10000, 65521, 0, -1.0208333333333335, 0.011919424689101671]
[49382, 10000, 65521, 0, -1.0208333333333335, 0.011919424689101671]
[49362, 10000, 65521, 0, -1.0208333333333335, 0.011919424689101671]
[49342, 10000, 65521, 0, -1.0208333333333335, 0.011919424689101671]
[49322, 10000, 65521, 0, -1.0208333333333335, 0.011919424689101671]
[49300, 10000, 65521, 0, -1.0208333333333335, 0.011919424689101671]
[49282, 10000, 65521, 0, -1.0208333333333335, 0.011919424689101671]
[49262, 10000, 65521, 0, -1.0208333333333335, 0.011919424689101671]
[49242, 10000, 65521, 0, -1.0208333333333335, 0.011919424689101671]
[49222, 10000, 65521, 0, -1.0208333333333335, 0.011919424689101671]
[49201, 10000, 65521, 0, -1.0208333333333335, 0.011919424689101671]
[49182, 10000, 65521, 0, -1.0208333333333335, 0.011919424689101671]
[49162, 10000, 65521, 0, -1.0208333333333335, 0.011919424689101671]
[49142, 10000, 65521, 0, -1.0208333333333335, 0.011919424689101671]
[49122, 10000, 65521, 0, -1.0208333333333335, 0.011919424689101671]
[49102, 10000, 65521, 0, -1.0208333333333335, 0.011919424689101671]
[49082, 10000, 65521, 0, -1.0208333333333335, 0.011919424689101671]
[49062, 10000, 65521, 0, -1.0208333333333335, 0.01271405300170845]
[49042, 10000, 65521, 0, -1.0208333333333335, 0.01271405300170845]
[49022, 10000, 65521, 0, -0.9607843137254902, 0.01271405300170845]
[49002, 10000, 65521, 0, -0.9607843137254902, 0.01271405300170845]
[48982, 10000, 65521, 0, -1.0208333333333335, 0.01271405300170845]
[48961, 10000, 65521, 0, -1.0208333333333335, 0.01271405300170845]
[48941, 10000, 65521, 0, -1.0208333333333335, 0.01271405300170845]
[48921, 10000, 65521, 0, -1.0208333333333335, 0.01271405300170845]
[48900, 10000, 65521, 0, -1.0208333333333335, 0.01271405300170845]
[48880, 10000, 65521, 0, -1.0208333333333335, 0.01271405300170845]
[48860, 10000, 65521, 0, -1.0208333333333335, 0.01271405300170845]
[48840, 10000, 65521, 0, -1.0208333333333335, 0.01271405300170845]
[48819, 10000, 65521, 0, -1.0208333333333335, 0.01271405300170845]
[48799, 10000, 65521, 0, -1.0208333333333335, 0.01271405300170845]
[48779, 10000, 65521, 0, -1.0208333333333335, 0.01271405300170845]
[48759, 10000, 65521, 0, -1.0208333333333335, 0.01271405300170845]
[48739, 10000, 65521, 0, -1.0208333333333335, 0.01271405300170845]
[48719, 10000, 65521, 0, -1.0208333333333335, 0.01271405300170845]
[48698, 10000, 65521, 0, -1.0208333333333335, 0.01271405300170845]
[48678, 10000, 65521, 0, -1.0208333333333335, 0.01271405300170845]
[48658, 10000, 65521, 0, -1.0208333333333335, 0.01271405300170845]
[48638, 10000, 65521, 0, -1.0208333333333335, 0.01271405300170845]
[48618, 10000, 65521, 0, -1.0208333333333335, 0.011919424689101671]
[48598, 10000, 65521, 0, -1.0208333333333335, 0.011919424689101671]
[48578, 10000, 65521, 0, -1.0208333333333335, 0.011919424689101671]
[48558, 10000, 65521, 0, -1.0208333333333335, 0.011919424689101671]
[48538, 10000, 65521, 0, -1.0208333333333335, 0.011919424689101671]
[48517, 10000, 65521, 0, -1.0208333333333335, 0.011919424689101671]
[48497, 10000, 65521, 0, -0.9607843137254902, 0.011919424689101671]
[48477, 10000, 65521, 0, -0.9607843137254902, 0.011919424689101671]
[48457, 10000, 65521, 0, -0.9607843137254902, 0.011919424689101671]
[48436, 10000, 65521, 0, -0.9607843137254902, 0.011919424689101671]
[48416, 10000, 65521, 0, -0.9607843137254902, 0.011919424689101671]
[48396, 10000, 65521, 0, -0.9607843137254902, 0.011919424689101671]
[48376, 10000, 65521, 0, -0.9607843137254902, 0.011919424689101671]
[48355, 10000, 65521, 0, -0.9607843137254902, 0.011919424689101671]
[48335, 10000, 65521, 0, -0.9607843137254902, 0.011919424689101671]
[48315, 10000, 65521, 0, -0.9607843137254902, 0.011919424689101671]
[48294, 10000, 65521, 0, -0.9607843137254902, 0.011919424689101671]
[48275, 10000, 65521, 0, -0.9607843137254902, 0.011919424689101671]
[48255, 10000, 65521, 0, -0.9607843137254902, 0.011919424689101671]
[48235, 10000, 65521, 0, -0.9607843137254902, 0.011919424689101671]
[48214, 10000, 65521, 0, -0.9607843137254902, 0.011919424689101671]
[48194, 10000, 65521, 0, -0.9607843137254902, 0.011919424689101671]
[48174, 10000, 65521, 0, -0.9607843137254902, 0.011919424689101671]
[48155, 10000, 65521, 0, -0.9607843137254902, 0.011919424689101671]
[48134, 10000, 65521, 0, -0.9607843137254902, 0.011919424689101671]
[48114, 10000, 65521, 0, -0.9607843137254902, 0.011919424689101671]
[48094, 10000, 65521, 0, -0.9607843137254902, 0.011919424689101671]
[48075, 10000, 65521, 0, -0.9607843137254902, 0.011919424689101671]
[48054, 10000, 65521, 0, -0.9607843137254902, 0.011919424689101671]
[48034, 10000, 65521, 0, -0.9607843137254902, 0.011919424689101671]
[48014, 10000, 65521, 0, -0.9607843137254902, 0.011919424689101671]
[47993, 10000, 65521, 0, -0.9607843137254902, 0.011919424689101671]
[47974, 10000, 65521, 0, -0.9607843137254902, 0.011919424689101671]
[47954, 10000, 65521, 0, -0.9607843137254902, 0.011919424689101671]
[47934, 10000, 65521, 0, -0.9607843137254902, 0.011919424689101671]
[47914, 10000, 65521, 0, -0.9607843137254902, 0.011919424689101671]
[47894, 10000, 65521, 0, -0.9607843137254902, 0.011919424689101671]
[47874, 10000, 65521, 0, -0.9607843137254902, 0.011919424689101671]
[47854, 10000, 65521, 0, -0.9607843137254902, 0.011919424689101671]
[47834, 10000, 65521, 0, -0.9607843137254902, 0.011919424689101671]
[47814, 10000, 65521, 0, -0.9607843137254902, 0.011919424689101671]
[47793, 10000, 65521, 0, -0.9607843137254902, 0.011919424689101671]
[47773, 10000, 65521, 0, -0.9607843137254902, 0.011919424689101671]
[47754, 10000, 65521, 0, -0.9007352941176471, 0.011919424689101671]
[47734, 10000, 65521, 0, -0.9007352941176471, 0.011919424689101671]
[47714, 10000, 65521, 0, -0.9607843137254902, 0.011919424689101671]
[47693, 10000, 65521, 0, -0.9607843137254902, 0.011919424689101671]
[47670, 10000, 65523, 0, -0.9607843137254902, 0.011919424689101671]
[47668, 10000, 65525, 0, -0.9607843137254902, 0.011919424689101671]
[47666, 10000, 65526, 0, -0.9607843137254902, 0.011919424689101671]
[47665, 10000, 65528, 0, -1.0208333333333335, 0.011919424689101671]
[47663, 10000, 65529, 0, -0.9607843137254902, 0.011919424689101671]
[47663, 10000, 65530, 0, -0.9607843137254902, 0.011919424689101671]
[47662, 10000, 65531, 0, -0.9607843137254902, 0.011919424689101671]
[47662, 10000, 65532, 0, -0.9607843137254902, 0.011919424689101671]
[47661, 10000, 65533, 0, -0.9607843137254902, 0.011919424689101671]
[47661, 10000, 65533, 0, -0.9607843137254902, 0.011919424689101671]
[47661, 10000, 65534, 0, -0.9607843137254902, 0.011919424689101671]
[47661, 10000, 65534, 0, -0.9607843137254902, 0.011919424689101671]
[47661, 10000, 65535, 0, -0.9607843137254902, 0.011919424689101671]
[47661, 10000, 65535, 0, -0.9607843137254902, 0.011919424689101671]
[47661, 10000, 65535, 0, -0.9607843137254902, 0.011919424689101671]
[47671, 10000, 2, 0, -0.9607843137254902, 0.011919424689101671]
[47689, 10000, 4, 0, -1.0208333333333335, 0.011919424689101671]
[47708, 10000, 5, 0, -1.2009803921568627, 0.01271405300170845]
[47727, 10000, 7, 0, -1.2610294117647058, 0.01271405300170845]
[47745, 10000, 8, 0, -1.321078431372549, 0.01271405300170845]
[47765, 10000, 9, 0, -1.321078431372549, 0.011919424689101671]
[47782, 10000, 11, 0, -1.321078431372549, 0.011919424689101671]
[47800, 10000, 11, 0, -1.321078431372549, 0.011919424689101671]
[47821, 10000, 12, 0, -1.3811274509803921, 0.011919424689101671]
[47838, 10000, 13, 0, -1.3811274509803921, 0.011919424689101671]
[47855, 10000, 13, 0, -1.3811274509803921, 0.011919424689101671]
[47873, 10000, 13, 0, -1.3811274509803921, 0.011919424689101671]
[47890, 10000, 14, 0, -1.3811274509803921, 0.011919424689101671]
[47909, 10000, 14, 0, -1.3811274509803921, 0.011919424689101671]
[47928, 10000, 14, 0, -1.4411764705882353, 0.011919424689101671]
[47948, 10000, 14, 0, -1.4411764705882353, 0.011919424689101671]
[47968, 10000, 14, 0, -1.4411764705882353, 0.011919424689101671]
[47989, 10000, 14, 0, -1.4411764705882353, 0.011919424689101671]
[48008, 10000, 14, 0, -1.4411764705882353, 0.011919424689101671]
[48028, 10000, 14, 0, -1.4411764705882353, 0.011919424689101671]
[48048, 10000, 15, 0, -1.4411764705882353, 0.011919424689101671]
[48069, 10000, 15, 0, -1.5012254901960784, 0.011919424689101671]
[48089, 10000, 15, 0, -1.5012254901960784, 0.011124796376494895]
[48108, 10000, 15, 0, -1.5012254901960784, 0.011124796376494895]
[48128, 10000, 15, 0, -1.5012254901960784, 0.011124796376494895]
[48148, 10000, 15, 0, -1.5012254901960784, 0.011124796376494895]
[48168, 10000, 15, 0, -1.5012254901960784, 0.011124796376494895]
[48188, 10000, 15, 0, -1.5012254901960784, 0.011124796376494895]
[48208, 10000, 15, 0, -1.5012254901960784, 0.011124796376494895]
[48228, 10000, 15, 0, -1.5012254901960784, 0.011124796376494895]
[48248, 10000, 15, 0, -1.5012254901960784, 0.011124796376494895]
[48268, 10000, 15, 0, -1.5012254901960784, 0.011124796376494895]
[48288, 10000, 15, 0, -1.5012254901960784, 0.011124796376494895]
[48309, 10000, 15, 0, -1.5012254901960784, 0.011124796376494895]
[48329, 10000, 15, 0, -1.5012254901960784, 0.011124796376494895]
[48349, 10000, 15, 0, -1.5012254901960784, 0.011124796376494895]
[48369, 10000, 15, 0, -1.5012254901960784, 0.011124796376494895]
[48391, 10000, 15, 0, -1.5012254901960784, 0.011124796376494895]
[48410, 10000, 15, 0, -1.5012254901960784, 0.011124796376494895]
[48430, 10000, 15, 0, -1.5012254901960784, 0.011124796376494895]
[48450, 10000, 15, 0, -1.5012254901960784, 0.011124796376494895]
[48471, 10000, 15, 0, -1.5012254901960784, 0.011124796376494895]
[48491, 10000, 15, 0, -1.5012254901960784, 0.011124796376494895]
[48511, 10000, 15, 0, -1.5012254901960784, 0.011124796376494895]
[48531, 10000, 15, 0, -1.5012254901960784, 0.011124796376494895]
[48552, 10000, 15, 0, -1.5012254901960784, 0.011124796376494895]
[48572, 10000, 15, 0, -1.5612745098039214, 0.011124796376494895]
[48592, 10000, 15, 0, -1.5612745098039214, 0.011124796376494895]
[48612, 10000, 15, 0, -1.5612745098039214, 0.011124796376494895]
[48632, 10000, 15, 0, -1.5612745098039214, 0.011124796376494895]
[48653, 10000, 15, 0, -1.5612745098039214, 0.011124796376494895]
[48672, 10000, 15, 0, -1.5612745098039214, 0.011124796376494895]
[48692, 10000, 15, 0, -1.5612745098039214, 0.011124796376494895]
[48713, 10000, 15, 0, -1.5612745098039214, 0.011124796376494895]
[48734, 10000, 15, 0, -1.5612745098039214, 0.011124796376494895]
[48753, 10000, 15, 0, -1.5612745098039214, 0.011124796376494895]
[48773, 10000, 15, 0, -1.5612745098039214, 0.011124796376494895]
[48794, 10000, 15, 0, -1.5612745098039214, 0.011124796376494895]
[48814, 10000, 15, 0, -1.5612745098039214, 0.011124796376494895]
[48834, 10000, 15, 0, -1.5612745098039214, 0.011124796376494895]
[48854, 10000, 15, 0, -1.5612745098039214, 0.011124796376494895]
[48875, 10000, 15, 0, -1.5612745098039214, 0.011124796376494895]
[48895, 10000, 15, 0, -1.5612745098039214, 0.011124796376494895]
[48915, 10000, 15, 0, -1.5612745098039214, 0.011124796376494895]
[48935, 10000, 15, 0, -1.5612745098039214, 0.011124796376494895]
[48956, 10000, 15, 0, -1.5612745098039214, 0.011124796376494895]
[48976, 10000, 15, 0, -1.5012254901960784, 0.011124796376494895]
[48996, 10000, 15, 0, -1.5012254901960784, 0.011124796376494895]
[49016, 10000, 15, 0, -1.5012254901960784, 0.011124796376494895]
[49038, 10000, 15, 0, -1.5012254901960784, 0.011124796376494895]
[49057, 10000, 15, 0, -1.5012254901960784, 0.011124796376494895]
[49077, 10000, 15, 0, -1.5012254901960784, 0.011124796376494895]
[49097, 10000, 15, 0, -1.5012254901960784, 0.011124796376494895]
[49117, 10000, 15, 0, -1.5012254901960784, 0.011124796376494895]
[49137, 10000, 15, 0, -1.5012254901960784, 0.011124796376494895]
[49157, 10000, 15, 0, -1.5012254901960784, 0.011124796376494895]
[49176, 10000, 15, 0, -1.5012254901960784, 0.011124796376494895]
[49197, 10000, 15, 0, -1.5012254901960784, 0.011124796376494895]
[49217, 10000, 15, 0, -1.5012254901960784, 0.011124796376494895]
[49237, 10000, 15, 0, -1.5012254901960784, 0.011124796376494895]
[49256, 10000, 15, 0, -1.5012254901960784, 0.011124796376494895]
[49277, 10000, 15, 0, -1.5012254901960784, 0.011124796376494895]
[49297, 10000, 15, 0, -1.5012254901960784, 0.011124796376494895]
[49317, 10000, 15, 0, -1.5012254901960784, 0.011124796376494895]
[49337, 10000, 15, 0, -1.5012254901960784, 0.011124796376494895]
[49357, 10000, 15, 0, -1.5012254901960784, 0.011124796376494895]
[49378, 10000, 15, 0, -1.5012254901960784, 0.011124796376494895]
[49397, 10000, 15, 0, -1.5012254901960784, 0.011124796376494895]
[49417, 10000, 15, 0, -1.5012254901960784, 0.011124796376494895]
[49438, 10000, 15, 0, -1.5012254901960784, 0.011124796376494895]
[49458, 10000, 15, 0, -1.5012254901960784, 0.011124796376494895]
[49478, 10000, 15, 0, -1.5012254901960784, 0.011124796376494895]
[49497, 10000, 15, 0, -1.5012254901960784, 0.011124796376494895]
[49518, 10000, 15, 0, -1.5012254901960784, 0.011124796376494895]
[49538, 10000, 15, 0, -1.5012254901960784, 0.011124796376494895]
[49558, 10000, 15, 0, -1.5012254901960784, 0.011124796376494895]
[49577, 10000, 15, 0, -1.5012254901960784, 0.011124796376494895]
[49598, 10000, 15, 0, -1.5012254901960784, 0.011124796376494895]
[49617, 10000, 15, 0, -1.5012254901960784, 0.011124796376494895]
[49638, 10000, 15, 0, -1.4411764705882353, 0.011124796376494895]
[49657, 10000, 15, 0, -1.4411764705882353, 0.011124796376494895]
[49677, 10000, 15, 0, -1.5012254901960784, 0.011124796376494895]
[49697, 10000, 15, 0, -1.5012254901960784, 0.011124796376494895]
[49717, 10000, 15, 0, -1.5012254901960784, 0.011124796376494895]
[49738, 10000, 15, 0, -1.5012254901960784, 0.011124796376494895]
[49757, 10000, 15, 0, -1.5012254901960784, 0.011124796376494895]
[49777, 10000, 15, 0, -1.5012254901960784, 0.011124796376494895]
[49796, 10000, 15, 0, -1.5012254901960784, 0.011124796376494895]
[49816, 10000, 15, 0, -1.5012254901960784, 0.011124796376494895]
[49837, 10000, 15, 0, -1.5012254901960784, 0.011124796376494895]
[49857, 10000, 15, 0, -1.5012254901960784, 0.011124796376494895]
[49877, 10000, 15, 0, -1.5012254901960784, 0.011124796376494895]
[49896, 10000, 15, 0, -1.5012254901960784, 0.011124796376494895]
[49917, 10000, 15, 0, -1.5012254901960784, 0.011124796376494895]
[49937, 10000, 15, 0, -1.5012254901960784, 0.011124796376494895]
[49956, 10000, 15, 0, -1.4411764705882353, 0.011124796376494895]
[49976, 10000, 15, 0, -1.4411764705882353, 0.011124796376494895]
[49997, 10000, 15, 0, -1.4411764705882353, 0.011124796376494895]
[50016, 10000, 15, 0, -1.4411764705882353, 0.011124796376494895]
[50036, 10000, 15, 0, -1.4411764705882353, 0.011124796376494895]
[50056, 10000, 15, 0, -1.4411764705882353, 0.011124796376494895]
[50076, 10000, 15, 0, -1.4411764705882353, 0.011124796376494895]
[50096, 10000, 15, 0, -1.4411764705882353, 0.011124796376494895]
[50116, 10000, 15, 0, -1.4411764705882353, 0.011124796376494895]
[50135, 10000, 15, 0, -1.5012254901960784, 0.011124796376494895]
[50155, 10000, 15, 0, -1.4411764705882353, 0.011124796376494895]
[50175, 10000, 15, 0, -1.4411764705882353, 0.011124796376494895]
[50194, 10000, 15, 0, -1.4411764705882353, 0.011124796376494895]
[50215, 10000, 15, 0, -1.4411764705882353, 0.011124796376494895]
[50235, 10000, 15, 0, -1.4411764705882353, 0.011124796376494895]
[50255, 10000, 15, 0, -1.4411764705882353, 0.011124796376494895]
[50274, 10000, 15, 0, -1.4411764705882353, 0.011124796376494895]
[50294, 10000, 15, 0, -1.4411764705882353, 0.011124796376494895]
[50315, 10000, 15, 0, -1.4411764705882353, 0.011124796376494895]
[50335, 10000, 15, 0, -1.4411764705882353, 0.011124796376494895]
[50354, 10000, 15, 0, -1.4411764705882353, 0.011124796376494895]
[50374, 10000, 15, 0, -1.4411764705882353, 0.011124796376494895]
[50395, 10000, 15, 0, -1.4411764705882353, 0.011124796376494895]
[50415, 10000, 15, 0, -1.4411764705882353, 0.011124796376494895]
[50435, 10000, 15, 0, -1.4411764705882353, 0.011124796376494895]
[50454, 10000, 15, 0, -1.4411764705882353, 0.011124796376494895]
[50476, 10000, 15, 0, -1.4411764705882353, 0.011124796376494895]
[50496, 10000, 15, 0, -1.4411764705882353, 0.011124796376494895]
[50515, 10000, 15, 0, -1.4411764705882353, 0.011124796376494895]
[50535, 10000, 15, 0, -1.4411764705882353, 0.011124796376494895]
[50555, 10000, 15, 0, -1.4411764705882353, 0.011124796376494895]
[50575, 10000, 15, 0, -1.4411764705882353, 0.011124796376494895]
[50595, 10000, 15, 0, -1.4411764705882353, 0.011124796376494895]
[50615, 10000, 15, 0, -1.4411764705882353, 0.011124796376494895]
[50636, 10000, 15, 0, -1.4411764705882353, 0.011124796376494895]
[50655, 10000, 15, 0, -1.4411764705882353, 0.011124796376494895]
[50675, 10000, 15, 0, -1.4411764705882353, 0.011124796376494895]
[50695, 10000, 15, 0, -1.4411764705882353, 0.011124796376494895]
[50715, 10000, 15, 0, -1.4411764705882353, 0.011124796376494895]
[50735, 10000, 15, 0, -1.4411764705882353, 0.011124796376494895]
[50755, 10000, 15, 0, -1.4411764705882353, 0.011124796376494895]
[50775, 10000, 15, 0, -1.4411764705882353, 0.011919424689101671]
[50796, 10000, 15, 0, -1.4411764705882353, 0.011919424689101671]
[50815, 10000, 15, 0, -1.4411764705882353, 0.011124796376494895]
[50835, 10000, 15, 0, -1.4411764705882353, 0.011919424689101671]
[50855, 10000, 15, 0, -1.4411764705882353, 0.011919424689101671]
[50876, 10000, 15, 0, -1.4411764705882353, 0.011919424689101671]
[50896, 10000, 15, 0, -1.4411764705882353, 0.011919424689101671]
[50915, 10000, 15, 0, -1.4411764705882353, 0.011919424689101671]
[50935, 10000, 15, 0, -1.4411764705882353, 0.011919424689101671]
[50956, 10000, 15, 0, -1.4411764705882353, 0.011919424689101671]
[50976, 10000, 15, 0, -1.4411764705882353, 0.011919424689101671]
[50996, 10000, 15, 0, -1.4411764705882353, 0.011919424689101671]
[51017, 10000, 15, 0, -1.4411764705882353, 0.011919424689101671]
[51036, 10000, 15, 0, -1.4411764705882353, 0.011919424689101671]
[51056, 10000, 15, 0, -1.4411764705882353, 0.011919424689101671]
[51075, 10000, 15, 0, -1.4411764705882353, 0.011919424689101671]
[51096, 10000, 15, 0, -1.4411764705882353, 0.011919424689101671]
[51117, 10000, 15, 0, -1.4411764705882353, 0.011919424689101671]
[51136, 10000, 15, 0, -1.4411764705882353, 0.011919424689101671]
[51155, 10000, 15, 0, -1.4411764705882353, 0.011919424689101671]
[51175, 10000, 15, 0, -1.4411764705882353, 0.011919424689101671]
[51195, 10000, 15, 0, -1.4411764705882353, 0.011919424689101671]
[51215, 10000, 15, 0, -1.4411764705882353, 0.011919424689101671]
[51234, 10000, 15, 0, -1.4411764705882353, 0.011919424689101671]
[51254, 10000, 15, 0, -1.4411764705882353, 0.011919424689101671]
[51275, 10000, 15, 0, -1.4411764705882353, 0.011919424689101671]
[51295, 10000, 15, 0, -1.4411764705882353, 0.011919424689101671]
[51314, 10000, 15, 0, -1.4411764705882353, 0.011919424689101671]
[51335, 10000, 15, 0, -1.4411764705882353, 0.011919424689101671]
[51355, 10000, 15, 0, -1.4411764705882353, 0.011919424689101671]
[51375, 10000, 15, 0, -1.4411764705882353, 0.011919424689101671]
[51394, 10000, 15, 0, -1.4411764705882353, 0.011919424689101671]
[51414, 10000, 15, 0, -1.4411764705882353, 0.011919424689101671]
[51435, 10000, 15, 0, -1.4411764705882353, 0.011919424689101671]
[51455, 10000, 15, 0, -1.4411764705882353, 0.011919424689101671]
[51475, 10000, 15, 0, -1.4411764705882353, 0.011919424689101671]
[51495, 10000, 15, 0, -1.4411764705882353, 0.011919424689101671]
[51516, 10000, 15, 0, -1.4411764705882353, 0.011919424689101671]
[51536, 10000, 15, 0, -1.4411764705882353, 0.011919424689101671]
[51554, 10000, 15, 0, -1.4411764705882353, 0.011919424689101671]
[51575, 10000, 15, 0, -1.4411764705882353, 0.011919424689101671]
[51596, 10000, 15, 0, -1.4411764705882353, 0.011919424689101671]
[51619, 10000, 13, 0, -1.4411764705882353, 0.011919424689101671]
[51619, 10000, 11, 0, -1.4411764705882353, 0.011919424689101671]
[51619, 10000, 9, 0, -1.4411764705882353, 0.011919424689101671]
[51618, 10000, 8, 0, -1.4411764705882353, 0.011919424689101671]
[51617, 10000, 6, 0, -1.3811274509803921, 0.011124796376494895]
[51616, 10000, 5, 0, -1.3811274509803921, 0.011124796376494895]
[51616, 10000, 4, 0, -1.3811274509803921, 0.011124796376494895]
[51616, 10000, 3, 0, -1.3811274509803921, 0.011124796376494895]
[51615, 10000, 2, 0, -1.3811274509803921, 0.011124796376494895]
[51615, 10000, 2, 0, -1.3811274509803921, 0.011124796376494895]
[51615, 10000, 2, 0, -1.3811274509803921, 0.011124796376494895]
[51615, 10000, 1, 0, -1.3811274509803921, 0.011124796376494895]
[51615, 10000, 1, 0, -1.3811274509803921, 0.011124796376494895]
[51615, 10000, 1, 0, -1.3811274509803921, 0.011124796376494895]
[51616, 10000, 1, 0, -1.3811274509803921, 0.010330168063888116]
[51602, 10000, 65534, 0, -1.3811274509803921, 0.011124796376494895]
[51584, 10000, 65532, 0, -1.321078431372549, 0.011124796376494895]
[51564, 10000, 65530, 0, -1.2610294117647058, 0.011124796376494895]
[51547, 10000, 65529, 0, -1.2009803921568627, 0.011124796376494895]
[51529, 10000, 65527, 0, -1.1409313725490196, 0.011124796376494895]
[51511, 10000, 65526, 0, -1.1409313725490196, 0.011124796376494895]
[51494, 10000, 65525, 0, -1.1409313725490196, 0.011124796376494895]
[51473, 10000, 65525, 0, -1.1409313725490196, 0.011124796376494895]
[51455, 10000, 65524, 0, -1.1409313725490196, 0.011124796376494895]
[51433, 10000, 65523, 0, -1.1409313725490196, 0.011124796376494895]
[51414, 10000, 65523, 0, -1.1409313725490196, 0.011919424689101671]
[51395, 10000, 65523, 0, -1.1409313725490196, 0.011124796376494895]
[51376, 10000, 65522, 0, -1.1409313725490196, 0.011124796376494895]
[51358, 10000, 65522, 0, -1.1409313725490196, 0.011124796376494895]
[51340, 10000, 65522, 0, -1.1409313725490196, 0.011124796376494895]
[51320, 10000, 65522, 0, -1.1409313725490196, 0.011124796376494895]
[51300, 10000, 65522, 0, -1.1409313725490196, 0.011124796376494895]
[51281, 10000, 65521, 0, -1.1409313725490196, 0.011124796376494895]
[51260, 10000, -1, -1, -1.1409313725490196, 0.011124796376494895]
[51240, 10000, 65521, 0, -1.1409313725490196, 0.011124796376494895]
[51221, 10000, 65521, 0, -1.1409313725490196, 0.011124796376494895]
[51201, 10000, 65521, 0, -1.1409313725490196, 0.011124796376494895]
[51180, 10000, 65521, 0, -1.1409313725490196, 0.011124796376494895]
[51161, 10000, 65521, 0, -1.1409313725490196, 0.011124796376494895]
[51141, 10000, 65521, 0, -1.1409313725490196, 0.011124796376494895]
[51121, 10000, 65521, 0, -1.1409313725490196, 0.011124796376494895]
[51102, 10000, 65521, 0, -1.1409313725490196, 0.011124796376494895]
[51080, 10000, 65521, 0, -1.1409313725490196, 0.011124796376494895]
[51062, 10000, 65521, 0, -1.1409313725490196, 0.011124796376494895]
[51041, 10000, 65521, 0, -1.1409313725490196, 0.011124796376494895]
[51021, 10000, 65521, 0, -1.1409313725490196, 0.011124796376494895]
[51001, 10000, 65521, 0, -1.1409313725490196, 0.011124796376494895]
[50981, 10000, 65521, 0, -1.1409313725490196, 0.011124796376494895]
[50962, 10000, 65521, 0, -1.0808823529411764, 0.011124796376494895]
[50942, 10000, 65521, 0, -1.0808823529411764, 0.011124796376494895]
[50921, 10000, 65521, 0, -1.0808823529411764, 0.011124796376494895]
[50901, 10000, 65521, 0, -1.1409313725490196, 0.011124796376494895]
[50881, 10000, 65521, 0, -1.1409313725490196, 0.011124796376494895]
[50861, 10000, 65521, 0, -1.1409313725490196, 0.011124796376494895]
[50841, 10000, 65521, 0, -1.1409313725490196, 0.011124796376494895]
[50821, 10000, 65521, 0, -1.1409313725490196, 0.011124796376494895]
[50801, 10000, 65521, 0, -1.0808823529411764, 0.011124796376494895]
[50781, 10000, 65521, 0, -1.0808823529411764, 0.011124796376494895]
[50761, 10000, 65521, 0, -1.0808823529411764, 0.011124796376494895]
[50741, 10000, 65521, 0, -1.0808823529411764, 0.011124796376494895]
[50721, 10000, 65521, 0, -1.0808823529411764, 0.011124796376494895]
[50701, 10000, 65521, 0, -1.0808823529411764, 0.011124796376494895]
[50681, 10000, 65521, 0, -1.0808823529411764, 0.011124796376494895]
[50661, 10000, 65521, 0, -1.0808823529411764, 0.011124796376494895]
[50641, 10000, 65521, 0, -1.0808823529411764, 0.011124796376494895]
[50621, 10000, 65521, 0, -1.0808823529411764, 0.011124796376494895]
[50601, 10000, 65521, 0, -1.0808823529411764, 0.011124796376494895]
[50581, 10000, 65521, 0, -1.0808823529411764, 0.011124796376494895]
[50562, 10000, 65521, 0, -1.0808823529411764, 0.011124796376494895]
[50542, 10000, 65521, 0, -1.0808823529411764, 0.011124796376494895]
[50521, 10000, 65521, 0, -1.0808823529411764, 0.011124796376494895]
[50501, 10000, 65521, 0, -1.0808823529411764, 0.011124796376494895]
[50481, 10000, 65521, 0, -1.0808823529411764, 0.011124796376494895]
[50462, 10000, 65521, 0, -1.0808823529411764, 0.011124796376494895]
[50441, 10000, 65521, 0, -1.0808823529411764, 0.011124796376494895]
[50421, 10000, 65521, 0, -1.1409313725490196, 0.011124796376494895]
[50401, 10000, 65521, 0, -1.1409313725490196, 0.011124796376494895]
[50379, 10000, 65521, 0, -1.1409313725490196, 0.011124796376494895]
[50360, 10000, 65521, 0, -1.1409313725490196, 0.011124796376494895]
[50341, 10000, 65521, 0, -1.1409313725490196, 0.011124796376494895]
[50321, 10000, 65521, 0, -1.0808823529411764, 0.011124796376494895]
[50301, 10000, 65521, 0, -1.0808823529411764, 0.011124796376494895]
[50281, 10000, 65521, 0, -1.0808823529411764, 0.011919424689101671]
[50261, 10000, 65521, 0, -1.0808823529411764, 0.011124796376494895]
[50241, 10000, 65521, 0, -1.0208333333333335, 0.011124796376494895]
[50222, 10000, 65521, 0, -1.0208333333333335, 0.011124796376494895]
[50201, 10000, 65521, 0, -1.0208333333333335, 0.011124796376494895]
[50182, 10000, 65521, 0, -1.0208333333333335, 0.011124796376494895]
[50162, 10000, 65521, 0, -1.0208333333333335, 0.011124796376494895]
[50141, 10000, 65521, 0, -1.0208333333333335, 0.011124796376494895]
[50122, 10000, 65521, 0, -1.0808823529411764, 0.011124796376494895]
[50102, 10000, 65521, 0, -1.0808823529411764, 0.011124796376494895]
[50082, 10000, 65521, 0, -1.0808823529411764, 0.011124796376494895]
[50062, 10000, 65521, 0, -1.0808823529411764, 0.011124796376494895]
[50043, 10000, 65521, 0, -1.0808823529411764, 0.011124796376494895]
[50023, 10000, 65521, 0, -1.0808823529411764, 0.011124796376494895]
[50003, 10000, 65521, 0, -1.0808823529411764, 0.011124796376494895]
[49983, 10000, 65521, 0, -1.0808823529411764, 0.011124796376494895]
[49963, 10000, 65521, 0, -1.0808823529411764, 0.011124796376494895]
[49943, 10000, 65521, 0, -1.0808823529411764, 0.011124796376494895]
[49923, 10000, 65521, 0, -1.0808823529411764, 0.011124796376494895]
[49903, 10000, 65521, 0, -1.0808823529411764, 0.011124796376494895]
[49883, 10000, 65521, 0, -1.0808823529411764, 0.011124796376494895]
[49863, 10000, 65521, 0, -1.0808823529411764, 0.011124796376494895]
[49842, 10000, 65521, 0, -1.0808823529411764, 0.011124796376494895]
[49823, 10000, 65521, 0, -1.0808823529411764, 0.011124796376494895]
[49803, 10000, 65521, 0, -1.0208333333333335, 0.011124796376494895]
[49783, 10000, 65521, 0, -1.0208333333333335, 0.011124796376494895]
[49763, 10000, 65521, 0, -1.0208333333333335, 0.011124796376494895]
[49743, 10000, 65521, 0, -1.0208333333333335, 0.011919424689101671]
[49723, 10000, 65521, 0, -1.0208333333333335, 0.011919424689101671]
[49703, 10000, 65521, 0, -1.0208333333333335, 0.011919424689101671]
[49683, 10000, 65521, 0, -1.0208333333333335, 0.011919424689101671]
[49663, 10000, 65521, 0, -1.0208333333333335, 0.011919424689101671]
[49642, 10000, 65521, 0, -1.0208333333333335, 0.011919424689101671]
[49622, 10000, 65521, 0, -1.0208333333333335, 0.011919424689101671]
[49604, 10000, 65521, 0, -1.0208333333333335, 0.011919424689101671]
[49584, 10000, 65521, 0, -1.0208333333333335, 0.011919424689101671]
[49564, 10000, 65521, 0, -1.0208333333333335, 0.011919424689101671]
[49544, 10000, 65521, 0, -1.0208333333333335, 0.011919424689101671]
[49524, 10000, 65521, 0, -1.0208333333333335, 0.011919424689101671]
[49504, 10000, 65521, 0, -1.0208333333333335, 0.011919424689101671]
[49484, 10000, 65521, 0, -1.0208333333333335, 0.011919424689101671]
[49464, 10000, 65521, 0, -1.0208333333333335, 0.011919424689101671]
[49444, 10000, 65521, 0, -1.0808823529411764, 0.011919424689101671]
[49423, 10000, 65521, 0, -1.0808823529411764, 0.011919424689101671]
[49403, 10000, 65521, 0, -1.0208333333333335, 0.011919424689101671]
[49382, 10000, 65521, 0, -1.0208333333333335, 0.011919424689101671]
[49363, 10000, 65521, 0, -1.0208333333333335, 0.011919424689101671]
[49343, 10000, 65521, 0, -1.0208333333333335, 0.011919424689101671]
[49323, 10000, 65521, 0, -1.0208333333333335, 0.011919424689101671]
[49303, 10000, 65521, 0, -1.0208333333333335, 0.011919424689101671]
[49282, 10000, 65521, 0, -1.0208333333333335, 0.011919424689101671]
[49263, 10000, 65521, 0, -1.0208333333333335, 0.011919424689101671]
[49243, 10000, 65521, 0, -1.0208333333333335, 0.011919424689101671]
[49223, 10000, 65521, 0, -1.0208333333333335, 0.011919424689101671]
[49203, 10000, 65521, 0, -1.0208333333333335, 0.011919424689101671]
[49182, 10000, 65521, 0, -1.0208333333333335, 0.01271405300170845]
[49163, 10000, 65521, 0, -1.0208333333333335, 0.011919424689101671]
[49143, 10000, 65521, 0, -1.0208333333333335, 0.011919424689101671]
[49123, 10000, 65521, 0, -1.0208333333333335, 0.01271405300170845]
[49103, 10000, 65521, 0, -1.0208333333333335, 0.011919424689101671]
[49083, 10000, 65521, 0, -1.0208333333333335, 0.01271405300170845]
[49063, 10000, 65521, 0, -1.0208333333333335, 0.01271405300170845]
[49043, 10000, 65521, 0, -0.9607843137254902, 0.01271405300170845]
[49023, 10000, 65521, 0, -0.9607843137254902, 0.01271405300170845]
[49002, 10000, 65521, 0, -0.9607843137254902, 0.01271405300170845]
[48982, 10000, 65521, 0, -0.9607843137254902, 0.01271405300170845]
[48962, 10000, 65521, 0, -1.0208333333333335, 0.01271405300170845]
[48942, 10000, 65521, 0, -1.0208333333333335, 0.01271405300170845]
[48921, 10000, 65521, 0, -1.0208333333333335, 0.01271405300170845]
[48901, 10000, 65521, 0, -1.0208333333333335, 0.01271405300170845]
[48881, 10000, 65521, 0, -1.0208333333333335, 0.01271405300170845]
[48861, 10000, 65521, 0, -1.0208333333333335, 0.01271405300170845]
[48840, 10000, 65521, 0, -1.0208333333333335, 0.01271405300170845]
[48820, 10000, 65521, 0, -1.0208333333333335, 0.01271405300170845]
[48800, 10000, 65521, 0, -1.0208333333333335, 0.01271405300170845]
[48780, 10000, 65521, 0, -1.0208333333333335, 0.01271405300170845]
[48759, 10000, 65521, 0, -1.0208333333333335, 0.01271405300170845]
[48739, 10000, 65521, 0, -1.0208333333333335, 0.01271405300170845]
[48719, 10000, 65521, 0, -1.0208333333333335, 0.01271405300170845]
[48699, 10000, 65521, 0, -1.0208333333333335, 0.01271405300170845]
[48679, 10000, 65521, 0, -1.0208333333333335, 0.01271405300170845]
[48659, 10000, 65521, 0, -1.0208333333333335, 0.01271405300170845]
[48639, 10000, 65521, 0, -1.0208333333333335, 0.01271405300170845]
[48619, 10000, 65521, 0, -1.0208333333333335, 0.01271405300170845]
[48598, 10000, 65521, 0, -1.0208333333333335, 0.01271405300170845]
[48578, 10000, 65521, 0, -1.0208333333333335, 0.01271405300170845]
[48558, 10000, 65521, 0, -1.0208333333333335, 0.01271405300170845]
[48538, 10000, 65521, 0, -1.0208333333333335, 0.01271405300170845]
[48518, 10000, 65521, 0, -0.9607843137254902, 0.01271405300170845]
[48497, 10000, 65521, 0, -0.9607843137254902, 0.011919424689101671]
[48478, 10000, 65521, 0, -0.9607843137254902, 0.011919424689101671]
[48457, 10000, 65521, 0, -0.9607843137254902, 0.011919424689101671]
[48436, 10000, 65521, 0, -0.9607843137254902, 0.011919424689101671]
[48417, 10000, 65521, 0, -0.9607843137254902, 0.011919424689101671]
[48397, 10000, 65521, 0, -0.9607843137254902, 0.011919424689101671]
[48376, 10000, 65521, 0, -0.9607843137254902, 0.011919424689101671]
[48356, 10000, 65521, 0, -0.9607843137254902, 0.011919424689101671]
[48336, 10000, 65521, 0, -0.9607843137254902, 0.011919424689101671]
[48316, 10000, 65521, 0, -0.9607843137254902, 0.011919424689101671]
[48296, 10000, 65521, 0, -0.9607843137254902, 0.011919424689101671]
[48275, 10000, 65521, 0, -0.9607843137254902, 0.011919424689101671]
[48255, 10000, 65521, 0, -0.9607843137254902, 0.011919424689101671]
[48235, 10000, 65521, 0, -0.9607843137254902, 0.011919424689101671]
[48215, 10000, 65521, 0, -0.9607843137254902, 0.011919424689101671]
[48195, 10000, 65521, 0, -0.9607843137254902, 0.011919424689101671]
[48175, 10000, 65521, 0, -0.9607843137254902, 0.011919424689101671]
[48155, 10000, 65521, 0, -0.9607843137254902, 0.011919424689101671]
[48135, 10000, 65521, 0, -0.9607843137254902, 0.011919424689101671]
[48115, 10000, 65521, 0, -0.9607843137254902, 0.011919424689101671]
[48094, 10000, 65521, 0, -0.9607843137254902, 0.011919424689101671]
[48075, 10000, 65521, 0, -0.9607843137254902, 0.011919424689101671]
[48055, 10000, 65521, 0, -0.9607843137254902, 0.011919424689101671]
[48035, 10000, 65521, 0, -0.9607843137254902, 0.011919424689101671]
[48015, 10000, 65521, 0, -0.9607843137254902, 0.011919424689101671]
[47995, 10000, 65521, 0, -0.9607843137254902, 0.011919424689101671]
[47975, 10000, 65521, 0, -0.9607843137254902, 0.011919424689101671]
[47954, 10000, 65521, 0, -0.9607843137254902, 0.011919424689101671]
[47934, 10000, 65521, 0, -0.9607843137254902, 0.011919424689101671]
[47915, 10000, 65521, 0, -0.9607843137254902, 0.011919424689101671]
[47894, 10000, 65521, 0, -0.9607843137254902, 0.011919424689101671]
[47874, 10000, 65521, 0, -0.9607843137254902, 0.011919424689101671]
[47855, 10000, 65521, 0, -0.9607843137254902, 0.011919424689101671]
[47834, 10000, 65521, 0, -0.9607843137254902, 0.011919424689101671]
[47814, 10000, 65521, 0, -0.9607843137254902, 0.011919424689101671]
[47794, 10000, 65521, 0, -0.9607843137254902, 0.011919424689101671]
[47774, 10000, 65521, 0, -0.9607843137254902, 0.011919424689101671]
[47755, 10000, 65521, 0, -0.9607843137254902, 0.011919424689101671]
[47734, 10000, 65521, 0, -0.9607843137254902, 0.011919424689101671]
[47715, 10000, 65521, 0, -0.9607843137254902, 0.011919424689101671]
[47695, 10000, 65521, 0, -0.9607843137254902, 0.011919424689101671]
[47671, 10000, 65523, 0, -0.9607843137254902, 0.011919424689101671]
[47669, 10000, 65525, 0, -0.9607843137254902, 0.011919424689101671]
[47667, 10000, 65526, 0, -1.0208333333333335, 0.011919424689101671]
[47666, 10000, 65528, 0, -1.0208333333333335, 0.011919424689101671]
[47664, 10000, 65529, 0, -0.9607843137254902, 0.011919424689101671]
[47664, 10000, 65530, 0, -0.9607843137254902, 0.011919424689101671]
[47663, 10000, 65531, 0, -0.9607843137254902, 0.011919424689101671]
[47672, 10000, 65535, 0, -0.9607843137254902, 0.011919424689101671]
[47690, 10000, 2, 0, -1.0208333333333335, 0.011919424689101671]
[47708, 10000, 4, 0, -1.1409313725490196, 0.01271405300170845]
[47729, 10000, 6, 0, -1.2610294117647058, 0.01271405300170845]
[47749, 10000, 8, 0, -1.321078431372549, 0.01271405300170845]
[47767, 10000, 9, 0, -1.321078431372549, 0.011919424689101671]
[47787, 10000, 10, 0, -1.321078431372549, 0.011919424689101671]
[47806, 10000, 11, 0, -1.321078431372549, 0.011919424689101671]
[47824, 10000, 11, 0, -1.3811274509803921, 0.011919424689101671]
[47844, 10000, 12, 0, -1.3811274509803921, 0.011919424689101671]
[47862, 10000, 13, 0, -1.3811274509803921, 0.011919424689101671]
[47880, 10000, 13, 0, -1.3811274509803921, 0.011919424689101671]
[47898, 10000, 14, 0, -1.3811274509803921, 0.011919424689101671]
[47917, 10000, 14, 0, -1.3811274509803921, 0.011919424689101671]
[47934, 10000, 14, 0, -1.3811274509803921, 0.011919424689101671]
[47951, 10000, 14, 0, -1.4411764705882353, 0.011919424689101671]
[47968, 10000, 14, 0, -1.4411764705882353, 0.011919424689101671]
[47989, 10000, 14, 0, -1.4411764705882353, 0.011919424689101671]
[48008, 10000, 14, 0, -1.4411764705882353, 0.011919424689101671]
[48027, 10000, 14, 0, -1.4411764705882353, 0.011919424689101671]
[48047, 10000, 14, 0, -1.4411764705882353, 0.011919424689101671]
[48066, 10000, 14, 0, -1.4411764705882353, 0.011919424689101671]
[48084, 10000, 15, 0, -1.4411764705882353, 0.011124796376494895]
[48103, 10000, 15, 0, -1.4411764705882353, 0.011124796376494895]
[48121, 10000, 15, 0, -1.4411764705882353, 0.011124796376494895]
[48150, 10000, 14, 0, -1.4411764705882353, 0.011124796376494895]
[48168, 10000, 14, 0, -1.4411764705882353, 0.011124796376494895]
[48187, 10000, 14, 0, -1.4411764705882353, 0.011124796376494895]
[48206, 10000, 14, 0, -1.4411764705882353, 0.011124796376494895]
[48225, 10000, 14, 0, -1.4411764705882353, 0.011124796376494895]
[48242, 10000, 15, 0, -1.4411764705882353, 0.011124796376494895]
[48261, 10000, 15, 0, -1.4411764705882353, 0.011124796376494895]
[48278, 10000, 15, 0, -1.4411764705882353, 0.011124796376494895]
[48295, 10000, 15, -1, -1.4411764705882353, 0.011124796376494895]
[48315, 10000, 15, 0, -1.4411764705882353, 0.011124796376494895]
[48333, 10000, 15, 0, -1.4411764705882353, 0.011124796376494895]
[48350, 10000, 15, 0, -1.4411764705882353, 0.011124796376494895]
[48370, 10000, 15, 0, -1.4411764705882353, 0.011124796376494895]
[48390, 10000, 15, 0, -1.4411764705882353, 0.011124796376494895]
[48410, 10000, 15, 0, -1.4411764705882353, 0.011124796376494895]
[48431, 10000, 15, 0, -1.4411764705882353, 0.011124796376494895]
[48451, 10000, 15, 0, -1.5012254901960784, 0.011124796376494895]
[48471, 10000, 15, 0, -1.5012254901960784, 0.011124796376494895]
[48491, 10000, 15, 0, -1.5012254901960784, 0.011124796376494895]
[48511, 10000, 15, 0, -1.5012254901960784, 0.011124796376494895]
[48531, 10000, 15, 0, -1.5012254901960784, 0.011124796376494895]
[48552, 10000, 15, 0, -1.5012254901960784, 0.011124796376494895]
[48572, 10000, 15, 0, -1.5012254901960784, 0.011124796376494895]
[48592, 10000, 15, 0, -1.5012254901960784, 0.011124796376494895]
[48612, 10000, 15, 0, -1.5012254901960784, 0.011124796376494895]
[48633, 10000, 15, 0, -1.5012254901960784, 0.011124796376494895]
[48653, 10000, 15, 0, -1.5612745098039214, 0.011124796376494895]
[48672, 10000, 15, 0, -1.5612745098039214, 0.011124796376494895]
[48692, 10000, 15, 0, -1.5612745098039214, 0.011124796376494895]
[48713, 10000, 15, 0, -1.5612745098039214, 0.011124796376494895]
[48733, 10000, 15, 0, -1.5612745098039214, 0.011124796376494895]
[48753, 10000, 15, 0, -1.5612745098039214, 0.011124796376494895]
[48773, 10000, 15, 0, -1.5612745098039214, 0.011124796376494895]
[48794, 10000, 15, 0, -1.5612745098039214, 0.011124796376494895]
[48814, 10000, 15, 0, -1.5612745098039214, 0.011124796376494895]
[48834, 10000, 15, 0, -1.5612745098039214, 0.011124796376494895]
[48854, 10000, 15, 0, -1.5612745098039214, 0.011124796376494895]
[48875, 10000, 15, 0, -1.5612745098039214, 0.011124796376494895]
[48895, 10000, 15, 0, -1.5612745098039214, 0.011124796376494895]
[48915, 10000, 15, 0, -1.5012254901960784, 0.011124796376494895]
[48935, 10000, 15, 0, -1.5012254901960784, 0.011124796376494895]
[48956, 10000, 15, 0, -1.5012254901960784, 0.011124796376494895]
[48976, 10000, 15, 0, -1.5012254901960784, 0.011124796376494895]
[48996, 10000, 15, 0, -1.5012254901960784, 0.011124796376494895]
[49016, 10000, 15, 0, -1.5012254901960784, 0.011124796376494895]
[49037, 10000, 15, 0, -1.5012254901960784, 0.011124796376494895]
[49057, 10000, 15, 0, -1.5012254901960784, 0.011124796376494895]
[49077, 10000, 15, 0, -1.5012254901960784, 0.011124796376494895]
[49097, 10000, 15, 0, -1.5012254901960784, 0.011124796376494895]
[49117, 10000, 15, 0, -1.5012254901960784, 0.011124796376494895]
[49137, 10000, 15, 0, -1.5012254901960784, 0.011124796376494895]
[49157, 10000, 15, 0, -1.5012254901960784, 0.011124796376494895]
[49177, 10000, 15, 0, -1.5012254901960784, 0.011124796376494895]
[49197, 10000, 15, 0, -1.5012254901960784, 0.011124796376494895]
[49217, 10000, 15, 0, -1.5012254901960784, 0.011124796376494895]
[49236, 10000, 15, 0, -1.5012254901960784, 0.011124796376494895]
[49256, 10000, 15, 0, -1.5012254901960784, 0.011124796376494895]
[49277, 10000, 15, 0, -1.5012254901960784, 0.011124796376494895]
[49297, 10000, 15, 0, -1.5012254901960784, 0.011124796376494895]
[49317, 10000, 15, 0, -1.5012254901960784, 0.011124796376494895]
[49337, 10000, 15, 0, -1.5012254901960784, 0.011124796376494895]
[49357, 10000, 15, 0, -1.5012254901960784, 0.011124796376494895]
[49377, 10000, 15, 0, -1.5012254901960784, 0.011124796376494895]
[49397, 10000, 15, 0, -1.5012254901960784, 0.011124796376494895]
[49417, 10000, 15, 0, -1.5012254901960784, 0.011124796376494895]
[49438, 10000, 15, 0, -1.5012254901960784, 0.011124796376494895]
[49458, 10000, 15, 0, -1.5012254901960784, 0.011124796376494895]
[49477, 10000, 15, 0, -1.5012254901960784, 0.011124796376494895]
[49497, 10000, 15, 0, -1.5012254901960784, 0.011124796376494895]
[49518, 10000, 15, 0, -1.5012254901960784, 0.011124796376494895]
[49539, 10000, 15, 0, -1.5012254901960784, 0.011124796376494895]
[49559, 10000, 15, 0, -1.5012254901960784, 0.011124796376494895]
[49577, 10000, 15, 0, -1.4411764705882353, 0.011124796376494895]
[49598, 10000, 15, 0, -1.4411764705882353, 0.011124796376494895]
[49617, 10000, 15, 0, -1.4411764705882353, 0.011124796376494895]
[49637, 10000, 15, 0, -1.4411764705882353, 0.011124796376494895]
[49657, 10000, 15, 0, -1.4411764705882353, 0.011124796376494895]
[49677, 10000, 15, 0, -1.5012254901960784, 0.011124796376494895]
[49697, 10000, 15, 0, -1.5012254901960784, 0.011124796376494895]
[49717, 10000, 15, 0, -1.5012254901960784, 0.011124796376494895]
[49736, 10000, 15, 0, -1.5012254901960784, 0.011124796376494895]
[49756, 10000, 15, 0, -1.5012254901960784, 0.011124796376494895]
[49776, 10000, 15, 0, -1.5012254901960784, 0.011124796376494895]
[49796, 10000, 15, 0, -1.5012254901960784, 0.011124796376494895]
[49815, 10000, 15, 0, -1.5012254901960784, 0.011124796376494895]
[49836, 10000, 15, 0, -1.5012254901960784, 0.011124796376494895]
[49856, 10000, 15, 0, -1.5012254901960784, 0.011124796376494895]
[49876, 10000, 15, 0, -1.5012254901960784, 0.011124796376494895]
[49895, 10000, 15, 0, -1.5012254901960784, 0.011124796376494895]
[49916, 10000, 15, 0, -1.5012254901960784, 0.011124796376494895]
[49936, 10000, 15, 0, -1.5012254901960784, 0.011124796376494895]
[49956, 10000, 15, 0, -1.4411764705882353, 0.011124796376494895]
[49976, 10000, 15, 0, -1.4411764705882353, 0.011124796376494895]
[49996, 10000, 15, 0, -1.4411764705882353, 0.011124796376494895]
[50016, 10000, 15, 0, -1.4411764705882353, 0.011124796376494895]
[50037, 10000, 15, 0, -1.4411764705882353, 0.011124796376494895]
[50055, 10000, 15, 0, -1.4411764705882353, 0.011124796376494895]
[50076, 10000, 15, 0, -1.4411764705882353, 0.011124796376494895]
[50095, 10000, 15, 0, -1.4411764705882353, 0.011124796376494895]
[50116, 10000, 15, 0, -1.5012254901960784, 0.011124796376494895]
[50135, 10000, 15, 0, -1.5012254901960784, 0.011124796376494895]
[50155, 10000, 15, 0, -1.5012254901960784, 0.011124796376494895]
[50175, 10000, 15, 0, -1.5012254901960784, 0.011124796376494895]
[50194, 10000, 15, 0, -1.5012254901960784, 0.011124796376494895]
[50215, 10000, 15, 0, -1.5012254901960784, 0.011124796376494895]
[50235, 10000, 15, 0, -1.5012254901960784, 0.011124796376494895]
[50254, 10000, 15, 0, -1.5012254901960784, 0.011124796376494895]
[50274, 10000, 15, 0, -1.5012254901960784, 0.011124796376494895]
[50294, 10000, 15, 0, -1.5012254901960784, 0.011124796376494895]
[50315, 10000, 15, 0, -1.5012254901960784, 0.011124796376494895]
[50334, 10000, 15, 0, -1.4411764705882353, 0.011124796376494895]
[50354, 10000, 15, 0, -1.4411764705882353, 0.011124796376494895]
[50378, 10000, 15, 0, -1.4411764705882353, 0.011124796376494895]
[50395, 10000, 15, 0, -1.4411764705882353, 0.011124796376494895]
[50415, 10000, 15, 0, -1.4411764705882353, 0.011124796376494895]
[50434, 10000, 15, 0, -1.4411764705882353, 0.011124796376494895]
[50454, 10000, 15, 0, -1.4411764705882353, 0.011124796376494895]
[50475, 10000, 15, 0, -1.4411764705882353, 0.011124796376494895]
[50495, 10000, 15, 0, -1.4411764705882353, 0.011124796376494895]
[50515, 10000, 15, 0, -1.4411764705882353, 0.011124796376494895]
[50535, 10000, 15, 0, -1.4411764705882353, 0.011124796376494895]
[50555, 10000, 15, 0, -1.4411764705882353, 0.011124796376494895]
[50575, 10000, 15, 0, -1.4411764705882353, 0.011124796376494895]
[50595, 10000, 15, 0, -1.4411764705882353, 0.011124796376494895]
[50614, 10000, 15, 0, -1.4411764705882353, 0.011124796376494895]
[50635, 10000, 15, 0, -1.4411764705882353, 0.011124796376494895]
[50655, 10000, 15, 0, -1.4411764705882353, 0.011124796376494895]
[50674, 10000, 15, 0, -1.4411764705882353, 0.011124796376494895]
[50694, 10000, 15, 0, -1.4411764705882353, 0.011124796376494895]
[50715, 10000, 15, 0, -1.4411764705882353, 0.011124796376494895]
[50735, 10000, 15, 0, -1.4411764705882353, 0.011124796376494895]
[50754, 10000, 15, 0, -1.4411764705882353, 0.011919424689101671]
[50774, 10000, 15, 0, -1.4411764705882353, 0.011919424689101671]
[50795, 10000, 15, 0, -1.4411764705882353, 0.011919424689101671]
[50814, 10000, 15, 0, -1.4411764705882353, 0.011919424689101671]
[50834, 10000, 15, 0, -1.4411764705882353, 0.011919424689101671]
[50854, 10000, 15, 0, -1.4411764705882353, 0.011919424689101671]
[50875, 10000, 15, 0, -1.4411764705882353, 0.011919424689101671]
[50895, 10000, 15, 0, -1.4411764705882353, 0.011919424689101671]
[50914, 10000, 15, 0, -1.4411764705882353, 0.011919424689101671]
[50935, 10000, 15, 0, -1.4411764705882353, 0.011919424689101671]
[50955, 10000, 15, 0, -1.4411764705882353, 0.011919424689101671]
[50975, 10000, 15, 0, -1.4411764705882353, 0.011919424689101671]
[50995, 10000, 15, 0, -1.4411764705882353, 0.011919424689101671]
[51015, 10000, 15, 0, -1.4411764705882353, 0.011919424689101671]
[51036, 10000, 15, 0, -1.4411764705882353, 0.011919424689101671]
[51055, 10000, 15, 0, -1.4411764705882353, 0.011919424689101671]
[51074, 10000, 15, 0, -1.4411764705882353, 0.011919424689101671]
[51095, 10000, 15, 0, -1.4411764705882353, 0.011919424689101671]
[51118, 10000, 15, 0, -1.4411764705882353, 0.011919424689101671]
[51135, 10000, 15, 0, -1.4411764705882353, 0.011919424689101671]
[51155, 10000, 15, 0, -1.4411764705882353, 0.011919424689101671]
[51183, 10000, 15, 0, -1.4411764705882353, 0.011919424689101671]
[51200, 10000, 15, 0, -1.4411764705882353, 0.011919424689101671]
[51219, 10000, 15, 0, -1.4411764705882353, 0.011919424689101671]
[51235, 10000, 15, 0, -1.4411764705882353, 0.011919424689101671]
[51253, 10000, 15, 0, -1.4411764705882353, 0.011919424689101671]
[51274, 10000, 15, 0, -1.4411764705882353, 0.011919424689101671]
[51294, 10000, 15, 0, -1.4411764705882353, 0.011919424689101671]
[51313, 10000, 15, 0, -1.4411764705882353, 0.011919424689101671]
[51334, 10000, 15, 0, -1.4411764705882353, 0.011919424689101671]
[51354, 10000, 15, 0, -1.4411764705882353, 0.011919424689101671]
[51374, 10000, 15, 0, -1.4411764705882353, 0.011919424689101671]
[51393, 10000, 15, 0, -1.4411764705882353, 0.011919424689101671]
[51413, 10000, 15, 0, -1.4411764705882353, 0.011919424689101671]
[51434, 10000, 15, 0, -1.4411764705882353, 0.011919424689101671]
[51454, 10000, 15, 0, -1.4411764705882353, 0.011919424689101671]
[51474, 10000, 15, 0, -1.4411764705882353, 0.011919424689101671]
[51494, 10000, 15, 0, -1.4411764705882353, 0.011919424689101671]
[51515, 10000, 15, 0, -1.4411764705882353, 0.011919424689101671]
[51534, 10000, 15, 0, -1.4411764705882353, 0.011919424689101671]
[51553, 10000, 15, 0, -1.4411764705882353, 0.011919424689101671]
[51574, 10000, 15, 0, -1.4411764705882353, 0.011919424689101671]
[51594, 10000, 15, 0, -1.4411764705882353, 0.011919424689101671]
[51618, 10000, 13, 0, -1.4411764705882353, 0.011919424689101671]
[51618, 10000, 11, 0, -1.4411764705882353, 0.011919424689101671]
[51617, 10000, 9, 0, -1.4411764705882353, 0.011919424689101671]
[51617, 10000, 8, 0, -1.3811274509803921, 0.011919424689101671]
[51616, 10000, 6, 0, -1.3811274509803921, 0.011124796376494895]
[51615, 10000, 5, 0, -1.3811274509803921, 0.011124796376494895]
[51615, 10000, 4, 0, -1.3811274509803921, 0.011124796376494895]
[51615, 10000, 3, 0, -1.3811274509803921, 0.011124796376494895]
[51615, 10000, 3, 0, -1.3811274509803921, 0.011124796376494895]
[51614, 10000, 2, 0, -1.3811274509803921, 0.011124796376494895]
[51614, 10000, 2, 0, -1.3811274509803921, 0.011124796376494895]
[51613, 10000, 1, 0, -1.3811274509803921, 0.011124796376494895]
[51613, 10000, 1, 0, -1.3811274509803921, 0.011124796376494895]
[51613, 10000, 1, 0, -1.3811274509803921, 0.011124796376494895]
[51613, 10000, 1, 0, -1.3811274509803921, 0.011124796376494895]
[51614, 10000, 0, 0, -1.3811274509803921, 0.011124796376494895]
[51600, 10000, 65534, 0, -1.3811274509803921, 0.011124796376494895]
[51582, 10000, 65532, 0, -1.321078431372549, 0.011124796376494895]
[51563, 10000, 65530, 0, -1.2009803921568627, 0.011124796376494895]
[51546, 10000, 65529, 0, -1.2009803921568627, 0.011124796376494895]
[51527, 10000, 65527, 0, -1.2009803921568627, 0.011124796376494895]
[51509, 10000, 65526, 0, -1.1409313725490196, 0.011124796376494895]
[51491, 10000, 65525, 0, -1.1409313725490196, 0.011124796376494895]
[51473, 10000, 65525, 0, -1.1409313725490196, 0.011124796376494895]
[51455, 10000, 65524, 0, -1.1409313725490196, 0.011124796376494895]
[51436, 10000, 65524, 0, -1.1409313725490196, 0.011919424689101671]
[51416, 10000, 65523, 0, -1.1409313725490196, 0.011919424689101671]
[51396, 10000, 65523, 0, -1.1409313725490196, 0.011919424689101671]
[51378, 10000, 65523, 0, -1.1409313725490196, 0.011919424689101671]
[51357, 10000, 65522, 0, -1.1409313725490196, 0.011919424689101671]
[51338, 10000, 65522, 0, -1.1409313725490196, 0.011919424689101671]
[51318, 10000, 65522, 0, -1.1409313725490196, 0.011919424689101671]
[51298, 10000, 65522, 0, -1.1409313725490196, 0.011919424689101671]
[51278, 10000, 65522, 0, -1.1409313725490196, 0.011919424689101671]
[51258, 10000, 65522, 0, -1.1409313725490196, 0.011919424689101671]
[51238, 10000, 65522, 0, -1.1409313725490196, 0.011919424689101671]
[51218, 10000, 65521, 0, -1.1409313725490196, 0.011124796376494895]
[51198, 10000, 65521, 0, -1.1409313725490196, 0.011124796376494895]
[51178, 10000, 65521, 0, -1.1409313725490196, 0.011124796376494895]
[51158, 10000, 65521, 0, -1.1409313725490196, 0.011124796376494895]
[51139, 10000, 65521, 0, -1.1409313725490196, 0.011124796376494895]
[51118, 10000, 65521, 0, -1.1409313725490196, 0.011124796376494895]
[51098, 10000, 65521, 0, -1.1409313725490196, 0.011124796376494895]
[51077, 10000, 65521, 0, -1.1409313725490196, 0.011124796376494895]
[51059, 10000, 65521, 0, -1.1409313725490196, 0.011124796376494895]
[51039, 10000, 65521, 0, -1.1409313725490196, 0.011124796376494895]
[51018, 10000, 65521, 0, -1.1409313725490196, 0.011124796376494895]
[50999, 10000, 65521, 0, -1.0808823529411764, 0.011124796376494895]
[50979, 10000, 65521, 0, -1.0808823529411764, 0.011124796376494895]
[50959, 10000, 65521, 0, -1.0808823529411764, 0.011124796376494895]
[50939, 10000, 65521, 0, -1.0808823529411764, 0.011124796376494895]
[50918, 10000, 65521, 0, -1.1409313725490196, 0.011124796376494895]
[50898, 10000, 65521, 0, -1.1409313725490196, 0.011124796376494895]
[50879, 10000, 65521, 0, -1.1409313725490196, 0.011124796376494895]
[50858, 10000, 65521, 0, -1.1409313725490196, 0.011124796376494895]
[50838, 10000, 65521, 0, -1.1409313725490196, 0.011124796376494895]
[50818, 10000, 65521, 0, -1.1409313725490196, 0.011124796376494895]
[50798, 10000, 65521, 0, -1.1409313725490196, 0.011124796376494895]
[50777, 10000, 65521, 0, -1.1409313725490196, 0.011124796376494895]
[50758, 10000, 65521, 0, -1.1409313725490196, 0.011124796376494895]
[50738, 10000, 65521, 0, -1.1409313725490196, 0.011124796376494895]
[50719, 10000, 65521, 0, -1.1409313725490196, 0.011124796376494895]
[50698, 10000, 65521, 0, -1.1409313725490196, 0.011124796376494895]
[50678, 10000, 65521, 0, -1.0808823529411764, 0.011124796376494895]
[50659, 10000, 65521, 0, -1.0808823529411764, 0.011124796376494895]
[50638, 10000, 65521, 0, -1.0808823529411764, 0.011124796376494895]
[50619, 10000, 65521, 0, -1.0808823529411764, 0.011124796376494895]
[50599, 10000, 65521, 0, -1.0808823529411764, 0.011124796376494895]
[50579, 10000, 65521, 0, -1.0808823529411764, 0.011124796376494895]
[50559, 10000, 65521, 0, -1.0808823529411764, 0.011124796376494895]
[50539, 10000, 65521, 0, -1.0808823529411764, 0.011124796376494895]
[50519, 10000, 65521, 0, -1.0808823529411764, 0.011124796376494895]
[50499, 10000, 65521, 0, -1.0808823529411764, 0.011124796376494895]
[50479, 10000, 65521, 0, -1.0808823529411764, 0.011124796376494895]
[50459, 10000, 65521, 0, -1.0808823529411764, 0.011124796376494895]
[50439, 10000, 65521, 0, -1.0808823529411764, 0.011124796376494895]
[50419, 10000, 65521, 0, -1.1409313725490196, 0.011124796376494895]
[50399, 10000, 65521, 0, -1.1409313725490196, 0.011124796376494895]
[50379, 10000, 65521, 0, -1.1409313725490196, 0.011124796376494895]
[50359, 10000, 65521, 0, -1.1409313725490196, 0.011124796376494895]
[50339, 10000, 65521, 0, -1.0808823529411764, 0.011124796376494895]
[50319, 10000, 65521, 0, -1.0808823529411764, 0.011124796376494895]
[50299, 10000, 65521, 0, -1.0808823529411764, 0.011124796376494895]
[50279, 10000, 65521, 0, -1.0808823529411764, 0.011919424689101671]
[50258, 10000, 65521, 0, -1.0808823529411764, 0.011919424689101671]
[50239, 10000, 65521, 0, -1.0208333333333335, 0.011919424689101671]
[50219, 10000, 65521, 0, -1.0208333333333335, 0.011919424689101671]
[50199, 10000, 65521, 0, -1.0208333333333335, 0.011919424689101671]
[50179, 10000, 65521, 0, -1.0208333333333335, 0.011124796376494895]
[50159, 10000, 65521, 0, -1.0208333333333335, 0.011124796376494895]
[50140, 10000, 65521, 0, -1.0208333333333335, 0.011124796376494895]
[50120, 10000, 65521, 0, -1.0808823529411764, 0.011124796376494895]
[50100, 10000, 65521, 0, -1.0808823529411764, 0.011124796376494895]
[50080, 10000, 65521, 0, -1.0808823529411764, 0.011124796376494895]
[50060, 10000, 65521, 0, -1.0808823529411764, 0.011124796376494895]
[50040, 10000, 65521, 0, -1.0808823529411764, 0.011124796376494895]
[50020, 10000, 65521, 0, -1.0808823529411764, 0.011124796376494895]
[50000, 10000, 65521, 0, -1.0808823529411764, 0.011124796376494895]
[49980, 10000, 65521, 0, -1.0208333333333335, 0.011124796376494895]
[49960, 10000, 65521, 0, -1.0208333333333335, 0.011124796376494895]
[49940, 10000, 65521, 0, -1.0208333333333335, 0.011124796376494895]
[49920, 10000, 65521, 0, -1.0208333333333335, 0.011124796376494895]
[49900, 10000, 65521, 0, -1.0808823529411764, 0.011124796376494895]
[49880, 10000, 65521, 0, -1.0808823529411764, 0.011124796376494895]
[49860, 10000, 65521, 0, -1.0808823529411764, 0.011124796376494895]
[49840, 10000, 65521, 0, -1.0808823529411764, 0.011124796376494895]
[49820, 10000, 65521, 0, -1.0808823529411764, 0.011124796376494895]
[49800, 10000, 65521, 0, -1.0808823529411764, 0.011124796376494895]
[49780, 10000, 65521, 0, -1.0808823529411764, 0.011919424689101671]
[49760, 10000, 65521, 0, -1.0208333333333335, 0.011919424689101671]
[49740, 10000, 65521, 0, -1.0208333333333335, 0.011919424689101671]
[49720, 10000, 65521, 0, -1.0208333333333335, 0.011919424689101671]
[49700, 10000, 65521, 0, -1.0208333333333335, 0.011919424689101671]
[49680, 10000, 65521, 0, -1.0208333333333335, 0.011919424689101671]
[49661, 10000, 65521, 0, -1.0208333333333335, 0.011919424689101671]
[49641, 10000, 65521, 0, -1.0208333333333335, 0.011919424689101671]
[49621, 10000, 65521, 0, -1.0208333333333335, 0.011919424689101671]
[49601, 10000, 65521, 0, -1.0208333333333335, 0.011919424689101671]
[49581, 10000, 65521, 0, -1.0208333333333335, 0.011919424689101671]
[49561, 10000, 65521, 0, -1.0208333333333335, 0.011919424689101671]
[49541, 10000, 65521, 0, -1.0208333333333335, 0.011919424689101671]
[49522, 10000, 65521, 0, -1.0208333333333335, 0.011919424689101671]
[49501, 10000, 65521, 0, -1.0208333333333335, 0.011919424689101671]
[49480, 10000, 65521, 0, -1.0208333333333335, 0.011919424689101671]
[49461, 10000, 65521, 0, -1.0808823529411764, 0.011919424689101671]
[49441, 10000, 65521, 0, -1.0808823529411764, 0.011919424689101671]
[49421, 10000, 65521, 0, -1.0808823529411764, 0.011919424689101671]
[49401, 10000, 65521, 0, -1.0208333333333335, 0.011919424689101671]
[49381, 10000, 65521, 0, -1.0208333333333335, 0.011919424689101671]
[49361, 10000, 65521, 0, -1.0208333333333335, 0.011919424689101671]
[49341, 10000, 65521, 0, -1.0208333333333335, 0.011919424689101671]
[49321, 10000, 65521, 0, -1.0208333333333335, 0.011919424689101671]
[49301, 10000, 65521, 0, -1.0208333333333335, 0.011919424689101671]
[49280, 10000, 65521, 0, -1.0208333333333335, 0.01271405300170845]
[49261, 10000, 65521, 0, -1.0208333333333335, 0.01271405300170845]
[49241, 10000, 65521, 0, -1.0208333333333335, 0.01271405300170845]
[49221, 10000, 65521, 0, -1.0208333333333335, 0.01271405300170845]
[49201, 10000, 65521, 0, -1.0208333333333335, 0.01271405300170845]
[49178, 10000, 65521, 0, -1.0208333333333335, 0.01271405300170845]
[49160, 10000, 65521, 0, -1.0208333333333335, 0.01271405300170845]
[49141, 10000, 65521, 0, -1.0208333333333335, 0.01271405300170845]
[49120, 10000, 65521, 0, -1.0208333333333335, 0.01271405300170845]
[49101, 10000, 65521, 0, -1.0208333333333335, 0.01271405300170845]
[49081, 10000, 65521, 0, -1.0208333333333335, 0.01271405300170845]
[49061, 10000, 65521, 0, -0.9607843137254902, 0.01271405300170845]
[49041, 10000, 65521, 0, -0.9607843137254902, 0.01271405300170845]
[49021, 10000, 65521, 0, -0.9007352941176471, 0.01271405300170845]
[49000, 10000, 65521, 0, -0.9007352941176471, 0.01271405300170845]
[48980, 10000, 65521, 0, -0.9007352941176471, 0.01271405300170845]
[48960, 10000, 65521, 0, -0.9007352941176471, 0.01271405300170845]
[48940, 10000, 65521, 0, -0.840686274509804, 0.01271405300170845]
[48919, 10000, 65521, 0, -0.840686274509804, 0.01271405300170845]
[48899, 10000, 65521, 0, -0.840686274509804, 0.01271405300170845]
[48879, 10000, 65521, 0, -0.9007352941176471, 0.01271405300170845]
[48858, 10000, 65521, 0, -0.9607843137254902, 0.01271405300170845]
[48838, 10000, 65521, 0, -0.9607843137254902, 0.01271405300170845]
[48818, 10000, 65521, 0, -1.0208333333333335, 0.01271405300170845]
[48798, 10000, 65521, 0, -1.0208333333333335, 0.01271405300170845]
[48777, 10000, 65521, 0, -1.0208333333333335, 0.01271405300170845]
[48757, 10000, 65521, 0, -1.0208333333333335, 0.01271405300170845]
[48737, 10000, 65521, 0, -0.9607843137254902, 0.01271405300170845]
[48717, 10000, 65521, 0, -0.9607843137254902, 0.01271405300170845]
[48697, 10000, 65521, 0, -0.9607843137254902, 0.01271405300170845]
[48677, 10000, 65521, 0, -0.9607843137254902, 0.01271405300170845]
[48657, 10000, 65521, 0, -0.9607843137254902, 0.01271405300170845]
[48637, 10000, 65521, 0, -0.9607843137254902, 0.01271405300170845]
[48617, 10000, 65521, 0, -1.0208333333333335, 0.01271405300170845]
[48596, 10000, 65521, 0, -1.0208333333333335, 0.011919424689101671]
[48576, 10000, 65521, 0, -1.0208333333333335, 0.011919424689101671]
[48556, 10000, 65521, 0, -1.0208333333333335, 0.011919424689101671]
[48536, 10000, 65521, 0, -1.0208333333333335, 0.011919424689101671]
[48514, 10000, 65521, 0, -1.0208333333333335, 0.011919424689101671]
[48496, 10000, 65521, 0, -1.0208333333333335, 0.011919424689101671]
[48476, 10000, 65521, 0, -0.9607843137254902, 0.011919424689101671]
[48455, 10000, 65521, 0, -0.9607843137254902, 0.011919424689101671]
[48435, 10000, 65521, 0, -0.9607843137254902, 0.011919424689101671]
[48415, 10000, 65521, 0, -0.9607843137254902, 0.011919424689101671]
[48395, 10000, 65521, 0, -0.9607843137254902, 0.011919424689101671]
[48374, 10000, 65521, 0, -0.9607843137254902, 0.011919424689101671]
[48354, 10000, 65521, 0, -0.9607843137254902, 0.011919424689101671]
[48334, 10000, 65521, 0, -0.9607843137254902, 0.011919424689101671]
[48314, 10000, 65521, 0, -0.9607843137254902, 0.011919424689101671]
[48293, 10000, 65521, 0, -0.9607843137254902, 0.011919424689101671]
[48273, 10000, 65521, 0, -0.9607843137254902, 0.011919424689101671]
[48253, 10000, 65521, 0, -0.9607843137254902, 0.011919424689101671]
[48233, 10000, 65521, 0, -0.9607843137254902, 0.011919424689101671]
[48213, 10000, 65521, 0, -0.9607843137254902, 0.011919424689101671]
[48193, 10000, 65521, 0, -0.9607843137254902, 0.011919424689101671]
[48171, 10000, 65521, 0, -0.9607843137254902, 0.011919424689101671]
[48153, 10000, 65521, 0, -0.9607843137254902, 0.011919424689101671]
[48133, 10000, 65521, 0, -1.0208333333333335, 0.011919424689101671]
[48113, 10000, 65521, 0, -0.9607843137254902, 0.011919424689101671]
[48093, 10000, 65521, 0, -0.9607843137254902, 0.011919424689101671]
[48073, 10000, 65521, 0, -0.9607843137254902, 0.011919424689101671]
[48053, 10000, 65521, 0, -0.9607843137254902, 0.011919424689101671]
[48033, 10000, 65521, 0, -0.9607843137254902, 0.011919424689101671]
[48013, 10000, 65521, 0, -0.9607843137254902, 0.011919424689101671]
[47993, 10000, 65521, 0, -0.9607843137254902, 0.011919424689101671]
[47973, 10000, 65521, 0, -0.9607843137254902, 0.011919424689101671]
[47952, 10000, 65521, 0, -0.9607843137254902, 0.011919424689101671]
[47933, 10000, 65521, 0, -0.9607843137254902, 0.011919424689101671]
[47912, 10000, 65521, 0, -0.9607843137254902, 0.011919424689101671]
[47892, 10000, 65521, 0, -0.9607843137254902, 0.011919424689101671]
[47872, 10000, 65521, 0, -0.9607843137254902, 0.011919424689101671]
[47852, 10000, 65521, 0, -0.9607843137254902, 0.011919424689101671]
[47833, 10000, 65521, 0, -0.9607843137254902, 0.011919424689101671]
[47812, 10000, 65521, 0, -0.9607843137254902, 0.011919424689101671]
[47792, 10000, 65521, 0, -0.9607843137254902, 0.011919424689101671]
[47772, 10000, 65521, 0, -0.9607843137254902, 0.011919424689101671]
[47752, 10000, 65521, 0, -0.9607843137254902, 0.011919424689101671]
[47732, 10000, 65521, 0, -0.9607843137254902, 0.011919424689101671]
[47712, 10000, 65521, 0, -0.9607843137254902, 0.011919424689101671]
[47692, 10000, 65521, 0, -0.9607843137254902, 0.011919424689101671]
[47668, 10000, 65522, 0, -0.9607843137254902, 0.011919424689101671]
[47666, 10000, 65524, 0, -0.9607843137254902, 0.011919424689101671]
[47664, 10000, 65527, 0, -1.0208333333333335, 0.011919424689101671]
[47663, 10000, 65528, 0, -1.0208333333333335, 0.011919424689101671]
[47661, 10000, 65529, 0, -0.9607843137254902, 0.011919424689101671]
[47661, 10000, 65530, 0, -0.9607843137254902, 0.011919424689101671]
[47660, 10000, 65531, 0, -0.9607843137254902, 0.011919424689101671]
[47660, 10000, 65532, 0, -0.9607843137254902, 0.011919424689101671]
[47659, 10000, 65532, 0, -0.9607843137254902, 0.011919424689101671]
[47659, 10000, 65533, 0, -0.9607843137254902, 0.011919424689101671]
[47659, 10000, 65534, 0, -0.9607843137254902, 0.011919424689101671]
[47659, 10000, 65534, 0, -0.9607843137254902, 0.011919424689101671]
[47659, 10000, 65535, 0, -0.9607843137254902, 0.011919424689101671]
[47659, 10000, 65535, 0, -0.9607843137254902, 0.011919424689101671]
[47659, 10000, 65535, 0, -0.9607843137254902, 0.011919424689101671]
[47659, 10000, 65535, 0, -0.9607843137254902, 0.011919424689101671]
[47659, 10000, 65535, 0, -0.9607843137254902, 0.011919424689101671]
[47659, 9997, 0, 65535, -0.9607843137254902, 0.011919424689101671]
[47659, 9984, 0, 65533, -0.9607843137254902, 0.011919424689101671]
[47659, 9969, 0, 65532, -0.9607843137254902, 0.011919424689101671]
[47659, 9953, 0, 65531, -1.0208333333333335, 0.011919424689101671]
[47659, 9938, 0, 65529, -1.0208333333333335, 0.011919424689101671]
[47659, 9923, 0, 65528, -1.0208333333333335, 0.011919424689101671]
[47659, 9909, 0, 65528, -1.0208333333333335, 0.011919424689101671]
[47659, 9893, 0, 65527, -1.0208333333333335, 0.011919424689101671]
[47659, 9879, 0, 65527, -1.0208333333333335, 0.011919424689101671]
[47659, 9865, 0, 65526, -1.0208333333333335, 0.011919424689101671]
[47659, 9849, 0, 65526, -1.0208333333333335, 0.011919424689101671]
[47659, 9835, 0, 65525, -1.0208333333333335, 0.011919424689101671]
[47659, 9819, 0, 65525, -1.0208333333333335, 0.011919424689101671]
[47659, 9806, 0, 65525, -1.0208333333333335, 0.011919424689101671]
[47659, 9790, 0, 65525, -1.0208333333333335, 0.011919424689101671]
[47659, 9775, 0, 65525, -1.0208333333333335, 0.011919424689101671]
[47659, 9758, 0, 65525, -1.0208333333333335, 0.011919424689101671]
[47659, 9742, 0, 65524, -1.0208333333333335, 0.011919424689101671]
[47659, 9728, 0, 65524, -1.0808823529411764, 0.011919424689101671]
[47659, 9710, 0, 65524, -1.0808823529411764, 0.011919424689101671]
[47659, 9694, 0, 65524, -1.0808823529411764, 0.011919424689101671]
[47659, 9678, 0, 65524, -1.0808823529411764, 0.011919424689101671]
[47659, 9662, 0, 65524, -1.0808823529411764, 0.011919424689101671]
[47659, 9647, 0, 65524, -1.0808823529411764, 0.011919424689101671]
[47659, 9630, 0, 65524, -1.0808823529411764, 0.011919424689101671]
[47659, 9614, 0, 65524, -1.0808823529411764, 0.011919424689101671]
[47659, 9598, 0, 65524, -1.0808823529411764, 0.011919424689101671]
[47659, 9582, 0, 65524, -1.0808823529411764, 0.011919424689101671]
[47659, 9568, 0, 65524, -1.0808823529411764, 0.011919424689101671]
[47659, 9550, 0, 65524, -1.0808823529411764, 0.011919424689101671]
[47659, 9534, 0, 65524, -1.0808823529411764, 0.011919424689101671]
[47659, 9517, 0, 65524, -1.0808823529411764, 0.011919424689101671]
[47659, 9502, 0, 65524, -1.0808823529411764, 0.011919424689101671]
[47659, 9487, 0, 65524, -1.0808823529411764, 0.011919424689101671]
[47659, 9469, 0, 65524, -1.0808823529411764, 0.011919424689101671]
[47659, 9455, 0, 65524, -1.0808823529411764, 0.011919424689101671]
[47659, 9437, 0, 65524, -1.0808823529411764, 0.011919424689101671]
[47659, 9420, 0, 65524, -1.0808823529411764, 0.011919424689101671]
[47659, 9407, 0, 65524, -1.0808823529411764, 0.011919424689101671]
[47659, 9390, 0, 65524, -1.0808823529411764, 0.011919424689101671]
[47659, 9374, 0, 65524, -1.0808823529411764, 0.011919424689101671]
[47659, 9358, 0, 65524, -1.0808823529411764, 0.011919424689101671]
[47659, 9341, 0, 65524, -1.0808823529411764, 0.011919424689101671]
[47659, 9326, 0, 65524, -1.0808823529411764, 0.011919424689101671]
[47659, 9309, 0, 65524, -1.0808823529411764, 0.011919424689101671]
[47659, 9293, 0, 65524, -1.0808823529411764, 0.011919424689101671]
[47659, 9277, 0, 65524, -1.0808823529411764, 0.011919424689101671]
[47659, 9261, 0, 65524, -1.0808823529411764, 0.011919424689101671]
[47659, 9246, 0, 65524, -1.0808823529411764, 0.011919424689101671]
[47659, 9229, 0, 65524, -1.0808823529411764, 0.011919424689101671]
[47659, 9213, 0, 65524, -1.0808823529411764, 0.011919424689101671]
[47659, 9197, 0, 65524, -1.0808823529411764, 0.011919424689101671]
[47659, 9181, 0, 65524, -1.0808823529411764, 0.011919424689101671]
[47659, 9166, 0, 65524, -1.0808823529411764, 0.011919424689101671]
[47659, 9149, 0, 65524, -1.0808823529411764, 0.011919424689101671]
[47659, 9134, 0, 65524, -1.0808823529411764, 0.011919424689101671]
[47659, 9117, 0, 65524, -1.0808823529411764, 0.011919424689101671]
[47659, 9101, 0, 65524, -1.0808823529411764, 0.011919424689101671]
[47659, 9087, 0, 65524, -1.0808823529411764, 0.011919424689101671]
[47659, 9070, 0, 65524, -1.0808823529411764, 0.011919424689101671]
[47659, 9054, 0, 65524, -1.0808823529411764, 0.011919424689101671]
[47659, 9038, 0, 65524, -1.0808823529411764, 0.011919424689101671]
[47659, 9022, 0, 65524, -1.0808823529411764, 0.011919424689101671]
[47659, 9007, 0, 65524, -1.0808823529411764, 0.011919424689101671]
[47659, 8990, 0, 65524, -1.0808823529411764, 0.011919424689101671]
[47659, 8975, 0, 65524, -1.0808823529411764, 0.011919424689101671]
[47659, 8958, 0, 65524, -1.0808823529411764, 0.011919424689101671]
[47659, 8942, 0, 65524, -1.0808823529411764, 0.011919424689101671]
[47659, 8927, 0, 65524, -1.0808823529411764, 0.011919424689101671]
[47659, 8910, 0, 65524, -1.0808823529411764, 0.011919424689101671]
[47659, 8894, 0, 65524, -1.0808823529411764, 0.011919424689101671]
[47659, 8878, 0, 65524, -1.0808823529411764, 0.011919424689101671]
[47659, 8861, 0, 65524, -1.0808823529411764, 0.011919424689101671]
[47659, 8847, 0, 65524, -1.0808823529411764, 0.011919424689101671]
[47659, 8830, 0, 65524, -1.0808823529411764, 0.011919424689101671]
[47659, 8814, 0, 65524, -1.0808823529411764, 0.011919424689101671]
[47659, 8797, 0, 65524, -1.0808823529411764, 0.011919424689101671]
[47659, 8781, 0, 65524, -1.0808823529411764, 0.011919424689101671]
[47659, 8765, 0, 65524, -1.0808823529411764, 0.011919424689101671]
[47659, 8750, 0, 65524, -1.0808823529411764, 0.011919424689101671]
[47659, 8734, 0, 65524, -1.0808823529411764, 0.011919424689101671]
[47659, 8718, 0, 65524, -1.0808823529411764, 0.011919424689101671]
[47659, 8701, 0, 65524, -1.0808823529411764, 0.011919424689101671]
[47659, 8686, 0, 65524, -1.0808823529411764, 0.011919424689101671]
[47659, 8670, 0, 65524, -1.0808823529411764, 0.011919424689101671]
[47659, 8654, 0, 65524, -1.0808823529411764, 0.011919424689101671]
[47659, 8638, 0, 65524, -1.0808823529411764, 0.011919424689101671]
[47659, 8621, 0, 65524, -1.0808823529411764, 0.011919424689101671]
[47659, 8607, 0, 65524, -1.0808823529411764, 0.011919424689101671]
[47659, 8590, 0, 65524, -1.0808823529411764, 0.011919424689101671]
[47659, 8574, 0, 65524, -1.0808823529411764, 0.011919424689101671]
[47659, 8558, 0, 65524, -1.0808823529411764, 0.011919424689101671]
[47659, 8542, 0, 65524, -1.0808823529411764, 0.011919424689101671]
[47659, 8527, 0, 65524, -1.0808823529411764, 0.011919424689101671]
[47659, 8511, 0, 65524, -1.0808823529411764, 0.011919424689101671]
[47659, 8495, 0, 65524, -1.0808823529411764, 0.011919424689101671]
[47659, 8478, 0, 65524, -1.0808823529411764, 0.011919424689101671]
[47659, 8462, 0, 65524, -1.0808823529411764, 0.011919424689101671]
[47659, 8447, 0, 65524, -1.0808823529411764, 0.011919424689101671]
[47659, 8431, 0, 65524, -1.0808823529411764, 0.011919424689101671]
[47659, 8414, 0, 65524, -1.0808823529411764, 0.011919424689101671]
[47659, 8398, 0, 65524, -1.0808823529411764, 0.011919424689101671]
[47659, 8382, 0, 65524, -1.0808823529411764, 0.011919424689101671]
[47659, 8367, 0, 65524, -1.0808823529411764, 0.011919424689101671]
[47659, 8351, 0, 65524, -1.0808823529411764, 0.011919424689101671]
[47659, 8334, 0, 65524, -1.0808823529411764, 0.011919424689101671]
[47659, 8318, 0, 65524, -1.0808823529411764, 0.011919424689101671]
[47659, 8301, 0, 65524, -1.0808823529411764, 0.011919424689101671]
[47659, 8286, 0, 65524, -1.0808823529411764, 0.011919424689101671]
[47659, 8271, 0, 65524, -1.0808823529411764, 0.011919424689101671]
[47659, 8254, 0, 65524, -1.0808823529411764, 0.011919424689101671]
[47659, 8238, 0, 65524, -1.0808823529411764, 0.011919424689101671]
[47659, 8221, 0, 65524, -1.0808823529411764, 0.011919424689101671]
[47659, 8206, 0, 65524, -1.0808823529411764, 0.011919424689101671]
[47659, 8190, 0, 65524, -1.0808823529411764, 0.011919424689101671]
[47659, 8173, 0, 65524, -1.0808823529411764, 0.011919424689101671]
[47659, 8158, 0, 65524, -1.0808823529411764, 0.011919424689101671]
[47659, 8141, 0, 65524, -1.0808823529411764, 0.011919424689101671]
[47659, 8126, 0, 65524, -1.0808823529411764, 0.011919424689101671]
[47659, 8110, 0, 65524, -1.0808823529411764, 0.011919424689101671]
[47659, 8094, 0, 65524, -1.0808823529411764, 0.011919424689101671]
[47659, 8078, 0, 65524, -1.0808823529411764, 0.011919424689101671]
[47659, 8061, 0, 65524, -1.0808823529411764, 0.011919424689101671]
[47659, 8044, 0, 65524, -1.0808823529411764, 0.011919424689101671]
[47659, 8022, 0, 65525, -1.0808823529411764, 0.011919424689101671]
[47659, 8023, 0, 65527, -1.0808823529411764, 0.011919424689101671]
[47659, 8023, 0, 65528, -1.0808823529411764, 0.011919424689101671]
[47659, 8023, 0, 65530, -1.0808823529411764, 0.011919424689101671]
[47659, 8023, 0, 65531, -1.0808823529411764, 0.011919424689101671]
[47659, 8023, 0, 65532, -1.0808823529411764, 0.011919424689101671]
[47659, 8023, 0, 65532, -1.0808823529411764, 0.011919424689101671]
[47659, 8023, 0, 65533, -1.0808823529411764, 0.011919424689101671]
[47659, 8023, 0, 65534, -1.0808823529411764, 0.011919424689101671]
[47659, 8023, 0, 65534, -1.0808823529411764, 0.011919424689101671]
[47659, 8023, 0, 65534, -1.0808823529411764, 0.011919424689101671]
[47659, 8023, 0, 65535, -1.0808823529411764, 0.011919424689101671]
[47659, 8023, 0, 65535, -1.0808823529411764, 0.011919424689101671]
[47659, 8023, 0, 65535, -1.0808823529411764, 0.011919424689101671]
[47659, 8023, 0, 65535, -1.0808823529411764, 0.011919424689101671]
[47659, 8023, 0, 65535, -1.0808823529411764, 0.011919424689101671]
[47659, 8023, 0, 0, -1.0808823529411764, 0.011919424689101671]
[47659, 8023, 0, 0, -1.0808823529411764, 0.011919424689101671]
[47659, 8023, 0, 0, -1.0808823529411764, 0.011919424689101671]
[47659, 8024, 0, 0, -1.0808823529411764, 0.011919424689101671]
[47659, 8035, 0, 2, -1.0808823529411764, 0.011919424689101671]
[47659, 8049, 0, 4, -1.0808823529411764, 0.011919424689101671]
[47659, 8065, 0, 5, -1.0808823529411764, 0.011919424689101671]
[47659, 8080, 0, 6, -1.0808823529411764, 0.011919424689101671]
[47659, 8093, 0, 7, -1.0808823529411764, 0.011919424689101671]
[47659, 8107, 0, 8, -1.0808823529411764, 0.011919424689101671]
[47659, 8125, 0, 8, -1.0808823529411764, 0.011919424689101671]
[47659, 8139, 0, 9, -1.0808823529411764, 0.011919424689101671]
[47659, 8156, 0, 10, -1.0808823529411764, 0.011919424689101671]
[47659, 8169, 0, 10, -1.0808823529411764, 0.011919424689101671]
[47659, 8184, 0, 10, -1.0808823529411764, 0.011919424689101671]
[47659, 8200, 0, 11, -1.0808823529411764, 0.011919424689101671]
[47659, 8214, 0, 11, -1.0808823529411764, 0.011919424689101671]
[47659, 8227, 0, 11, -1.0808823529411764, 0.011919424689101671]
[47659, 8244, 0, 11, -1.0808823529411764, 0.011919424689101671]
[47659, 8260, 0, 11, -1.0808823529411764, 0.011919424689101671]
[47659, 8277, 0, 12, -1.0808823529411764, 0.011919424689101671]
[47659, 8291, 0, 12, -1.0808823529411764, 0.011919424689101671]
[47659, 8307, 0, 12, -1.0808823529411764, 0.011919424689101671]
[47659, 8325, 0, 12, -1.0808823529411764, 0.011919424689101671]
[47659, 8341, 0, 12, -1.0808823529411764, 0.011919424689101671]
[47659, 8357, 0, 12, -1.0808823529411764, 0.011919424689101671]
[47659, 8371, 0, 12, -1.0808823529411764, 0.011919424689101671]
[47659, 8388, 0, 12, -1.0808823529411764, 0.011919424689101671]
[47659, 8405, 0, 12, -1.0808823529411764, 0.011919424689101671]
[47659, 8421, 0, 12, -1.0808823529411764, 0.011919424689101671]
[47659, 8437, 0, 12, -1.0808823529411764, 0.011919424689101671]
[47659, 8452, 0, 12, -1.0808823529411764, 0.011919424689101671]
[47659, 8468, 0, 12, -1.0808823529411764, 0.011919424689101671]
[47659, 8485, 0, 12, -1.0808823529411764, 0.011919424689101671]
[47659, 8502, 0, 12, -1.0808823529411764, 0.011919424689101671]
[47659, 8517, 0, 12, -1.0808823529411764, 0.011919424689101671]
[47659, 8532, 0, 12, -1.0808823529411764, 0.011919424689101671]
[47659, 8547, 0, 12, -1.0808823529411764, 0.011919424689101671]
[47659, 8565, 0, 12, -1.0808823529411764, 0.011919424689101671]
[47659, 8580, 0, 12, -1.0808823529411764, 0.011919424689101671]
[47659, 8597, 0, 12, -1.0808823529411764, 0.011919424689101671]
[47659, 8611, 0, 12, -1.0808823529411764, 0.011919424689101671]
[47659, 8627, 0, 12, -1.0808823529411764, 0.011919424689101671]
[47659, 8644, 0, 12, -1.0808823529411764, 0.011919424689101671]
[47659, 8661, 0, 12, -1.0808823529411764, 0.011919424689101671]
[47659, 8677, 0, 12, -1.0808823529411764, 0.011919424689101671]
[47659, 8694, 0, 12, -1.0808823529411764, 0.011919424689101671]
[47659, 8707, 0, 12, -1.0808823529411764, 0.011919424689101671]
[47659, 8725, 0, 12, -1.0808823529411764, 0.011919424689101671]
[47659, 8740, 0, 12, -1.0808823529411764, 0.011919424689101671]
[47659, 8757, 0, 12, -1.0808823529411764, 0.011919424689101671]
[47659, 8771, 0, 12, -1.0808823529411764, 0.011919424689101671]
[47659, 8786, 0, 12, -1.0808823529411764, 0.011919424689101671]
[47659, 8804, 0, 12, -1.0808823529411764, 0.011919424689101671]
[47659, 8821, 0, 12, -1.0808823529411764, 0.011919424689101671]
[47659, 8837, 0, 12, -1.0808823529411764, 0.011919424689101671]
[47659, 8852, 0, 12, -1.0808823529411764, 0.011919424689101671]
[47659, 8867, 0, 12, -1.0808823529411764, 0.011919424689101671]
[47659, 8885, 0, 12, -1.0808823529411764, 0.011919424689101671]
[47659, 8901, 0, 12, -1.0808823529411764, 0.011919424689101671]
[47659, 8917, 0, 12, -1.0808823529411764, 0.011919424689101671]
[47659, 8932, 0, 12, -1.0808823529411764, 0.011919424689101671]
[47659, 8947, 0, 12, -1.0808823529411764, 0.011919424689101671]
[47659, 8965, 0, 12, -1.0808823529411764, 0.011919424689101671]
[47659, 8981, 0, 12, -1.0808823529411764, 0.011919424689101671]
[47659, 8997, 0, 12, -1.0808823529411764, 0.011919424689101671]
[47659, 9012, 0, 12, -1.0808823529411764, 0.011919424689101671]
[47659, 9027, 0, 12, -1.0808823529411764, 0.011919424689101671]
[47659, 9044, 0, 12, -1.0808823529411764, 0.011919424689101671]
[47659, 9060, 0, 12, -1.0808823529411764, 0.011919424689101671]
[47659, 9077, 0, 12, -1.0808823529411764, 0.011919424689101671]
[47659, 9092, 0, 12, -1.0808823529411764, 0.011919424689101671]
[47659, 9106, 0, 12, -1.0808823529411764, 0.011919424689101671]
[47659, 9124, 0, 12, -1.0808823529411764, 0.011919424689101671]
[47659, 9140, 0, 12, -1.0808823529411764, 0.011919424689101671]
[47659, 9156, 0, 12, -1.0808823529411764, 0.011919424689101671]
[47659, 9171, 0, 12, -1.0808823529411764, 0.011919424689101671]
[47659, 9185, 0, 12, -1.0808823529411764, 0.011919424689101671]
[47659, 9203, 0, 12, -1.0808823529411764, 0.011919424689101671]
[47659, 9219, 0, 12, -1.0808823529411764, 0.011919424689101671]
[47659, 9236, 0, 12, -1.0808823529411764, 0.011919424689101671]
[47659, 9251, 0, 12, -1.0808823529411764, 0.011919424689101671]
[47659, 9266, 0, 12, -1.0808823529411764, 0.011919424689101671]
[47659, 9283, 0, 12, -1.0808823529411764, 0.011919424689101671]
[47659, 9299, 0, 12, -1.0808823529411764, 0.011919424689101671]
[47659, 9316, 0, 12, -1.0808823529411764, 0.011919424689101671]
[47659, 9331, 0, 12, -1.0808823529411764, 0.011919424689101671]
[47659, 9347, 0, 12, -1.0808823529411764, 0.011919424689101671]
[47659, 9364, 0, 12, -1.0808823529411764, 0.011919424689101671]
[47659, 9380, 0, 12, -1.0808823529411764, 0.011919424689101671]
[47659, 9397, 0, 12, -1.0808823529411764, 0.011919424689101671]
[47659, 9412, 0, 12, -1.0808823529411764, 0.011919424689101671]
[47659, 9426, 0, 12, -1.0808823529411764, 0.011919424689101671]
[47659, 9444, 0, 12, -1.0808823529411764, 0.011919424689101671]
[47659, 9461, 0, 12, -1.0808823529411764, 0.011919424689101671]
[47659, 9477, 0, 12, -1.0808823529411764, 0.011919424689101671]
[47659, 9492, 0, 12, -1.0808823529411764, 0.011919424689101671]
[47659, 9507, 0, 12, -1.0808823529411764, 0.011919424689101671]
[47659, 9525, 0, 12, -1.0808823529411764, 0.011919424689101671]
[47659, 9541, 0, 12, -1.0808823529411764, 0.011919424689101671]
[47659, 9557, 0, 12, -1.0808823529411764, 0.011919424689101671]
[47659, 9573, 0, 12, -1.0808823529411764, 0.011919424689101671]
[47659, 9587, 0, 12, -1.0808823529411764, 0.011919424689101671]
[47659, 9605, 0, 12, -1.0808823529411764, 0.011919424689101671]
[47659, 9621, 0, 12, -1.0808823529411764, 0.011919424689101671]
[47659, 9637, 0, 12, -1.0808823529411764, 0.011919424689101671]
[47659, 9653, 0, 12, -1.0808823529411764, 0.011919424689101671]
[47659, 9667, 0, 12, -1.0808823529411764, 0.011919424689101671]
[47659, 9684, 0, 12, -1.0808823529411764, 0.011919424689101671]
[47659, 9701, 0, 12, -1.0808823529411764, 0.011919424689101671]
[47659, 9717, 0, 12, -1.0808823529411764, 0.011919424689101671]
[47659, 9732, 0, 12, -1.0808823529411764, 0.011919424689101671]
[47659, 9747, 0, 12, -1.0808823529411764, 0.011919424689101671]
[47659, 9765, 0, 12, -1.0808823529411764, 0.011919424689101671]
[47659, 9781, 0, 12, -1.0808823529411764, 0.011919424689101671]
[47659, 9797, 0, 12, -1.0808823529411764, 0.011919424689101671]
[47659, 9813, 0, 12, -1.0808823529411764, 0.011919424689101671]
[47659, 9827, 0, 12, -1.0808823529411764, 0.011919424689101671]
[47659, 9845, 0, 12, -1.0808823529411764, 0.011919424689101671]
[47659, 9862, 0, 12, -1.0808823529411764, 0.011919424689101671]
[47659, 9878, 0, 12, -1.0808823529411764, 0.011919424689101671]
[47659, 9893, 0, 12, -1.0808823529411764, 0.011919424689101671]
[47659, 9908, 0, 12, -1.0808823529411764, 0.011919424689101671]
[47659, 9926, 0, 12, -1.0808823529411764, 0.011919424689101671]
[47659, 9942, 0, 12, -1.0808823529411764, 0.011919424689101671]
[47659, 9965, 0, 11, -1.0808823529411764, 0.011919424689101671]
[47659, 9965, 0, 10, -1.0808823529411764, 0.011919424689101671]
[47659, 9966, 0, 8, -1.0808823529411764, 0.011919424689101671]
[47659, 9966, 0, 7, -1.0808823529411764, 0.011919424689101671]
[47659, 9967, 0, 6, -1.0808823529411764, 0.011919424689101671]
[47659, 9968, 0, 5, -1.0808823529411764, 0.011919424689101671]
[47659, 9968, 0, 4, -1.0808823529411764, 0.011919424689101671]
[47659, 9969, 0, 3, -1.0808823529411764, 0.011919424689101671]
[47659, 9969, 0, 3, -1.0808823529411764, 0.011919424689101671]
[47659, 9969, 0, 2, -1.0808823529411764, 0.011919424689101671]
[47659, 9969, 0, 2, -1.0808823529411764, 0.011919424689101671]
[47659, 9969, 0, 1, -1.0808823529411764, 0.011919424689101671]
[47659, 9969, 0, 1, -1.0808823529411764, 0.011919424689101671]
[47659, 9969, 0, 1, -1.0808823529411764, 0.011919424689101671]
[47659, 9969, 0, 1, -1.0808823529411764, 0.011919424689101671]
[47659, 9969, 0, 1, -1.0808823529411764, 0.011919424689101671]
[47659, 9969, 0, 1, -1.0808823529411764, 0.011919424689101671]
[47659, 9966, 0, 0, -1.0808823529411764, 0.011919424689101671]
[47659, 9954, 0, 65534, -1.0808823529411764, 0.011919424689101671]
[47659, 9938, 0, 65532, -1.0808823529411764, 0.011919424689101671]
[47659, 9924, 0, 65531, -1.0808823529411764, 0.011919424689101671]
[47659, 9909, 0, 65529, -1.0808823529411764, 0.011919424689101671]
[47659, 9893, 0, 65528, -1.0808823529411764, 0.011919424689101671]
[47659, 9879, 0, 65528, -1.0808823529411764, 0.011919424689101671]
[47659, 9863, 0, 65527, -1.0808823529411764, 0.011919424689101671]
[47659, 9849, 0, 65527, -1.0808823529411764, 0.011919424689101671]
[47659, 9834, 0, 65526, -1.0808823529411764, 0.011919424689101671]
[47659, 9817, 0, 65526, -1.0808823529411764, 0.011919424689101671]
[47659, 9802, 0, 65525, -1.0808823529411764, 0.011919424689101671]
[47659, 9789, 0, 65525, -1.0808823529411764, 0.011919424689101671]
[47659, 9770, 0, 65525, -1.0808823529411764, 0.011919424689101671]
[47659, 9756, 0, 65525, -1.0808823529411764, 0.011919424689101671]
[47659, 9740, 0, 65525, -1.0808823529411764, 0.011919424689101671]
[47659, 9726, 0, 65524, -1.0808823529411764, 0.011919424689101671]
[47659, 9711, 0, 65525, -1.0808823529411764, 0.011919424689101671]
[47659, 9695, 0, 65524, -1.0808823529411764, 0.011919424689101671]
[47659, 9679, 0, 65524, -1.0808823529411764, 0.011919424689101671]
[47659, 9663, 0, 65524, -1.0808823529411764, 0.011919424689101671]
[47659, 9648, 0, 65524, -1.0808823529411764, 0.011919424689101671]
[47659, 9631, 0, 65524, -1.0808823529411764, 0.011919424689101671]
[47659, 9615, 0, 65524, -1.0808823529411764, 0.011919424689101671]
[47659, 9599, 0, 65524, -1.0808823529411764, 0.011919424689101671]
[47659, 9583, 0, 65524, -1.0808823529411764, 0.011919424689101671]
[47659, 9568, 0, 65524, -1.0808823529411764, 0.011919424689101671]
[47659, 9551, 0, 65524, -1.0808823529411764, 0.011919424689101671]
[47659, 9535, 0, 65524, -1.0808823529411764, 0.011919424689101671]
[47659, 9519, 0, 65524, -1.0808823529411764, 0.011919424689101671]
[47659, 9503, 0, 65524, -1.0808823529411764, 0.011919424689101671]
[47659, 9488, 0, 65524, -1.0808823529411764, 0.011919424689101671]
[47659, 9471, 0, 65524, -1.0808823529411764, 0.011919424689101671]
[47659, 9454, 0, 65524, -1.0808823529411764, 0.011919424689101671]
[47659, 9439, 0, 65524, -1.0808823529411764, 0.011919424689101671]
[47659, 9423, 0, 65524, -1.0808823529411764, 0.011919424689101671]
[47659, 9408, 0, 65524, -1.0808823529411764, 0.011919424689101671]
[47659, 9391, 0, 65524, -1.0808823529411764, 0.011919424689101671]
[47659, 9375, 0, 65524, -1.0808823529411764, 0.011919424689101671]
[47659, 9358, 0, 65524, -1.0808823529411764, 0.011919424689101671]
[47659, 9342, 0, 65524, -1.0808823529411764, 0.011919424689101671]
[47659, 9327, 0, 65524, -1.0808823529411764, 0.011919424689101671]
[47659, 9310, 0, 65524, -1.0808823529411764, 0.011919424689101671]
[47659, 9294, 0, 65524, -1.0808823529411764, 0.011919424689101671]
[47659, 9278, 0, 65524, -1.0808823529411764, 0.011919424689101671]
[47659, 9262, 0, 65524, -1.0808823529411764, 0.011919424689101671]
[47659, 9247, 0, 65524, -1.0808823529411764, 0.011919424689101671]
[47659, 9229, 0, 65524, -1.0808823529411764, 0.011919424689101671]
[47659, 9212, 0, 65524, -1.0808823529411764, 0.011919424689101671]
[47659, 9197, 0, 65524, -1.0808823529411764, 0.011919424689101671]
[47659, 9181, 0, 65524, -1.0808823529411764, 0.011919424689101671]
[47659, 9167, 0, 65524, -1.0808823529411764, 0.011919424689101671]
[47659, 9150, 0, 65524, -1.0808823529411764, 0.011919424689101671]
[47659, 9134, 0, 65524, -1.0808823529411764, 0.011919424689101671]
[47659, 9118, 0, 65524, -1.0808823529411764, 0.011919424689101671]
[47659, 9101, 0, 65524, -1.0808823529411764, 0.011919424689101671]
[47659, 9088, 0, 65524, -1.0808823529411764, 0.011919424689101671]
[47659, 9070, 0, 65524, -1.0808823529411764, 0.011919424689101671]
[47659, 9054, 0, 65524, -1.0808823529411764, 0.011919424689101671]
[47659, 9039, 0, 65524, -1.0808823529411764, 0.011919424689101671]
[47659, 9023, 0, 65524, -1.0808823529411764, 0.011919424689101671]
[47659, 9008, 0, 65524, -1.0808823529411764, 0.011919424689101671]
[47659, 8990, 0, 65524, -1.0808823529411764, 0.011919424689101671]
[47659, 8975, 0, 65524, -1.0808823529411764, 0.011919424689101671]
[47659, 8958, 0, 65524, -1.0808823529411764, 0.011919424689101671]
[47659, 8942, 0, 65524, -1.0808823529411764, 0.011919424689101671]
[47659, 8928, 0, 65524, -1.0808823529411764, 0.011919424689101671]
[47659, 8911, 0, 65524, -1.0808823529411764, 0.011919424689101671]
[47659, 8895, 0, 65524, -1.0808823529411764, 0.011919424689101671]
[47659, 8879, 0, 65524, -1.0808823529411764, 0.011919424689101671]
[47659, 8862, 0, 65524, -1.0808823529411764, 0.011919424689101671]
[47659, 8848, 0, 65524, -1.0808823529411764, 0.011919424689101671]
[47659, 8831, 0, 65524, -1.0808823529411764, 0.011919424689101671]
[47659, 8815, 0, 65524, -1.0808823529411764, 0.011919424689101671]
[47659, 8798, 0, 65524, -1.0808823529411764, 0.011919424689101671]
[47659, 8782, 0, 65524, -1.0808823529411764, 0.011919424689101671]
[47659, 8766, 0, 65524, -1.0808823529411764, 0.011919424689101671]
[47659, 8750, 0, 65524, -1.0808823529411764, 0.011919424689101671]
[47659, 8735, 0, 65524, -1.0808823529411764, 0.011919424689101671]
[47659, 8718, 0, 65524, -1.0808823529411764, 0.011919424689101671]
[47659, 8702, 0, 65524, -1.0808823529411764, 0.011919424689101671]
[47659, 8687, 0, 65524, -1.0808823529411764, 0.011919424689101671]
[47659, 8670, 0, 65524, -1.0808823529411764, 0.011919424689101671]
[47659, 8655, 0, 65524, -1.0808823529411764, 0.011919424689101671]
[47659, 8638, 0, 65524, -1.0808823529411764, 0.011919424689101671]
[47659, 8622, 0, 65524, -1.0808823529411764, 0.011919424689101671]
[47659, 8607, 0, 65524, -1.0808823529411764, 0.011919424689101671]
[47659, 8591, 0, 65524, -1.0808823529411764, 0.011919424689101671]
[47659, 8575, 0, 65524, -1.0808823529411764, 0.011919424689101671]
[47659, 8559, 0, 65524, -1.0808823529411764, 0.011919424689101671]
[47659, 8543, 0, 65524, -1.0808823529411764, 0.011919424689101671]
[47659, 8528, 0, 65524, -1.0808823529411764, 0.011919424689101671]
[47659, 8511, 0, 65524, -1.0808823529411764, 0.011919424689101671]
[47659, 8496, 0, 65524, -1.0808823529411764, 0.011919424689101671]
[47659, 8479, 0, 65524, -1.0808823529411764, 0.011919424689101671]
[47659, 8463, 0, 65524, -1.0808823529411764, 0.011919424689101671]
[47659, 8448, 0, 65524, -1.0808823529411764, 0.011919424689101671]
[47659, 8430, 0, 65524, -1.0808823529411764, 0.011919424689101671]
[47659, 8413, 0, 65524, -1.0808823529411764, 0.011919424689101671]
[47659, 8396, 0, 65524, -1.0808823529411764, 0.011919424689101671]
[47659, 8380, 0, 65524, -1.0808823529411764, 0.011919424689101671]
[47659, 8366, 0, 65524, -1.0808823529411764, 0.011919424689101671]
[47659, 8351, 0, 65524, -1.0808823529411764, 0.011919424689101671]
[47659, 8334, 0, 65524, -1.0808823529411764, 0.011919424689101671]
[47659, 8319, 0, 65524, -1.0808823529411764, 0.011919424689101671]
[47659, 8302, 0, 65524, -1.0808823529411764, 0.011919424689101671]
[47659, 8288, 0, 65524, -1.0808823529411764, 0.011919424689101671]
[47659, 8271, 0, 65524, -1.0808823529411764, 0.011919424689101671]
[47659, 8255, 0, 65524, -1.0808823529411764, 0.011919424689101671]
[47659, 8238, 0, 65524, -1.0808823529411764, 0.011919424689101671]
[47659, 8222, 0, 65524, -1.0808823529411764, 0.011919424689101671]
[47659, 8207, 0, 65524, -1.0808823529411764, 0.011919424689101671]
[47659, 8189, 0, 65524, -1.0808823529411764, 0.011919424689101671]
[47659, 8171, 0, 65524, -1.0808823529411764, 0.011919424689101671]
[47659, 8157, 0, 65524, -1.0808823529411764, 0.011919424689101671]
[47659, 8141, 0, 65524, -1.0808823529411764, 0.011919424689101671]
[47659, 8125, 0, 65524, -1.0808823529411764, 0.011919424689101671]
[47659, 8110, 0, 65524, -1.0808823529411764, 0.011919424689101671]
[47659, 8093, 0, 65524, -1.0808823529411764, 0.011919424689101671]
[47659, 8078, 0, 65524, -1.0808823529411764, 0.011919424689101671]
[47659, 8061, 0, 65524, -1.0808823529411764, 0.011919424689101671]
[47659, 8047, 0, 65524, -1.0808823529411764, 0.011919424689101671]
[47659, 8023, 0, 65525, -1.0808823529411764, 0.011919424689101671]
[47659, 8024, 0, 65527, -1.0808823529411764, 0.011919424689101671]
[47659, 8024, 0, 65528, -1.0808823529411764, 0.011919424689101671]
[47659, 8024, 0, 65530, -1.0808823529411764, 0.011919424689101671]
[47659, 8024, 0, 65531, -1.0808823529411764, 0.011919424689101671]
[47659, 8024, 0, 65532, -1.0808823529411764, 0.011919424689101671]
[47659, 8024, 0, 65532, -1.0808823529411764, 0.011919424689101671]
[47659, 8024, 0, 65533, -1.0808823529411764, 0.011919424689101671]
[47659, 8024, 0, 65534, -1.0808823529411764, 0.011919424689101671]
[47659, 8024, 0, 65534, -1.0808823529411764, 0.011919424689101671]
[47659, 8024, 0, 65534, -1.0808823529411764, 0.011919424689101671]
[47659, 8024, 0, 65535, -1.0808823529411764, 0.011919424689101671]
[47659, 8024, 0, 65535, -1.0808823529411764, 0.011919424689101671]
[47659, 8024, 0, 65535, -1.0808823529411764, 0.011919424689101671]
[47659, 8024, 0, 65535, -1.0808823529411764, 0.011919424689101671]
[47659, 8024, 0, 65535, -1.0808823529411764, 0.011919424689101671]
[47659, 8024, 0, 0, -1.0808823529411764, 0.011919424689101671]
[47659, 8024, 0, 0, -1.0808823529411764, 0.011919424689101671]
[47659, 8024, 0, 0, -1.0808823529411764, 0.011919424689101671]
[47659, 8024, 0, 0, -1.0808823529411764, 0.011919424689101671]
[47659, 8024, 0, 0, -1.0808823529411764, 0.011919424689101671]
[47659, 8024, 0, 0, -1.0808823529411764, 0.011919424689101671]
[47659, 8024, 0, 0, -1.0808823529411764, 0.011919424689101671]
[47659, 8024, 0, 0, -1.0808823529411764, 0.011919424689101671]
[47659, 8024, 0, 0, -1.0808823529411764, 0.011919424689101671]
[47659, 8025, 0, 0, -1.0808823529411764, 0.011919424689101671]
[47659, 8038, 0, 2, -1.0808823529411764, 0.011919424689101671]
[47659, 8050, 0, 4, -1.0808823529411764, 0.011919424689101671]
[47659, 8066, 0, 5, -1.0808823529411764, 0.011919424689101671]
[47659, 8082, 0, 6, -1.0808823529411764, 0.011919424689101671]
[47659, 8097, 0, 7, -1.0808823529411764, 0.011919424689101671]
[47659, 8109, 0, 8, -1.0808823529411764, 0.011919424689101671]
[47659, 8126, 0, 8, -1.0808823529411764, 0.011919424689101671]
[47659, 8141, 0, 9, -1.0808823529411764, 0.011919424689101671]
[47659, 8156, 0, 10, -1.0808823529411764, 0.011919424689101671]
[47659, 8168, 0, 10, -1.0808823529411764, 0.011919424689101671]
[47659, 8184, 0, 10, -1.0808823529411764, 0.011919424689101671]
[47659, 8198, 0, 11, -1.0808823529411764, 0.011919424689101671]
[47659, 8215, 0, 11, -1.0808823529411764, 0.011919424689101671]
[47659, 8227, 0, 11, -1.0808823529411764, 0.011919424689101671]
[47659, 8245, 0, 11, -1.0808823529411764, 0.011919424689101671]
[47659, 8261, 0, 11, -1.0808823529411764, 0.011919424689101671]
[47659, 8278, 0, 12, -1.0808823529411764, 0.011919424689101671]
[47659, 8293, 0, 12, -1.0808823529411764, 0.011919424689101671]
[47659, 8307, 0, 12, -1.0808823529411764, 0.011919424689101671]
[47659, 8326, 0, 12, -1.0808823529411764, 0.011919424689101671]
[47659, 8342, 0, 12, -1.0808823529411764, 0.011919424689101671]
[47659, 8358, 0, 12, -1.0808823529411764, 0.011919424689101671]
[47659, 8373, 0, 12, -1.0808823529411764, 0.011919424689101671]
[47659, 8388, 0, 12, -1.0808823529411764, 0.011919424689101671]
[47659, 8407, 0, 12, -1.0808823529411764, 0.011919424689101671]
[47659, 8424, 0, 12, -1.0808823529411764, 0.011919424689101671]
[47659, 8438, 0, 12, -1.0808823529411764, 0.011919424689101671]
[47659, 8453, 0, 12, -1.0808823529411764, 0.011919424689101671]
[47659, 8468, 0, 12, -1.0808823529411764, 0.011919424689101671]
[47659, 8486, 0, 12, -1.0808823529411764, 0.011919424689101671]
[47659, 8502, 0, 12, -1.0808823529411764, 0.011919424689101671]
[47659, 8518, 0, 12, -1.0808823529411764, 0.011919424689101671]
[47659, 8533, 0, 12, -1.0808823529411764, 0.011919424689101671]
[47659, 8548, 0, 12, -1.0808823529411764, 0.011919424689101671]
[47659, 8566, 0, 12, -1.0808823529411764, 0.011919424689101671]
[47659, 8582, 0, 12, -1.0808823529411764, 0.011919424689101671]
[47659, 8598, 0, 12, -1.0808823529411764, 0.011919424689101671]
[47659, 8613, 0, 12, -1.0808823529411764, 0.011919424689101671]
[47659, 8628, 0, 12, -1.0808823529411764, 0.011919424689101671]
[47659, 8646, 0, 12, -1.0808823529411764, 0.011919424689101671]
[47659, 8662, 0, 12, -1.0808823529411764, 0.011919424689101671]
[47659, 8678, 0, 12, -1.0808823529411764, 0.011919424689101671]
[47659, 8693, 0, 12, -1.0808823529411764, 0.011919424689101671]
[47659, 8710, 0, 12, -1.0808823529411764, 0.011919424689101671]
[47659, 8726, 0, 12, -1.0808823529411764, 0.011919424689101671]
[47659, 8741, 0, 12, -1.0808823529411764, 0.011919424689101671]
[47659, 8758, 0, 12, -1.0808823529411764, 0.011919424689101671]
[47659, 8773, 0, 12, -1.0808823529411764, 0.011919424689101671]
[47659, 8787, 0, 12, -1.0808823529411764, 0.011919424689101671]
[47659, 8805, 0, 12, -1.0808823529411764, 0.011919424689101671]
[47659, 8822, 0, 12, -1.0808823529411764, 0.011919424689101671]
[47659, 8838, 0, 12, -1.0808823529411764, 0.011919424689101671]
[47659, 8853, 0, 12, -1.0808823529411764, 0.011919424689101671]
[47659, 8868, 0, 12, -1.0808823529411764, 0.011919424689101671]
[47659, 8886, 0, 12, -1.0808823529411764, 0.011919424689101671]
[47659, 8902, 0, 12, -1.0808823529411764, 0.011919424689101671]
[47659, 8918, 0, 12, -1.0808823529411764, 0.011919424689101671]
[47659, 8934, 0, 12, -1.0808823529411764, 0.011919424689101671]
[47659, 8948, 0, 12, -1.0808823529411764, 0.011919424689101671]
[47659, 8966, 0, 12, -1.0808823529411764, 0.011919424689101671]
[47659, 8982, 0, 12, -1.0808823529411764, 0.011919424689101671]
[47659, 8998, 0, 12, -1.0808823529411764, 0.011919424689101671]
[47659, 9013, 0, 12, -1.0808823529411764, 0.011919424689101671]
[47659, 9029, 0, 12, -1.0808823529411764, 0.011919424689101671]
[47659, 9045, 0, 12, -1.0808823529411764, 0.011919424689101671]
[47659, 9061, 0, 12, -1.0808823529411764, 0.011919424689101671]
[47659, 9078, 0, 12, -1.0808823529411764, 0.011919424689101671]
[47659, 9093, 0, 12, -1.0808823529411764, 0.011919424689101671]
[47659, 9107, 0, 12, -1.0808823529411764, 0.011919424689101671]
[47659, 9125, 0, 12, -1.0808823529411764, 0.011919424689101671]
[47659, 9141, 0, 12, -1.0808823529411764, 0.011919424689101671]
[47659, 9157, 0, 12, -1.0808823529411764, 0.011919424689101671]
[47659, 9172, 0, 12, -1.0808823529411764, 0.011919424689101671]
[47659, 9187, 0, 12, -1.0808823529411764, 0.011919424689101671]
[47659, 9204, 0, 12, -1.0808823529411764, 0.011919424689101671]
[47659, 9220, 0, 12, -1.0808823529411764, 0.011919424689101671]
[47659, 9237, 0, 12, -1.0808823529411764, 0.011919424689101671]
[47659, 9253, 0, 12, -1.0808823529411764, 0.011919424689101671]
[47659, 9267, 0, 12, -1.0808823529411764, 0.011919424689101671]
[47659, 9284, 0, 12, -1.0808823529411764, 0.011919424689101671]
[47659, 9301, 0, 12, -1.0808823529411764, 0.011919424689101671]
[47659, 9317, 0, 12, -1.0808823529411764, 0.011919424689101671]
[47659, 9334, 0, 12, -1.0808823529411764, 0.011919424689101671]
[47659, 9347, 0, 12, -1.0808823529411764, 0.011919424689101671]
[47659, 9365, 0, 12, -1.0808823529411764, 0.011919424689101671]
[47659, 9381, 0, 12, -1.0808823529411764, 0.011919424689101671]
[47659, 9398, 0, 12, -1.0808823529411764, 0.011919424689101671]
[47659, 9414, 0, 12, -1.0808823529411764, 0.011919424689101671]
[47659, 9428, 0, 12, -1.0808823529411764, 0.011919424689101671]
[47659, 9445, 0, 12, -1.0808823529411764, 0.011919424689101671]
[47659, 9462, 0, 12, -1.0808823529411764, 0.011919424689101671]
[47659, 9478, 0, 12, -1.0808823529411764, 0.011919424689101671]
[47659, 9494, 0, 12, -1.0808823529411764, 0.011919424689101671]
[47659, 9508, 0, 12, -1.0808823529411764, 0.011919424689101671]
[47659, 9525, 0, 12, -1.0808823529411764, 0.011919424689101671]
[47659, 9542, 0, 12, -1.0808823529411764, 0.011919424689101671]
[47659, 9558, 0, 12, -1.0808823529411764, 0.011919424689101671]
[47659, 9574, 0, 12, -1.0808823529411764, 0.011919424689101671]
[47659, 9589, 0, 12, -1.0808823529411764, 0.011919424689101671]
[47659, 9605, 0, 12, -1.0808823529411764, 0.011919424689101671]
[47659, 9622, 0, 12, -1.0808823529411764, 0.011919424689101671]
[47659, 9639, 0, 12, -1.0808823529411764, 0.011919424689101671]
[47659, 9654, 0, 12, -1.0808823529411764, 0.011919424689101671]
[47659, 9669, 0, 12, -1.0808823529411764, 0.011919424689101671]
[47659, 9685, 0, 12, -1.0808823529411764, 0.011919424689101671]
[47659, 9702, 0, 12, -1.0808823529411764, 0.011919424689101671]
[47659, 9718, 0, 12, -1.0808823529411764, 0.011919424689101671]
[47659, 9734, 0, 12, -1.0808823529411764, 0.011919424689101671]
[47659, 9749, 0, 12, -1.0808823529411764, 0.011919424689101671]
[47659, 9765, 0, 12, -1.0808823529411764, 0.011919424689101671]
[47659, 9782, 0, 12, -1.0808823529411764, 0.011919424689101671]
[47659, 9798, 0, 12, -1.0808823529411764, 0.011919424689101671]
[47659, 9815, 0, 12, -1.0808823529411764, 0.011919424689101671]
[47659, 9829, 0, 12, -1.0808823529411764, 0.011919424689101671]
[47659, 9846, 0, 12, -1.0808823529411764, 0.011919424689101671]
[47659, 9863, 0, 12, -1.0808823529411764, 0.011919424689101671]
[47659, 9879, 0, 12, -1.0808823529411764, 0.011919424689101671]
[47659, 9895, 0, 12, -1.0808823529411764, 0.011919424689101671]
[47659, 9911, 0, 12, -1.0808823529411764, 0.011919424689101671]
[47659, 9926, 0, 12, -1.0808823529411764, 0.011919424689101671]
[47659, 9943, 0, 12, -1.0808823529411764, 0.011919424689101671]
[47659, 9966, 0, 11, -1.0808823529411764, 0.011919424689101671]
[47659, 9966, 0, 9, -1.0808823529411764, 0.011919424689101671]
[47659, 9967, 0, 8, -1.0808823529411764, 0.011919424689101671]
[47659, 9968, 0, 7, -1.0808823529411764, 0.011919424689101671]
[47659, 9969, 0, 6, -1.0808823529411764, 0.011919424689101671]
[47659, 9969, 0, 5, -1.0808823529411764, 0.011919424689101671]
[47659, 9970, 0, 4, -1.0808823529411764, 0.011919424689101671]
[47659, 9970, 0, 3, -1.0808823529411764, 0.011919424689101671]
[47659, 9970, 0, 3, -1.0808823529411764, 0.011919424689101671]
[47659, 9970, 0, 2, -1.0808823529411764, 0.011919424689101671]
[47659, 9970, 0, 2, -1.0808823529411764, 0.011919424689101671]
[47659, 9970, 0, 1, -1.0808823529411764, 0.011919424689101671]
[47659, 9970, 0, 1, -1.0808823529411764, 0.011919424689101671]
[47659, 9970, 0, 1, -1.0808823529411764, 0.011919424689101671]
[47659, 9970, 0, 1, -1.0808823529411764, 0.011919424689101671]
[47659, 9970, 0, 1, -1.0808823529411764, 0.011919424689101671]
[47659, 9970, 0, 1, -1.0808823529411764, 0.011919424689101671]
[47659, 9970, 0, 0, -1.0808823529411764, 0.011919424689101671]
[47659, 9970, 0, 0, -1.0808823529411764, 0.011919424689101671]
[47659, 9970, 0, 0, -1.0808823529411764, 0.011919424689101671]
[47659, 9966, 0, 65535, -1.0808823529411764, 0.011919424689101671]
[47659, 9953, 0, 65534, -1.0808823529411764, 0.011919424689101671]
[47659, 9939, 0, 65532, -1.0808823529411764, 0.011919424689101671]
[47659, 9922, 0, 65530, -1.0808823529411764, 0.011919424689101671]
[47659, 9909, 0, 65529, -1.0808823529411764, 0.011919424689101671]
[47659, 9893, 0, 65528, -1.0808823529411764, 0.011919424689101671]
[47659, 9878, 0, 65528, -1.0808823529411764, 0.011919424689101671]
[47659, 9863, 0, 65527, -1.0808823529411764, 0.011919424689101671]
[47659, 9849, 0, 65527, -1.0808823529411764, 0.011919424689101671]
[47659, 9833, 0, 65526, -1.0808823529411764, 0.011919424689101671]
[47659, 9818, 0, 65526, -1.0808823529411764, 0.011919424689101671]
[47659, 9804, 0, 65525, -1.0808823529411764, 0.011919424689101671]
[47659, 9789, 0, 65525, -1.0808823529411764, 0.011919424689101671]
[47659, 9774, 0, 65525, -1.0808823529411764, 0.011919424689101671]
[47659, 9759, 0, 65525, -1.0808823529411764, 0.011919424689101671]
[47659, 9743, 0, 65525, -1.0808823529411764, 0.011919424689101671]
[47659, 9728, 0, 65525, -1.0808823529411764, 0.011919424689101671]
[47659, 9711, 0, 65525, -1.0808823529411764, 0.011919424689101671]
[47659, 9694, 0, 65524, -1.0808823529411764, 0.011919424689101671]
[47659, 9679, 0, 65524, -1.0808823529411764, 0.011919424689101671]
[47659, 9663, 0, 65524, -1.0808823529411764, 0.011919424689101671]
[47659, 9648, 0, 65524, -1.0808823529411764, 0.011919424689101671]
[47659, 9631, 0, 65524, -1.0808823529411764, 0.011919424689101671]
[47659, 9615, 0, 65524, -1.0808823529411764, 0.011919424689101671]
[47659, 9599, 0, 65524, -1.0808823529411764, 0.011919424689101671]
[47659, 9583, 0, 65524, -1.0808823529411764, 0.011919424689101671]
[47659, 9568, 0, 65524, -1.0808823529411764, 0.011919424689101671]
[47659, 9551, 0, 65524, -1.0808823529411764, 0.011919424689101671]
[47659, 9534, 0, 65524, -1.0808823529411764, 0.011919424689101671]
[47659, 9518, 0, 65524, -1.0808823529411764, 0.011919424689101671]
[47659, 9503, 0, 65524, -1.0808823529411764, 0.011919424689101671]
[47659, 9487, 0, 65524, -1.0808823529411764, 0.011919424689101671]
[47659, 9471, 0, 65524, -1.0808823529411764, 0.011919424689101671]
[47659, 9455, 0, 65524, -1.0808823529411764, 0.011919424689101671]
[47659, 9439, 0, 65524, -1.0808823529411764, 0.011919424689101671]
[47659, 9422, 0, 65524, -1.0808823529411764, 0.011919424689101671]
[47659, 9408, 0, 65524, -1.0808823529411764, 0.011919424689101671]
[47659, 9390, 0, 65524, -1.0808823529411764, 0.011919424689101671]
[47659, 9375, 0, 65524, -1.0808823529411764, 0.011919424689101671]
[47659, 9358, 0, 65524, -1.0808823529411764, 0.011919424689101671]
[47659, 9342, 0, 65524, -1.0808823529411764, 0.011919424689101671]
[47659, 9327, 0, 65524, -1.0808823529411764, 0.011919424689101671]
[47659, 9310, 0, 65524, -1.0808823529411764, 0.011919424689101671]
[47659, 9293, 0, 65524, -1.0808823529411764, 0.011919424689101671]
[47659, 9278, 0, 65524, -1.0808823529411764, 0.011919424689101671]
[47659, 9262, 0, 65524, -1.0808823529411764, 0.011919424689101671]
[47659, 9247, 0, 65524, -1.0808823529411764, 0.011919424689101671]
[47659, 9230, 0, 65524, -1.0808823529411764, 0.011919424689101671]
[47659, 9214, 0, 65524, -1.0808823529411764, 0.011919424689101671]
[47659, 9198, 0, 65524, -1.0808823529411764, 0.011919424689101671]
[47659, 9182, 0, 65524, -1.0808823529411764, 0.011919424689101671]
[47659, 9167, 0, 65524, -1.0808823529411764, 0.011919424689101671]
[47659, 9150, 0, 65524, -1.0808823529411764, 0.011919424689101671]
[47659, 9134, 0, 65524, -1.0808823529411764, 0.011919424689101671]
[47659, 9118, 0, 65524, -1.0808823529411764, 0.011919424689101671]
[47659, 9102, 0, 65524, -1.0808823529411764, 0.011919424689101671]
[47659, 9088, 0, 65524, -1.0808823529411764, 0.011919424689101671]
[47659, 9071, 0, 65524, -1.0808823529411764, 0.011919424689101671]
[47659, 9055, 0, 65524, -1.0808823529411764, 0.011919424689101671]
[47659, 9039, 0, 65524, -1.0808823529411764, 0.011919424689101671]
[47659, 9023, 0, 65524, -1.0808823529411764, 0.011919424689101671]
[47659, 9008, 0, 65524, -1.0808823529411764, 0.011919424689101671]
[47659, 8991, 0, 65524, -1.0808823529411764, 0.011919424689101671]
[47659, 8975, 0, 65524, -1.0808823529411764, 0.011919424689101671]
[47659, 8959, 0, 65524, -1.0808823529411764, 0.011919424689101671]
[47659, 8942, 0, 65524, -1.0808823529411764, 0.011919424689101671]
[47659, 8926, 0, 65524, -1.0808823529411764, 0.011919424689101671]
[47659, 8911, 0, 65524, -1.0808823529411764, 0.011919424689101671]
[47659, 8895, 0, 65524, -1.0808823529411764, 0.011919424689101671]
[47659, 8879, 0, 65524, -1.0808823529411764, 0.011919424689101671]
[47659, 8862, 0, 65524, -1.0808823529411764, 0.011919424689101671]
[47659, 8847, 0, 65524, -1.0808823529411764, 0.011919424689101671]
[47659, 8831, 0, 65524, -1.0808823529411764, 0.011919424689101671]
[47659, 8815, 0, 65524, -1.0808823529411764, 0.011919424689101671]
[47659, 8798, 0, 65524, -1.0808823529411764, 0.011919424689101671]
[47659, 8782, 0, 65524, -1.0808823529411764, 0.011919424689101671]
[47659, 8767, 0, 65524, -1.0808823529411764, 0.011919424689101671]
[47659, 8751, 0, 65524, -1.0808823529411764, 0.011919424689101671]
[47659, 8735, 0, 65524, -1.0808823529411764, 0.011919424689101671]
[47659, 8718, 0, 65524, -1.0808823529411764, 0.011919424689101671]
[47659, 8702, 0, 65524, -1.0808823529411764, 0.011919424689101671]
[47659, 8687, 0, 65524, -1.0808823529411764, 0.011919424689101671]
[47659, 8670, 0, 65524, -1.0808823529411764, 0.011919424689101671]
[47659, 8655, 0, 65524, -1.0808823529411764, 0.011919424689101671]
[47659, 8638, 0, 65524, -1.0808823529411764, 0.011919424689101671]
[47659, 8622, 0, 65524, -1.0808823529411764, 0.011919424689101671]
[47659, 8607, 0, 65524, -1.0808823529411764, 0.011919424689101671]
[47659, 8590, 0, 65524, -1.0808823529411764, 0.011919424689101671]
[47659, 8574, 0, 65524, -1.0808823529411764, 0.011919424689101671]
[47659, 8559, 0, 65524, -1.0808823529411764, 0.011919424689101671]
[47659, 8543, 0, 65524, -1.0808823529411764, 0.011919424689101671]
[47659, 8528, 0, 65524, -1.0808823529411764, 0.011919424689101671]
[47659, 8511, 0, 65524, -1.0808823529411764, 0.011919424689101671]
[47659, 8495, 0, 65524, -1.0808823529411764, 0.011919424689101671]
[47659, 8479, 0, 65524, -1.0808823529411764, 0.011919424689101671]
[47659, 8463, 0, 65524, -1.0808823529411764, 0.011919424689101671]
[47659, 8448, 0, 65524, -1.0808823529411764, 0.011919424689101671]
[47659, 8431, 0, 65524, -1.0808823529411764, 0.011919424689101671]
[47659, 8415, 0, 65524, -1.0808823529411764, 0.011919424689101671]
[47659, 8399, 0, 65524, -1.0808823529411764, 0.011919424689101671]
[47659, 8383, 0, 65524, -1.0808823529411764, 0.011919424689101671]
[47659, 8368, 0, 65524, -1.0808823529411764, 0.011919424689101671]
[47659, 8351, 0, 65524, -1.0808823529411764, 0.011919424689101671]
[47659, 8335, 0, 65524, -1.0808823529411764, 0.011919424689101671]
[47659, 8319, 0, 65524, -1.0808823529411764, 0.011919424689101671]
[47659, 8302, 0, 65524, -1.0808823529411764, 0.011919424689101671]
[47659, 8287, 0, 65524, -1.0808823529411764, 0.011919424689101671]
[47659, 8271, 0, 65524, -1.0808823529411764, 0.011919424689101671]
[47659, 8255, 0, 65524, -1.0808823529411764, 0.011919424689101671]
[47659, 8237, 0, 65524, -1.0808823529411764, 0.011919424689101671]
[47659, 8221, 0, 65524, -1.0808823529411764, 0.011919424689101671]
[47659, 8206, 0, 65524, -1.0808823529411764, 0.011919424689101671]
[47659, 8190, 0, 65524, -1.0808823529411764, 0.011919424689101671]
[47659, 8172, 0, 65524, -1.0808823529411764, 0.011919424689101671]
[47659, 8158, 0, 65524, -1.0808823529411764, 0.011919424689101671]
[47659, 8142, 0, 65524, -1.0808823529411764, 0.011919424689101671]
[47659, 8126, 0, 65524, -1.0808823529411764, 0.011919424689101671]
[47659, 8110, 0, 65524, -1.0808823529411764, 0.011919424689101671]
[47659, 8094, 0, 65524, -1.0808823529411764, 0.011919424689101671]
[47659, 8079, 0, 65524, -1.0808823529411764, 0.011919424689101671]
[47659, 8062, 0, 65524, -1.0808823529411764, 0.011919424689101671]
[47659, 8047, 0, 65524, -1.0808823529411764, 0.011919424689101671]
[47659, 8022, 0, 65525, -1.0808823529411764, 0.011919424689101671]
[47659, 8022, 0, 65527, -1.0808823529411764, 0.011919424689101671]
[47659, 8023, 0, 65528, -1.0808823529411764, 0.011919424689101671]
[47659, 8023, 0, 65530, -1.0808823529411764, 0.011919424689101671]
[47659, 8023, 0, 65531, -1.0808823529411764, 0.011919424689101671]
[47659, 8023, 0, 65532, -1.0808823529411764, 0.011919424689101671]
[47659, 8023, 0, 65532, -1.0808823529411764, 0.011919424689101671]
[47659, 8023, 0, 65533, -1.0808823529411764, 0.011919424689101671]
[47659, 8023, 0, 65534, -1.0808823529411764, 0.011919424689101671]
[47659, 8023, 0, 65534, -1.0808823529411764, 0.011919424689101671]
[47659, 8023, 0, 65534, -1.0808823529411764, 0.011919424689101671]
[47659, 8023, 0, 65535, -1.0808823529411764, 0.011919424689101671]
[47659, 8023, 0, 65535, -1.0808823529411764, 0.011919424689101671]
[47659, 8023, 0, 65535, -1.0808823529411764, 0.011919424689101671]
[47659, 8023, 0, 65535, -1.0808823529411764, 0.011919424689101671]
[47659, 8023, 0, 65535, -1.0808823529411764, 0.011919424689101671]
[47659, 8023, 0, 0, -1.0808823529411764, 0.011919424689101671]
[47659, 8023, 0, 0, -1.0808823529411764, 0.011919424689101671]
[47659, 8023, 0, 0, -1.0808823529411764, 0.011919424689101671]
[47659, 8023, 0, 0, -1.0808823529411764, 0.011919424689101671]
[47659, 8024, 0, 0, -1.0808823529411764, 0.011919424689101671]
[47659, 8035, 0, 2, -1.0808823529411764, 0.011919424689101671]
[47659, 8048, 0, 4, -1.0808823529411764, 0.011919424689101671]
[47659, 8064, 0, 5, -1.0808823529411764, 0.011919424689101671]
[47659, 8079, 0, 6, -1.0808823529411764, 0.011919424689101671]
[47659, 8093, 0, 7, -1.0808823529411764, 0.011919424689101671]
[47659, 8107, 0, 8, -1.0808823529411764, 0.011919424689101671]
[47659, 8123, 0, 8, -1.0808823529411764, 0.011919424689101671]
[47659, 8138, 0, 9, -1.0808823529411764, 0.011919424689101671]
[47659, 8154, 0, 10, -1.0808823529411764, 0.011919424689101671]
[47659, 8167, 0, 10, -1.0808823529411764, 0.011919424689101671]
[47659, 8183, 0, 10, -1.0808823529411764, 0.011919424689101671]
[47659, 8200, 0, 11, -1.0808823529411764, 0.011919424689101671]
[47659, 8213, 0, 11, -1.0808823529411764, 0.011919424689101671]
[47659, 8226, 0, 11, -1.0808823529411764, 0.011919424689101671]
[47659, 8243, 0, 11, -1.0808823529411764, 0.011919424689101671]
[47659, 8259, 0, 11, -1.0808823529411764, 0.011919424689101671]
[47659, 8276, 0, 12, -1.0808823529411764, 0.011919424689101671]
[47659, 8289, 0, 12, -1.0808823529411764, 0.011919424689101671]
[47659, 8307, 0, 12, -1.0808823529411764, 0.011919424689101671]
[47659, 8324, 0, 12, -1.0808823529411764, 0.011919424689101671]
[47659, 8340, 0, 12, -1.0808823529411764, 0.011919424689101671]
[47659, 8356, 0, 12, -1.0808823529411764, 0.011919424689101671]
[47659, 8370, 0, 12, -1.0808823529411764, 0.011919424689101671]
[47659, 8387, 0, 12, -1.0808823529411764, 0.011919424689101671]
[47659, 8404, 0, 12, -1.0808823529411764, 0.011919424689101671]
[47659, 8420, 0, 12, -1.0808823529411764, 0.011919424689101671]
[47659, 8436, 0, 12, -1.0808823529411764, 0.011919424689101671]
[47659, 8450, 0, 12, -1.0808823529411764, 0.011919424689101671]
[47659, 8467, 0, 12, -1.0808823529411764, 0.011919424689101671]
[47659, 8483, 0, 12, -1.0808823529411764, 0.011919424689101671]
[47659, 8500, 0, 12, -1.0808823529411764, 0.011919424689101671]
[47659, 8516, 0, 12, -1.0808823529411764, 0.011919424689101671]
[47659, 8530, 0, 12, -1.0808823529411764, 0.011919424689101671]
[47659, 8547, 0, 12, -1.0808823529411764, 0.011919424689101671]
[47659, 8563, 0, 12, -1.0808823529411764, 0.011919424689101671]
[47659, 8579, 0, 12, -1.0808823529411764, 0.011919424689101671]
[47659, 8596, 0, 12, -1.0808823529411764, 0.011919424689101671]
[47659, 8609, 0, 12, -1.0808823529411764, 0.011919424689101671]
[47659, 8626, 0, 12, -1.0808823529411764, 0.011919424689101671]
[47659, 8643, 0, 12, -1.0808823529411764, 0.011919424689101671]
[47659, 8659, 0, 12, -1.0808823529411764, 0.011919424689101671]
[47659, 8675, 0, 12, -1.0808823529411764, 0.011919424689101671]
[47659, 8689, 0, 12, -1.0808823529411764, 0.011919424689101671]
[47659, 8706, 0, 12, -1.0808823529411764, 0.011919424689101671]
[47659, 8723, 0, 12, -1.0808823529411764, 0.011919424689101671]
[47659, 8739, 0, 12, -1.0808823529411764, 0.011919424689101671]
[47659, 8755, 0, 12, -1.0808823529411764, 0.011919424689101671]
[47659, 8769, 0, 12, -1.0808823529411764, 0.011919424689101671]
[47659, 8786, 0, 12, -1.0808823529411764, 0.011919424689101671]
[47659, 8803, 0, 12, -1.0808823529411764, 0.011919424689101671]
[47659, 8819, 0, 12, -1.0808823529411764, 0.011919424689101671]
[47659, 8836, 0, 12, -1.0808823529411764, 0.011919424689101671]
[47659, 8850, 0, 12, -1.0808823529411764, 0.011919424689101671]
[47659, 8866, 0, 12, -1.0808823529411764, 0.011919424689101671]
[47659, 8883, 0, 12, -1.0808823529411764, 0.011919424689101671]
[47659, 8899, 0, 12, -1.0808823529411764, 0.011919424689101671]
[47659, 8916, 0, 12, -1.0808823529411764, 0.011919424689101671]
[47659, 8930, 0, 12, -1.0808823529411764, 0.011919424689101671]
[47659, 8946, 0, 12, -1.0808823529411764, 0.011919424689101671]
[47659, 8963, 0, 12, -1.0808823529411764, 0.011919424689101671]
[47659, 8980, 0, 12, -1.0808823529411764, 0.011919424689101671]
[47659, 8996, 0, 12, -1.1409313725490196, 0.011919424689101671]
[47659, 9010, 0, 12, -1.1409313725490196, 0.011919424689101671]
[47659, 9026, 0, 12, -1.1409313725490196, 0.011919424689101671]
[47659, 9043, 0, 12, -1.1409313725490196, 0.011919424689101671]
[47659, 9059, 0, 12, -1.1409313725490196, 0.011919424689101671]
[47659, 9076, 0, 12, -1.1409313725490196, 0.011919424689101671]
[47659, 9090, 0, 12, -1.1409313725490196, 0.011919424689101671]
[47659, 9105, 0, 12, -1.1409313725490196, 0.011919424689101671]
[47659, 9124, 0, 12, -1.1409313725490196, 0.011124796376494895]
[47659, 9139, 0, 12, -1.1409313725490196, 0.011919424689101671]
[47659, 9155, 0, 12, -1.1409313725490196, 0.011919424689101671]
[47659, 9169, 0, 12, -1.1409313725490196, 0.011124796376494895]
[47659, 9184, 0, 12, -1.1409313725490196, 0.011919424689101671]
[47659, 9202, 0, 12, -1.1409313725490196, 0.011919424689101671]
[47659, 9218, 0, 12, -1.1409313725490196, 0.011919424689101671]
[47659, 9235, 0, 12, -1.1409313725490196, 0.011919424689101671]
[47659, 9249, 0, 12, -1.1409313725490196, 0.011919424689101671]
[47659, 9265, 0, 12, -1.1409313725490196, 0.011919424689101671]
[47659, 9282, 0, 12, -1.1409313725490196, 0.011919424689101671]
[47659, 9298, 0, 12, -1.1409313725490196, 0.011919424689101671]
[47659, 9315, 0, 12, -1.1409313725490196, 0.011919424689101671]
[47659, 9330, 0, 12, -1.1409313725490196, 0.011919424689101671]
[47659, 9345, 0, 12, -1.1409313725490196, 0.011124796376494895]
[47659, 9363, 0, 12, -1.1409313725490196, 0.011919424689101671]
[47659, 9379, 0, 12, -1.1409313725490196, 0.011919424689101671]
[47659, 9395, 0, 12, -1.1409313725490196, 0.011919424689101671]
[47659, 9410, 0, 12, -1.1409313725490196, 0.011919424689101671]
[47659, 9425, 0, 12, -1.1409313725490196, 0.011919424689101671]
[47659, 9443, 0, 12, -1.1409313725490196, 0.011919424689101671]
[47659, 9460, 0, 12, -1.1409313725490196, 0.011919424689101671]
[47659, 9476, 0, 12, -1.1409313725490196, 0.011919424689101671]
[47659, 9490, 0, 12, -1.1409313725490196, 0.011919424689101671]
[47659, 9506, 0, 12, -1.1409313725490196, 0.011919424689101671]
[47659, 9523, 0, 12, -1.1409313725490196, 0.011919424689101671]
[47659, 9539, 0, 12, -1.1409313725490196, 0.011919424689101671]
[47659, 9556, 0, 12, -1.1409313725490196, 0.011919424689101671]
[47659, 9571, 0, 12, -1.1409313725490196, 0.011919424689101671]
[47659, 9586, 0, 12, -1.1409313725490196, 0.011919424689101671]
[47659, 9603, 0, 12, -1.1409313725490196, 0.011919424689101671]
[47659, 9620, 0, 12, -1.1409313725490196, 0.011919424689101671]
[47659, 9636, 0, 12, -1.1409313725490196, 0.011919424689101671]
[47659, 9651, 0, 12, -1.1409313725490196, 0.011919424689101671]
[47659, 9666, 0, 12, -1.1409313725490196, 0.011919424689101671]
[47659, 9683, 0, 12, -1.1409313725490196, 0.011919424689101671]
[47659, 9699, 0, 12, -1.1409313725490196, 0.011919424689101671]
[47659, 9716, 0, 12, -1.1409313725490196, 0.011919424689101671]
[47659, 9731, 0, 12, -1.1409313725490196, 0.011919424689101671]
[47659, 9745, 0, 12, -1.1409313725490196, 0.011919424689101671]
[47659, 9764, 0, 12, -1.1409313725490196, 0.011919424689101671]
[47659, 9780, 0, 12, -1.1409313725490196, 0.011919424689101671]
[47659, 9796, 0, 12, -1.1409313725490196, 0.011919424689101671]
[47659, 9811, 0, 12, -1.1409313725490196, 0.011919424689101671]
[47659, 9826, 0, 12, -1.1409313725490196, 0.011919424689101671]
[47659, 9844, 0, 12, -1.1409313725490196, 0.011919424689101671]
[47659, 9860, 0, 12, -1.1409313725490196, 0.011919424689101671]
[47659, 9877, 0, 12, -1.1409313725490196, 0.011919424689101671]
[47659, 9892, 0, 12, -1.1409313725490196, 0.011919424689101671]
[47659, 9907, 0, 12, -1.1409313725490196, 0.011919424689101671]
[47659, 9925, 0, 12, -1.1409313725490196, 0.011919424689101671]
[47659, 9941, 0, 12, -1.1409313725490196, 0.011919424689101671]
[47659, 9964, 0, 11, -1.1409313725490196, 0.011919424689101671]
[47659, 9965, 0, 10, -1.1409313725490196, 0.011919424689101671]
[47659, 9965, 0, 8, -1.1409313725490196, 0.011919424689101671]
[47659, 9966, 0, 7, -1.1409313725490196, 0.011919424689101671]
[47659, 9966, 0, 6, -1.1409313725490196, 0.011919424689101671]
[47659, 9966, 0, 5, -1.1409313725490196, 0.011919424689101671]
[47659, 9967, 0, 4, -1.1409313725490196, 0.011919424689101671]
[47696, 9968, 8, 2, -1.1409313725490196, 0.011919424689101671]
[47769, 9968, 17, 2, -1.2009803921568627, 0.011919424689101671]
[47840, 9968, 24, 2, -1.321078431372549, 0.011919424689101671]
[47924, 9968, 31, 1, -1.3811274509803921, 0.011919424689101671]
[47995, 9968, 35, 1, -1.3811274509803921, 0.011919424689101671]
[48066, 9968, 39, 1, -1.4411764705882353, 0.011124796376494895]
[48142, 9968, 43, 1, -1.5012254901960784, 0.011124796376494895]
[48212, 9968, 46, 1, -1.5012254901960784, 0.011124796376494895]
[48296, 9968, 48, 1, -1.5012254901960784, 0.011124796376494895]
[48374, 9968, 51, 0, -1.5012254901960784, 0.011124796376494895]
[48447, 9968, 52, 0, -1.4411764705882353, 0.011124796376494895]
[48518, 9968, 54, 0, -1.4411764705882353, 0.011124796376494895]
[48598, 9968, 55, 0, -1.5012254901960784, 0.011124796376494895]
[48685, 9968, 56, 0, -1.5012254901960784, 0.011124796376494895]
[48758, 9968, 57, 0, -1.5012254901960784, 0.011124796376494895]
[48833, 9968, 57, 0, -1.5012254901960784, 0.011124796376494895]
[48905, 9968, 58, 0, -1.5012254901960784, 0.011124796376494895]
[48977, 9968, 58, 0, -1.5012254901960784, 0.011124796376494895]
[49055, 9968, 59, 0, -1.5012254901960784, 0.011124796376494895]
[49129, 9968, 59, 0, -1.5012254901960784, 0.011124796376494895]
[49200, 9968, 59, 0, -1.5012254901960784, 0.011124796376494895]
[49273, 9968, 59, 0, -1.5612745098039214, 0.011124796376494895]
[49345, 9968, 59, 0, -1.5612745098039214, 0.011124796376494895]
[49416, 9968, 60, 0, -1.5612745098039214, 0.011124796376494895]
[49496, 9968, 60, 0, -1.5012254901960784, 0.011124796376494895]
[49619, 9968, 55, 0, -1.5012254901960784, 0.011124796376494895]
[49691, 9968, 56, 0, -1.4411764705882353, 0.011124796376494895]
[49762, 9968, 56, 0, -1.4411764705882353, 0.011124796376494895]
[49834, 9968, 57, 0, -1.5012254901960784, 0.011124796376494895]
[49904, 9968, 57, 0, -1.5012254901960784, 0.011124796376494895]
[49979, 9968, 58, 0, -1.5012254901960784, 0.011124796376494895]
[50050, 9968, 58, 0, -1.5012254901960784, 0.011124796376494895]
[50121, 9968, 58, 0, -1.4411764705882353, 0.011124796376494895]
[50196, 9968, 59, 0, -1.4411764705882353, 0.011124796376494895]
[50269, 9968, 59, 0, -1.4411764705882353, 0.011919424689101671]
[50341, 9968, 59, 0, -1.4411764705882353, 0.011919424689101671]
[50416, 9968, 59, 0, -1.4411764705882353, 0.011919424689101671]
[50496, 9968, 59, 0, -1.4411764705882353, 0.011919424689101671]
[50577, 9968, 59, 0, -1.4411764705882353, 0.011919424689101671]
[50656, 9968, 59, 0, -1.4411764705882353, 0.011919424689101671]
[50736, 9968, 59, 0, -1.4411764705882353, 0.011919424689101671]
[50816, 9968, 60, 0, -1.4411764705882353, 0.011919424689101671]
[50896, 9968, 60, 0, -1.4411764705882353, 0.011919424689101671]
[50976, 9968, 60, 0, -1.4411764705882353, 0.011919424689101671]
[51056, 9968, 60, 0, -1.4411764705882353, 0.011919424689101671]
[51136, 9968, 60, 0, -1.4411764705882353, 0.011919424689101671]
[51215, 9968, 60, 0, -1.4411764705882353, 0.011919424689101671]
[51295, 9968, 60, 0, -1.4411764705882353, 0.011919424689101671]
[51375, 9968, 60, 0, -1.4411764705882353, 0.011919424689101671]
[51455, 9968, 60, 0, -1.4411764705882353, 0.011919424689101671]
[51535, 9968, 60, 0, -1.4411764705882353, 0.011919424689101671]
[51614, 9968, 60, 0, -1.4411764705882353, 0.011919424689101671]
[51694, 9968, 60, 0, -1.5012254901960784, 0.011919424689101671]
[51774, 9968, 60, 0, -1.5012254901960784, 0.011919424689101671]
[51856, 9968, 60, 0, -1.5012254901960784, 0.011919424689101671]
[51934, 9968, 60, 0, -1.5012254901960784, 0.011919424689101671]
[52014, 9968, 60, 0, -1.5012254901960784, 0.011919424689101671]
[52094, 9968, 60, 0, -1.5012254901960784, 0.011919424689101671]
[52176, 9968, 60, 0, -1.5012254901960784, 0.01271405300170845]
[52254, 9968, 60, 0, -1.5012254901960784, 0.01271405300170845]
[52335, 9968, 60, 0, -1.5012254901960784, 0.01271405300170845]
[52416, 9968, 60, 0, -1.5012254901960784, 0.01271405300170845]
[52497, 9968, 60, 0, -1.5012254901960784, 0.01271405300170845]
[52578, 9968, 60, 0, -1.5012254901960784, 0.01271405300170845]
[52658, 9968, 60, 0, -1.5012254901960784, 0.01271405300170845]
[52739, 9968, 60, 0, -1.5012254901960784, 0.01271405300170845]
[52819, 9968, 60, 0, -1.5612745098039214, 0.01271405300170845]
[52901, 9968, 60, 0, -1.5612745098039214, 0.01271405300170845]
[52982, 9968, 60, 0, -1.5612745098039214, 0.01271405300170845]
[53064, 9968, 60, 0, -1.5612745098039214, 0.01271405300170845]
[53142, 9968, 60, 0, -1.5612745098039214, 0.01271405300170845]
[53222, 9968, 60, 0, -1.5612745098039214, 0.01271405300170845]
[53303, 9968, 60, 0, -1.5612745098039214, 0.01271405300170845]
[53383, 9968, 60, 0, -1.5612745098039214, 0.01271405300170845]
[53463, 9968, 60, 0, -1.5612745098039214, 0.01271405300170845]
[53544, 9968, 60, 0, -1.5612745098039214, 0.01271405300170845]
[53623, 9968, 60, 0, -1.5012254901960784, 0.01271405300170845]
[53705, 9968, 60, 0, -1.5012254901960784, 0.01271405300170845]
[53782, 9968, 60, 0, -1.5612745098039214, 0.01271405300170845]
[53861, 9968, 60, 0, -1.5612745098039214, 0.01271405300170845]
[53942, 9968, 60, 0, -1.5612745098039214, 0.01271405300170845]
[54021, 9968, 60, 0, -1.5612745098039214, 0.01271405300170845]
[54101, 9968, 60, 0, -1.5012254901960784, 0.01271405300170845]
[54180, 9968, 60, 0, -1.5012254901960784, 0.01271405300170845]
[54260, 9968, 60, 0, -1.5012254901960784, 0.01271405300170845]
[54340, 9968, 60, 0, -1.5012254901960784, 0.01271405300170845]
[54420, 9968, 60, 0, -1.5012254901960784, 0.01350868131431523]
[54500, 9968, 60, 0, -1.5012254901960784, 0.01350868131431523]
[54580, 9968, 60, 0, -1.5012254901960784, 0.01350868131431523]
[54660, 9968, 60, 0, -1.5012254901960784, 0.01350868131431523]
[54740, 9968, 60, 0, -1.5012254901960784, 0.01350868131431523]
[54821, 9968, 60, 0, -1.5012254901960784, 0.01350868131431523]
[54900, 9968, 60, 0, -1.5012254901960784, 0.01350868131431523]
[54980, 9968, 60, 0, -1.5012254901960784, 0.01350868131431523]
[55060, 9968, 60, 0, -1.5012254901960784, 0.01350868131431523]
[55140, 9968, 60, 0, -1.5012254901960784, 0.01350868131431523]
[55219, 9968, 60, 0, -1.5012254901960784, 0.01350868131431523]
[55299, 9968, 60, 0, -1.5012254901960784, 0.01350868131431523]
[55379, 9968, 60, 0, -1.5012254901960784, 0.01350868131431523]
[55459, 9968, 60, 0, -1.5012254901960784, 0.01350868131431523]
[55539, 9968, 60, 0, -1.5012254901960784, 0.01350868131431523]
[55618, 9968, 60, 0, -1.5612745098039214, 0.01271405300170845]
[55698, 9968, 60, 0, -1.5612745098039214, 0.01271405300170845]
[55778, 9968, 60, 0, -1.5612745098039214, 0.01271405300170845]
[55858, 9968, 60, 0, -1.5612745098039214, 0.01350868131431523]
[55938, 9968, 60, 0, -1.5612745098039214, 0.01350868131431523]
[56018, 9968, 60, 0, -1.5612745098039214, 0.01350868131431523]
[56102, 9968, 60, 0, -1.5612745098039214, 0.01350868131431523]
[56178, 9968, 60, 0, -1.5612745098039214, 0.01350868131431523]
[56258, 9968, 60, 0, -1.5612745098039214, 0.01350868131431523]
[56339, 9968, 60, 0, -1.5612745098039214, 0.01350868131431523]
[56422, 9968, 60, 0, -1.5612745098039214, 0.01350868131431523]
[56501, 9968, 60, 0, -1.5612745098039214, 0.01350868131431523]
[56582, 9968, 60, 0, -1.5612745098039214, 0.01350868131431523]
[56663, 9968, 60, 0, -1.6213235294117647, 0.01350868131431523]
[56743, 9968, 60, 0, -1.6213235294117647, 0.01350868131431523]
[56832, 9968, 61, 0, -1.6213235294117647, 0.01350868131431523]
[56913, 9968, 61, 0, -1.6213235294117647, 0.01350868131431523]
[56986, 9968, 60, 0, -1.6213235294117647, 0.01350868131431523]
[57067, 9968, 60, 0, -1.6213235294117647, 0.014303309626922006]
[57147, 9968, 60, 0, -1.6213235294117647, 0.014303309626922006]
[57227, 9968, 60, 0, -1.6213235294117647, 0.014303309626922006]
[57307, 9968, 60, 0, -1.6213235294117647, 0.014303309626922006]
[57387, 9968, 60, 0, -1.6213235294117647, 0.014303309626922006]
[57467, 9968, 60, 0, -1.6213235294117647, 0.014303309626922006]
[57547, 9968, 60, 0, -1.6213235294117647, 0.014303309626922006]
[57628, 9968, 60, 0, -1.6213235294117647, 0.014303309626922006]
[57706, 9968, 60, 0, -1.6213235294117647, 0.014303309626922006]
[57787, 9968, 60, 0, -1.6213235294117647, 0.014303309626922006]
[57866, 9968, 60, 0, -27, 18]
[57955, 9968, 60, 0, 0, 0]
[58026, 9968, 60, 0, -1.6213235294117647, 0.014303309626922006]
[58105, 9968, 60, 0, -1.6213235294117647, 0.014303309626922006]
[58185, 9968, 60, 0, -1.5612745098039214, 0.014303309626922006]
[58264, 9968, 60, 0, -1.5612745098039214, 0.014303309626922006]
[58344, 9968, 60, 0, -1.5612745098039214, 0.014303309626922006]
[58424, 9968, 60, 0, -1.5612745098039214, 0.01350868131431523]
[58505, 9968, 60, 0, -1.5012254901960784, 0.01350868131431523]
[58584, 9968, 60, 0, -1.5012254901960784, 0.01350868131431523]
[58666, 9968, 60, 0, -1.5612745098039214, 0.01350868131431523]
[58744, 9968, 60, 0, -1.5612745098039214, 0.014303309626922006]
[58824, 9968, 60, 0, -1.5612745098039214, 0.014303309626922006]
[58904, 9968, 60, 0, -1.5612745098039214, 0.014303309626922006]
[58985, 9968, 60, 0, -1.5612745098039214, 0.014303309626922006]
[59064, 9968, 60, 0, -1.5612745098039214, 0.014303309626922006]
[59144, 9968, 60, 0, -1.5612745098039214, 0.014303309626922006]
[59223, 9968, 60, 0, -1.5612745098039214, 0.01350868131431523]
[59303, 9968, 60, 0, -1.5612745098039214, 0.01350868131431523]
[59384, 9968, 60, 0, -1.5612745098039214, 0.014303309626922006]
[59463, 9968, 60, 0, -1.5612745098039214, 0.014303309626922006]
[59544, 9968, 60, 0, -1.5612745098039214, 0.014303309626922006]
[59626, 9968, 60, 0, -1.5612745098039214, 0.014303309626922006]
[59705, 9968, 60, 0, -1.5612745098039214, 0.014303309626922006]
[59782, 9968, 60, 0, -1.5612745098039214, 0.014303309626922006]
[59863, 9968, 60, 0, -1.6213235294117647, 0.014303309626922006]
[59946, 9968, 60, 0, -1.6213235294117647, 0.014303309626922006]
[60023, 9968, 60, 0, -1.6213235294117647, 0.014303309626922006]
[60103, 9968, 60, 0, -1.6213235294117647, 0.014303309626922006]
[60183, 9968, 60, 0, -1.6213235294117647, 0.014303309626922006]
[60263, 9968, 60, 0, -1.6213235294117647, 0.014303309626922006]
[60344, 9968, 60, 0, -1.6213235294117647, 0.014303309626922006]
[60425, 9968, 60, 0, -1.6213235294117647, 0.014303309626922006]
[60506, 9968, 60, 0, -1.6213235294117647, 0.014303309626922006]
[60587, 9968, 60, 0, -1.6213235294117647, 0.014303309626922006]
[60668, 9968, 60, 0, -1.6213235294117647, 0.014303309626922006]
[60748, 9968, 60, 0, -1.6213235294117647, 0.014303309626922006]
[60829, 9968, 60, 0, -1.6213235294117647, 0.014303309626922006]
[60910, 9968, 60, 0, -1.6213235294117647, 0.014303309626922006]
[60991, 9968, 61, 0, -1.681372549019608, 0.014303309626922006]
[61072, 9968, 60, 0, -1.681372549019608, 0.014303309626922006]
[61152, 9968, 60, 0, -1.681372549019608, 0.014303309626922006]
[61232, 9968, 60, 0, -1.681372549019608, 0.014303309626922006]
[61312, 9968, 60, 0, -1.6213235294117647, 0.014303309626922006]
[61393, 9968, 60, 0, -1.6213235294117647, 0.014303309626922006]
[61473, 9968, 60, 0, -1.6213235294117647, 0.014303309626922006]
[61553, 9968, 60, 0, -1.6213235294117647, 0.014303309626922006]
[61633, 9968, 60, 0, -1.6213235294117647, 0.014303309626922006]
[61713, 9968, 60, 0, -1.6213235294117647, 0.014303309626922006]
[61791, 9968, 60, 0, -1.6213235294117647, 0.014303309626922006]
[61881, 9968, 60, 0, -1.6213235294117647, 0.014303309626922006]
[61961, 9968, 60, 0, -1.5612745098039214, 0.014303309626922006]
[62036, 9968, 60, 0, -1.5612745098039214, 0.014303309626922006]
[62113, 9968, 60, 0, -1.5612745098039214, 0.014303309626922006]
[62190, 9968, 60, 0, -1.5612745098039214, 0.014303309626922006]
[62270, 9968, 60, 0, -1.5612745098039214, 0.014303309626922006]
[62350, 9968, 60, 0, -1.5612745098039214, 0.014303309626922006]
[62431, 9968, 60, 0, -1.5612745098039214, 0.014303309626922006]
[62510, 9968, 60, 0, -1.5612745098039214, 0.014303309626922006]
[62590, 9968, 60, 0, -1.5612745098039214, 0.014303309626922006]
[62672, 9968, 60, 0, -1.5612745098039214, 0.015097937939528785]
[62750, 9968, 60, 0, -1.5612745098039214, 0.015097937939528785]
[62830, 9968, 60, 0, -1.5612745098039214, 0.015097937939528785]
[62910, 9968, 60, 0, -1.5612745098039214, 0.015097937939528785]
[62990, 9968, 60, 0, -1.5012254901960784, 0.015097937939528785]
[63070, 9968, 60, 0, -1.5012254901960784, 0.015097937939528785]
[63150, 9968, 60, 0, -1.5012254901960784, 0.015097937939528785]
[63229, 9968, 60, 0, -1.5612745098039214, 0.015097937939528785]
[63309, 9968, 60, 0, -1.5612745098039214, 0.015097937939528785]
[63388, 9968, 60, 0, -1.5612745098039214, 0.015097937939528785]
[63469, 9968, 60, 0, -1.5612745098039214, 0.015097937939528785]
[63552, 9968, 60, 0, -1.5612745098039214, 0.015097937939528785]
[63628, 9968, 60, 0, -1.5612745098039214, 0.015097937939528785]
[63708, 9968, 60, 0, -1.5612745098039214, 0.015097937939528785]
[63788, 9968, 60, 0, -1.5612745098039214, 0.015097937939528785]
[63869, 9968, 60, 0, -1.5612745098039214, 0.015097937939528785]
[63948, 9968, 60, 0, -1.5612745098039214, 0.015097937939528785]
[64028, 9968, 60, 0, -1.5612745098039214, 0.015097937939528785]
[64108, 9968, 60, 0, -1.5612745098039214, 0.015097937939528785]
[64188, 9968, 60, 0, -1.5612745098039214, 0.015097937939528785]
[64269, 9968, 60, 0, -1.6213235294117647, 0.015097937939528785]
[64349, 9968, 60, 0, -1.6213235294117647, 0.015097937939528785]
[64430, 9968, 60, 0, -1.6213235294117647, 0.015097937939528785]
[64512, 9968, 60, 0, -1.6213235294117647, 0.015097937939528785]
[64593, 9968, 60, 0, -1.6213235294117647, 0.015097937939528785]
[64673, 9968, 60, 0, -1.681372549019608, 0.015097937939528785]
[64756, 9968, 60, 0, -1.681372549019608, 0.015097937939528785]
[64834, 9968, 60, 0, -1.681372549019608, 0.015097937939528785]
[64916, 9968, 61, 0, -1.681372549019608, 0.015097937939528785]
[64997, 9968, 61, 0, -1.681372549019608, 0.015097937939528785]
[65077, 9968, 61, 0, -1.681372549019608, 0.015097937939528785]
[65158, 9968, 60, 0, -1.681372549019608, 0.015097937939528785]
[65237, 9968, 60, 0, -1.681372549019608, 0.015097937939528785]
[65317, 9968, 60, 0, -1.6213235294117647, 0.015097937939528785]
[65397, 9968, 60, 0, -1.6213235294117647, 0.015097937939528785]
[65479, 9968, 60, 0, -1.6213235294117647, 0.015097937939528785]
[65558, 9968, 60, 0, -1.6213235294117647, 0.015892566252135563]
[65638, 9968, 60, 0, -1.6213235294117647, 0.015892566252135563]
[65718, 9968, 60, 0, -1.6213235294117647, 0.015892566252135563]
[65796, 9968, 60, 0, -1.6213235294117647, 0.015892566252135563]
[65880, 9968, 60, 0, -1.6213235294117647, 0.015892566252135563]
[65956, 9968, 60, 0, -1.5612745098039214, 0.015892566252135563]
[66036, 9968, 60, 0, -1.5612745098039214, 0.015892566252135563]
[66116, 9968, 60, 0, -1.5612745098039214, 0.015097937939528785]
[66195, 9968, 60, 0, -1.5612745098039214, 0.015097937939528785]
[66275, 9968, 60, 0, -1.5612745098039214, 0.015097937939528785]
[66355, 9968, 60, 0, -1.5612745098039214, 0.015097937939528785]
[66435, 9968, 60, 0, -1.5612745098039214, 0.015097937939528785]
[66515, 9968, 60, 0, -1.5612745098039214, 0.015097937939528785]
[66595, 9968, 60, 0, -1.5012254901960784, 0.015097937939528785]
[66675, 9968, 60, 0, -1.5012254901960784, 0.015097937939528785]
[66754, 9968, 60, 0, -1.5012254901960784, 0.015892566252135563]
[66834, 9968, 60, 0, -1.5012254901960784, 0.015892566252135563]
[66915, 9968, 60, 0, -1.5012254901960784, 0.015892566252135563]
[66995, 9968, 60, 0, -1.5012254901960784, 0.015892566252135563]
[67074, 9968, 60, 0, -1.5012254901960784, 0.015892566252135563]
[67155, 9968, 60, 0, -1.5012254901960784, 0.015097937939528785]
[67233, 9968, 60, 0, -1.5612745098039214, 0.015097937939528785]
[67313, 9968, 60, 0, -1.5612745098039214, 0.015097937939528785]
[67394, 9968, 60, 0, -1.5612745098039214, 0.015097937939528785]
[67474, 9968, 60, 0, -1.5612745098039214, 0.015097937939528785]
[67553, 9968, 60, 0, -1.5612745098039214, 0.015097937939528785]
[67634, 9968, 60, 0, -1.5612745098039214, 0.015097937939528785]
[67713, 9968, 60, 0, -1.5612745098039214, 0.015097937939528785]
[67792, 9968, 60, 0, -1.5612745098039214, 0.015097937939528785]
[67872, 9968, 60, 0, -1.6213235294117647, 0.015097937939528785]
[67953, 9968, 60, 0, -1.6213235294117647, 0.015097937939528785]
[68033, 9968, 60, 0, -1.6213235294117647, 0.015097937939528785]
[68113, 9968, 60, 0, -1.6213235294117647, 0.015097937939528785]
[68193, 9968, 60, 0, -1.6213235294117647, 0.015097937939528785]
[68273, 9968, 60, 0, -1.6213235294117647, 0.015097937939528785]
[68354, 9968, 60, 0, -1.6213235294117647, 0.015097937939528785]
[68435, 9968, 60, 0, -1.681372549019608, 0.015097937939528785]
[68516, 9968, 60, 0, -1.681372549019608, 0.015097937939528785]
[68597, 9968, 60, 0, -1.681372549019608, 0.015097937939528785]
[68677, 9968, 60, 0, -1.681372549019608, 0.015097937939528785]
[68758, 9968, 60, 0, -1.681372549019608, 0.015097937939528785]
[68844, 9968, 60, 0, -1.741421568627451, 0.015097937939528785]
[68920, 9968, 60, 0, -1.8014705882352942, 0.015097937939528785]
[69001, 9968, 60, 0, -1.8014705882352942, 0.015097937939528785]
[69082, 9968, 60, 0, -1.861519607843137, 0.015097937939528785]
[69161, 9968, 60, 0, -1.861519607843137, 0.015097937939528785]
[69242, 9968, 60, 0, -1.8014705882352942, 0.015097937939528785]
[69322, 9968, 60, 0, -1.741421568627451, 0.015097937939528785]
[69402, 9968, 60, 0, -1.681372549019608, 0.015097937939528785]
[69483, 9968, 60, 0, -1.681372549019608, 0.015097937939528785]
[69563, 9968, 60, 0, -1.681372549019608, 0.015097937939528785]
[69642, 9968, 60, 0, -1.681372549019608, 0.015097937939528785]
[69723, 9968, 60, 0, -1.681372549019608, 0.015097937939528785]
[69801, 9968, 60, 0, -1.681372549019608, 0.015097937939528785]
[69882, 9968, 60, 0, -1.681372549019608, 0.015097937939528785]
[69961, 9968, 60, 0, -1.681372549019608, 0.015097937939528785]
[70041, 9968, 60, 0, -1.681372549019608, 0.015097937939528785]
[70121, 9968, 60, 0, -1.681372549019608, 0.015892566252135563]
[70201, 9968, 60, 0, -1.6213235294117647, 0.015892566252135563]
[70279, 9968, 60, 0, -1.6213235294117647, 0.015892566252135563]
[70359, 9968, 60, 0, -1.6213235294117647, 0.015892566252135563]
[70440, 9968, 60, 0, -1.6213235294117647, 0.015892566252135563]
[70520, 9968, 60, 0, -1.6213235294117647, 0.015097937939528785]
[70600, 9968, 60, 0, -1.6213235294117647, 0.015097937939528785]
[70679, 9968, 60, 0, -1.6213235294117647, 0.015097937939528785]
[70759, 9968, 60, 0, -1.6213235294117647, 0.015097937939528785]
[70839, 9968, 60, 0, -1.6213235294117647, 0.015097937939528785]
[70920, 9968, 60, 0, -1.681372549019608, 0.015097937939528785]
[71000, 9968, 60, 0, -1.681372549019608, 0.015097937939528785]
[71080, 9968, 60, 0, -1.681372549019608, 0.015892566252135563]
[71159, 9968, 60, 0, -1.6213235294117647, 0.015892566252135563]
[71239, 9968, 60, 0, -1.6213235294117647, 0.015892566252135563]
[71318, 9968, 60, 0, -1.681372549019608, 0.015892566252135563]
[71398, 9968, 60, 0, -1.681372549019608, 0.015892566252135563]
[71483, 9968, 60, 0, -1.681372549019608, 0.015892566252135563]
[71559, 9968, 60, 0, -1.681372549019608, 0.015892566252135563]
[71639, 9968, 60, 0, -1.6213235294117647, 0.015892566252135563]
[71719, 9968, 60, 0, -1.6213235294117647, 0.015892566252135563]
[71798, 9968, 60, 0, -1.5612745098039214, 0.015892566252135563]
[71878, 9968, 60, 0, -1.5612745098039214, 0.015892566252135563]
[71958, 9968, 60, 0, -1.6213235294117647, 0.015892566252135563]
[72038, 9968, 60, 0, -1.6213235294117647, 0.015892566252135563]
[72118, 9968, 60, 0, -1.6213235294117647, 0.015892566252135563]
[72200, 9968, 60, 0, -1.6213235294117647, 0.015892566252135563]
[72279, 9968, 60, 0, -1.6213235294117647, 0.015892566252135563]
[72359, 9968, 60, 0, -1.6213235294117647, 0.015892566252135563]
[72441, 9968, 60, 0, -1.6213235294117647, 0.015892566252135563]
[72522, 9968, 60, 0, -1.6213235294117647, 0.015892566252135563]
[72603, 9968, 60, 0, -1.6213235294117647, 0.015892566252135563]
[72683, 9968, 60, 0, -1.6213235294117647, 0.015892566252135563]
[72764, 9968, 60, 0, -1.6213235294117647, 0.015892566252135563]
[72844, 9968, 60, 0, -1.681372549019608, 0.015892566252135563]
[72926, 9968, 60, 0, -1.681372549019608, 0.015892566252135563]
[73007, 9968, 60, 0, -1.681372549019608, 0.015892566252135563]
[73087, 9968, 60, 0, -1.681372549019608, 0.015892566252135563]
[73167, 9968, 60, 0, -1.681372549019608, 0.015892566252135563]
[73247, 9968, 60, 0, -1.681372549019608, 0.015892566252135563]
[73327, 9968, 60, 0, -1.681372549019608, 0.015892566252135563]
[73408, 9968, 60, 0, -1.6213235294117647, 0.015892566252135563]
[73488, 9968, 60, 0, -1.6213235294117647, 0.015892566252135563]
[73569, 9968, 60, 0, -1.6213235294117647, 0.015892566252135563]
[73647, 9968, 60, 0, -1.6213235294117647, 0.015892566252135563]
[73727, 9968, 60, 0, -1.6213235294117647, 0.015892566252135563]
[73807, 9968, 60, 0, -1.6213235294117647, 0.015892566252135563]
[73886, 9968, 60, 0, -1.6213235294117647, 0.015892566252135563]
[73966, 9968, 60, 0, -1.6213235294117647, 0.016687194564742342]
[74047, 9968, 60, 0, -1.6213235294117647, 0.016687194564742342]
[74125, 9968, 60, 0, -1.6213235294117647, 0.016687194564742342]
[74209, 9968, 60, 0, -1.6213235294117647, 0.016687194564742342]
[74288, 9968, 60, 0, -1.6213235294117647, 0.016687194564742342]
[74365, 9968, 60, 0, -1.6213235294117647, 0.016687194564742342]
[74445, 9968, 60, 0, -1.6213235294117647, 0.016687194564742342]
[74525, 9968, 60, 0, -1.5612745098039214, 0.016687194564742342]
[74605, 9968, 60, 0, -1.5612745098039214, 0.016687194564742342]
[74685, 9968, 60, 0, -1.5612745098039214, 0.016687194564742342]
[74765, 9968, 60, 0, -1.5612745098039214, 0.016687194564742342]
[74856, 9968, 60, 0, -1.5612745098039214, 0.016687194564742342]
[74928, 9968, 60, 0, -1.5612745098039214, 0.016687194564742342]
[75005, 9968, 60, 0, -1.5612745098039214, 0.016687194564742342]
[75085, 9968, 60, 0, -1.6213235294117647, 0.016687194564742342]
[75166, 9968, 60, 0, -1.6213235294117647, 0.016687194564742342]
[75244, 9968, 60, 0, -1.6213235294117647, 0.016687194564742342]
[75324, 9968, 60, 0, -1.6213235294117647, 0.016687194564742342]
[75404, 9968, 60, 0, -1.6213235294117647, 0.016687194564742342]
[75485, 9968, 60, 0, -1.6213235294117647, 0.016687194564742342]
[75565, 9968, 60, 0, -1.6213235294117647, 0.016687194564742342]
[75650, 9968, 60, 0, -1.6213235294117647, 0.016687194564742342]
[75723, 9968, 60, 0, -1.6213235294117647, 0.016687194564742342]
[75803, 9968, 60, 0, -1.6213235294117647, 0.016687194564742342]
[75883, 9968, 60, 0, -1.6213235294117647, 0.016687194564742342]
[75964, 9968, 60, 0, -1.681372549019608, 0.016687194564742342]
[76044, 9968, 60, 0, -1.681372549019608, 0.015892566252135563]
[76124, 9968, 60, 0, -1.681372549019608, 0.015892566252135563]
[76204, 9968, 60, 0, -1.681372549019608, 0.015892566252135563]
[76284, 9968, 60, 0, -1.681372549019608, 0.015892566252135563]
[76365, 9968, 60, 0, -1.681372549019608, 0.015892566252135563]
[76446, 9968, 60, 0, -1.681372549019608, 0.015892566252135563]
[76528, 9968, 60, 0, -1.681372549019608, 0.016687194564742342]
[76608, 9968, 60, 0, -1.681372549019608, 0.016687194564742342]
[76689, 9968, 60, 0, -1.681372549019608, 0.016687194564742342]
[76769, 9968, 60, 0, -1.681372549019608, 0.016687194564742342]
[76850, 9968, 61, 0, -1.681372549019608, 0.016687194564742342]
[76932, 9968, 61, 0, -1.681372549019608, 0.016687194564742342]
[77013, 9968, 61, 0, -1.681372549019608, 0.016687194564742342]
[77093, 9968, 60, 0, -1.681372549019608, 0.016687194564742342]
[77173, 9968, 60, 0, -1.681372549019608, 0.016687194564742342]
[77253, 9968, 60, 0, -1.681372549019608, 0.016687194564742342]
[77333, 9968, 60, 0, -1.681372549019608, 0.016687194564742342]
[77413, 9968, 60, 0, -1.6213235294117647, 0.016687194564742342]
[77494, 9968, 60, 0, -1.6213235294117647, 0.016687194564742342]
[77574, 9968, 60, 0, -1.6213235294117647, 0.016687194564742342]
[77653, 9968, 60, 0, -1.6213235294117647, 0.015892566252135563]
[77732, 9968, 60, 0, -1.6213235294117647, 0.015892566252135563]
[77812, 9968, 60, 0, -1.6213235294117647, 0.016687194564742342]
[77892, 9968, 60, 0, -1.6213235294117647, 0.015892566252135563]
[77972, 9968, 60, 0, -1.6213235294117647, 0.015892566252135563]
[78051, 9968, 60, 0, -1.6213235294117647, 0.015892566252135563]
[78132, 9968, 60, 0, -1.6213235294117647, 0.015892566252135563]
[78210, 9968, 60, 0, -1.6213235294117647, 0.015892566252135563]
[78290, 9968, 60, 0, -1.6213235294117647, 0.015892566252135563]
[78370, 9968, 60, 0, -1.5612745098039214, 0.016687194564742342]
[78450, 9968, 60, 0, -1.6213235294117647, 0.016687194564742342]
[78537, 9968, 60, 0, -1.6213235294117647, 0.016687194564742342]
[78610, 9968, 60, 0, -1.6213235294117647, 0.016687194564742342]
[78690, 9968, 60, 0, -1.5612745098039214, 0.016687194564742342]
[78769, 9968, 60, 0, -1.5612745098039214, 0.016687194564742342]
[78850, 9968, 60, 0, -1.5612745098039214, 0.016687194564742342]
[78931, 9968, 60, 0, -1.5612745098039214, 0.016687194564742342]
[79010, 9968, 60, 0, -1.6213235294117647, 0.016687194564742342]
[79090, 9968, 60, 0, -1.6213235294117647, 0.016687194564742342]
[79169, 9968, 60, 0, -1.5612745098039214, 0.016687194564742342]
[79250, 9968, 60, 0, -1.5612745098039214, 0.016687194564742342]
[79333, 9968, 60, 0, -1.5612745098039214, 0.016687194564742342]
[79409, 9968, 60, 0, -1.5612745098039214, 0.016687194564742342]
[79489, 9968, 60, 0, -1.5612745098039214, 0.016687194564742342]
[79569, 9968, 60, 0, -1.6213235294117647, 0.016687194564742342]
[79649, 9968, 60, 0, -1.6213235294117647, 0.016687194564742342]
[79733, 9968, 53, 0, -1.6213235294117647, 0.016687194564742342]
[79732, 9968, 43, 0, -1.5612745098039214, 0.016687194564742342]
[79732, 9968, 36, 0, -1.5012254901960784, 0.016687194564742342]
[79732, 9968, 30, 0, -1.5012254901960784, 0.015892566252135563]
[79731, 9968, 25, 0, -1.4411764705882353, 0.015892566252135563]
[79730, 9968, 20, 0, -1.4411764705882353, 0.015892566252135563]
[79730, 9968, 17, 0, -1.4411764705882353, 0.015892566252135563]
[79728, 9968, 0, 0, -1.4411764705882353, 0.015892566252135563]
[79728, 9968, 0, 0, -1.4411764705882353, 0.015097937939528785]
[79728, 9968, 0, 0, -1.4411764705882353, 0.015097937939528785]
[79728, 9968, 0, 0, -1.4411764705882353, 0.015097937939528785]
[79728, 9968, 0, 0, -1.4411764705882353, 0.015097937939528785]
[79728, 9968, 0, 0, -1.4411764705882353, 0.015097937939528785]
[79728, 9968, 0, 0, -1.4411764705882353, 0.015097937939528785]
[79728, 9968, 0, 0, -1.4411764705882353, 0.015097937939528785]
[79728, 9968, 0, 0, -1.4411764705882353, 0.015097937939528785]
[79728, 9968, 0, 0, -1.4411764705882353, 0.015097937939528785]
[79728, 9968, 0, 0, -1.4411764705882353, 0.015097937939528785]
[79728, 9968, 0, 0, -1.4411764705882353, 0.015097937939528785]
[79728, 9968, 0, 0, -1.4411764705882353, 0.015097937939528785]
[79728, 9968, 0, 0, -1.4411764705882353, 0.015097937939528785]
[79728, 9968, 0, 0, -1.4411764705882353, 0.015097937939528785]
[79728, 9968, 0, 0, -1.4411764705882353, 0.015097937939528785]
[79728, 9968, 0, 0, -1.4411764705882353, 0.015097937939528785]
[79728, 9968, 0, 0, -1.4411764705882353, 0.015097937939528785]
[79728, 9968, 0, 0, -1.4411764705882353, 0.015097937939528785]
[79728, 9968, 0, 0, -1.4411764705882353, 0.015097937939528785]
[79728, 9968, 0, 0, -1.4411764705882353, 0.015097937939528785]
[79728, 9968, 0, 0, -1.4411764705882353, 0.015097937939528785]
[79728, 9968, 0, 0, -1.4411764705882353, 0.015097937939528785]
[79728, 9968, 0, 0, -1.4411764705882353, 0.015097937939528785]
[79728, 9968, 0, 0, -1.4411764705882353, 0.015097937939528785]
[79728, 9968, 0, 0, -1.4411764705882353, 0.015097937939528785]
[79728, 9968, 0, 0, -1.4411764705882353, 0.015097937939528785]
[79728, 9968, 0, 0, -1.4411764705882353, 0.015097937939528785]
[79728, 9968, 0, 0, -1.4411764705882353, 0.015097937939528785]
[79728, 9968, 0, 0, -1.4411764705882353, 0.015097937939528785]
[79728, 9968, 0, 0, -1.4411764705882353, 0.015097937939528785]
[79728, 9968, 0, 0, -1.4411764705882353, 0.015097937939528785]
[79728, 9968, 0, 0, -1.4411764705882353, 0.015097937939528785]
[79728, 9968, 0, 0, -1.4411764705882353, 0.015097937939528785]
[79728, 9968, 0, 0, -1.4411764705882353, 0.015097937939528785]
[79728, 9968, 0, 0, -1.4411764705882353, 0.015097937939528785]
[79728, 9968, 0, 0, -1.4411764705882353, 0.015097937939528785]
[79728, 9968, 0, 0, -1.4411764705882353, 0.015097937939528785]
[79728, 9968, 0, 0, -1.4411764705882353, 0.015097937939528785]
[79728, 9968, 0, 0, -1.4411764705882353, 0.015097937939528785]
[79728, 9968, 0, 0, -1.4411764705882353, 0.015097937939528785]
[79728, 9968, 0, 0, -1.4411764705882353, 0.015097937939528785]
[79728, 9968, 0, 0, -1.4411764705882353, 0.015097937939528785]
[79728, 9968, 0, 0, -1.4411764705882353, 0.015097937939528785]
[79728, 9968, 0, 0, -1.4411764705882353, 0.015097937939528785]
[79728, 9968, 0, 0, -1.4411764705882353, 0.015097937939528785]
[79728, 9968, 0, 0, -1.4411764705882353, 0.015097937939528785]
[79728, 9968, 0, 0, -1.4411764705882353, 0.015097937939528785]
[79728, 9968, 0, 0, -1.4411764705882353, 0.015097937939528785]
[79728, 9968, 0, 0, -1.4411764705882353, 0.015097937939528785]
[79728, 9968, 0, 0, -1.4411764705882353, 0.015097937939528785]
[79728, 9968, 0, 0, -1.4411764705882353, 0.015097937939528785]
[79728, 9968, 0, 0, -1.4411764705882353, 0.015097937939528785]
[79728, 9968, 0, 0, -1.4411764705882353, 0.015097937939528785]
[79728, 9968, 0, 0, -1.4411764705882353, 0.015097937939528785]
[79728, 9968, 0, 0, -1.4411764705882353, 0.015097937939528785]
[79728, 9968, 0, 0, -1.4411764705882353, 0.015097937939528785]
[79728, 9968, 0, 0, -1.4411764705882353, 0.015097937939528785]
[79728, 9968, 0, 0, -1.4411764705882353, 0.015097937939528785]
[79728, 9968, 0, 0, -1.4411764705882353, 0.015097937939528785]
[79728, 9968, 0, 0, -1.4411764705882353, 0.015097937939528785]
[79728, 9968, 0, 0, -1.4411764705882353, 0.015097937939528785]
[79728, 9968, 0, 0, -1.4411764705882353, 0.015097937939528785]
[79728, 9968, 0, 0, -1.4411764705882353, 0.015097937939528785]
[79728, 9968, 0, 0, -1.4411764705882353, 0.015097937939528785]
[79728, 9968, 0, 0, -1.4411764705882353, 0.015097937939528785]
[79728, 9968, 0, 0, -1.4411764705882353, 0.015097937939528785]
[79728, 9968, 0, 0, -1.4411764705882353, 0.015097937939528785]
[79728, 9968, 0, 0, -1.4411764705882353, 0.015097937939528785]
[79728, 9968, 0, 0, -1.4411764705882353, 0.015097937939528785]
[79728, 9968, 0, 0, -1.4411764705882353, 0.015097937939528785]
[79728, 9968, 0, 0, -1.4411764705882353, 0.015097937939528785]
[79728, 9968, 0, 0, -1.4411764705882353, 0.015097937939528785]
[79728, 9968, 0, 0, -1.4411764705882353, 0.015097937939528785]
[79728, 9968, 0, 0, -1.4411764705882353, 0.015097937939528785]
[79728, 9968, 0, 0, -1.4411764705882353, 0.015097937939528785]
[79728, 9968, 0, 0, -1.4411764705882353, 0.015097937939528785]
[79728, 9968, 0, 0, -1.4411764705882353, 0.015097937939528785]
[79728, 9968, 0, 0, -1.4411764705882353, 0.015097937939528785]
[79728, 9968, 0, 0, -1.4411764705882353, 0.015097937939528785]
[79728, 9968, 0, 0, -1.4411764705882353, 0.015097937939528785]
[79728, 9968, 0, 0, -1.4411764705882353, 0.015097937939528785]
[79728, 9968, 0, 0, -1.4411764705882353, 0.015097937939528785]
[79728, 9968, 0, 0, -1.4411764705882353, 0.015097937939528785]
[79728, 9968, 0, 0, -1.4411764705882353, 0.015097937939528785]
[79728, 9968, 0, 0, -1.4411764705882353, 0.015097937939528785]
[79728, 9968, 0, 0, -1.4411764705882353, 0.015097937939528785]
[79728, 9968, 0, 0, -1.4411764705882353, 0.015097937939528785]
[79728, 9968, 0, 0, -1.4411764705882353, 0.015097937939528785]
[79728, 9968, 0, 0, -1.4411764705882353, 0.015097937939528785]
[79728, 9968, 0, 0, -1.4411764705882353, 0.015097937939528785]
[79728, 9968, 0, 0, -1.4411764705882353, 0.015097937939528785]
[79728, 9968, 0, 0, -1.4411764705882353, 0.015097937939528785]
[79728, 9968, 0, 0, -1.4411764705882353, 0.015097937939528785]
[79728, 9968, 0, 0, -1.4411764705882353, 0.015097937939528785]
[79728, 9968, 0, 0, -1.4411764705882353, 0.015097937939528785]
[79728, 9968, 0, 0, -1.4411764705882353, 0.015097937939528785]
[79728, 9968, 0, 0, -1.4411764705882353, 0.015097937939528785]
[79728, 9968, 0, 0, -1.4411764705882353, 0.015097937939528785]
[79728, 9968, 0, 0, -1.4411764705882353, 0.015097937939528785]
[79728, 9968, 0, 0, -1.4411764705882353, 0.015097937939528785]
[79728, 9968, 0, 0, -1.4411764705882353, 0.015097937939528785]
[79728, 9968, 0, 0, -1.4411764705882353, 0.015097937939528785]
[79728, 9968, 0, 0, -1.4411764705882353, 0.015097937939528785]
[79728, 9968, 0, 0, -1.4411764705882353, 0.015097937939528785]
[79728, 9968, 0, 0, -1.4411764705882353, 0.015097937939528785]
[79728, 9968, 0, 0, -1.4411764705882353, 0.015097937939528785]
[79728, 9968, 0, 0, -1.4411764705882353, 0.015097937939528785]
[79728, 9968, 0, 0, -1.4411764705882353, 0.015097937939528785]
[79728, 9968, 0, 0, -1.4411764705882353, 0.015097937939528785]
[79728, 9968, 0, 0, -1.4411764705882353, 0.015097937939528785]
[79728, 9968, 0, 0, -1.4411764705882353, 0.015097937939528785]
[79728, 9968, 0, 0, -1.4411764705882353, 0.015097937939528785]
[79728, 9968, 0, 0, -1.4411764705882353, 0.015097937939528785]
[79728, 9968, 0, 0, -1.4411764705882353, 0.015097937939528785]
[79728, 9968, 0, 0, -1.4411764705882353, 0.015097937939528785]
[79728, 9968, 0, 0, -1.4411764705882353, 0.015097937939528785]
[79728, 9968, 0, 0, -1.4411764705882353, 0.015097937939528785]
[79728, 9968, 0, 0, -1.4411764705882353, 0.015097937939528785]
[79728, 9968, 0, 0, -1.4411764705882353, 0.015097937939528785]
[79728, 9968, 0, 0, -1.4411764705882353, 0.015097937939528785]
[79728, 9968, 0, 0, -1.4411764705882353, 0.015097937939528785]
