t,ins_ref,ins_vel_ref,tws_ref,tws_vel_ref,xm,xm_dot,pm,mode_impedance,xr,dx,xc,x_ref,v_cmd,x_cmd,dF,ke_hat,be_hat,xe_hat,hysteresis_current,dfdt_abs,f_safe,tws_meas,tws_meas_vel
0.0,0.0,0.0,0.0,0.0,0.003367032390087843,0.0,0.00047138453461229805,0,0.0,0.0,0.0,0.0,-0.003367032390087843,0.0033333620661869646,4.999528615465388,100.0,0.5,0.0,0.2,0.0,5.0,-9.930622296705494e-11,0.0
0.010094642639160156,0.0,0.0,0.0,0.0,0.0033333620661869646,-0.003367032390087843,0.0004330003653652967,0,0.0,0.0,0.0,0.0,-0.0033333620661869646,0.003299712967341875,4.999566999634634,100.0,0.5,0.0,0.33000000000000007,0.0038024297262488154,5.0,-9.930622296705494e-11,0.0
0.02053356170654297,0.0,0.0,0.0,0.0,0.003299712967341875,-0.0033333620661869646,0.00042862619476599287,0,0.0,0.0,0.0,0.0,-0.003299712967341875,0.0032652675307301995,4.999571373805234,100.0,0.5,0.0,0.4470000000000001,0.00041902524304180387,5.0,-8.257630690344797e-11,1.6026483159430602e-09
0.030601024627685547,0.0,0.0,0.0,0.0,0.0032652675307301995,-0.003299712967341875,0.00042414032462880923,0,0.0,0.0,0.0,0.0,-0.0032652675307301995,0.003232394570936962,4.999575859675371,100.0,0.5,0.0,0.5523000000000001,0.0004455809941711244,5.0,-8.257630690344797e-11,0.0
0.04067111015319824,0.0,0.0,-0.10564723089554665,-5.247585361953943,0.003232394570936962,-0.0032652675307301995,0.0004198825646238728,0,0.0,0.0,0.0,0.0,-0.003232394570936962,0.0031998440811554243,4.999580117435376,100.0,0.5,0.0,0.6470700000000001,0.00042281269549790396,5.0,-8.257630690344797e-11,0.0
0.050742387771606445,0.0,0.0,-0.15313728118307823,-4.743242079373122,0.0031998440811554243,-0.003232394570936962,0.00041565422565238984,0,0.0,0.0,0.0,0.0,-0.0031998440811554243,0.0031676175630784877,4.999584345774347,100.0,0.5,0.0,0.7323630000000002,0.00041984136786721196,5.0,-8.257630690344797e-11,0.0
0.061923980712890625,0.0,0.0,-0.15313728118307823,-4.743242079373122,0.0031676175630784877,-0.0031998440811554243,0.0004114680180194341,0,0.0,0.0,0.0,0.0,-0.0031676175630784877,0.0031321985528944816,4.99958853198198,100.0,0.5,0.0,0.8091267000000002,0.0003743838337648307,5.0,-8.257630690344797e-11,0.0
0.07201051712036133,0.0,0.0,-0.5519613826838423,-19.779472215639466,0.0031321985528944816,-0.0031676175630784877,0.00040683162177444256,0,0.0,0.0,0.0,0.0,-0.0031321985528944816,0.0031006055181552845,4.999593168378226,100.0,0.5,0.0,0.8782140300000002,0.00045966187576119267,5.0,1.0743725908923807e-08,1.0733419063265995e-06
0.08228492736816406,0.0,0.0,-0.5519613826838423,-19.779472215639466,0.0031006055181552845,-0.0031321985528944816,0.0004027627870127951,0,0.0,0.0,0.0,0.0,-0.0031006055181552845,0.0030687486250451563,4.9995972372129875,100.0,0.5,0.0,0.9403926270000003,0.00039601638084459686,5.0,1.0743725908923807e-08,0.0
0.09235143661499023,0.0,0.0,-0.9009370882912979,-17.29050249169766,0.0030687486250451563,-0.0031006055181552845,0.0003986187523247691,0,0.0,0.0,0.0,0.0,-0.0030687486250451563,0.0030378570386349543,4.999601381247675,100.0,0.5,0.0,0.9963533643000003,0.0004116655124846314,5.0,1.0743725908923807e-08,0.0
0.10247802734375,0.0,0.0,-0.9009370882912979,-17.29050249169766,0.0030378570386349543,-0.0030687486250451563,0.0003946124991584421,0,0.0,0.0,0.0,0.0,-0.0030378570386349543,0.0030070939037122155,4.999605387500842,100.0,0.5,0.0,1.0467180278700003,0.0003956171700461004,5.0,1.0743725908923807e-08,0.0
0.11255240440368652,0.0,0.0,-1.467723211144769,-28.208523313305307,0.0030070939037122155,-0.0030378570386349543,0.00039061457613336065,0,0.0,0.0,0.0,0.0,-0.0030070939037122155,0.002976799305871582,4.999609385423867,100.0,0.5,0.0,1.0920462250830003,0.00039684071792193065,5.0,1.0743725908923807e-08,0.0
0.12272357940673828,0.0,0.0,-1.724017600609575,-25.497547032964764,0.002976799305871582,-0.0030070939037122155,0.00038668096378489936,0,0.0,0.0,0.0,0.0,-0.002976799305871582,0.0029465217591825993,4.999613319036215,100.0,0.5,0.0,1.1328416025747003,0.00038674119236774995,5.0,-0.02128458395600319,-2.0926387259429586
0.13279485702514648,0.0,0.0,-1.724017600609575,-25.497547032964764,0.0029465217591825993,-0.002976799305871582,0.00038274505322684815,0,0.0,0.0,0.0,0.0,-0.0029465217591825993,0.002916846520537191,4.999617254946773,100.0,0.5,0.0,1.1695574423172306,0.00039080548736509683,5.0,-0.02128458395600319,0.0
0.14290380477905273,0.0,0.0,-2.594735243656024,-43.23339402057808,0.002916846520537191,-0.0029465217591825993,0.00037889329528338075,0,0.0,0.0,0.0,0.0,-0.002916846520537191,0.002887360271454917,4.9996211067047165,100.0,0.5,0.0,1.2026016980855077,0.0003810246167291769,5.0,-0.02128458395600319,0.0
0.1531352996826172,0.0,0.0,-2.594735243656024,-43.23339402057808,0.002887360271454917,-0.002916846520537191,0.0003750619727983165,0,0.0,0.0,0.0,0.0,-0.002887360271454917,0.002857818259552771,4.9996249380272015,100.0,0.5,0.0,1.2323415282769568,0.0003744636068507923,5.0,-0.02128458395600319,0.0
0.16321873664855957,0.0,0.0,-3.358436163480575,-37.79312170021939,0.002857818259552771,-0.002887360271454917,0.0003712209536228388,0,0.0,0.0,0.0,0.0,-0.002857818259552771,0.0028290016292724517,4.999628779046377,100.0,0.5,0.0,1.2591073754492612,0.0003809236065491409,5.0,-0.02128458395600319,0.0
0.17329740524291992,0.0,0.0,-3.358436163480575,-37.79312170021939,0.0028290016292724517,-0.002857818259552771,0.0003674820455026156,0,0.0,0.0,0.0,0.0,-0.0028290016292724517,0.002800489059398109,4.999632517954497,100.0,0.5,0.0,1.2831966379043354,0.0003709724241072241,5.0,-0.14354772865772247,-12.130882522532113
0.18336105346679688,0.0,0.0,-4.167058737594058,-40.31582265999188,0.002800489059398109,-0.0028290016292724517,0.00036377845202301075,0,0.0,0.0,0.0,0.0,-0.002800489059398109,0.0027723059226495103,4.999636221547977,100.0,0.5,0.0,1.3048769741139017,0.0003680169852139426,5.0,-0.14354772865772247,0.0
0.19342613220214844,0.0,0.0,-4.533426055661941,-36.44560177504912,0.0027723059226495103,-0.002800489059398109,0.0003601179385769504,0,0.0,0.0,0.0,0.0,-0.0027723059226495103,0.0027444024452595614,4.999639882061423,100.0,0.5,0.0,1.3243892767025116,0.00036368453166725256,5.0,-0.14354772865772247,0.0
0.20350098609924316,0.0,0.0,-5.103038364686486,-56.783932742094514,0.0027444024452595614,-0.0027723059226495103,0.00035649328310984356,0,0.0,0.0,0.0,0.0,-0.0027444024452595614,0.002716752991588742,4.9996435067168905,100.0,0.5,0.0,1.3419503490322606,0.0003597725092720279,5.0,-0.14354772865772247,0.0
0.2136077880859375,0.0,0.0,-5.103038364686486,-56.783932742094514,0.002716752991588742,-0.0027444024452595614,0.00035290139436982827,0,0.0,0.0,0.0,0.0,-0.002716752991588742,0.002689295307055995,4.99964709860563,100.0,0.5,0.0,1.3577553141290348,0.0003553932039772844,5.0,-0.14354772865772247,0.0
0.2236783504486084,0.0,0.0,-5.103038364686486,-56.783932742094514,0.002689295307055995,-0.002716752991588742,0.00034933381307195195,0,0.0,0.0,0.0,0.0,-0.002689295307055995,0.0026622125909546495,4.999650666186928,100.0,0.5,0.0,1.3719797827161315,0.0003542583988259152,5.0,-0.4842388927936554,-33.830401110348255
0.2337479591369629,0.0,0.0,-5.103038364686486,-56.783932742094514,0.0026622125909546495,-0.002689295307055995,0.000345816809663091,0,0.0,0.0,0.0,0.0,-0.0026622125909546495,0.002635405151918526,4.999654183190337,100.0,0.5,0.0,1.3847818044445184,0.00034926912432340745,5.0,-0.4842388927936554,0.0
0.24382305145263672,0.0,0.0,-6.283185307179586,-29.16248882956715,0.002635405151918526,-0.0026622125909546495,0.0003423345953590472,0,0.0,0.0,0.0,0.0,-0.002635405151918526,0.0026088532017237444,4.999657665404641,100.0,0.5,0.0,1.3963036240000668,0.0003456260444012546,5.0,-0.4842388927936554,0.0
0.25390052795410156,0.0,0.0,-6.283185307179586,-29.16248882956715,0.0026088532017237444,-0.002635405151918526,0.000338885396722139,0,0.0,0.0,0.0,0.0,-0.0026088532017237444,0.002582562544887602,4.999661114603278,100.0,0.5,0.0,1.4066732616000603,0.00034226809027109204,5.0,-0.4842388927936554,0.0
0.26416468620300293,0.0,0.0,-6.283185307179586,-29.16248882956715,0.002582562544887602,-0.0026088532017237444,0.00033547022426702686,0,0.0,0.0,0.0,0.0,-0.002582562544887602,0.0025560547142391902,4.999664529775733,100.0,0.5,0.0,1.4160059354400545,0.0003327279619327467,5.0,-0.8097208142280579,-31.71053227567304
0.27423715591430664,0.0,0.0,-6.283185307179586,0.0,0.0025560547142391902,-0.002582562544887602,0.0003320220345446107,0,0.0,0.0,0.0,0.0,-0.0025560547142391902,0.0025303089305495807,4.999667977965456,100.0,0.5,0.0,1.424405341896049,0.0003423380582168937,5.0,-0.8097208142280579,0.0
0.2842717170715332,0.0,0.0,-6.283185307179586,0.0,0.0025303089305495807,-0.0025560547142391902,0.00032868270313454945,0,0.0,0.0,0.0,0.0,-0.0025303089305495807,0.0025049183908393046,4.999671317296865,100.0,0.5,0.0,1.4319648077064442,0.000332783004432271,5.0,-0.8097208142280579,0.0
0.29434752464294434,0.0,0.0,-6.283185307179586,0.0,0.0025049183908393046,-0.0025303089305495807,0.0003253854854120069,0,0.0,0.0,0.0,0.0,-0.0025049183908393046,0.002479679315151119,4.999674614514588,100.0,0.5,0.0,1.4387683269357998,0.0003272410374229463,5.0,-0.8097208142280579,0.0
0.30442214012145996,0.0,0.0,-6.283185307179586,0.0,0.002479679315151119,-0.0025049183908393046,0.0003221059202127637,0,0.0,0.0,0.0,0.0,-0.002479679315151119,0.0024546974995409425,4.999677894079787,100.0,0.5,0.0,1.4448914942422197,0.00032552758030685925,5.0,-1.0899639129638672,-27.816753833775085
0.31449365615844727,0.0,0.0,-6.283185307179586,0.0,0.0024546974995409425,-0.002479679315151119,0.0003188608567842208,0,0.0,0.0,0.0,0.0,-0.0024546974995409425,0.0024299749743083633,4.999681139143216,100.0,0.5,0.0,1.4504023448179977,0.0003222020812582232,5.0,-1.0899639129638672,0.0
0.32455945014953613,0.0,0.0,-6.283185307179586,0.0,0.0024299749743083633,-0.0024546974995409425,0.00031564952140776146,0,0.0,0.0,0.0,0.0,-0.0024299749743083633,0.0024055153468134738,4.999684350478592,100.0,0.5,0.0,1.455362110336198,0.0003190344824563556,5.0,-1.0899639129638672,0.0
0.33463215827941895,0.0,0.0,-6.283185307179586,0.0,0.0024055153468134738,-0.0024299749743083633,0.00031247239881080274,0,0.0,0.0,0.0,0.0,-0.0024055153468134738,0.002381285292823068,4.999687527601189,100.0,0.5,0.0,1.4598258993025781,0.0003154189078042595,5.0,-1.0899639129638672,0.0
0.34473752975463867,0.0,0.0,-6.283185307179586,0.0,0.002381285292823068,-0.0024055153468134738,0.0003093247875270948,0,0.0,0.0,0.0,0.0,-0.002381285292823068,0.0023572215203506133,4.999690675212473,100.0,0.5,0.0,1.4638433093723204,0.00031147902790377264,5.0,-1.0899639129638672,0.0
0.3549082279205322,0.0,0.0,-6.283185307179586,0.0,0.0023572215203506133,-0.002381285292823068,0.00030619815992085524,0,0.0,0.0,0.0,0.0,-0.0023572215203506133,0.0023332469317569786,4.999693801840079,100.0,0.5,0.0,1.4674589784350887,0.00030741523887950836,5.0,-1.3312559127807617,-23.724231697883212
0.3649749755859375,0.0,0.0,-6.283185307179586,0.0,0.0023332469317569786,-0.0023572215203506133,0.0003030823552424709,0,0.0,0.0,0.0,0.0,-0.0023332469317569786,0.0023097587236539,4.999696917644758,100.0,0.5,0.0,1.47071308059158,0.00030951453060574076,5.0,-1.3312559127807617,0.0
0.3751790523529053,0.0,0.0,-6.283185307179586,0.0,0.0023097587236539,-0.0023332469317569786,0.00030003375199397626,0,0.0,0.0,0.0,0.0,-0.0023097587236539,0.002286189768324562,4.999699966248006,100.0,0.5,0.0,1.4736417725324222,0.000298763260813898,5.0,-1.3312559127807617,0.0
0.3852500915527344,0.0,0.0,-6.283185307179586,0.0,0.002286189768324562,-0.0023097587236539,0.0002969689803288997,0,0.0,0.0,0.0,0.0,-0.002286189768324562,0.002263165461549517,4.9997030310196715,100.0,0.5,0.0,1.4762775952791802,0.000304315334720231,5.0,-1.3312559127807617,0.0
0.39540767669677734,0.0,0.0,-6.283185307179586,0.0,0.002263165461549517,-0.002286189768324562,0.0002939812669336868,0,0.0,0.0,0.0,0.0,-0.002263165461549517,0.0022401771656787705,4.999706018733066,100.0,0.5,0.0,1.4786498357512623,0.0002941361901322646,5.0,-1.3312559127807617,0.0
0.4054725170135498,0.0,0.0,-6.283185307179586,0.0,0.0022401771656787705,-0.002263165461549517,0.0002909931485795327,0,0.0,0.0,0.0,0.0,-0.0022401771656787705,0.0022176301402249336,4.99970900685142,100.0,0.5,0.0,1.4807848521761362,0.0002968868119223495,5.0,-1.539010763168335,-20.64164396541514
0.4156465530395508,0.0,0.0,-6.283185307179586,0.0,0.0022176301402249336,-0.0022401771656787705,0.00028806644797470303,0,0.0,0.0,0.0,0.0,-0.0022176301402249336,0.0021950678912859393,4.9997119335520255,100.0,0.5,0.0,1.4827063669585225,0.00028766367618024354,5.0,-1.539010763168335,0.0
0.42571473121643066,0.0,0.0,-6.283185307179586,0.0,0.0021950678912859393,-0.0022176301402249336,0.0002851332033777822,0,0.0,0.0,0.0,0.0,-0.0021950678912859393,0.0021729675566461246,4.999714866796622,100.0,0.5,0.0,1.4844357302626703,0.0002913381691691362,5.0,-1.539010763168335,0.0
0.4357879161834717,0.0,0.0,-6.283185307179586,0.0,0.0021729675566461246,-0.0021950678912859393,0.0002822647790175981,0,0.0,0.0,0.0,0.0,-0.0021729675566461246,0.002151078852520649,4.999717735220982,100.0,0.5,0.0,1.4859921572364034,0.00028475843236964673,5.0,-1.539010763168335,0.0
0.4460031986236572,0.0,0.0,-6.283185307179586,0.0,0.002151078852520649,-0.0021729675566461246,0.00027942136378642966,0,0.0,0.0,0.0,0.0,-0.002151078852520649,0.00212910497449104,4.9997205786362136,100.0,0.5,0.0,1.4873929415127631,0.00027834915459437837,5.0,-1.7178897857666016,-17.510922839938384
0.45607471466064453,0.0,0.0,-6.283185307179586,0.0,0.00212910497449104,-0.002151078852520649,0.00027656390790353915,0,0.0,0.0,0.0,0.0,-0.00212910497449104,0.0021076616595960243,4.999723436092096,100.0,0.5,0.0,1.4886536473614869,0.0002837165598899509,5.0,-1.7178897857666016,0.0
0.4661440849304199,0.0,0.0,-6.283185307179586,0.0,0.0021076616595960243,-0.00212910497449104,0.00027378158259853307,0,0.0,0.0,0.0,0.0,-0.0021076616595960243,0.0020864388339421423,4.999726218417401,100.0,0.5,0.0,1.4897882826253381,0.0002763157208904725,5.0,-1.7178897857666016,0.0
0.47621846199035645,0.0,0.0,-6.283185307179586,0.0,0.0020864388339421423,-0.0021076616595960243,0.0002710248201559397,0,0.0,0.0,0.0,0.0,-0.0020864388339421423,0.002065419262416515,4.999728975179844,100.0,0.5,0.0,1.4908094543628043,0.00027364098307937687,5.0,-1.7178897857666016,0.0
0.4863009452819824,0.0,0.0,-6.283185307179586,0.0,0.002065419262416515,-0.0020864388339421423,0.0002682943083988907,0,0.0,0.0,0.0,0.0,-0.002065419262416515,0.0020445947072129976,4.999731705691601,100.0,0.5,0.0,1.4917285089265238,0.00027081738477234443,5.0,-1.7178897857666016,0.0
0.4964449405670166,0.0,0.0,-6.283185307179586,0.0,0.0020445947072129976,-0.002065419262416515,0.00026558906638565456,0,0.0,0.0,0.0,0.0,-0.0020445947072129976,0.0020238543481432233,4.999734410933614,100.0,0.5,0.0,1.4925556580338712,0.0002666840763645951,5.0,-1.8719063997268677,-15.183032881284227
0.5065138339996338,0.0,0.0,-6.283185307179586,0.0,0.0020238543481432233,-0.0020445947072129976,0.0002628936616679213,0,0.0,0.0,0.0,0.0,-0.0020238543481432233,0.0020034763743886305,4.9997371063383325,100.0,0.5,0.0,1.4933000922304842,0.0002676962206196139,5.0,-1.8719063997268677,0.0
0.5165865421295166,0.0,0.0,-6.283185307179586,0.0,0.0020034763743886305,-0.0020238543481432233,0.00026024814893297607,0,0.0,0.0,0.0,0.0,-0.0020034763743886305,0.0019832959416242976,4.999739751851067,100.0,0.5,0.0,1.493970083007436,0.0002626416551370882,5.0,-1.8719063997268677,0.0
0.5266616344451904,0.0,0.0,-6.283185307179586,0.0,0.0019832959416242976,-0.0020034763743886305,0.0002576266680835154,0,0.0,0.0,0.0,0.0,-0.0019832959416242976,0.0019633140519231315,4.999742373331917,100.0,0.5,0.0,1.4945730747066923,0.0002601942262486714,5.0,-1.8719063997268677,0.0
0.5367136001586914,0.0,0.0,-6.283185307179586,0.0,0.0019633140519231315,-0.0019832959416242976,0.00025503100785299545,0,0.0,0.0,0.0,0.0,-0.0019633140519231315,0.0019435788863883655,4.999744968992147,100.0,0.5,0.0,1.4951157672360234,0.0002582241428692546,5.0,-2.0045158863067627,-13.192393444178268
0.546924352645874,0.0,0.0,-6.283185307179586,0.0,0.0019435788863883655,-0.0019633140519231315,0.0002524679035751399,0,0.0,0.0,0.0,0.0,-0.0019435788863883655,0.0019237334834401399,4.999747532096425,100.0,0.5,0.0,1.495604190512421,0.0002510201163991586,5.0,-2.0045158863067627,0.0
0.5569922924041748,0.0,0.0,-6.283185307179586,0.0,0.0019237334834401399,-0.0019435788863883655,0.00024988689881773595,0,0.0,0.0,0.0,0.0,-0.0019237334834401399,0.0019043654506178385,4.999750113101182,100.0,0.5,0.0,1.4960437714611792,0.00025635878038264445,5.0,-2.0045158863067627,0.0
0.5670590400695801,0.0,0.0,-6.283185307179586,0.0,0.0019043654506178385,-0.0019237334834401399,0.00024737382825209604,0,0.0,0.0,0.0,0.0,-0.0019043654506178385,0.001885194684163753,4.999752626171748,100.0,0.5,0.0,1.4964393943150611,0.0002496407627536119,5.0,-2.0045158863067627,0.0
0.5771300792694092,0.0,0.0,-6.283185307179586,0.0,0.001885194684163753,-0.0019043654506178385,0.0002448836012767471,0,0.0,0.0,0.0,0.0,-0.001885194684163753,0.0018662088146002304,4.999755116398723,100.0,0.5,0.0,1.496795454883555,0.0002472661386712915,5.0,-2.0045158863067627,0.0
0.587172269821167,0.0,0.0,-6.283185307179586,0.0,0.0018662088146002304,-0.001885194684163753,0.00024241728720239474,0,0.0,0.0,0.0,0.0,-0.0018662088146002304,0.0018474679900746449,4.999757582712798,100.0,0.5,0.0,1.4971159093951996,0.00024559522761900094,5.0,-2.118694305419922,-11.369871794871795
0.5972397327423096,0.0,0.0,-6.283185307179586,0.0,0.0018474679900746449,-0.0018662088146002304,0.000239983430464448,0,0.0,0.0,0.0,0.0,-0.0018474679900746449,0.0018288686745865706,4.999760016569535,100.0,0.5,0.0,1.4974043184556796,0.00024175472579446178,5.0,-2.118694305419922,0.0
0.6073102951049805,0.0,0.0,-6.283185307179586,0.0,0.0018288686745865706,-0.0018474679900746449,0.00023756693454137344,0,0.0,0.0,0.0,0.0,-0.0018288686745865706,0.0018104509385460112,4.999762433065459,100.0,0.5,0.0,1.4976638866101117,0.00023995640323244715,5.0,-2.118694305419922,0.0
0.6173832416534424,0.0,0.0,-6.283185307179586,0.0,0.0018104509385460112,-0.0018288686745865706,0.00023517444465057588,0,0.0,0.0,0.0,0.0,-0.0018104509385460112,0.0017922143630134245,4.999764825555349,100.0,0.5,0.0,1.4978974979491007,0.00023751638900167558,5.0,-2.118694305419922,0.0
0.6274502277374268,0.0,0.0,-6.283185307179586,0.0,0.0017922143630134245,-0.0018104509385460112,0.00023280550143641931,0,0.0,0.0,0.0,0.0,-0.0017922143630134245,0.0017741721659614515,4.999767194498563,100.0,0.5,0.0,1.4981077481541907,0.00023531801816288652,5.0,-2.2170026302337646,-9.765417771883289
0.6375205516815186,0.0,0.0,-6.283185307179586,0.0,0.0017741721659614515,-0.0017922143630134245,0.000230461959604469,0,0.0,0.0,0.0,0.0,-0.0017741721659614515,0.0017563056775176287,4.999769538040396,100.0,0.5,0.0,1.4982969733387717,0.00023271762109750832,5.0,-2.2170026302337646,0.0
0.6475858688354492,0.0,0.0,-6.283185307179586,0.0,0.0017563056775176287,-0.0017741721659614515,0.0002281410731928535,0,0.0,0.0,0.0,0.0,-0.0017563056775176287,0.0017386279038541647,4.999771858926807,100.0,0.5,0.0,1.4984672760048947,0.00023058254162504395,5.0,-2.2170026302337646,0.0
0.6576535701751709,0.0,0.0,-6.283185307179586,0.0,0.0017386279038541647,-0.0017563056775176287,0.0002258448497644068,0,0.0,0.0,0.0,0.0,-0.0017386279038541647,0.0017211239173772544,4.999774155150235,100.0,0.5,0.0,1.4986205484044053,0.00022807822272071844,5.0,-2.2170026302337646,0.0
0.6677305698394775,0.0,0.0,-6.283185307179586,0.0,0.0017211239173772544,-0.0017386279038541647,0.000223571069394274,0,0.0,0.0,0.0,0.0,-0.0017211239173772544,0.0017037801522396137,4.9997764289306055,100.0,0.5,0.0,1.4987584935639648,0.0002256406118764351,5.0,-2.2170026302337646,0.0
0.6777997016906738,0.0,0.0,-6.283185307179586,0.0,0.0017037801522396137,-0.0017211239173772544,0.00022131798213977338,0,0.0,0.0,0.0,0.0,-0.0017037801522396137,0.0016866245652412618,4.99977868201786,100.0,0.5,0.0,1.4988826442075682,0.00022376181857554532,5.0,-2.3016469478607178,-8.406317334785594
0.6878674030303955,0.0,0.0,-6.283185307179586,0.0,0.0016866245652412618,-0.0017037801522396137,0.00021908963761138055,0,0.0,0.0,0.0,0.0,-0.0016866245652412618,0.001669644132846175,4.9997809103623885,100.0,0.5,0.0,1.4989943797868115,0.00022133597861122387,5.0,-2.3016469478607178,0.0
0.6979410648345947,0.0,0.0,-6.283185307179586,0.0,0.001669644132846175,-0.0016866245652412618,0.0002168839329460519,0,0.0,0.0,0.0,0.0,-0.001669644132846175,0.0016528247025185169,4.999783116067054,100.0,0.5,0.0,1.4990949418081305,0.0002189575854541008,5.0,-2.3016469478607178,0.0
0.7080078125,0.0,0.0,-6.283185307179586,0.0,0.0016528247025185169,-0.001669644132846175,0.00021469901702413064,0,0.0,0.0,0.0,0.0,-0.0016528247025185169,0.0016361861333031144,4.999785300982976,100.0,0.5,0.0,1.4991854476273176,0.00021704288162797516,5.0,-2.3016469478607178,0.0
0.7180769443511963,0.0,0.0,-6.283185307179586,0.0,0.0016361861333031144,-0.0016528247025185169,0.00021253781163725087,0,0.0,0.0,0.0,0.0,-0.0016361861333031144,0.0016197111593937864,4.999787462188363,100.0,0.5,0.0,1.4992669028645857,0.00021463671534135284,5.0,-2.3745272159576416,-7.237989250112471
0.7281439304351807,0.0,0.0,-6.283185307179586,0.0,0.0016197111593937864,-0.0016361861333031144,0.00021039770098209894,0,0.0,0.0,0.0,0.0,-0.0016197111593937864,0.001603405549692095,4.999789602299018,100.0,0.5,0.0,1.4993402125781272,0.00021258702826227628,5.0,-2.3745272159576416,0.0
0.7382090091705322,0.0,0.0,-6.283185307179586,0.0,0.001603405549692095,-0.0016197111593937864,0.00020827966536295548,0,0.0,0.0,0.0,0.0,-0.001603405549692095,0.0015872671465897445,4.999791720334637,100.0,0.5,0.0,1.4994061913203147,0.00021043408351136827,5.0,-2.3745272159576416,0.0
0.7482748031616211,0.0,0.0,-6.283185307179586,0.0,0.0015872671465897445,-0.001603405549692095,0.0002061833450256433,0,0.0,0.0,0.0,0.0,-0.0015872671465897445,0.0015712900424833488,4.999793816654974,100.0,0.5,0.0,1.4994655721882832,0.0002082617962545244,5.0,-2.3745272159576416,0.0
0.7583518028259277,0.0,0.0,-6.283185307179586,0.0,0.0015712900424833488,-0.0015872671465897445,0.0002041079344817714,0,0.0,0.0,0.0,0.0,-0.0015712900424833488,0.0015554561532527156,4.999795892065518,100.0,0.5,0.0,1.4995190149694548,0.00020595520621312954,5.0,-2.3745272159576416,0.0
0.7684249877929688,0.0,0.0,-6.283185307179586,0.0,0.0015554561532527156,-0.0015712900424833488,0.0002020509610305467,0,0.0,0.0,0.0,0.0,-0.0015554561532527156,0.001539787755712879,4.999797949038969,100.0,0.5,0.0,1.4995671134725095,0.00020420288696723166,5.0,-2.4372775554656982,-6.229443786982248
0.7784919738769531,0.0,0.0,-6.283185307179586,0.0,0.001539787755712879,-0.0015554561532527156,0.0002000157242672759,0,0.0,0.0,0.0,0.0,-0.001539787755712879,0.0015242867338038277,4.999799984275732,100.0,0.5,0.0,1.4996104021252585,0.0002021694225353776,5.0,-2.4372775554656982,0.0
0.7885580062866211,0.0,0.0,-6.283185307179586,0.0,0.0015242867338038277,-0.001539787755712879,0.0001980022651754071,0,0.0,0.0,0.0,0.0,-0.0015242867338038277,0.0015089432141397316,4.999801997734824,100.0,0.5,0.0,1.499649361912733,0.0002000250952833183,5.0,-2.4372775554656982,0.0
0.7986786365509033,0.0,0.0,-6.283185307179586,0.0,0.0015089432141397316,-0.0015242867338038277,0.00019600918264152416,0,0.0,0.0,0.0,0.0,-0.0015089432141397316,0.0014936717577796257,4.999803990817359,100.0,0.5,0.0,1.4996844257214597,0.00019693264963121203,5.0,-2.4372775554656982,0.0
0.8087518215179443,0.0,0.0,-6.283185307179586,0.0,0.0014936717577796257,-0.0015089432141397316,0.0001940246139477503,0,0.0,0.0,0.0,0.0,-0.0014936717577796257,0.0014786257258834663,4.999805975386052,100.0,0.5,0.0,1.4997159831493136,0.0001970150156348044,5.0,-2.4913058280944824,-5.363573964497041
0.8189504146575928,0.0,0.0,-6.283185307179586,0.0,0.0014786257258834663,-0.0014936717577796257,0.00019207088404588903,0,0.0,0.0,0.0,0.0,-0.0014786257258834663,0.0014635458236993634,4.9998079291159545,100.0,0.5,0.0,1.4997443848343823,0.0001915685698124258,5.0,-2.4913058280944824,0.0
0.8290188312530518,0.0,0.0,-6.283185307179586,0.0,0.0014635458236993634,-0.0014786257258834663,0.00019011015805907625,0,0.0,0.0,0.0,0.0,-0.0014635458236993634,0.0014488102346398141,4.9998098898419405,100.0,0.5,0.0,1.499769946350944,0.00019474025217600756,5.0,-2.4913058280944824,0.0
0.8390872478485107,0.0,0.0,-6.283185307179586,0.0,0.0014488102346398141,-0.0014635458236993634,0.00018819797461258037,0,0.0,0.0,0.0,0.0,-0.0014488102346398141,0.0014342230096296958,4.999811802025388,100.0,0.5,0.0,1.4997929517158495,0.00018991898362234153,5.0,-2.4913058280944824,0.0
0.8491878509521484,0.0,0.0,-6.283185307179586,0.0,0.0014342230096296958,-0.0014488102346398141,0.0001863031190017593,0,0.0,0.0,0.0,0.0,-0.0014342230096296958,0.0014197364922473215,4.999813696880998,100.0,0.5,0.0,1.4998136565442648,0.0001875982643193506,5.0,-2.537824869155884,-4.605570636138322
0.8592610359191895,0.0,0.0,-6.283185307179586,0.0,0.0014197364922473215,-0.0014342230096296958,0.00018442087881832809,0,0.0,0.0,0.0,0.0,-0.0014197364922473215,0.0014054352239564563,4.999815579121182,100.0,0.5,0.0,1.4998322908898385,0.00018685650959352008,5.0,-2.537824869155884,0.0
0.8693346977233887,0.0,0.0,-6.283185307179586,0.0,0.0014054352239564563,-0.0014197364922473215,0.00018256356643143068,0,0.0,0.0,0.0,0.0,-0.0014054352239564563,0.00139127734482261,4.999817436433569,100.0,0.5,0.0,1.4998490618008549,0.00018437311307425264,5.0,-2.537824869155884,0.0
0.879401445388794,0.0,0.0,-6.283185307179586,0.0,0.00139127734482261,-0.0014054352239564563,0.00018072447603560086,0,0.0,0.0,0.0,0.0,-0.00139127734482261,0.0013772717068596856,4.999819275523964,100.0,0.5,0.0,1.4998641556207692,0.00018268962896029708,5.0,-2.537824869155884,0.0
0.8895237445831299,0.0,0.0,-6.283185307179586,0.0,0.0013772717068596856,-0.00139127734482261,0.0001789052655121299,0,0.0,0.0,0.0,0.0,-0.0013772717068596856,0.001363330550570958,4.999821094734488,100.0,0.5,0.0,1.4998777400586922,0.00017972305387781103,5.0,-2.577878713607788,-3.956990766911626
0.8995943069458008,0.0,0.0,-6.283185307179586,0.0,0.001363330550570958,-0.0013772717068596856,0.0001770935600113373,0,0.0,0.0,0.0,0.0,-0.001363330550570958,0.0013496010452404988,4.999822906439989,100.0,0.5,0.0,1.499889966052823,0.00017990112523488791,5.0,-2.577878713607788,0.0
0.909661054611206,0.0,0.0,-6.283185307179586,0.0,0.0013496010452404988,-0.001363330550570958,0.00017531084082796026,0,0.0,0.0,0.0,0.0,-0.0013496010452404988,0.0013360149520690956,4.999824689159172,100.0,0.5,0.0,1.4999009694475407,0.000177089884700637,5.0,-2.577878713607788,0.0
0.9197268486022949,0.0,0.0,-6.283185307179586,0.0,0.0013360149520690956,-0.0013496010452404988,0.0001735460828372684,0,0.0,0.0,0.0,0.0,-0.0013360149520690956,0.0013225669007925537,4.999826453917163,100.0,0.5,0.0,1.4999108725027868,0.00017532228379143984,5.0,-2.577878713607788,0.0
0.9298362731933594,0.0,0.0,-6.283185307179586,0.0,0.0013225669007925537,-0.0013360149520690956,0.00017179921659026657,0,0.0,0.0,0.0,0.0,-0.0013225669007925537,0.0013091965104423536,4.999828200783409,100.0,0.5,0.0,1.4999197852525081,0.00017279581357636006,5.0,-2.577878713607788,0.0
0.9399116039276123,0.0,0.0,-6.283185307179586,0.0,0.0013091965104423536,-0.0013225669007925537,0.000170061842454004,0,0.0,0.0,0.0,0.0,-0.0013091965104423536,0.001296005922603517,4.999829938157546,100.0,0.5,0.0,1.4999278067272575,0.00017243842232950813,5.0,-2.6123650074005127,-3.422844837786034
0.9500279426574707,0.0,0.0,-6.283185307179586,0.0,0.001296005922603517,-0.0013091965104423536,0.00016834886406006888,0,0.0,0.0,0.0,0.0,-0.001296005922603517,0.0012828950876945572,4.99983165113594,100.0,0.5,0.0,1.4999350260545317,0.00016932790011066457,5.0,-2.6123650074005127,0.0
0.9600937366485596,0.0,0.0,-6.283185307179586,0.0,0.0012828950876945572,-0.001296005922603517,0.00016664525305120286,0,0.0,0.0,0.0,0.0,-0.0012828950876945572,0.0012699817300296438,4.999833354746949,100.0,0.5,0.0,1.4999415234490785,0.0001692475536827201,5.0,-2.6123650074005127,0.0
0.9701604843139648,0.0,0.0,-6.283185307179586,0.0,0.0012699817300296438,-0.0012828950876945572,0.0001649684913272046,0,0.0,0.0,0.0,0.0,-0.0012699817300296438,0.0012571971444137605,4.999835031508673,100.0,0.5,0.0,1.4999473711041706,0.00016656439395620437,5.0,-2.6123650074005127,0.0
0.9802742004394531,0.0,0.0,-6.283185307179586,0.0,0.0012571971444137605,-0.0012699817300296438,0.00016330778291763005,0,0.0,0.0,0.0,0.0,-0.0012571971444137605,0.0012444822093813852,4.999836692217082,100.0,0.5,0.0,1.4999526339937534,0.0001642035814500751,5.0,-2.6123650074005127,0.0
0.9903557300567627,0.0,0.0,-6.283185307179586,0.0,0.0012444822093813852,-0.0012571971444137605,0.00016165553786925635,0,0.0,0.0,0.0,0.0,-0.0012444822093813852,0.001231935925129292,4.99983834446213,100.0,0.5,0.0,1.499957370594378,0.00016388832955833044,5.0,-2.6420576572418213,-2.945252453588743
1.0003995895385742,0.0,0.0,-6.283185307179586,0.0,0.001231935925129292,-0.0012444822093813852,0.00016002620742428702,0,0.0,0.0,0.0,0.0,-0.001231935925129292,0.0012195625338066978,4.999839973792576,100.0,0.5,0.0,1.4999616335349404,0.00016222154918832656,5.0,-2.6420576572418213,0.0
1.010495662689209,0.0,0.0,-6.283185307179586,0.0,0.0012195625338066978,-0.001231935925129292,0.0001584193954816448,0,0.0,0.0,0.0,0.0,-0.0012195625338066978,0.001207249741253612,4.999841580604518,100.0,0.5,0.0,1.4999654701814462,0.00015915216923137983,5.0,-2.6420576572418213,0.0
1.0205645561218262,0.0,0.0,-6.283185307179586,0.0,0.001207249741253612,-0.0012195625338066978,0.0001568193384374387,0,0.0,0.0,0.0,0.0,-0.001207249741253612,0.0011950940722623747,4.999843180661562,100.0,0.5,0.0,1.4999689231633018,0.0001589109125957047,5.0,-2.6420576572418213,0.0
1.0306341648101807,0.0,0.0,-6.283185307179586,0.0,0.0011950940722623747,-0.001207249741253612,0.00015524067270419637,0,0.0,0.0,0.0,0.0,-0.0011950940722623747,0.0011830599426089206,4.999844759327296,100.0,0.5,0.0,1.4999720308469717,0.00015677528115547022,5.0,-2.667623281478882,-2.538889546584586
1.0406999588012695,-0.148451685409034,-3.69074898295172,-6.283185307179586,0.0,0.0011830599426089206,-0.0011950940722623747,0.00015367745124262515,0,-0.148451685409034,0.0,-0.148451685409034,-0.148451685409034,-3.840383728303363,-0.03747345151322253,4.999846322548757,100.0,0.5,0.0,1.4999748277622746,0.00015530036308662018,5.0,-2.667623281478882,0.0
1.050771951675415,-0.148451685409034,-3.69074898295172,-6.283185307179586,0.0,-0.03747345151322253,-3.840383728303363,0.0,0,-0.148451685409034,0.0,-0.148451685409034,-0.148451685409034,-3.8017272168475316,-0.0757644209507559,5.0,100.0,0.5,0.0,1.4999773449860472,0.015257899123132858,5.0,-2.667623281478882,0.0
1.0608370304107666,-0.2800334904905202,-6.533069254122397,-6.056215625595297,11.2691009783457,-0.0757644209507559,-3.8017272168475316,0.0,0,-0.2800334904905202,0.0,-0.2800334904905202,-0.2800334904905202,-6.737338323662161,-0.14357626164511705,5.0,100.0,0.5,0.0,1.4999796104874425,0.0,5.0,-2.667623281478882,0.0
1.0709099769592285,-0.2800334904905202,-6.533069254122397,-6.056215625595297,11.2691009783457,-0.14357626164511705,-6.737338323662161,0.0,0,-0.2800334904905202,0.0,-0.2800334904905202,-0.2800334904905202,-6.6695264829678,-0.21075804541160287,5.0,100.0,0.5,0.0,1.4999816494386984,0.0,5.0,-2.667623281478882,0.0
1.0809803009033203,-0.3949257324180685,-5.712746163616232,-4.4424847270545955,80.23896866387912,-0.21075804541160287,-6.6695264829678,0.0,0,-0.3949257324180685,0.0,-0.3949257324180685,-0.3949257324180685,-5.896913850622697,-0.2701418781577752,5.0,100.0,0.5,0.0,1.4999834844948285,0.0,5.0,-2.689635753631592,-2.18587527818552
1.0910465717315674,-0.3949257324180685,-5.712746163616232,-4.4424847270545955,80.23896866387912,-0.2701418781577752,-5.896913850622697,0.0,0,-0.3949257324180685,0.0,-0.3949257324180685,-0.3949257324180685,-5.837530017876525,-0.3289040362857423,5.0,100.0,0.5,0.0,1.4999851360453458,0.0,5.0,-2.689635753631592,0.0
1.1011123657226562,-0.573371057224321,-8.874667278696691,-2.767070357156513,83.3238141875475,-0.3289040362857423,-5.837530017876525,0.0,0,-0.573371057224321,0.0,-0.573371057224321,-0.573371057224321,-9.11913429963527,-0.42069536352294334,5.0,100.0,0.5,0.0,1.4999866224408112,0.0,5.0,-2.689635753631592,0.0
1.1111843585968018,-0.573371057224321,-8.874667278696691,-2.767070357156513,83.3238141875475,-0.42069536352294334,-9.11913429963527,0.0,0,-0.573371057224321,0.0,-0.573371057224321,-0.573371057224321,-9.027342972398069,-0.5116186976134042,5.0,100.0,0.5,0.0,1.49998796019673,0.0,5.0,-2.689635753631592,0.0
1.1212794780731201,-0.573371057224321,-8.874667278696691,-2.767070357156513,83.3238141875475,-0.5116186976134042,-9.027342972398069,0.0,0,-0.573371057224321,0.0,-0.573371057224321,-0.573371057224321,-8.936419638307608,-0.6018329215526372,5.0,100.0,0.5,0.0,1.499989164177057,0.0,5.0,-2.7085893154144287,-1.8774975201927164
1.1313328742980957,-0.96125286508828,-12.847519313999216,-0.22187261287290605,84.30268322637988,-0.6018329215526372,-8.936419638307608,0.0,0,-0.96125286508828,0.0,-0.96125286508828,-0.96125286508828,-13.20693925753486,-0.73460751482782,5.0,100.0,0.5,0.0,1.4999902477593516,0.0,5.0,-2.7085893154144287,0.0
1.141406536102295,-0.96125286508828,-12.847519313999216,-0.22187261287290605,84.30268322637988,-0.73460751482782,-13.20693925753486,0.0,0,-0.96125286508828,0.0,-0.96125286508828,-0.96125286508828,-13.074164664259676,-0.8663122280279838,5.0,100.0,0.5,0.0,1.4999912229834167,0.0,5.0,-2.7085893154144287,0.0
1.151472806930542,-0.96125286508828,-12.847519313999216,-0.22187261287290605,84.30268322637988,-0.8663122280279838,-13.074164664259676,0.0,0,-0.96125286508828,0.0,-0.96125286508828,-0.96125286508828,-12.942459951059512,-0.9965945350790901,5.0,100.0,0.5,0.0,1.4999921006850752,0.0,5.0,-2.7085893154144287,0.0
1.1615431308746338,-0.96125286508828,-12.847519313999216,-0.22187261287290605,84.30268322637988,-0.9965945350790901,-12.942459951059512,0.0,0,-0.96125286508828,0.0,-0.96125286508828,-0.96125286508828,-12.812177644008406,-1.1256173143835055,5.0,100.0,0.5,0.0,1.4999928906165678,0.0,5.0,-2.716717481613159,-0.8071404896065154
1.171617031097412,-1.4867695879296496,-13.050575166111773,2.7310351027375543,73.33190824604527,-1.1256173143835055,-12.812177644008406,0.0,0,-1.4867695879296496,0.0,-1.4867695879296496,-1.4867695879296496,-13.411727439657918,-1.2607257184257175,5.0,100.0,0.5,0.0,1.4999936015549111,0.0,5.0,-2.716717481613159,0.0
1.1816821098327637,-1.597440242463055,-11.004109925611743,3.3528996704270564,61.83270615457291,-1.2607257184257175,-13.411727439657918,0.0,0,-1.597440242463055,0.0,-1.597440242463055,-1.597440242463055,-11.34082444964908,-1.3748720094352356,5.0,100.0,0.5,0.0,1.49999424139942,0.0,5.0,-2.716717481613159,0.0
1.1917495727539062,-1.7291278321118264,-13.117481274234715,3.893524446338213,53.85196428392588,-1.3748720094352356,-11.34082444964908,0.0,0,-1.7291278321118264,0.0,-1.7291278321118264,-1.7291278321118264,-13.471737096911305,-1.5104982231417712,5.0,100.0,0.5,0.0,1.499994817259478,0.0,5.0,-2.716717481613159,0.0
1.201819658279419,-1.7291278321118264,-13.117481274234715,3.893524446338213,53.85196428392588,-1.5104982231417712,-13.471737096911305,0.0,0,-1.7291278321118264,0.0,-1.7291278321118264,-1.7291278321118264,-13.33611088320477,-1.6447940003133639,5.0,100.0,0.5,0.0,1.49999533553353,0.0,5.0,-2.716717481613159,0.0
1.2118875980377197,-1.9681806088316947,-11.868748654781067,4.874921814076608,48.72546911178664,-1.6447940003133639,-13.33611088320477,0.0,0,-1.9681806088316947,0.0,-1.9681806088316947,-1.9681806088316947,-12.192135263299397,-1.7675436836693168,5.0,100.0,0.5,0.0,1.4999958019801771,0.0,5.0,-2.3699584007263184,34.441910580657385
1.2219338417053223,-1.9681806088316947,-11.868748654781067,4.874921814076608,48.72546911178664,-1.7675436836693168,-12.192135263299397,0.0,0,-1.9681806088316947,0.0,-1.9681806088316947,-1.9681806088316947,-12.069385579943445,-1.888795672123677,5.0,100.0,0.5,0.0,1.4999962217821596,0.0,5.0,-2.3699584007263184,0.0
1.2320027351379395,-2.2209744263651783,-12.57106753362373,5.734697594646947,42.75539452183078,-1.888795672123677,-12.069385579943445,0.0,0,-2.2209744263651783,0.0,-2.2209744263651783,-2.2209744263651783,-12.903246287865231,-2.0187170839310054,5.0,100.0,0.5,0.0,1.4999965996039437,0.0,5.0,-2.3699584007263184,0.0
1.2420694828033447,-2.335240067856513,-11.362102301265317,6.123325892855112,38.643588954451,-2.0187170839310054,-12.903246287865231,0.0,0,-2.335240067856513,0.0,-2.335240067856513,-2.335240067856513,-11.678625285190824,-2.1362828577558433,5.0,100.0,0.5,0.0,1.4999969396435495,0.0,5.0,-2.3699584007263184,0.0
1.2521400451660156,-2.335240067856513,-11.362102301265317,6.123325892855112,38.643588954451,-2.1362828577558433,-11.678625285190824,0.0,0,-2.335240067856513,0.0,-2.335240067856513,-2.335240067856513,-11.561059511365986,-2.252709228543604,5.0,100.0,0.5,0.0,1.4999972456791948,0.0,5.0,-1.6477711200714111,71.71270626672033
1.2622079849243164,-2.6783828811861468,-17.04015148255707,6.283185307179586,7.938469145163502,-2.252709228543604,-11.561059511365986,0.0,0,-2.6783828811861468,0.0,-2.6783828811861468,-2.6783828811861468,-17.465825135199616,-2.428554103833809,5.0,100.0,0.5,0.0,1.4999975211112755,0.0,5.0,-1.6477711200714111,0.0
1.2722735404968262,-2.6783828811861468,-17.04015148255707,6.283185307179586,7.938469145163502,-2.428554103833809,-17.465825135199616,0.0,0,-2.6783828811861468,0.0,-2.6783828811861468,-2.6783828811861468,-17.28998025990941,-2.602587360987524,5.0,100.0,0.5,0.0,1.499997769000148,0.0,5.0,-1.6477711200714111,0.0
1.2823388576507568,-2.9779893189738864,-14.90093415909392,6.283185307179586,0.0,-2.602587360987524,-17.28998025990941,0.0,0,-2.9779893189738864,0.0,-2.9779893189738864,-2.9779893189738864,-15.276336117080282,-2.7563485289559826,5.0,100.0,0.5,0.0,1.4999979921001332,0.0,5.0,-1.6477711200714111,0.0
1.2924058437347412,-2.9779893189738864,-14.90093415909392,6.283185307179586,0.0,-2.7563485289559826,-15.276336117080282,0.0,0,-2.9779893189738864,0.0,-2.9779893189738864,-2.9779893189738864,-15.122574949111824,-2.908587280522702,5.0,100.0,0.5,0.0,1.49999819289012,0.0,5.0,-1.6477711200714111,0.0
1.302474021911621,-3.3052675522203288,-16.266390202733607,6.283185307179586,0.0,-2.908587280522702,-15.122574949111824,0.0,0,-3.3052675522203288,0.0,-3.3052675522203288,-3.3052675522203288,-16.663070474431233,-3.076354043033182,5.0,100.0,0.5,0.0,1.499998373601108,0.0,5.0,-1.0259608030319214,61.759963532169834
1.3125441074371338,-3.3052675522203288,-16.266390202733607,6.283185307179586,0.0,-3.076354043033182,-16.663070474431233,0.0,0,-3.3052675522203288,0.0,-3.3052675522203288,-3.3052675522203288,-16.495303711920755,-3.242463162181531,5.0,100.0,0.5,0.0,1.499998536240997,0.0,5.0,-1.0259608030319214,0.0
1.3226101398468018,-3.5915874499825824,-14.224104473205704,6.283185307179586,0.0,-3.242463162181531,-16.495303711920755,0.0,0,-3.5915874499825824,0.0,-3.5915874499825824,-3.5915874499825824,-14.573228761006757,-3.3891577552033305,5.0,100.0,0.5,0.0,1.4999986826168974,0.0,5.0,-1.0259608030319214,0.0
1.3326828479766846,-3.5915874499825824,-14.224104473205704,6.283185307179586,0.0,-3.3891577552033305,-14.573228761006757,0.0,0,-3.5915874499825824,0.0,-3.5915874499825824,-3.5915874499825824,-14.426534167984956,-3.5344720232032243,5.0,100.0,0.5,0.0,1.4999988143552079,0.0,5.0,-1.0259608030319214,0.0
1.3427574634552002,-3.9223644628159353,-16.42666084176918,6.283185307179586,0.0,-3.5344720232032243,-14.426534167984956,0.0,0,-3.9223644628159353,0.0,-3.9223644628159353,-3.9223644628159353,-16.81455328138189,-3.70387218195616,5.0,100.0,0.5,0.0,1.499998932919687,0.0,5.0,-0.49057602882385254,53.14195617190458
1.3528218269348145,-3.9223644628159353,-16.42666084176918,6.283185307179586,0.0,-3.70387218195616,-16.81455328138189,0.0,0,-3.9223644628159353,0.0,-3.9223644628159353,-3.9223644628159353,-16.645153122628955,-3.871395053156134,5.0,100.0,0.5,0.0,1.4999990396277183,0.0,5.0,-0.49057602882385254,0.0
1.3628966808319092,-3.9223644628159353,-16.42666084176918,6.283185307179586,0.0,-3.871395053156134,-16.645153122628955,0.0,0,-3.9223644628159353,0.0,-3.9223644628159353,-3.9223644628159353,-16.477630251428984,-4.037404770509629,5.0,100.0,0.5,0.0,1.4999991356649467,0.0,5.0,-0.49057602882385254,0.0
1.3729679584503174,-4.439090834329325,-17.137336118861814,6.283185307179586,0.0,-4.037404770509629,-16.477630251428984,0.0,0,-4.439090834329325,0.0,-4.439090834329325,-4.439090834329325,-17.53902218268151,-4.214045132066834,5.0,100.0,0.5,0.0,1.499999222098452,0.0,5.0,-0.49057602882385254,0.0
1.3831813335418701,-4.439090834329325,-17.137336118861814,6.283185307179586,0.0,-4.214045132066834,-17.53902218268151,0.0,0,-4.439090834329325,0.0,-4.439090834329325,-4.439090834329325,-17.362381821124306,-4.391373650088734,5.0,100.0,0.5,0.0,1.4999992998886067,0.0,5.0,-0.02960442751646042,45.13411063191559
1.393265962600708,-4.439090834329325,-17.137336118861814,6.283185307179586,0.0,-4.391373650088734,-17.362381821124306,0.0,0,-4.439090834329325,0.0,-4.439090834329325,-4.439090834329325,-17.185053303102407,-4.564678538006878,5.0,100.0,0.5,0.0,1.4999993698997462,0.0,5.0,-0.02960442751646042,0.0
1.4033331871032715,-4.439090834329325,-17.137336118861814,6.283185307179586,0.0,-4.564678538006878,-17.185053303102407,0.0,0,-4.439090834329325,0.0,-4.439090834329325,-4.439090834329325,-17.01174841518426,-4.735939628483666,5.0,100.0,0.5,0.0,1.499999432909772,0.0,5.0,-0.02960442751646042,0.0
1.4134001731872559,-4.439090834329325,-17.137336118861814,6.283185307179586,0.0,-4.735939628483666,-17.01174841518426,0.0,0,-4.439090834329325,0.0,-4.439090834329325,-4.439090834329325,-16.840487324707475,-4.905472580029011,5.0,100.0,0.5,0.0,1.4999994896187947,0.0,5.0,-0.02960442751646042,0.0
1.4234685897827148,-5.100469307331654,-13.144969624786457,6.283185307179586,0.0,-4.905472580029011,-16.840487324707475,0.0,0,-5.100469307331654,0.0,-5.100469307331654,-5.100469307331654,-13.3399663520891,-5.039784918631249,5.0,100.0,0.5,0.0,1.499999540656915,0.0,5.0,-0.02960442751646042,0.0
1.4335341453552246,-4.116150179245837,97.77925908170559,6.283185307179586,0.0,-5.039784918631249,-13.3399663520891,0.0,0,-4.116150179245837,0.0,-4.116150179245837,-4.116150179245837,98.702893821091,-4.046285455707527,5.0,100.0,0.5,0.0,1.4999995865912235,0.0,5.0,0.3672966957092285,39.431616105689514
1.4436001777648926,-4.116150179245837,97.77925908170559,6.283185307179586,0.0,-4.046285455707527,98.702893821091,0.0,0,-4.116150179245837,0.0,-4.116150179245837,-4.116150179245837,97.70939435816727,-3.0627395253691865,5.0,100.0,0.5,0.0,1.4999996279321013,0.0,5.0,0.3672966957092285,0.0
1.4537858963012695,-2.337305523472157,88.47298449075868,6.283185307179586,0.0,-3.0627395253691865,97.70939435816727,0.0,0,-2.337305523472157,0.0,-2.337305523472157,-2.337305523472157,89.1984184926557,-2.1541895407130345,5.0,100.0,0.5,0.0,1.4999996651388914,0.0,5.0,0.3672966957092285,0.0
1.4638543128967285,-2.337305523472157,88.47298449075868,6.283185307179586,0.0,-2.1541895407130345,89.1984184926557,0.0,0,-2.337305523472157,0.0,-2.337305523472157,-2.337305523472157,88.28986850799956,-1.2652503634161998,5.0,100.0,0.5,0.0,1.4999996986250022,0.0,5.0,0.3672966957092285,0.0
1.4739220142364502,0.6153457726186927,146.70059040973044,6.283185307179586,0.0,-1.2652503634161998,88.28986850799956,0.0,0,0.6153457726186927,0.0,0.6153457726186927,0.6153457726186927,100.0,-0.2584802294440318,5.0,100.0,0.5,0.0,1.4999997287625022,0.0,5.0,0.709032416343689,33.94376820517678
1.483992099761963,1.9486797460195382,132.58435319988288,6.283185307179586,0.0,-0.2584802294440318,100.0,0.0,0,1.9486797460195382,0.0,1.9486797460195382,1.9486797460195382,100.0,0.7485283231072377,5.0,100.0,0.5,0.0,1.4999997558862521,0.0,5.0,0.709032416343689,0.0
1.4940593242645264,1.9486797460195382,132.58435319988288,6.283185307179586,0.0,0.7485283231072377,100.0,1.1047939652350134,0,1.9486797460195382,0.0,1.9486797460195382,1.9486797460195382,100.0,1.7552507733635854,3.8952060347649864,100.0,0.5,0.0,1.3549997802976268,109.74166364857496,5.0,0.709032416343689,0.0
1.504124402999878,5.769301485174298,190.0367511772756,6.283185307179586,0.0,1.7552507733635854,100.0,1.245735108270902,0,5.769301485174298,0.0,5.769301485174298,5.769301485174298,100.0,2.761758646898741,3.7542648917290977,100.0,0.5,0.0,1.2244998022678641,14.002984650369529,5.0,0.709032416343689,0.0
1.5141901969909668,7.502025791968596,171.74526162407966,6.283185307179586,0.0,2.761758646898741,100.0,1.3866462105658237,0,7.502025791968596,0.0,7.502025791968596,7.502025791968596,100.0,3.768338046007628,3.6133537894341763,100.0,0.5,0.0,1.1070498220410776,13.999005187237952,5.0,0.709032416343689,0.0
1.5242557525634766,7.502025791968596,171.74526162407966,6.283185307179586,0.0,3.768338046007628,100.0,1.5275673264410679,0,7.502025791968596,0.0,7.502025791968596,7.502025791968596,100.0,4.7748936032586045,3.472432673558932,100.0,0.5,0.0,1.0013448398369698,14.00033161210858,5.0,1.003269910812378,29.232116632715904
1.5343255996704102,11.306758490340469,189.23296979416753,6.283185307179586,0.0,4.7748936032586045,100.0,1.6684851044562046,0,11.306758490340469,0.0,11.306758490340469,11.306758490340469,100.0,5.781878313951964,3.3315148955437954,100.0,0.5,0.0,0.9062103558532728,13.994033525902074,5.0,1.003269910812378,0.0
1.54439115524292,13.030174657999694,171.0247320701689,6.283185307179586,0.0,5.781878313951964,100.0,1.8094629639532749,0,13.030174657999694,0.0,13.030174657999694,13.030174657999694,100.0,6.78843387120294,3.190537036046725,100.0,0.5,0.0,0.8205893202679455,14.005969017954428,5.0,1.003269910812378,0.0
1.5544631481170654,13.030174657999694,171.0247320701689,6.283185307179586,0.0,6.78843387120294,100.0,1.9503807419684116,0,13.030174657999694,0.0,13.030174657999694,13.030174657999694,100.0,7.795633158617491,3.0496192580315884,100.0,0.5,0.0,0.743530388241151,13.991052195526098,5.0,1.003269910812378,0.0
1.5645291805267334,16.596604767040446,177.086717004298,6.283185307179586,0.0,7.795633158617491,100.0,2.091388642206449,0,16.596604767040446,0.0,16.596604767040446,16.596604767040446,100.0,8.802236399584288,2.908611357793551,100.0,0.5,0.0,0.674177349417036,14.008289909995307,5.0,1.2566112279891968,25.16794173377546
1.5745959281921387,18.204199850869013,160.04610706106104,6.283185307179586,0.0,8.802236399584288,100.0,2.2323130959418007,0,18.204199850869013,0.0,18.204199850869013,18.204199850869013,100.0,9.808911166124815,2.7676869040581993,100.0,0.5,0.0,0.6117596144753324,13.999005281481656,5.0,1.2566112279891968,0.0
1.584662675857544,18.204199850869013,160.04610706106104,6.283185307179586,0.0,9.808911166124815,100.0,2.3732475632574745,0,18.204199850869013,0.0,18.204199850869013,18.204199850869013,100.0,10.815585932665343,2.6267524367425255,100.0,0.5,0.0,0.5555836530277992,14.0,5.0,1.2566112279891968,0.0
1.5947279930114746,21.308533157019028,154.33919613240664,6.283185307179586,0.0,10.815585932665343,100.0,2.5141820305731484,0,21.308533157019028,0.0,21.308533157019028,21.308533157019028,100.0,11.82211764805841,2.4858179694268516,100.0,0.5,0.0,0.5050252877250193,14.00198971978113,5.0,1.2566112279891968,0.0
1.6047956943511963,21.308533157019028,154.33919613240664,6.283185307179586,0.0,11.82211764805841,100.0,2.6550964707281777,0,21.308533157019028,0.0,21.308533157019028,21.308533157019028,100.0,12.828887782030577,2.3449035292718223,100.0,0.5,0.0,0.4595227589525174,13.99668458569162,5.0,1.474740982055664,21.666291709096075
1.6148593425750732,24.031511565256825,134.9425685238602,6.283185307179586,0.0,12.828887782030577,100.0,2.796044289484281,0,24.031511565256825,0.0,24.031511565256825,24.031511565256825,100.0,13.835252604418272,2.203955710515719,100.0,0.5,0.0,0.41857048305726563,14.005638474295191,5.0,1.474740982055664,0.0
1.6249268054962158,25.2520734500102,121.03762992880208,5.891890755308302,-38.80291999460786,13.835252604418272,100.0,2.9369353646185585,0,25.2520734500102,0.0,25.2520734500102,25.2520734500102,100.0,14.84199889653253,2.0630646353814415,100.0,0.5,0.0,0.38171343475153907,13.994695211481078,5.0,1.474740982055664,0.0
1.6350064277648926,25.2520734500102,121.03762992880208,5.891890755308302,-38.80291999460786,14.84199889653253,100.0,3.0778798455145546,0,25.2520734500102,0.0,25.2520734500102,25.2520734500102,100.0,15.849961123400206,1.9221201544854454,100.0,0.5,0.0,0.3485420912763852,13.983111384440713,5.0,1.474740982055664,0.0
1.6452014446258545,25.2520734500102,121.03762992880208,5.891890755308302,-38.80291999460786,15.849961123400206,100.0,3.2189945572760292,0,25.2520734500102,0.0,25.2520734500102,25.2520734500102,100.0,16.869462809496397,1.7810054427239708,100.0,0.5,0.0,0.31868788214874666,13.841537849909965,5.0,1.474740982055664,0.0
1.6552698612213135,28.384555469242603,103.65663279338659,-2.241733285084919,-269.1488970273801,16.869462809496397,100.0,3.361724793329496,0,28.384555469242603,0.0,28.384555469242603,28.384555469242603,100.0,17.876304469042296,1.638275206670504,100.0,0.5,0.0,0.291819093933872,14.176035993369643,5.0,1.6625527143478394,18.653551977267345
1.665334701538086,28.384555469242603,103.65663279338659,-2.241733285084919,-269.1488970273801,17.876304469042296,100.0,3.502682625665922,0,28.384555469242603,0.0,28.384555469242603,28.384555469242603,100.0,18.882788500719542,1.4973173743340782,100.0,0.5,0.0,0.2676371845404848,14.00497453511785,5.0,1.6625527143478394,0.0
1.675401210784912,30.14720555017596,87.55850922662263,-6.283185307179586,-200.7565301776464,18.882788500719542,100.0,3.6435903901007363,0,30.14720555017596,0.0,30.14720555017596,30.14720555017596,98.82292627607904,19.877590401876112,1.3564096098992637,100.0,0.5,0.0,0.24587346608643632,13.99767893515229,5.0,1.6625527143478394,0.0
1.6854689121246338,30.14720555017596,87.55850922662263,-6.283185307179586,-200.7565301776464,19.877590401876112,98.82292627607904,3.7710919190234464,0,30.14720555017596,0.0,30.14720555017596,30.14720555017596,97.82812437492248,20.86249474070798,1.2289080809765536,100.0,0.5,0.0,0.2262861194777927,12.664413118778008,5.0,1.6625527143478394,0.0
1.6955409049987793,31.66246586684498,75.31507266985993,-6.283185307179586,0.0,20.86249474070798,97.82812437492248,3.8990305074483422,0,31.66246586684498,0.0,31.66246586684498,31.66246586684498,86.11504379599693,21.72984484817799,1.1009694925516578,100.0,0.5,0.0,0.20865750753001344,12.702410538167692,5.0,1.8242604732513428,16.055189963309267
1.705653190612793,32.34547140253492,68.0750166428983,-6.283185307179586,0.0,21.72984484817799,86.11504379599693,3.9033287167048885,0,32.34547140253492,0.0,32.34547140253492,32.34547140253492,78.69064319725524,22.525587107339078,1.0966712832951115,100.0,0.5,0.0,0.3377917567770121,0.42504824533335367,5.0,1.8242604732513428,0.0
1.7157196998596191,32.34547140253492,68.0750166428983,-6.283185307179586,0.0,22.525587107339078,78.69064319725524,3.9404886270000237,0,32.34547140253492,0.0,32.34547140253492,32.34547140253492,77.89490093809414,23.30971684791301,1.0595113729999763,100.0,0.5,0.0,0.35117730693141325,3.691439543141651,5.0,1.8242604732513428,0.0
1.7258801460266113,33.45718361983361,55.29759377470892,-6.283185307179586,0.0,23.30971684791301,77.89490093809414,4.042309368088763,0,33.45718361983361,0.0,33.45718361983361,33.45718361983361,65.44506054662952,23.974667862492584,0.9576906319112366,100.0,0.5,0.0,0.3210595762382719,10.021286409598869,5.0,1.8242604732513428,0.0
1.7359509468078613,33.45718361983361,55.29759377470892,-6.283185307179586,0.0,23.974667862492584,65.44506054662952,4.010904106215257,0,33.45718361983361,0.0,33.45718361983361,33.45718361983361,64.78010953204995,24.627055440177415,0.9890958937847429,100.0,0.5,0.0,0.3545814266580117,3.118447336578957,5.0,1.177919864654541,-64.17966382575757
1.746039628982544,34.42947060103289,48.36130654482127,-6.283185307179586,0.0,24.627055440177415,64.78010953204995,4.095588856945338,0,34.42947060103289,0.0,34.42947060103289,34.42947060103289,58.16372170567674,25.213850742562673,0.904411143054662,100.0,0.5,0.0,0.3241232839922105,8.394034945673674,5.0,1.177919864654541,0.0
1.756105899810791,34.42947060103289,48.36130654482127,-6.283185307179586,0.0,25.213850742562673,58.16372170567674,4.1115763210155425,0,34.42947060103289,0.0,34.42947060103289,34.42947060103289,57.57692640329148,25.793435677196253,0.8884236789844575,100.0,0.5,0.0,0.40664605238563534,1.5882211340213366,5.0,1.177919864654541,0.0
1.7661769390106201,35.198607822857696,38.22224056644702,-6.283185307179586,0.0,25.793435677196253,57.57692640329148,4.186850258840391,0,35.198607822857696,0.0,35.198607822857696,35.198607822857696,47.627412712108466,26.273093217606334,0.8131497411596094,100.0,0.5,0.0,0.3709814471470718,7.474296974846994,5.0,1.177919864654541,0.0
1.7762455940246582,35.198607822857696,38.22224056644702,-6.283185307179586,0.0,26.273093217606334,47.627412712108466,4.154507177585971,0,35.198607822857696,0.0,35.198607822857696,35.198607822857696,47.14775517169838,26.747807699116496,0.8454928224140286,100.0,0.5,0.0,0.39648843880521534,3.2122543884287724,5.0,1.177919864654541,0.0
1.7863616943359375,35.198607822857696,38.22224056644702,-6.283185307179586,0.0,26.747807699116496,47.14775517169838,4.216170629593293,0,35.198607822857696,0.0,35.198607822857696,35.198607822857696,46.673040690188216,27.219956860570857,0.783829370406707,100.0,0.5,0.0,0.3618395949246938,6.095575380818218,5.0,0.6214141249656677,-55.011884279990575
1.7964446544647217,35.85152844817848,21.58359084863321,-6.283185307179586,0.0,27.219956860570857,46.673040690188216,4.277524367381803,0,35.85152844817848,0.0,35.85152844817848,35.85152844817848,30.21516243624083,27.52461513870021,0.7224756326181971,100.0,0.5,0.0,0.3306556354322244,6.084893424636399,5.0,0.6214141249656677,0.0
1.806513786315918,35.85152844817848,21.58359084863321,-6.283185307179586,0.0,27.52461513870021,30.21516243624083,4.155597743780438,0,35.85152844817848,0.0,35.85152844817848,35.85152844817848,29.91050415811148,27.82578794880399,0.8444022562195617,100.0,0.5,0.0,0.302590071889002,12.108950940679033,5.0,0.6214141249656677,0.0
1.8165836334228516,35.85152844817848,21.58359084863321,-6.283185307179586,0.0,27.82578794880399,29.91050415811148,4.194715354413673,0,35.85152844817848,0.0,35.85152844817848,35.85152844817848,29.6093313480077,28.12394938841696,0.805284645586327,100.0,0.5,0.0,0.31327082720567506,3.884628060171865,5.0,0.6214141249656677,0.0
1.8266527652740479,36.16064901968247,10.262027872645188,-6.283185307179586,0.0,28.12394938841696,29.6093313480077,4.233446227858452,0,36.16064901968247,0.0,36.16064901968247,36.16064901968247,18.298727503910694,28.30820168836295,0.7665537721415481,100.0,0.5,0.0,0.3241122129293477,3.846495806902892,5.0,0.14225725829601288,-47.58671092510596
1.8371310234069824,36.16064901968247,10.262027872645188,-6.283185307179586,0.0,28.30820168836295,18.298727503910694,4.146135511409921,0,36.16064901968247,0.0,36.16064901968247,36.16064901968247,18.114475203964705,28.498009835492734,0.8538644885900792,100.0,0.5,0.0,0.29670099163641295,8.332560177545338,5.0,0.14225725829601288,0.0
1.847200870513916,36.33583773985573,8.669019357695042,-6.283185307179586,0.0,28.498009835492734,18.114475203964705,4.17086612900863,0,36.33583773985573,0.0,36.33583773985573,36.33583773985573,16.506847262058034,28.664231263639163,0.8291338709913703,100.0,0.5,0.0,0.3540071917544448,2.455907953327386,5.0,0.14225725829601288,0.0
1.8572659492492676,36.414169900618866,7.834157451892754,-6.283185307179586,0.0,28.664231263639163,16.506847262058034,4.1780608495300635,0,36.414169900618866,0.0,36.414169900618866,36.414169900618866,15.584096088872457,28.821086417792948,0.8219391504699365,100.0,0.5,0.0,0.46168449179246285,0.7148200933753023,5.0,0.14225725829601288,0.0
1.8673815727233887,36.229614768887096,-18.297175985512872,-6.283185307179586,0.0,28.821086417792948,15.584096088872457,4.190793059379738,0,36.229614768887096,0.0,36.229614768887096,36.229614768887096,-10.888647634418724,28.710940958180785,0.8092069406202622,100.0,0.5,0.0,0.5410700791944439,1.2586678302377718,5.0,0.14225725829601288,0.0
1.8776261806488037,36.05755466586449,-17.108944272258324,-6.283185307179586,0.0,28.710940958180785,-10.888647634418724,3.9106452578011233,0,36.05755466586449,0.0,36.05755466586449,36.05755466586449,-9.762330564574622,28.610929709108422,1.0893547421988767,100.0,0.5,0.0,0.49196307127499955,27.345878301854572,5.0,-0.2703014314174652,-40.270812969815445
1.8877365589141846,36.05755466586449,-17.108944272258324,-6.283185307179586,0.0,28.610929709108422,-9.762330564574622,3.907906853629433,0,36.05755466586449,0.0,36.05755466586449,36.05755466586449,-9.662319315502259,28.5132400059078,1.092093146370567,100.0,0.5,0.0,0.5927667641474996,0.2708508128787691,5.0,-0.2703014314174652,0.0
1.897953987121582,35.07743889375646,-32.487245066072795,-6.283185307179586,0.0,28.5132400059078,-9.662319315502259,3.8952304076720696,0,35.07743889375646,0.0,35.07743889375646,35.07743889375646,-25.923046178224137,28.248373142664747,1.1047695923279304,100.0,0.5,0.0,0.659624088133122,1.2406689530918937,5.0,-0.2703014314174652,0.0
1.9080960750579834,34.791475536747605,-28.365747142078828,-6.283185307179586,0.0,28.248373142664747,-25.923046178224137,3.6955417781908233,0,34.791475536747605,0.0,34.791475536747605,34.791475536747605,-21.82264474799597,28.027045960625724,1.3044582218091767,100.0,0.5,0.0,0.5986616793198098,19.689104524970247,5.0,-0.2703014314174652,0.0
1.9182991981506348,34.791475536747605,-28.365747142078828,-6.283185307179586,0.0,28.027045960625724,-21.82264474799597,3.705559987007642,0,34.791475536747605,0.0,34.791475536747605,34.791475536747605,-21.601317565956947,27.806645058536812,1.2944400129923581,100.0,0.5,0.0,0.673268373324366,0.9818766985212632,5.0,-0.6255185008049011,-34.81454317093118
1.9283668994903564,33.54866798690137,-61.627644442805604,-6.283185307179586,0.0,27.806645058536812,-21.601317565956947,3.6769171325355847,0,33.54866798690137,0.0,33.54866798690137,33.54866798690137,-55.88562151444104,27.244005311944697,1.3230828674644153,100.0,0.5,0.0,0.6803796434317861,2.8450242518665134,5.0,-0.6255185008049011,0.0
1.9385828971862793,33.54866798690137,-61.627644442805604,-6.283185307179586,0.0,27.244005311944697,-55.88562151444104,3.2553045285278475,0,33.54866798690137,0.0,33.54866798690137,33.54866798690137,-55.32298176784893,26.678825857672766,1.7446954714721525,100.0,0.5,0.0,0.6173416790886076,41.26984133678892,5.0,-0.6255185008049011,0.0
1.948655366897583,32.46631924651814,-53.889432119565846,-6.283185307179586,0.0,26.678825857672766,-55.32298176784893,3.181805802395698,0,32.46631924651814,0.0,32.46631924651814,32.46631924651814,-48.10193873072048,26.1943205367526,1.818194197604302,100.0,0.5,0.0,0.5606075111797468,7.2969915262853835,5.0,-0.6255185008049011,0.0
1.9589154720306396,31.81181804091685,-64.99306370231317,-6.283185307179586,0.0,26.1943205367526,-48.10193873072048,3.1861854878381592,0,31.81181804091685,0.0,31.81181804091685,31.81181804091685,-59.37556619814892,25.585120985224826,1.8138145121618408,100.0,0.5,0.0,0.6545467600617721,0.4268655521228924,5.0,-0.6255185008049011,0.0
1.968987226486206,31.200683149849176,-60.775927497740966,-6.283185307179586,0.0,25.585120985224826,-59.37556619814892,2.988161275949987,0,31.200683149849176,0.0,31.200683149849176,31.200683149849176,-55.160365333116616,25.029559329910334,2.011838724050013,100.0,0.5,0.0,0.594092084055595,19.661342297590373,5.0,-0.9313639402389526,-30.36664970173279
1.979201316833496,31.200683149849176,-60.775927497740966,-6.283185307179586,0.0,25.029559329910334,-55.160365333116616,2.952534652856281,0,31.200683149849176,0.0,31.200683149849176,31.200683149849176,-54.604803677802124,24.471820931749228,2.047465347143719,100.0,0.5,0.0,0.5884032669495358,3.4879878562224027,5.0,-0.9313639402389526,0.0
1.9892685413360596,31.200683149849176,-60.775927497740966,-6.283185307179586,0.0,24.471820931749228,-54.604803677802124,2.880006893666871,0,31.200683149849176,0.0,31.200683149849176,31.200683149849176,-54.04706527964102,23.927716991874377,2.119993106333129,100.0,0.5,0.0,0.5345629402545823,7.2043450675945335,5.0,-0.9313639402389526,0.0
1.9993414878845215,25.500339816827278,-188.3649350665889,-6.283185307179586,0.0,23.927716991874377,-54.04706527964102,2.809409726066003,0,25.500339816827278,0.0,25.500339816827278,25.500339816827278,-100.0,22.920422337028185,2.190590273933997,100.0,0.5,0.0,0.4861066462291241,7.008591504106404,5.0,-0.9313639402389526,0.0
2.0094218254089355,25.500339816827278,-188.3649350665889,-6.283185307179586,0.0,22.920422337028185,-100.0,2.2088591271839464,0,25.500339816827278,0.0,25.500339816827278,25.500339816827278,-100.0,21.91238858458678,2.7911408728160536,100.0,0.5,0.0,0.4424959816062117,59.57643753768697,5.0,-1.194700002670288,-26.123734626300852
2.019491672515869,22.306261633150438,-159.11793933260296,-6.283185307179586,0.0,21.91238858458678,-100.0,2.0677344018421495,0,22.306261633150438,0.0,22.306261633150438,22.306261633150438,-100.0,20.90540387389342,2.9322655981578505,100.0,0.5,0.0,0.4032463834455905,14.014584714461597,5.0,-1.194700002670288,0.0
2.0295605659484863,22.306261633150438,-159.11793933260296,-6.283185307179586,0.0,20.90540387389342,-100.0,1.9267565423450792,0,22.306261633150438,0.0,22.306261633150438,22.306261633150438,-100.0,19.8985145306317,3.073243457654921,100.0,0.5,0.0,0.3679217451010315,14.001326008713772,5.0,-1.194700002670288,0.0
2.03963565826416,22.306261633150438,-159.11793933260296,-6.283185307179586,0.0,19.8985145306317,-100.0,1.7857920342884386,0,22.306261633150438,0.0,22.306261633150438,22.306261633150438,-100.0,18.891005299064318,3.2142079657115614,100.0,0.5,0.0,0.33612957059092835,13.991386246391215,5.0,-1.194700002670288,0.0
2.0497117042541504,22.306261633150438,-159.11793933260296,-6.283185307179586,0.0,18.891005299064318,-100.0,1.644740741869005,0,22.306261633150438,0.0,22.306261633150438,22.306261633150438,-100.0,17.883400700065295,3.355259258130995,100.0,0.5,0.0,0.3075166135318355,13.998674932563532,5.0,-1.194700002670288,0.0
2.0598156452178955,17.06337271960375,-130.45263329345573,-6.283185307179586,0.0,17.883400700065295,-100.0,1.5036760980091413,0,17.06337271960375,0.0,17.06337271960375,17.06337271960375,-100.0,16.873006603690783,3.4963239019908587,100.0,0.5,0.0,0.281764952178652,13.961348781236033,5.0,-1.4214351177215576,-22.44026522570141
2.0698885917663574,15.954103602663933,-110.01683363105069,-6.283185307179586,0.0,16.873006603690783,-100.0,1.3622209245167096,0,15.954103602663933,0.0,15.954103602663933,15.954103602663933,-100.0,15.865711948844591,3.6377790754832904,100.0,0.5,0.0,0.2585884569607868,14.0430779426732,5.0,-1.4214351177215576,0.0
2.079956293106079,14.919863318933913,-102.87471622382341,-6.283185307179586,0.0,15.865711948844591,-100.0,1.2211996728382428,0,14.919863318933913,0.0,14.919863318933913,14.919863318933913,-100.0,14.858941814872423,3.778800327161757,100.0,0.5,0.0,0.23772961126470812,14.007293911478438,5.0,-1.4214351177215576,0.0
2.0900349617004395,13.948167428342787,-96.19041682062586,-6.283185307179586,0.0,14.858941814872423,-100.0,1.0802518540821393,0,13.948167428342787,0.0,13.948167428342787,13.948167428342787,-97.1011912071555,13.880291088577886,3.9197481459178607,100.0,0.5,0.0,0.2189566501382373,13.984765689683723,5.0,-1.4214351177215576,0.0
2.100107431411743,13.046431347373398,-89.94851720305921,-6.283185307179586,0.0,13.880291088577886,-97.1011912071555,0.9722288403293493,0,13.046431347373398,0.0,13.046431347373398,13.046431347373398,-90.7823769442637,12.965888346486631,4.0277711596706505,100.0,0.5,0.0,0.2020609851244136,10.72458064893086,5.0,-1.6166558265686035,-19.38161289559022
2.1101765632629395,13.046431347373398,-89.94851720305921,-6.283185307179586,0.0,12.965888346486631,-90.7823769442637,0.9074005990654913,0,13.046431347373398,0.0,13.046431347373398,13.046431347373398,-89.86797420217245,12.06099586504505,4.092599400934509,100.0,0.5,0.0,0.18685488661197225,6.4383148638733845,5.0,-1.6166558265686035,0.0
2.1202478408813477,11.408819556823554,-81.3955120938352,-5.754535482696053,26.27589971595505,12.06099586504505,-89.86797420217245,0.7898596790845827,0,11.408819556823554,0.0,11.408819556823554,11.408819556823554,-82.04768840205669,11.234670817199287,4.210140320915418,100.0,0.5,0.0,0.17316939795077504,11.670904569850032,5.0,-1.6166558265686035,0.0
2.13034725189209,10.670062720744406,-73.56880081186453,-4.374267406536564,137.4534382664905,11.234670817199287,-82.04768840205669,0.7523770303873334,0,10.670062720744406,0.0,10.670062720744406,10.670062720744406,-74.13340890831941,10.485967051006753,4.247622969612666,100.0,0.5,0.0,0.20237498786185237,3.711369767740023,5.0,-1.6166558265686035,0.0
2.1404221057891846,10.670062720744406,-73.56880081186453,-4.374267406536564,137.4534382664905,10.485967051006753,-74.13340890831941,0.7267012980577514,0,10.670062720744406,0.0,10.670062720744406,10.670062720744406,-73.38470514212688,9.74662686841845,4.273298701942249,100.0,0.5,0.0,0.2661303718439671,2.5484967416734507,5.0,-1.6166558265686035,0.0
2.1505072116851807,9.330217978351229,-66.56775165419357,-1.9387747514275686,121.00302750849055,9.74662686841845,-73.38470514212688,0.6306807101573141,0,9.330217978351229,0.0,9.330217978351229,9.330217978351229,-66.98416054426079,9.071084515975175,4.369319289842686,100.0,0.5,0.0,0.2445173346595704,9.521029217805104,5.0,-1.784742832183838,-16.666855791962174
2.160578727722168,9.330217978351229,-66.56775165419357,-1.9387747514275686,121.00302750849055,9.071084515975175,-66.98416054426079,0.6001102267939168,0,9.330217978351229,0.0,9.330217978351229,9.330217978351229,-66.30861819181752,8.403256204465816,4.399889773206083,100.0,0.5,0.0,0.2883712871077059,3.0353407819764393,5.0,-1.784742832183838,0.0
2.1706554889678955,8.158099469427945,-58.20699909367595,0.19183481031988903,105.8053327248743,8.403256204465816,-66.30861819181752,0.5133696867070391,0,8.158099469427945,0.0,8.158099469427945,8.158099469427945,-58.45215582871381,7.814247785881805,4.486630313292961,100.0,0.5,0.0,0.2645341583969353,8.607978096499503,5.0,-1.784742832183838,0.0
2.1807267665863037,8.158099469427945,-58.20699909367595,0.19183481031988903,105.8053327248743,7.814247785881805,-58.45215582871381,0.5094731317363146,0,8.158099469427945,0.0,8.158099469427945,8.158099469427945,-57.863147410129805,7.23149196443951,4.490526868263686,100.0,0.5,0.0,0.3880807425572418,0.3868977818268463,5.0,-1.784742832183838,0.0
2.1908068656921387,7.131801148488736,-50.889701168129925,2.104551180864583,94.84334382164036,7.23149196443951,-57.863147410129805,0.4337774009202333,0,7.131801148488736,0.0,7.131801148488736,7.131801148488736,-50.9893919840807,6.7175138398937095,4.566222599079767,100.0,0.5,0.0,0.3542726683015176,7.509423272660492,5.0,-1.9294670820236206,-14.357423307079165
2.2009031772613525,7.131801148488736,-50.889701168129925,2.104551180864583,94.84334382164036,6.7175138398937095,-50.9893919840807,0.43055801774431246,0,7.131801148488736,0.0,7.131801148488736,7.131801148488736,-50.475413859534896,6.207898334982829,4.569441982255688,100.0,0.5,0.0,0.4688454014713659,0.3188672570027992,5.0,-1.9294670820236206,0.0
2.2112159729003906,7.131801148488736,-50.889701168129925,2.104551180864583,94.84334382164036,6.207898334982829,-50.475413859534896,0.3643516283022472,0,7.131801148488736,0.0,7.131801148488736,7.131801148488736,-49.96579835462402,5.692611267610206,4.635648371697753,100.0,0.5,0.0,0.42696086132422933,6.419829477804001,5.0,-1.9294670820236206,0.0
2.221316337585449,5.8337290593007225,-43.073646803557295,4.5622797897513045,81.55427955037983,5.692611267610206,-49.96579835462402,0.29730759391918876,0,5.8337290593007225,0.0,5.8337290593007225,5.8337290593007225,-42.93252901186678,5.258977067738494,4.7026924060808115,100.0,0.5,0.0,0.3892647751918064,6.637783532928892,5.0,-1.9294670820236206,0.0
2.2314088344573975,5.8337290593007225,-43.073646803557295,4.5622797897513045,81.55427955037983,5.258977067738494,-42.93252901186678,0.30693149936472147,0,5.8337290593007225,0.0,5.8337290593007225,5.8337290593007225,-42.498894811995065,4.830057104787176,4.693068500635278,100.0,0.5,0.0,0.48572325411198936,0.9535703173990604,5.0,-1.9294670820236206,0.0
2.2415716648101807,5.100236424650654,-36.39181304837256,5.951051528703671,68.90310700247066,4.830057104787176,-42.498894811995065,0.2512190465502541,0,5.100236424650654,0.0,5.100236424650654,5.100236424650654,-36.12163372850908,4.462959069138967,4.748780953449746,100.0,0.5,0.0,0.4421509287007904,5.481981975543839,5.0,-1.634626865386963,29.01162436071881
2.2516422271728516,4.769654124450055,-32.88732867011156,6.283185307179586,33.0416744288951,4.462959069138967,-36.12163372850908,0.2635979323943646,0,4.769654124450055,0.0,4.769654124450055,4.769654124450055,-32.58063361480047,4.134853766505787,4.736402067605636,100.0,0.5,0.0,0.5244389095584306,1.2292149532776784,5.0,-1.634626865386963,0.0
2.26172137260437,4.460066739922738,-30.75419462063532,6.283185307179586,0.0,4.134853766505787,-32.58063361480047,0.2530731911628056,0,4.460066739922738,0.0,4.460066739922738,4.460066739922738,-30.42898164721837,3.8281556351504644,4.746926808837195,100.0,0.5,0.0,0.6044593733394745,1.0442096805793692,5.0,-1.634626865386963,0.0
2.271787643432617,4.460066739922738,-30.75419462063532,6.283185307179586,0.0,3.8281556351504644,-30.42898164721837,0.2316519724488813,0,4.460066739922738,0.0,4.460066739922738,4.460066739922738,-30.122283515863046,3.5249365713145444,4.768348027551118,100.0,0.5,0.0,0.641555035979107,2.1280193111647625,5.0,-1.634626865386963,0.0
2.281937837600708,4.460066739922738,-30.75419462063532,6.283185307179586,0.0,3.5249365713145444,-30.122283515863046,0.1922682848254058,0,4.460066739922738,0.0,4.460066739922738,4.460066739922738,-29.819064452027128,3.2222672772156544,4.807731715174594,100.0,0.5,0.0,0.6184854554497318,3.880092042700626,5.0,-1.0146434307098389,61.08094332088413
2.2920517921447754,3.647777426687104,-26.9354820310504,6.283185307179586,0.0,3.2222672772156544,-29.819064452027128,0.1529267742899204,0,3.647777426687104,0.0,3.647777426687104,3.647777426687104,-26.509971881578952,2.9541466266408603,4.84707322571008,100.0,0.5,0.0,0.5974092240587591,3.889824733151707,5.0,-1.0146434307098389,0.0
2.3021368980407715,3.647777426687104,-26.9354820310504,6.283185307179586,0.0,2.9541466266408603,-26.509971881578952,0.14848080891393095,0,3.647777426687104,0.0,3.647777426687104,3.647777426687104,-26.24185123100416,2.689494778069208,4.851519191086069,100.0,0.5,0.0,0.6876683016528832,0.44084468937054583,5.0,-1.0146434307098389,0.0
2.3122003078460693,3.647777426687104,-26.9354820310504,6.283185307179586,0.0,2.689494778069208,-26.24185123100416,0.11411075661964754,0,3.647777426687104,0.0,3.647777426687104,3.647777426687104,-25.977199382432506,2.4280755750898595,4.885889243380353,100.0,0.5,0.0,0.6749624619892114,3.415348570639487,5.0,-1.0146434307098389,0.0
2.322307825088501,2.9831559590097467,-22.028894932711243,6.283185307179586,0.0,2.4280755750898595,-25.977199382432506,0.08015858668825526,0,2.9831559590097467,0.0,2.9831559590097467,2.9831559590097467,-21.473814548791356,2.2110286242771715,4.919841413311745,100.0,0.5,0.0,0.6653396323008648,3.359100866913203,5.0,-0.4808315634727478,52.81335212530075
2.33237361907959,2.9831559590097467,-22.028894932711243,6.283185307179586,0.0,2.2110286242771715,-21.473814548791356,0.0948058619108905,0,2.9831559590097467,0.0,2.9831559590097467,2.9831559590097467,-21.256767597978666,1.9970623807194654,4.90519413808911,100.0,0.5,0.0,0.7180285011656857,1.4551534867097715,5.0,-0.4808315634727478,0.0
2.342466354370117,2.9831559590097467,-22.028894932711243,6.283185307179586,0.0,1.9970623807194654,-21.256767597978666,0.06702105732093855,0,2.9831559590097467,0.0,2.9831559590097467,2.9831559590097467,-21.042801354420963,1.7846829568781442,4.932978942679061,100.0,0.5,0.0,0.7236305668497525,2.7529508889458048,5.0,-0.4808315634727478,0.0
2.352661371231079,2.9831559590097467,-22.028894932711243,6.283185307179586,0.0,1.7846829568781442,-21.042801354420963,0.039427600418730585,0,2.9831559590097467,0.0,2.9831559590097467,2.9831559590097467,-20.83042193057964,1.572316454074934,4.960572399581269,100.0,0.5,0.0,0.730167142147607,2.706563145360456,5.0,-0.4808315634727478,0.0
2.3627302646636963,2.281436731910497,-17.444220440128085,6.283185307179586,0.0,1.572316454074934,-20.83042193057964,0.011820084264694358,0,2.281436731910497,0.0,2.281436731910497,2.281436731910497,-16.73510016229252,1.4038125139566358,4.988179915735306,100.0,0.5,0.0,0.7349126527962142,2.741861986998929,5.0,-0.4808315634727478,0.0
2.372817277908325,2.1331843334810285,-14.709870073389315,6.283185307179586,0.0,1.4038125139566358,-16.73510016229252,0.029182750331003815,0,2.1331843334810285,0.0,2.1331843334810285,2.1331843334810285,-13.980498253864923,1.262791042903389,4.970817249668996,100.0,0.5,0.0,0.7720687383657888,1.7212891115766762,5.0,-0.02121433988213539,45.56524438344994
2.3828859329223633,2.1331843334810285,-14.709870073389315,6.283185307179586,0.0,1.262791042903389,-13.980498253864923,0.036985763467825256,0,2.1331843334810285,0.0,2.1331843334810285,2.1331843334810285,-13.839476782811674,1.1234461256024686,4.9630142365321746,100.0,0.5,0.0,0.8360013758638836,0.7749806827170258,5.0,-0.02121433988213539,0.0
2.3931796550750732,1.8654705970412233,-13.308910698167848,6.283185307179586,0.0,1.1234461256024686,-13.839476782811674,0.01888768975622887,0,1.8654705970412233,0.0,1.8654705970412233,1.8654705970412233,-12.566886226729093,0.9940860904598017,4.9811123102437715,100.0,0.5,0.0,0.8618603294216898,1.7581661369043096,5.0,-0.02121433988213539,0.0
2.4034197330474854,1.8654705970412233,-13.308910698167848,6.283185307179586,0.0,0.9940860904598017,-12.566886226729093,0.01350319039708131,0,1.8654705970412233,0.0,1.8654705970412233,1.8654705970412233,-12.437526191586427,0.8667248524740389,4.986496809602919,100.0,0.5,0.0,0.9248421249932439,0.5258260116430744,5.0,-0.02121433988213539,0.0
2.4134538173675537,1.8654705970412233,-13.308910698167848,6.283185307179586,0.0,0.8667248524740389,-12.437526191586427,-0.003033782569498822,0,1.8654705970412233,0.0,1.8654705970412233,1.8654705970412233,-12.310164953600664,0.7432036193356594,5.003033782569499,100.0,0.5,0.0,0.9453642259159879,1.6480799282806375,5.0,0.37452059984207153,39.43906858872309
2.4237825870513916,1.5251981823667589,-11.264184352057685,6.283185307179586,0.0,0.7432036193356594,-12.310164953600664,-0.01905314282901431,0,1.5251981823667589,0.0,1.5251981823667589,1.5251981823667589,-10.482189789026584,0.6349354952225265,5.019053142829014,100.0,0.5,0.0,0.9669639995191919,1.550945635333707,5.0,0.37452059984207153,0.0
2.433854341506958,1.5251981823667589,-11.264184352057685,6.283185307179586,0.0,0.6349354952225265,-10.482189789026584,-0.01593092855911213,0,1.5251981823667589,0.0,1.5251981823667589,1.5251981823667589,-10.373921664913452,0.5304519034722375,5.015930928559112,100.0,0.5,0.0,1.0202675995672728,0.3099970599637298,5.0,0.37452059984207153,0.0
2.443920612335205,1.3338330928551558,-9.515855271006716,6.283185307179586,0.0,0.5304519034722375,-10.373921664913452,-0.029475950163021264,0,1.3338330928551558,0.0,1.3338330928551558,1.3338330928551558,-8.712474081623798,0.44274977978252916,5.029475950163021,100.0,0.5,0.0,1.0409942164054655,1.3455848580886882,5.0,0.37452059984207153,0.0
2.453993558883667,1.2475068402898135,-8.601257754651888,6.283185307179586,0.0,0.44274977978252916,-8.712474081623798,-0.0251397716466839,0,1.2475068402898135,0.0,1.2475068402898135,1.2475068402898135,-7.796500694144604,0.3642160450253643,5.025139771646684,100.0,0.5,0.0,1.086894794764919,0.43047766564387024,5.0,0.37452059984207153,0.0
2.4641942977905273,1.2475068402898135,-8.601257754651888,6.283185307179586,0.0,0.3642160450253643,-7.796500694144604,-0.02697476063789503,0,1.2475068402898135,0.0,1.2475068402898135,1.2475068402898135,-7.7179669593874385,0.2854870791808782,5.026974760637895,100.0,0.5,0.0,1.1282053152884273,0.17988785008280486,5.0,0.7152522802352905,33.402646955708775
2.4743378162384033,1.2475068402898135,-8.601257754651888,6.283185307179586,0.0,0.2854870791808782,-7.7179669593874385,-0.037211478508551436,0,1.2475068402898135,0.0,1.2475068402898135,1.2475068402898135,-7.639237993542952,0.20799832766566018,5.037211478508551,100.0,0.5,0.0,1.1489776124079125,1.0091880764312058,5.0,0.7152522802352905,0.0
2.4844043254852295,1.2475068402898135,-8.601257754651888,6.283185307179586,0.0,0.20799832766566018,-7.639237993542952,-0.047272614062237095,0,1.2475068402898135,0.0,1.2475068402898135,1.2475068402898135,-7.561749242027735,0.13187790899860719,5.047272614062237,100.0,0.5,0.0,1.1679859408880247,0.9994661810754103,5.0,0.7152522802352905,0.0
2.494513988494873,0.9541048755389101,-7.295052725455699,6.283185307179586,0.0,0.13187790899860719,-7.561749242027735,-0.05715458516047234,0,0.9541048755389101,0.0,0.9541048755389101,0.9541048755389101,-6.472825758915397,0.06643982185583223,5.057154585160473,100.0,0.5,0.0,1.1858019512100433,0.9774777941469347,5.0,0.7152522802352905,0.0
2.504624128341675,0.8921094543327748,-6.151733969258289,6.283185307179586,0.0,0.06643982185583223,-6.472825758915397,-0.05542668252933746,0,0.8921094543327748,0.0,0.8921094543327748,0.8921094543327748,-5.3260643367813465,0.012592566577909366,5.055426682529338,100.0,0.5,0.0,1.2172217560890388,0.17090788627236267,5.0,1.0086256265640259,29.01773375781158
2.514741897583008,0.83421792120002,-5.75226686688253,6.283185307179586,0.0,0.012592566577909366,-5.3260643367813465,-0.051497684046906154,0,0.83421792120002,0.0,0.83421792120002,0.83421792120002,-4.9306415122604195,-0.037294526454878775,5.051497684046907,100.0,0.5,0.0,1.2454995804801352,0.38832655585587006,5.0,1.0086256265640259,0.0
2.5248117446899414,0.83421792120002,-5.75226686688253,6.283185307179586,0.0,-0.037294526454878775,-4.9306415122604195,0.0,0,0.83421792120002,0.0,0.83421792120002,0.83421792120002,-4.880754419227631,-0.08644297722299149,5.0,100.0,0.5,0.0,1.1259496224321217,5.114048257142596,5.0,1.0086256265640259,0.0
2.534878969192505,0.7296340883243415,-5.205059490546309,6.283185307179586,0.0,-0.08644297722299149,-4.880754419227631,0.0,0,0.7296340883243415,0.0,0.7296340883243415,0.7296340883243415,-4.388982424998976,-0.13062784863326163,5.0,100.0,0.5,0.0,1.1633546601889098,0.0,5.0,1.0086256265640259,0.0
2.5449604988098145,0.7296340883243415,-5.205059490546309,6.283185307179586,0.0,-0.13062784863326163,-4.388982424998976,0.0,0,0.7296340883243415,0.0,0.7296340883243415,0.7296340883243415,-4.344797553588705,-0.17443005385098032,5.0,100.0,0.5,0.0,1.1970191941700188,0.0,5.0,1.2612227201461792,25.055433368806906
2.555034637451172,0.7296340883243415,-5.205059490546309,6.283185307179586,0.0,-0.17443005385098032,-4.344797553588705,0.0,0,0.7296340883243415,0.0,0.7296340883243415,0.7296340883243415,-4.300995348370987,-0.21775887728630297,5.0,100.0,0.5,0.0,1.227317274753017,0.0,5.0,1.2612227201461792,0.0
2.565103530883789,5.434223945452131,155.71962985614132,6.283185307179586,0.0,-0.21775887728630297,-4.300995348370987,0.0,0,5.434223945452131,0.0,5.434223945452131,5.434223945452131,100.0,0.7891304659754158,5.0,100.0,0.5,0.0,1.2545855472777152,0.0,5.0,1.2612227201461792,0.0
2.5751819610595703,5.434223945452131,155.71962985614132,6.283185307179586,0.0,0.7891304659754158,100.0,1.1104782652365581,0,5.434223945452131,0.0,5.434223945452131,5.434223945452131,100.0,1.7969734835535407,3.889521734763442,100.0,0.5,0.0,1.1341269925499435,110.18365418704478,5.0,1.2612227201461792,0.0
2.585411787033081,9.469627158114248,200.78897974377873,6.283185307179586,0.0,1.7969734835535407,100.0,1.2515762876974956,0,9.469627158114248,0.0,9.469627158114248,9.469627158114248,100.0,2.819956080904615,3.7484237123025044,100.0,0.5,0.0,1.025714293294949,13.79280770037523,5.0,1.2612227201461792,0.0
2.59561824798584,9.469627158114248,200.78897974377873,6.283185307179586,0.0,2.819956080904615,100.0,1.394793851326646,0,9.469627158114248,0.0,9.469627158114248,9.469627158114248,100.0,3.840602176180494,3.605206148673354,100.0,0.5,0.0,0.9281428639654541,14.032049335420123,5.0,1.4787112474441528,21.30890700553622
2.6056840419769287,13.009526864221826,175.57400221043974,5.452841617415815,-41.18386873234726,3.840602176180494,100.0,1.537684304665269,0,13.009526864221826,0.0,13.009526864221826,13.009526864221826,100.0,4.8471815752893805,3.462315695334731,100.0,0.5,0.0,0.8403285775689087,14.195646509865227,5.0,1.4787112474441528,0.0
2.615753412246704,14.809711233138914,179.45810950435936,2.8756157822410393,-256.9203933397562,4.8471815752893805,100.0,1.6786054205405132,0,14.809711233138914,0.0,14.809711233138914,14.809711233138914,100.0,5.85411860226692,3.321394579459487,100.0,0.5,0.0,0.7612957198120178,13.995027702798692,5.0,1.4787112474441528,0.0
2.625861883163452,16.49758580525899,167.8352592243314,0.45917776127365517,-240.28059214090663,5.85411860226692,100.0,1.8195766043173687,0,16.49758580525899,0.0,16.49758580525899,16.49758580525899,100.0,6.864965693941724,3.1804233956826313,100.0,0.5,0.0,0.6901661478308161,13.9458465021935,5.0,1.4787112474441528,0.0
2.636070728302002,16.49758580525899,167.8352592243314,0.45917776127365517,-240.28059214090663,6.864965693941724,100.0,1.9610951971518413,0,16.49758580525899,0.0,16.49758580525899,16.49758580525899,100.0,7.885850207796705,3.0389048028481587,100.0,0.5,0.0,0.6261495330477345,13.86235082556809,5.0,1.665971040725708,18.34289684485859
2.646322250366211,19.971284171542315,172.67029654885232,-4.022569859700964,-222.77832130795966,7.885850207796705,100.0,2.104019029091539,0,19.971284171542315,0.0,19.971284171542315,19.971284171542315,100.0,8.911002414217602,2.895980970908461,100.0,0.5,0.0,0.5685345797429611,13.941718219452111,5.0,1.665971040725708,0.0
2.6564207077026367,19.971284171542315,172.67029654885232,-4.022569859700964,-222.77832130795966,8.911002414217602,100.0,2.2475403379904644,0,19.971284171542315,0.0,19.971284171542315,19.971284171542315,100.0,9.92084814786018,2.7524596620095356,100.0,0.5,0.0,0.516681121768665,14.212201341014216,5.0,1.665971040725708,0.0
2.6666018962860107,19.971284171542315,172.67029654885232,-4.022569859700964,-222.77832130795966,9.92084814786018,100.0,2.3889187407004253,0,19.971284171542315,0.0,19.971284171542315,19.971284171542315,100.0,10.938967006197583,2.6110812592995747,100.0,0.5,0.0,0.4700130095917985,13.886237500878158,5.0,1.665971040725708,0.0
2.6766340732574463,24.381051597127467,146.15838504430377,-6.283185307179586,-74.92637845086313,10.938967006197583,100.0,2.5314553808676616,0,24.381051597127467,0.0,24.381051597127467,24.381051597127467,100.0,11.942184703341137,2.4685446191323384,100.0,0.5,0.0,0.42801170863261867,14.20794714577689,5.0,1.498238444328308,-16.71946147630591
2.6867151260375977,25.718069778939196,132.07396863037346,-6.283185307179586,0.0,11.942184703341137,100.0,2.6719058584677593,0,25.718069778939196,0.0,25.718069778939196,25.718069778939196,100.0,12.950289981356274,2.3280941415322407,100.0,0.5,0.0,0.3902105377693568,13.932124021474351,5.0,1.498238444328308,0.0
2.696786403656006,26.956618761848404,123.49286723748449,-6.283185307179586,0.0,12.950289981356274,100.0,2.813040597389879,0,26.956618761848404,0.0,26.956618761848404,26.956618761848404,100.0,13.957417743197094,2.186959402610121,100.0,0.5,0.0,0.3561894839924212,14.013588371762745,5.0,1.498238444328308,0.0
2.7068543434143066,26.956618761848404,123.49286723748449,-6.283185307179586,0.0,13.957417743197094,100.0,2.9540384840475937,0,26.956618761848404,0.0,26.956618761848404,26.956618761848404,100.0,14.964211719027173,2.0459615159524063,100.0,0.5,0.0,0.32557053559317906,14.004641470114615,5.0,1.498238444328308,0.0
2.7170608043670654,29.305883455663313,116.70927064867888,-6.283185307179586,0.0,14.964211719027173,100.0,3.094989640663804,0,29.305883455663313,0.0,29.305883455663313,29.305883455663313,100.0,15.984857814303052,1.9050103593361958,100.0,0.5,0.0,0.2980134820338612,13.809993225723519,5.0,1.498238444328308,0.0
2.7271270751953125,29.305883455663313,116.70927064867888,-6.283185307179586,0.0,15.984857814303052,100.0,3.2378800940024273,0,29.305883455663313,0.0,29.305883455663313,29.305883455663313,100.0,16.99148489712776,1.7621199059975727,100.0,0.5,0.0,0.2732121338304751,14.194974065038725,5.0,0.8972114324569702,-59.70701783472679
2.7371978759765625,29.305883455663313,116.70927064867888,-6.283185307179586,0.0,16.99148489712776,100.0,3.3788078855978863,0,29.305883455663313,0.0,29.305883455663313,29.305883455663313,100.0,17.99856497525276,1.6211921144021137,100.0,0.5,0.0,0.2508909204474276,13.993702651515152,5.0,0.8972114324569702,0.0
2.747276782989502,29.305883455663313,116.70927064867888,-6.283185307179586,0.0,17.99856497525276,100.0,3.5197990965353863,0,29.305883455663313,0.0,29.305883455663313,29.305883455663313,100.0,19.006455676546704,1.4802009034646137,100.0,0.5,0.0,0.23080182840268487,13.988740123953257,5.0,0.8972114324569702,0.0
2.757352113723755,33.09721345680141,94.24630523145844,-6.283185307179586,0.0,19.006455676546704,100.0,3.6609037947165386,0,33.09721345680141,0.0,33.09721345680141,33.09721345680141,100.0,20.013988749971997,1.3390962052834614,100.0,0.5,0.0,0.2127216455624164,14.004969355640219,5.0,0.8972114324569702,0.0
2.7674336433410645,33.897754899659134,79.47440592544027,-6.283185307179586,0.0,20.013988749971997,100.0,3.8019584249960796,0,33.897754899659134,0.0,33.897754899659134,33.897754899659134,93.3581720751274,20.955181926765277,1.1980415750039204,100.0,0.5,0.0,0.19644948100617476,13.991391746482204,5.0,0.8972114324569702,0.0
2.7775039672851562,34.67082702408255,76.91120528849427,-6.283185307179586,0.0,20.955181926765277,93.3581720751274,3.8673071904984133,0,34.67082702408255,0.0,34.67082702408255,34.67082702408255,90.62685038581154,21.86782366818314,1.1326928095015867,100.0,0.5,0.0,0.1818045329055573,6.4892416435792475,5.0,0.379721462726593,-51.38761896870117
2.787569999694824,34.67082702408255,76.91120528849427,-6.283185307179586,0.0,21.86782366818314,90.62685038581154,3.967763817403755,0,34.67082702408255,0.0,34.67082702408255,34.67082702408255,89.71420864439368,22.77088980000532,1.032236182596245,100.0,0.5,0.0,0.16862407961500156,9.979763904679832,5.0,0.379721462726593,0.0
2.797640323638916,34.67082702408255,76.91120528849427,-6.283185307179586,0.0,22.77088980000532,89.71420864439368,4.085066658444682,0,34.67082702408255,0.0,34.67082702408255,34.67082702408255,88.81114251257151,23.665246774951818,0.9149333415553178,100.0,0.5,0.0,0.1567616716535014,11.648368184793902,5.0,0.379721462726593,0.0
2.8077123165130615,34.67082702408255,76.91120528849427,-6.283185307179586,0.0,23.665246774951818,88.81114251257151,4.2012459736189705,0,34.67082702408255,0.0,34.67082702408255,34.67082702408255,87.916785537625,24.550744012404557,0.7987540263810295,100.0,0.5,0.0,0.14608550448815127,11.534888539537885,5.0,0.379721462726593,0.0
2.8177859783172607,37.3708996805483,67.14926828046292,-6.283185307179586,0.0,24.550744012404557,87.916785537625,4.3162720171128885,0,37.3708996805483,0.0,37.3708996805483,37.3708996805483,79.96942394860666,25.35632894393945,0.6837279828871115,100.0,0.5,0.0,0.13647695403933616,11.418493664932184,5.0,-0.06584241986274719,-44.230577842468996
2.828230857849121,37.94296812925025,56.62235658543433,-6.283185307179586,0.0,25.35632894393945,79.96942394860666,4.34958029163759,0,37.94296812925025,0.0,37.94296812925025,37.94296812925025,69.20899577074513,26.079208567285914,0.6504197083624099,100.0,0.5,0.0,0.1861850799128783,3.1889572706990283,5.0,-0.06584241986274719,0.0
2.838300943374634,37.94296812925025,56.62235658543433,-6.283185307179586,0.0,26.079208567285914,69.20899577074513,4.34317915712748,0,37.94296812925025,0.0,37.94296812925025,37.94296812925025,68.48611614739866,26.768869614200415,0.65682084287252,100.0,0.5,0.0,0.31319535662777265,0.6356584056702081,5.0,-0.06584241986274719,0.0
2.8484692573547363,38.95373922256013,50.3172659160173,-6.283185307179586,0.0,26.768869614200415,68.48611614739866,4.4325029074620454,0,38.95373922256013,0.0,38.95373922256013,38.95373922256013,62.50213552437701,27.404410952639203,0.5674970925379546,100.0,0.5,0.0,0.2868758209649954,8.784519292908838,5.0,-0.06584241986274719,0.0
2.8585731983184814,38.95373922256013,50.3172659160173,-6.283185307179586,0.0,27.404410952639203,62.50213552437701,4.461638888613259,0,38.95373922256013,0.0,38.95373922256013,38.95373922256013,61.866594185938226,28.0295073679219,0.5383611113867408,100.0,0.5,0.0,0.3313825304251801,2.883625434447731,5.0,-0.44947728514671326,-37.96883480025485
2.868701696395874,38.95373922256013,50.3172659160173,-6.283185307179586,0.0,28.0295073679219,61.866594185938226,4.542796973368449,0,38.95373922256013,0.0,38.95373922256013,38.95373922256013,61.24149777065553,28.649791760348627,0.457203026631551,100.0,0.5,0.0,0.30324427738266213,8.01284495835958,5.0,-0.44947728514671326,0.0
2.8787682056427,40.164872214292046,40.13193303591544,-6.283185307179586,0.0,28.649791760348627,61.24149777065553,4.623385824155363,0,40.164872214292046,0.0,40.164872214292046,40.164872214292046,51.64701348985886,29.169696899215243,0.37661417584463663,100.0,0.5,0.0,0.2779198496443959,8.005640168892,5.0,-0.44947728514671326,0.0
2.888833999633789,40.164872214292046,40.13193303591544,-6.283185307179586,0.0,29.169696899215243,51.64701348985886,4.6002277007887225,0,40.164872214292046,0.0,40.164872214292046,40.164872214292046,51.127108350992245,29.68433183923641,0.39977229921127755,100.0,0.5,0.0,0.34210610579291845,2.300675275804625,5.0,-0.44947728514671326,0.0
2.8988993167877197,40.164872214292046,40.13193303591544,-6.283185307179586,0.0,29.68433183923641,51.127108350992245,4.66707754100302,0,40.164872214292046,0.0,40.164872214292046,40.164872214292046,50.61247341097108,30.193762436062716,0.3329224589969799,100.0,0.5,0.0,0.31289549521362664,6.64160296113389,5.0,-0.7797906994819641,-32.816990193523935
2.908942937850952,40.164872214292046,40.13193303591544,-6.283185307179586,0.0,30.193762436062716,50.61247341097108,4.733251475158491,0,40.164872214292046,0.0,40.164872214292046,40.164872214292046,50.10304281414477,30.696978412202895,0.2667485248415087,100.0,0.5,0.0,0.286605945692264,6.588653010587989,5.0,-0.7797906994819641,0.0
2.9192304611206055,41.31031361817873,28.470775378898097,-6.283185307179586,0.0,30.696978412202895,50.10304281414477,4.798607405849854,0,41.31031361817873,0.0,41.31031361817873,41.31031361817873,39.08411058487393,31.099057109318487,0.2013925941501462,100.0,0.5,0.0,0.26294535112303763,6.352931505307293,5.0,-0.7797906994819641,0.0
2.929306983947754,41.55167991649012,24.009572642538913,-6.283185307179586,0.0,31.099057109318487,39.08411058487393,4.744709101153328,0,41.55167991649012,0.0,41.55167991649012,41.55167991649012,34.46219544971055,31.446316208441147,0.2552908988466722,100.0,0.5,0.0,0.24165081601073388,5.348899180907104,5.0,-0.7797906994819641,0.0
2.939332962036133,41.77752434598061,22.452776647696563,-6.283185307179586,0.0,31.446316208441147,34.46219544971055,4.747106223678866,0,41.77752434598061,0.0,41.77752434598061,41.77752434598061,32.78398478523603,31.77500772154767,0.25289377632113386,100.0,0.5,0.0,0.3674857344096605,0.2390911394786375,5.0,-0.7797906994819641,0.0
2.949402093887329,41.919073059099226,14.046712100228834,-6.283185307179586,0.0,31.77500772154767,32.78398478523603,4.776340928869034,0,41.919073059099226,0.0,41.919073059099226,41.919073059099226,24.19077743778039,32.01858784915162,0.22365907113096561,100.0,0.5,0.0,0.40329431120612436,2.903398785734933,5.0,-1.064193844795227,-28.245051263230174
2.9595015048980713,42.05115242603677,13.134982384854057,-6.283185307179586,0.0,32.01858784915162,24.19077743778039,4.724510073259031,0,42.05115242603677,0.0,42.05115242603677,42.05115242603677,23.167546961739205,32.2525664280289,0.2754899267409687,100.0,0.5,0.0,0.3679648800855119,5.132067162617056,5.0,-1.064193844795227,0.0
2.9695687294006348,42.05115242603677,13.134982384854057,-6.283185307179586,0.0,32.2525664280289,23.167546961739205,4.747034769541439,0,42.05115242603677,0.0,42.05115242603677,42.05115242603677,22.933568382861928,32.48344380958406,0.25296523045856123,100.0,0.5,0.0,0.4251845808075306,2.2374286256030054,5.0,-1.064193844795227,0.0
2.9796340465545654,42.06301203789067,0.5894327290502097,-6.283185307179586,0.0,32.48344380958406,22.933568382861928,4.777017817170388,0,42.06301203789067,0.0,42.06301203789067,42.06301203789067,10.169000957356822,32.58579802935848,0.2229821828296119,100.0,0.5,0.0,0.4527921388007002,2.978847777016194,5.0,-1.064193844795227,0.0
2.989712715148926,42.06301203789067,0.5894327290502097,-6.283185307179586,0.0,32.58579802935848,10.169000957356822,4.663701733683756,0,42.06301203789067,0.0,42.06301203789067,42.06301203789067,10.066646737582403,32.687256425683074,0.33629826631624393,100.0,0.5,0.0,0.4125129249206302,11.243159989409662,5.0,-1.309067726135254,-24.29625292740047
2.9999260902404785,42.06301203789067,0.5894327290502097,-6.283185307179586,0.0,32.687256425683074,10.066646737582403,4.676882366971455,0,42.06301203789067,0.0,42.06301203789067,42.06301203789067,9.965188341257807,32.78903463207031,0.323117633028545,100.0,0.5,0.0,0.4957891053183501,1.2905267034205312,5.0,-1.309067726135254,0.0
3.0100419521331787,42.07807509046996,0.49889071838454685,-6.283185307179586,0.0,32.78903463207031,9.965188341257807,4.690116731902423,0,42.07807509046996,0.0,42.07807509046996,42.07807509046996,9.787931176784195,32.888047992069914,0.30988326809757716,100.0,0.5,0.0,0.5701656643616975,1.3082785304253743,5.0,-1.309067726135254,0.0
3.020167350769043,41.985385775888865,-9.190061293636985,-4.688508785540467,158.11072768874652,32.888047992069914,9.787931176784195,4.70220603065763,0,41.985385775888865,0.0,41.985385775888865,41.985385775888865,-0.09272350981803434,32.88710912957009,0.29779396934237035,100.0,0.5,0.0,0.6407882352398404,1.1939578074868482,5.0,-1.309067726135254,0.0
3.0304789543151855,41.89886053357126,-8.59291494894422,-2.4032135008290543,226.9551345798697,32.88710912957009,-0.09272350981803434,4.603268043041633,0,41.89886053357126,0.0,41.89886053357126,41.89886053357126,0.41883645505694744,32.891428005045306,0.3967319569583667,100.0,0.5,0.0,0.5817094117158564,9.594820744733504,5.0,-1.309067726135254,0.0
3.0405468940734863,41.89886053357126,-8.59291494894422,-2.4032135008290543,226.9551345798697,32.891428005045306,0.41883645505694744,4.608988285256912,0,41.89886053357126,0.0,41.89886053357126,41.89886053357126,0.41451757958173374,32.89560134306529,0.3910117147430876,100.0,0.5,0.0,0.6713420708586776,0.5681641281735827,5.0,-1.5199065208435059,-20.94160272804774
3.0507569313049316,41.515372964706756,-19.080004318319745,1.5702196947827916,197.69382031159236,32.89560134306529,0.41451757958173374,4.609529363824958,0,41.515372964706756,0.0,41.515372964706756,41.515372964706756,-10.460232696678275,32.78880197778262,0.3904706361750421,100.0,0.5,0.0,0.7542078637728099,0.05299476934120187,5.0,-1.5199065208435059,0.0
3.060821056365967,41.515372964706756,-19.080004318319745,1.5702196947827916,197.69382031159236,32.78880197778262,-10.460232696678275,4.485829949922785,0,41.515372964706756,0.0,41.515372964706756,41.515372964706756,-10.353433331395607,32.68460372992436,0.5141700500772153,100.0,0.5,0.0,0.6837870773955289,12.291124479473625,5.0,-1.5199065208435059,0.0
3.07088565826416,41.179745640176534,-16.686497988293457,5.047758110412546,172.89396165178502,32.68460372992436,-10.353433331395607,4.472310188875455,0,41.179745640176534,0.0,41.179745640176534,41.179745640176534,-8.191356078041284,32.60216099199253,0.5276898111245449,100.0,0.5,0.0,0.7382354294687841,1.343298143740441,5.0,-1.5199065208435059,0.0
3.0809531211853027,40.71068244360232,-46.6218071907868,6.283185307179586,122.793365556264,32.60216099199253,-8.191356078041284,4.482388978098542,0,40.71068244360232,0.0,40.71068244360232,40.71068244360232,-38.513285739177,32.21442991584199,0.517611021901458,100.0,0.5,0.0,0.7982645241108329,1.0011250403436351,5.0,-1.642677664756775,-12.194844408658172
3.0911190509796143,40.27075275654788,-43.59286633271557,6.283185307179586,0.0,32.21442991584199,-38.513285739177,4.12488733082611,0,40.27075275654788,0.0,40.27075275654788,40.27075275654788,-35.536543492009685,31.85316790956972,0.8751126691738902,100.0,0.5,0.0,0.7234380716997496,35.16664530503415,5.0,-1.642677664756775,0.0
3.1013050079345703,40.27075275654788,-43.59286633271557,6.283185307179586,0.0,31.85316790956972,-35.536543492009685,4.104078072419664,0,40.27075275654788,0.0,40.27075275654788,40.27075275654788,-35.175281485737415,31.494874006477534,0.8959219275803356,100.0,0.5,0.0,0.7513774370763229,2.042936024417473,5.0,-1.642677664756775,0.0
3.1113438606262207,39.47789906240175,-39.44101785888514,6.283185307179586,0.0,31.494874006477534,-35.175281485737415,4.057529546049482,0,39.47789906240175,0.0,39.47789906240175,39.47789906240175,-31.457992802960927,31.179071850753612,0.9424704539505182,100.0,0.5,0.0,0.6929416033601854,4.636837276126022,5.0,-1.642677664756775,0.0
3.1214101314544678,38.714790997871226,-75.89829995714142,6.283185307179586,0.0,31.179071850753612,-31.457992802960927,4.050490131075898,0,38.714790997871226,0.0,38.714790997871226,38.714790997871226,-68.3625808100238,30.490915597801987,0.9495098689241024,100.0,0.5,0.0,0.7672253243560065,0.699307131080837,5.0,-1.642677664756775,0.0
3.131500244140625,38.00033864632067,-70.97487875507228,6.283185307179586,0.0,30.490915597801987,-68.3625808100238,3.5851023755920406,0,38.00033864632067,0.0,38.00033864632067,38.00033864632067,-63.4654557065536,29.85054199804454,1.4148976244079594,100.0,0.5,0.0,0.6955027919204059,46.123147477067256,5.0,-1.0215753316879272,61.55553980293471
3.1416471004486084,38.00033864632067,-70.97487875507228,6.283185307179586,0.0,29.85054199804454,-63.4654557065536,3.5444213226606998,0,38.00033864632067,0.0,38.00033864632067,38.00033864632067,-62.82508210679615,29.21306491736962,1.4555786773393002,100.0,0.5,0.0,0.6628774120709797,4.0092272617809295,5.0,-1.0215753316879272,0.0
3.1518537998199463,36.315186558960924,-83.79816636973105,6.283185307179586,0.0,29.21306491736962,-62.82508210679615,3.4615782673637856,0,36.315186558960924,0.0,36.315186558960924,36.315186558960924,-76.69604472813975,28.430251445858815,1.5384217326362144,100.0,0.5,0.0,0.6015896708638818,8.11653721569886,5.0,-1.0215753316879272,0.0
3.1619200706481934,35.553306162000254,-75.73848114556635,6.283185307179586,0.0,28.430251445858815,-76.69604472813975,3.213274755138837,0,35.553306162000254,0.0,35.553306162000254,35.553306162000254,-68.61542642942491,27.739549980424563,1.786725244861163,100.0,0.5,0.0,0.5464307037774937,24.6668817540833,5.0,-1.0215753316879272,0.0
3.172102212905884,35.553306162000254,-75.73848114556635,6.283185307179586,0.0,27.739549980424563,-68.61542642942491,3.19738273296519,0,35.553306162000254,0.0,35.553306162000254,35.553306162000254,-67.92472496399066,27.047930768026713,1.80261726703481,100.0,0.5,0.0,0.6076071401431232,1.5607739286537579,5.0,-0.4867998957633972,52.52091577493151
3.182239294052124,33.830116221500056,-85.5942972548525,6.283185307179586,0.0,27.047930768026713,-67.92472496399066,3.1074630578838334,0,33.830116221500056,0.0,33.830116221500056,33.830116221500056,-78.81211180137916,26.249005995389574,1.8925369421161666,100.0,0.5,0.0,0.551846426128811,8.870371439682831,5.0,-0.4867998957633972,0.0
3.1923956871032715,33.830116221500056,-85.5942972548525,6.283185307179586,0.0,26.249005995389574,-78.81211180137916,2.8867397213407493,0,33.830116221500056,0.0,33.830116221500056,33.830116221500056,-78.01318702874202,25.45667340475299,2.1132602786592507,100.0,0.5,0.0,0.5016617835159298,21.732453188009195,5.0,-0.4867998957633972,0.0
3.202460765838623,33.830116221500056,-85.5942972548525,6.283185307179586,0.0,25.45667340475299,-78.01318702874202,2.783802406377999,0,33.830116221500056,0.0,33.830116221500056,33.830116221500056,-77.22085443810545,24.679439424822334,2.216197593622001,100.0,0.5,0.0,0.45649560516433685,10.227174339054477,5.0,-0.4867998957633972,0.0
3.2125542163848877,27.666698014977015,-204.30117862482638,6.283185307179586,0.0,24.679439424822334,-77.22085443810545,2.6829129750940726,0,27.666698014977015,0.0,27.666698014977015,27.666698014977015,-100.0,23.67009437019587,2.3170870249059274,100.0,0.5,0.0,0.4158460446479032,9.99553431420568,5.0,-0.4867998957633972,0.0
3.222637891769409,27.666698014977015,-204.30117862482638,6.283185307179586,0.0,23.67009437019587,-100.0,2.313813211827422,0,27.666698014977015,0.0,27.666698014977015,27.666698014977015,-100.0,22.66172683174372,2.686186788172578,100.0,0.5,0.0,0.3792614401831129,36.60369351369853,5.0,-0.026353012770414352,45.66260469865702
3.2327070236206055,24.17097689295922,-172.53000111744382,6.283185307179586,0.0,22.66172683174372,-100.0,2.172641756444121,0,24.17097689295922,0.0,24.17097689295922,24.17097689295922,-100.0,21.654813646624092,2.827358243555879,100.0,0.5,0.0,0.34633529616480163,14.020221154073829,5.0,-0.026353012770414352,0.0
3.242826223373413,24.17097689295922,-172.53000111744382,6.283185307179586,0.0,21.654813646624092,-100.0,2.031673910527373,0,24.17097689295922,0.0,24.17097689295922,24.17097689295922,-100.0,20.64289367134333,2.968326089472627,100.0,0.5,0.0,0.3167017665483215,13.930730626958509,5.0,-0.026353012770414352,0.0
3.252849578857422,21.144149145804494,-150.8255108788098,6.283185307179586,0.0,20.64289367134333,-100.0,1.8900051139880665,0,21.144149145804494,0.0,21.144149145804494,21.144149145804494,-100.0,19.64055812294245,3.1099948860119335,100.0,0.5,0.0,0.29003158989348937,14.133869318046669,5.0,-0.026353012770414352,0.0
3.2629189491271973,21.144149145804494,-150.8255108788098,6.283185307179586,0.0,19.64055812294245,-100.0,1.7496781372119434,0,21.144149145804494,0.0,21.144149145804494,21.144149145804494,-100.0,18.633621095964912,3.2503218627880566,100.0,0.5,0.0,0.26602843090414047,13.936023109343184,5.0,0.3700960874557495,39.37178687491121
3.272984504699707,21.144149145804494,-150.8255108788098,6.283185307179586,0.0,18.633621095964912,-100.0,1.608706953435088,0,21.144149145804494,0.0,21.144149145804494,21.144149145804494,-100.0,17.627065538713936,3.391293046564912,100.0,0.5,0.0,0.24442558781372642,14.005305793737268,5.0,0.3700960874557495,0.0
3.2830870151519775,17.290056932667717,-127.6834411703299,6.283185307179586,0.0,17.627065538713936,-100.0,1.4677891754199512,0,17.290056932667717,0.0,17.290056932667717,17.290056932667717,-100.0,16.616814493486885,3.5322108245800488,100.0,0.5,0.0,0.2249830290323538,13.948788143393198,5.0,0.3700960874557495,0.0
3.293153762817383,17.290056932667717,-127.6834411703299,6.283185307179586,0.0,16.616814493486885,-100.0,1.3263540290881641,0,17.290056932667717,0.0,17.290056932667717,17.290056932667717,-100.0,15.610139726946358,3.673645970911836,100.0,0.5,0.0,0.20748472612911842,14.049735925917155,5.0,0.3700960874557495,0.0
3.3032190799713135,17.290056932667717,-127.6834411703299,6.283185307179586,0.0,15.610139726946358,-100.0,1.1854195617724903,0,17.290056932667717,0.0,17.290056932667717,17.290056932667717,-100.0,14.60360801155329,3.8145804382275097,100.0,0.5,0.0,0.19173625351620657,14.00198971978113,5.0,0.7114427089691162,33.91315110026766
3.3133456707000732,14.140971779275445,-104.41858802632409,6.283185307179586,0.0,14.60360801155329,-100.0,1.0445051216174606,0,14.140971779275445,0.0,14.140971779275445,14.140971779275445,-100.0,13.590948938677311,3.9554948783825394,100.0,0.5,0.0,0.17756262816458593,13.915289353486882,5.0,0.7114427089691162,0.0
3.323410987854004,14.140971779275445,-104.41858802632409,6.283185307179586,0.0,13.590948938677311,-100.0,0.9027328514148236,0,14.140971779275445,0.0,14.140971779275445,14.140971779275445,-100.0,12.584417223284243,4.097267148585177,100.0,0.5,0.0,0.16480636534812734,14.085226330625126,5.0,0.7114427089691162,0.0
3.3335037231445312,14.140971779275445,-104.41858802632409,6.283185307179586,0.0,12.584417223284243,-100.0,0.7618184112597941,0,14.140971779275445,0.0,14.140971779275445,14.140971779275445,-100.0,11.575143694231507,4.238181588740206,100.0,0.5,0.0,0.1533257288133146,13.961967306056906,5.0,0.7114427089691162,0.0
3.343754529953003,14.140971779275445,-104.41858802632409,6.283185307179586,0.0,11.575143694231507,-100.0,0.6205201171924111,0,14.140971779275445,0.0,14.140971779275445,14.140971779275445,-100.0,10.550063013384337,4.379479882807589,100.0,0.5,0.0,0.14299315593198314,13.784114431910709,5.0,1.0053454637527466,28.671182695662285
3.3538217544555664,10.811486311251546,-82.67886810026059,6.283185307179586,0.0,10.550063013384337,-100.0,0.47700882187380733,0,10.811486311251546,0.0,10.811486311251546,10.811486311251546,-82.41744480239338,9.72034809363101,4.522991178126192,100.0,0.5,0.0,0.13369384033878484,14.255298993487292,5.0,1.0053454637527466,0.0
3.3639163970947266,10.110653336231259,-69.71437330628459,6.283185307179586,0.0,9.72034809363101,-82.41744480239338,0.5366742850844078,0,10.110653336231259,0.0,10.110653336231259,10.110653336231259,-69.32406806368434,9.0205464002353,4.463325714915592,100.0,0.5,0.0,0.12532445630490635,5.910606778603556,5.0,1.0053454637527466,0.0
3.373983144760132,9.45531057206692,-65.19548343505934,6.283185307179586,0.0,9.0205464002353,-69.32406806368434,0.5696358153960988,0,9.45531057206692,0.0,9.45531057206692,9.45531057206692,-64.76071926322773,8.368616580782236,4.430364184603901,100.0,0.5,0.0,0.17339796860306056,3.274297857386885,5.0,1.0053454637527466,0.0
3.3842461109161377,9.45531057206692,-65.19548343505934,6.283185307179586,0.0,8.368616580782236,-64.76071926322773,0.5239991286772359,0,9.45531057206692,0.0,9.45531057206692,9.45531057206692,-64.10878944377465,7.710670244418271,4.476000871322764,100.0,0.5,0.0,0.17888561236445297,4.4467346013955655,5.0,1.0053454637527466,0.0
3.3943779468536377,9.45531057206692,-65.19548343505934,6.283185307179586,0.0,7.710670244418271,-64.10878944377465,0.43840593978081144,0,9.45531057206692,0.0,9.45531057206692,9.45531057206692,-63.45084310741069,7.067796711957932,4.561594060219188,100.0,0.5,0.0,0.16599705112800767,8.44794461975312,5.0,1.258398413658142,24.976021272590362
3.4044442176818848,7.730596021832317,-57.09351825441347,6.283185307179586,0.0,7.067796711957932,-63.45084310741069,0.3549831086000037,0,7.730596021832317,0.0,7.730596021832317,7.730596021832317,-56.43071894453908,6.499749812029509,4.6450168913999965,100.0,0.5,0.0,0.1543973460152069,8.287362083157353,5.0,1.258398413658142,0.0
3.414639472961426,7.730596021832317,-57.09351825441347,6.283185307179586,0.0,6.499749812029509,-56.43071894453908,0.3456577842387405,0,7.730596021832317,0.0,7.730596021832317,7.730596021832317,-55.86267204461066,5.930215609937424,4.654342215761259,100.0,0.5,0.0,0.27559592703080815,0.9146729636065601,5.0,1.258398413658142,0.0
3.4247076511383057,7.730596021832317,-57.09351825441347,6.283185307179586,0.0,5.930215609937424,-55.86267204461066,0.27160346494513277,0,7.730596021832317,0.0,7.730596021832317,7.730596021832317,-55.293137842518576,5.373514446180166,4.728396535054867,100.0,0.5,0.0,0.2530363343277273,7.355284937612922,5.0,1.258398413658142,0.0
3.4347755908966064,7.730596021832317,-57.09351825441347,6.283185307179586,0.0,5.373514446180166,-55.293137842518576,0.1993606440400375,0,7.730596021832317,0.0,7.730596021832317,7.730596021832317,-54.736436678761315,4.822431299114352,4.800639355959962,100.0,0.5,0.0,0.2327327008949546,7.175531701561161,5.0,1.476279854774475,21.641114900066306
3.444955825805664,5.91264814176577,-45.20703902409238,6.283185307179586,0.0,4.822431299114352,-54.736436678761315,0.1277760150883962,0,5.91264814176577,0.0,5.91264814176577,5.91264814176577,-44.116822181440966,4.37331168586616,4.872223984911604,100.0,0.5,0.0,0.21445943080545915,7.031726634122226,5.0,1.476279854774475,0.0
3.4550259113311768,5.529179204398048,-38.125140395789856,6.283185307179586,0.0,4.37331168586616,-44.116822181440966,0.17109541420685276,0,5.529179204398048,0.0,5.529179204398048,5.529179204398048,-36.969272877257964,4.001027946176155,4.828904585793147,100.0,0.5,0.0,0.22051134660577795,4.301790586455923,5.0,1.476279854774475,0.0
3.465392589569092,5.529179204398048,-38.125140395789856,6.283185307179586,0.0,4.001027946176155,-36.969272877257964,0.19045118369208214,0,5.529179204398048,0.0,5.529179204398048,5.529179204398048,-36.59698913756796,3.621638735310516,4.809548816307918,100.0,0.5,0.0,0.3044087626563846,1.867113943446,5.0,1.476279854774475,0.0
3.4756650924682617,4.834631689720405,-34.494256201703855,6.283185307179586,0.0,3.621638735310516,-36.59698913756796,0.14105953156779272,0,4.834631689720405,0.0,4.834631689720405,4.834631689720405,-33.281263247293964,3.2797568621146516,4.858940468432207,100.0,0.5,0.0,0.28514997910263623,4.808141950320652,5.0,1.476279854774475,0.0
3.4857354164123535,4.834631689720405,-34.494256201703855,6.283185307179586,0.0,3.2797568621146516,-33.281263247293964,0.12635332822311163,0,4.834631689720405,0.0,4.834631689720405,4.834631689720405,-32.939381374098105,2.9480466211595,4.873646671776888,100.0,0.5,0.0,0.37569035160950964,1.460350573261264,5.0,1.6638779640197754,18.628805814669256
3.4958279132843018,4.834631689720405,-34.494256201703855,6.283185307179586,0.0,2.9480466211595,-32.939381374098105,0.083332713221349,0,4.834631689720405,0.0,4.834631689720405,4.834631689720405,-32.60767113314295,2.618953802246738,4.916667286778651,100.0,0.5,0.0,0.3668809045112541,4.26263347391635,5.0,1.6638779640197754,0.0
3.5059399604797363,3.953351795084642,-29.194817053869027,6.283185307179586,0.0,2.618953802246738,-32.60767113314295,0.040576820983113826,0,3.953351795084642,0.0,3.953351795084642,3.953351795084642,-27.860419061031124,2.337227929817006,4.959423179016886,100.0,0.5,0.0,0.36006149726487036,4.228213279852845,5.0,1.6638779640197754,0.0
3.5161917209625244,3.953351795084642,-29.194817053869027,6.283185307179586,0.0,2.337227929817006,-27.860419061031124,0.048607719564069674,0,3.953351795084642,0.0,3.953351795084642,3.953351795084642,-27.57869318860139,2.054497772819165,4.951392280435931,100.0,0.5,0.0,0.46492460880778685,0.7833677537081661,5.0,1.6638779640197754,0.0
3.526258707046509,3.457339692469374,-24.665372940597408,6.283185307179586,0.0,2.054497772819165,-27.57869318860139,0.011842756308669211,0,3.457339692469374,0.0,3.457339692469374,3.457339692469374,-23.2625310209472,1.8203141967530347,4.98815724369133,100.0,0.5,0.0,0.46686664697922187,3.6520327880347474,5.0,1.8254014253616333,16.044867847669572
3.5363306999206543,3.457339692469374,-24.665372940597408,6.283185307179586,0.0,1.8203141967530347,-23.2625310209472,0.02221867733595287,0,3.457339692469374,0.0,3.457339692469374,3.457339692469374,-23.028347444881067,1.5883728453848458,4.977781322664047,100.0,0.5,0.0,0.5530965471611887,1.0301755726930988,5.0,1.8254014253616333,0.0
3.546433925628662,3.022969294960309,-21.568640516093044,6.283185307179586,0.0,1.5883728453848458,-23.028347444881067,-0.007911276094932251,0,3.022969294960309,0.0,3.022969294960309,3.022969294960309,-20.134044066517582,1.3849540537658431,5.007911276094932,100.0,0.5,0.0,0.5678045297435858,2.982211256252954,5.0,1.8254014253616333,0.0
3.5565662384033203,3.022969294960309,-21.568640516093044,6.283185307179586,0.0,1.3849540537658431,-20.134044066517582,-0.007446873137957749,0,3.022969294960309,0.0,3.022969294960309,3.022969294960309,-19.930625274898578,1.1830107246860626,5.007446873137957,100.0,0.5,0.0,0.6610240767692273,0.04583385524142272,5.0,1.8254014253616333,0.0
3.5666396617889404,3.022969294960309,-21.568640516093044,6.283185307179586,0.0,1.1830107246860626,-19.930625274898578,-0.03368475129293699,0,3.022969294960309,0.0,3.022969294960309,3.022969294960309,-19.7286819458188,0.9842753586055901,5.033684751292937,100.0,0.5,0.0,0.677104734276526,2.6046634942827875,5.0,1.9644747972488403,13.805969089489006
3.576711654663086,2.472026154157111,-18.255109367171585,6.283185307179586,0.0,0.9842753586055901,-19.7286819458188,-0.05948826925340536,0,2.472026154157111,0.0,2.472026154157111,2.472026154157111,-16.767358571620065,0.8153946425539902,5.059488269253405,100.0,0.5,0.0,0.6929550067813502,2.561907884854168,5.0,1.9644747972488403,0.0
3.586789131164551,2.472026154157111,-18.255109367171585,6.283185307179586,0.0,0.8153946425539902,-16.767358571620065,-0.053518335758642,0,2.472026154157111,0.0,2.472026154157111,2.472026154157111,-16.598477855568465,0.6481238720044145,5.053518335758642,100.0,0.5,0.0,0.7706820563338131,0.5924036135331685,5.0,1.9644747972488403,0.0
3.5968756675720215,2.161550835985818,-15.422113820712326,6.283185307179586,0.0,0.6481238720044145,-16.598477855568465,-0.07524743647506663,0,2.161550835985818,0.0,2.161550835985818,2.161550835985818,-13.908686856730922,0.5078333956438887,5.075247436475067,100.0,0.5,0.0,0.7903096656495123,2.154267811925086,5.0,1.9644747972488403,0.0
3.606949806213379,2.02122700626957,-13.937360588083482,6.283185307179586,0.0,0.5078333956438887,-13.908686856730922,-0.0679901931771648,0,2.02122700626957,0.0,2.02122700626957,2.02122700626957,-12.423966977457802,0.3826726298373325,5.067990193177165,100.0,0.5,0.0,0.8541774528328578,0.7203835043632039,5.0,1.9644747972488403,0.0
3.61702036857605,1.8901599429790996,-13.033075102595383,6.283185307179586,0.0,0.3826726298373325,-12.423966977457802,-0.07066550159735147,0,1.8901599429790996,0.0,1.8901599429790996,1.8901599429790996,-11.525587789453617,0.2666034792372016,5.070665501597351,100.0,0.5,0.0,0.9187597075495721,0.26565630834116827,5.0,2.0842182636260986,11.890444849546627
3.6271004676818848,1.8901599429790996,-13.033075102595383,6.283185307179586,0.0,0.2666034792372016,-11.525587789453617,-0.07793139080132794,0,1.8901599429790996,0.0,1.8901599429790996,1.8901599429790996,-11.409518638853484,0.1515944006076873,5.077931390801328,100.0,0.5,0.0,0.9697685785888845,0.7208152546605959,5.0,2.0842182636260986,0.0
3.63716983795166,1.8901599429790996,-13.033075102595383,6.283185307179586,0.0,0.1515944006076873,-11.409518638853484,-0.09287197030345862,0,1.8901599429790996,0.0,1.8901599429790996,1.8901599429790996,-11.29450956022397,0.03786580183027412,5.092871970303459,100.0,0.5,0.0,0.9910926252493923,1.483765032156668,5.0,2.0842182636260986,0.0
3.6472370624542236,1.5457550007147698,-11.414588682589347,6.283185307179586,0.0,0.03786580183027412,-11.29450956022397,-0.10764388334600132,0,1.5457550007147698,0.0,1.5457550007147698,1.5457550007147698,-9.906699483704852,-0.061867165951612305,5.107643883346001,100.0,0.5,0.0,1.0108139284793987,1.4673272696741038,5.0,2.0842182636260986,0.0
3.657304048538208,1.4456510290052993,-9.967630248484653,6.283185307179586,0.0,-0.061867165951612305,-9.906699483704852,0.0,0,1.4456510290052993,0.0,1.4456510290052993,1.4456510290052993,-8.460112053527741,-0.14703499626342453,5.0,100.0,0.5,0.0,0.9147325356314588,10.692761711199003,5.0,2.0842182636260986,0.0
3.6673333644866943,1.4456510290052993,-9.967630248484653,6.283185307179586,0.0,-0.14703499626342453,-8.460112053527741,0.0,0,1.4456510290052993,0.0,1.4456510290052993,1.4456510290052993,-8.374944223215929,-0.2310299579290075,5.0,100.0,0.5,0.0,0.973259282068313,0.0,5.0,2.187318801879883,10.27991727285694
3.6774065494537354,1.2636518844288531,-9.01740898355148,6.283185307179586,0.0,-0.2310299579290075,-8.374944223215929,0.0,0,1.2636518844288531,0.0,1.2636518844288531,1.2636518844288531,-7.522727141193619,-0.3068077798788305,5.0,100.0,0.5,0.0,1.0259333538614817,0.0,5.0,2.187318801879883,0.0
3.6874701976776123,1.2636518844288531,-9.01740898355148,6.283185307179586,0.0,-0.3068077798788305,-7.522727141193619,0.0,0,1.2636518844288531,0.0,1.2636518844288531,1.2636518844288531,-7.446949319243796,-0.38175125816874,5.0,100.0,0.5,0.0,1.0733400184753337,0.0,5.0,2.187318801879883,0.0
3.6976256370544434,1.2636518844288531,-9.01740898355148,6.283185307179586,0.0,-0.38175125816874,-7.446949319243796,0.0,0,1.2636518844288531,0.0,1.2636518844288531,1.2636518844288531,-7.372005840953887,-0.45661721657219156,5.0,100.0,0.5,0.0,1.1160060166278003,0.0,5.0,2.187318801879883,0.0
3.707775115966797,1.2636518844288531,-9.01740898355148,6.283185307179586,0.0,-0.45661721657219156,-7.372005840953887,0.0,0,1.2636518844288531,0.0,1.2636518844288531,1.2636518844288531,-7.297139882550435,-0.530679383930631,5.0,100.0,0.5,0.0,1.1544054149650202,0.0,5.0,2.276088237762451,8.74620624853183
3.718127965927124,0.966551073651325,-7.389823273996186,6.283185307179586,0.0,-0.530679383930631,-7.297139882550435,0.0,0,0.966551073651325,0.0,0.966551073651325,0.966551073651325,-5.892592816414231,-0.591684513236269,5.0,100.0,0.5,0.0,1.1889648734685183,0.0,5.0,2.276088237762451,0.0
3.728195905685425,0.9037785315004008,-6.2320904356235935,6.283185307179586,0.0,-0.591684513236269,-5.892592816414231,0.0,0,0.9037785315004008,0.0,0.9037785315004008,0.9037785315004008,-4.736627390886923,-0.639372592465236,5.0,100.0,0.5,0.0,1.2200683861216666,0.0,5.0,2.276088237762451,0.0
3.7382681369781494,0.9037785315004008,-6.2320904356235935,6.283185307179586,0.0,-0.639372592465236,-4.736627390886923,0.0,0,0.9037785315004008,0.0,0.9037785315004008,0.9037785315004008,-4.688939311657957,-0.6866006737298039,5.0,100.0,0.5,0.0,1.2480615475094998,0.0,5.0,2.276088237762451,0.0
3.7483344078063965,0.7904300837014829,-5.638925963667326,6.283185307179586,0.0,-0.6866006737298039,-4.688939311657957,0.0,0,0.7904300837014829,0.0,0.7904300837014829,0.7904300837014829,-4.161895206236039,-0.7284954380345591,5.0,100.0,0.5,0.0,1.27325539275855,0.0,5.0,2.276088237762451,0.0
3.7584028244018555,0.7904300837014829,-5.638925963667326,6.283185307179586,0.0,-0.7284954380345591,-4.161895206236039,0.0,0,0.7904300837014829,0.0,0.7904300837014829,0.7904300837014829,-4.120000441931284,-0.7699773188573984,5.0,100.0,0.5,0.0,1.2959298534826948,0.0,5.0,2.352520227432251,7.59126213592233
3.7684762477874756,0.7904300837014829,-5.638925963667326,6.283185307179586,0.0,-0.7699773188573984,-4.120000441931284,0.0,0,0.7904300837014829,0.0,0.7904300837014829,0.7904300837014829,-4.078518561108444,-0.8110619631095539,5.0,100.0,0.5,0.0,1.3163368681344254,0.0,5.0,2.352520227432251,0.0
3.77854323387146,0.6448843866576934,-4.767937667774862,6.283185307179586,0.0,-0.8110619631095539,-4.078518561108444,0.0,0,0.6448843866576934,0.0,0.6448843866576934,0.6448843866576934,-3.311991318007615,-0.8444037336182136,5.0,100.0,0.5,0.0,1.3347031813209829,0.0,5.0,2.352520227432251,0.0
3.788609743118286,0.6448843866576934,-4.767937667774862,6.283185307179586,0.0,-0.8444037336182136,-3.311991318007615,0.0,0,0.6448843866576934,0.0,0.6448843866576934,0.6448843866576934,-3.2786495474989548,-0.8774082896052143,5.0,100.0,0.5,0.0,1.3512328631888848,0.0,5.0,2.352520227432251,0.0
3.798680543899536,0.5645678147943709,-4.025574114606564,6.283185307179586,0.0,-0.8774082896052143,-3.2786495474989548,0.0,0,0.5645678147943709,0.0,0.5645678147943709,0.5645678147943709,-2.5835980102069787,-0.9034271904648428,5.0,100.0,0.5,0.0,1.3661095768699965,0.0,5.0,2.4183290004730225,6.534611742424242
3.808837652206421,0.5645678147943709,-4.025574114606564,6.283185307179586,0.0,-0.9034271904648428,-2.5835980102069787,0.0,0,0.5645678147943709,0.0,0.5645678147943709,0.5645678147943709,-2.5575791093473503,-0.9294047984819097,5.0,100.0,0.5,0.0,1.3794986191829968,0.0,5.0,2.4183290004730225,0.0
3.819053888320923,0.5645678147943709,-4.025574114606564,6.283185307179586,0.0,-0.9294047984819097,-2.5575791093473503,0.0,0,0.5645678147943709,0.0,0.5645678147943709,0.5645678147943709,-2.5316015013302833,-0.9552682371673276,5.0,100.0,0.5,0.0,1.391548757264697,0.0,5.0,2.4183290004730225,0.0
3.8291218280792236,0.5645678147943709,-4.025574114606564,6.283185307179586,0.0,-0.9552682371673276,-2.5316015013302833,0.0,0,0.5645678147943709,0.0,0.5645678147943709,0.5645678147943709,-2.5057380626448653,-0.9804958570321174,5.0,100.0,0.5,0.0,1.4023938815382273,0.0,5.0,2.4183290004730225,0.0
3.839191436767578,0.4317318333338274,-3.3012258454239065,6.283185307179586,0.0,-0.9804958570321174,-2.5057380626448653,0.0,0,0.4317318333338274,0.0,0.4317318333338274,0.4317318333338274,-1.8889981550579618,-0.9995173292665746,5.0,100.0,0.5,0.0,1.4121544933844046,0.0,5.0,2.4749906063079834,5.6269918314194385
3.8493587970733643,0.4317318333338274,-3.3012258454239065,6.283185307179586,0.0,-0.9995173292665746,-1.8889981550579618,0.0,0,0.4317318333338274,0.0,0.4317318333338274,0.4317318333338274,-1.8699766828235045,-1.0185300559642598,5.0,100.0,0.5,0.0,1.4209390440459644,0.0,5.0,2.4749906063079834,0.0
3.8594753742218018,0.4317318333338274,-3.3012258454239065,6.283185307179586,0.0,-1.0185300559642598,-1.8699766828235045,0.0,0,0.4317318333338274,0.0,0.4317318333338274,0.4317318333338274,-1.8509639561258193,-1.0372554756253838,5.0,100.0,0.5,0.0,1.4288451396413682,0.0,5.0,2.4749906063079834,0.0
3.869666337966919,0.35290071707717785,-2.6066179431892773,6.283185307179586,0.0,-1.0372554756253838,-1.8509639561258193,0.0,0,0.35290071707717785,0.0,0.35290071707717785,0.35290071707717785,-1.2164617504867157,-1.0496523932219157,5.0,100.0,0.5,0.0,1.4359606256772315,0.0,5.0,2.4749906063079834,0.0
3.879800319671631,0.33002463396373954,-2.275566154560107,6.283185307179586,0.0,-1.0496523932219157,-1.2164617504867157,0.0,0,0.33002463396373954,0.0,0.33002463396373954,0.33002463396373954,-0.8958891273744516,-1.0587313172481787,5.0,100.0,0.5,0.0,1.4423645631095083,0.0,5.0,2.4749906063079834,0.0
3.889880418777466,0.33002463396373954,-2.275566154560107,6.283185307179586,0.0,-1.0587313172481787,-0.8958891273744516,0.0,0,0.33002463396373954,0.0,0.33002463396373954,0.33002463396373954,-0.8868102033481886,-1.0676704519859939,5.0,100.0,0.5,0.0,1.4481281067985576,0.0,5.0,2.523777723312378,4.83994418032593
3.8999481201171875,0.2886209021570682,-2.0590692079779083,6.283185307179586,0.0,-1.0676704519859939,-0.8868102033481886,0.0,0,0.2886209021570682,0.0,0.2886209021570682,0.2886209021570682,-0.7027778538348461,-1.0747458095265736,5.0,100.0,0.5,0.0,1.453315296118702,0.0,5.0,2.523777723312378,0.0
3.9100492000579834,0.2886209021570682,-2.0590692079779083,6.283185307179586,0.0,-1.0747458095265736,-0.7027778538348461,0.0,0,0.2886209021570682,0.0,0.2886209021570682,0.2886209021570682,-0.6957024962942664,-1.0817731560566533,5.0,100.0,0.5,0.0,1.4579837665068318,0.0,5.0,2.523777723312378,0.0
3.9201161861419678,0.2886209021570682,-2.0590692079779083,6.283185307179586,0.0,-1.0817731560566533,-0.6957024962942664,0.0,0,0.2886209021570682,0.0,0.2886209021570682,0.2886209021570682,-0.6886751497641868,-1.088706039205715,5.0,100.0,0.5,0.0,1.4621853898561485,0.0,5.0,2.523777723312378,0.0
3.930183172225952,0.2360096972986957,-1.7428906641046615,6.283185307179586,0.0,-1.088706039205715,-0.6886751497641868,0.0,0,0.2360096972986957,0.0,0.2360096972986957,0.2360096972986957,-0.4181749276002509,-1.0929158003825379,5.0,100.0,0.5,0.0,1.465966850870534,0.0,5.0,2.523777723312378,0.0
3.9402544498443604,0.2207238211050128,-1.5218764636979911,6.283185307179586,0.0,-1.0929158003825379,-0.4181749276002509,0.0,0,0.2207238211050128,0.0,0.2207238211050128,0.2207238211050128,-0.20823684221044036,-1.0950130114308196,5.0,100.0,0.5,0.0,1.4693701657834808,0.0,5.0,2.565783739089966,4.170872591259884
3.9503285884857178,0.2207238211050128,-1.5218764636979911,6.283185307179586,0.0,-1.0950130114308196,-0.20823684221044036,0.0,0,0.2207238211050128,0.0,0.2207238211050128,0.2207238211050128,-0.2061396311621586,-1.0970896906546255,5.0,100.0,0.5,0.0,1.4724331492051328,0.0,5.0,2.565783739089966,0.0
3.9603936672210693,0.2207238211050128,-1.5218764636979911,6.283185307179586,0.0,-1.0970896906546255,-0.2061396311621586,0.0,0,0.2207238211050128,0.0,0.2207238211050128,0.2207238211050128,-0.20406295193835278,-1.0991436003328532,5.0,100.0,0.5,0.0,1.4751898342846195,0.0,5.0,2.565783739089966,0.0
3.970458984375,0.1804820505690388,-1.3328559965737583,6.283185307179586,0.0,-1.0991436003328532,-0.20406295193835278,0.0,0,0.1804820505690388,0.0,0.1804820505690388,0.1804820505690388,-0.05323034567186635,-1.099679380644254,5.0,100.0,0.5,0.0,1.4776708508561578,0.0,5.0,2.565783739089966,0.0
3.9804983139038086,0.1804820505690388,-1.3328559965737583,6.283185307179586,0.0,-1.099679380644254,-0.05323034567186635,0.0,0,0.1804820505690388,0.0,0.1804820505690388,0.1804820505690388,-0.05269456536046557,-1.100208398750285,5.0,100.0,0.5,0.0,1.4799037657705423,0.0,5.0,2.6019504070281982,3.6024983376080555
3.9906601905822754,0.1804820505690388,-1.3328559965737583,6.283185307179586,0.0,-1.100208398750285,-0.05269456536046557,0.0,0,0.1804820505690388,0.0,0.1804820505690388,0.1804820505690388,-0.05216554725443445,-1.1007384986083493,5.0,100.0,0.5,0.0,1.4819133891934881,0.0,5.0,2.6019504070281982,0.0
4.000732421875,0.1804820505690388,-1.3328559965737583,6.283185307179586,0.0,-1.1007384986083493,-0.05216554725443445,0.0,0,0.1804820505690388,0.0,0.1804820505690388,0.1804820505690388,-0.05163544739637027,-1.1012585827774286,5.0,100.0,0.5,0.0,1.4837220502741393,0.0,5.0,2.6019504070281982,0.0
4.01083779335022,0.13803808671920545,-1.0554195189044693,6.283185307179586,0.0,-1.1012585827774286,-0.05163544739637027,0.0,0,0.13803808671920545,0.0,0.13803808671920545,0.13803808671920545,0.1838771505921648,-1.09940043586489,5.0,100.0,0.5,0.0,1.4853498452467253,0.0,5.0,2.6019504070281982,0.0
4.020906686782837,0.12065854355606741,-0.8610232268378899,6.283185307179586,0.0,-1.09940043586489,0.1838771505921648,0.0,0,0.12065854355606741,0.0,0.12065854355606741,0.12065854355606741,0.3590357525830674,-1.0957853431336315,5.0,100.0,0.5,0.0,1.486814860722053,0.0,5.0,2.6330904960632324,3.09270221632885
4.031251907348633,0.12065854355606741,-0.8610232268378899,6.283185307179586,0.0,-1.0957853431336315,0.3590357525830674,0.0,0,0.12065854355606741,0.0,0.12065854355606741,0.12065854355606741,0.35542065985180904,-1.0921084380138235,5.0,100.0,0.5,0.0,1.488133374649848,0.0,5.0,2.6330904960632324,0.0
4.041322469711304,0.10551477311474158,-0.7527830681007225,6.283185307179586,0.0,-1.0921084380138235,0.35542065985180904,0.0,0,0.10551477311474158,0.0,0.10551477311474158,0.10551477311474158,0.4448401430278427,-1.0876286476120423,5.0,100.0,0.5,0.0,1.4893200371848634,0.0,5.0,2.6330904960632324,0.0
4.051390647888184,0.10551477311474158,-0.7527830681007225,6.283185307179586,0.0,-1.0876286476120423,0.4448401430278427,0.0,0,0.10551477311474158,0.0,0.10551477311474158,0.10551477311474158,0.44036035262606144,-1.0831950211197694,5.0,100.0,0.5,0.0,1.490388033466377,0.0,5.0,2.6330904960632324,0.0
4.061466932296753,0.09229119493314016,-0.6583698169769192,6.283185307179586,0.0,-1.0831950211197694,0.44036035262606144,0.0,0,0.09229119493314016,0.0,0.09229119493314016,0.09229119493314016,0.5171163990759904,-1.0779844092103446,5.0,100.0,0.5,0.0,1.4913492301197393,0.0,5.0,2.6330904960632324,0.0
4.071540832519531,1.4482718358995714,134.13034824602772,6.283185307179586,0.0,-1.0779844092103446,0.5171163990759904,0.0,0,1.4482718358995714,0.0,1.4482718358995714,1.4482718358995714,100.0,-0.07059438693251252,5.0,100.0,0.5,0.0,1.4922143071077656,0.0,5.0,2.659902811050415,2.6615624926040753
4.081605434417725,1.4482718358995714,134.13034824602772,6.283185307179586,0.0,-0.07059438693251252,100.0,0.0,0,1.4482718358995714,0.0,1.4482718358995714,1.4482718358995714,100.0,0.9358658028868234,5.0,100.0,0.5,0.0,1.4929928763969893,0.0,5.0,2.659902811050415,0.0
4.091683387756348,3.8855124270605006,121.35580939822225,6.283185307179586,0.0,0.9358658028868234,100.0,1.1310212124041552,0,3.8855124270605006,0.0,3.8855124270605006,3.8855124270605006,100.0,1.943661136749128,3.868978787595845,100.0,0.5,0.0,1.3486935887572904,112.22727218527555,5.0,2.659902811050415,0.0
4.101790428161621,5.681215648955461,177.68950872689547,6.283185307179586,0.0,1.943661136749128,100.0,1.2721125591448779,0,5.681215648955461,0.0,5.681215648955461,5.681215648955461,100.0,2.954365177276472,3.727887440855122,100.0,0.5,0.0,1.2188242298815612,13.959709379128137,5.0,2.659902811050415,0.0
4.111983060836792,5.681215648955461,177.68950872689547,6.283185307179586,0.0,2.954365177276472,100.0,1.413611124818706,0,5.681215648955461,0.0,5.681215648955461,5.681215648955461,100.0,3.9736284447935617,3.586388875181294,100.0,0.5,0.0,1.101941806893405,13.882435498584828,5.0,2.682988166809082,2.264906084068209
4.122102975845337,8.924354843130303,160.71826381705776,6.283185307179586,0.0,3.9736284447935617,100.0,1.5563079822710986,0,8.924354843130303,0.0,8.924354843130303,8.924354843130303,100.0,4.985619945648054,3.4436920177289014,100.0,0.5,0.0,0.9967476262040645,14.10059840738821,5.0,2.682988166809082,0.0
4.132172107696533,8.924354843130303,160.71826381705776,6.283185307179586,0.0,4.985619945648054,100.0,1.6979867923907275,0,8.924354843130303,0.0,8.924354843130303,8.924354843130303,100.0,5.992533130767682,3.3020132076092725,100.0,0.5,0.0,0.9020728635836581,14.07060829209386,5.0,2.682988166809082,0.0
4.142337083816528,12.243504127351324,165.4802339221825,6.283185307179586,0.0,5.992533130767682,100.0,1.8389546383074755,0,12.243504127351324,0.0,12.243504127351324,12.243504127351324,100.0,7.009030742767193,3.1610453616925245,100.0,0.5,0.0,0.8168655772252923,13.86799577811657,5.0,2.682988166809082,0.0
4.152408838272095,13.755842565387193,149.56514017607682,6.283185307179586,0.0,7.009030742767193,100.0,1.9812643039874072,0,13.755842565387193,0.0,13.755842565387193,13.755842565387193,100.0,8.016206188323832,3.018735696012593,100.0,0.5,0.0,0.7401790195027631,14.129580532146576,5.0,2.682988166809082,0.0
4.162479639053345,13.755842565387193,149.56514017607682,6.283185307179586,0.0,8.016206188323832,100.0,2.122268866365337,0,13.755842565387193,0.0,13.755842565387193,13.755842565387193,100.0,9.023286266448832,2.877731133634663,100.0,0.5,0.0,0.6711611175524869,14.001325757575758,5.0,2.7028660774230957,1.973816287878788
4.172554969787598,13.755842565387193,149.56514017607682,6.283185307179586,0.0,9.023286266448832,100.0,2.263260077302837,0,13.755842565387193,0.0,13.755842565387193,13.755842565387193,100.0,10.030819339874125,2.736739922697163,100.0,0.5,0.0,0.6090450057972382,13.993705482855724,5.0,2.7028660774230957,0.0
4.182627201080322,18.665955464482472,162.8243018676575,6.283185307179586,0.0,10.030819339874125,100.0,2.404314707582378,0,18.665955464482472,0.0,18.665955464482472,18.665955464482472,100.0,11.038042469146585,2.595685292417622,100.0,0.5,0.0,0.5531405052175143,14.004308100175164,5.0,2.7028660774230957,0.0
4.1926984786987305,20.098926440803755,142.175235318831,6.283185307179586,0.0,11.038042469146585,100.0,2.5453259456805224,0,20.098926440803755,0.0,20.098926440803755,20.098926440803755,100.0,12.045170230987406,2.4546740543194776,100.0,0.5,0.0,0.5028264546957629,14.001325694806118,5.0,2.7028660774230957,0.0
4.202999830245972,21.53164601698954,141.84830160689134,4.614631326497049,-165.19739957021736,12.045170230987406,100.0,2.6863238323382372,0,21.53164601698954,0.0,21.53164601698954,21.53164601698954,100.0,13.075305385711527,2.3136761676617628,100.0,0.5,0.0,0.45754380922618665,13.687319184391418,5.0,2.719980239868164,1.6613511699493138
4.213069677352905,22.858533166634157,132.6540515636893,2.3297334277415613,-228.43009954573432,13.075305385711527,100.0,2.830542753999614,0,22.858533166634157,0.0,22.858533166634157,22.858533166634157,100.0,14.082290096404886,2.169457246000386,100.0,0.5,0.0,0.416789428303568,14.321858130504783,5.0,2.719980239868164,0.0
4.223138332366943,22.858533166634157,132.6540515636893,2.3297334277415613,-228.43009954573432,14.082290096404886,100.0,2.9715206134966845,0,22.858533166634157,0.0,22.858533166634157,22.858533166634157,100.0,15.089155597808695,2.0284793865033155,100.0,0.5,0.0,0.38011048547321125,14.001657550140893,5.0,2.719980239868164,0.0
4.233707666397095,25.371803460490437,125.1296192797417,-1.9686898475047911,-214.00804730377092,15.089155597808695,100.0,3.1124817836932173,0,25.371803460490437,0.0,25.371803460490437,25.371803460490437,100.0,16.14608900082383,1.8875182163067827,100.0,0.5,0.0,0.3470994369258901,13.336807200378924,5.0,2.719980239868164,0.0
4.2437744140625,26.511851706673646,113.09623744463633,-3.9185039714678256,-193.42746403487823,16.14608900082383,100.0,3.260452460115337,0,26.511851706673646,0.0,26.511851706673646,26.511851706673646,100.0,17.15276376736436,1.7395475398846632,100.0,0.5,0.0,0.3173894932333011,14.698955545555783,5.0,2.719980239868164,0.0
4.253840684890747,26.511851706673646,113.09623744463633,-3.9185039714678256,-193.42746403487823,17.15276376736436,100.0,3.4013869274310107,0,26.511851706673646,0.0,26.511851706673646,26.511851706673646,100.0,18.159390850189066,1.5986130725689893,100.0,0.5,0.0,0.290650543909971,14.000663177091969,5.0,2.734715461730957,1.4638213211435067
4.2639076709747314,28.55432855590856,101.6187895881925,-6.283185307179586,-117.64934089061101,18.159390850189066,100.0,3.5423147190264697,0,28.55432855590856,0.0,28.55432855590856,28.55432855590856,100.0,19.166089458587503,1.4576852809735303,100.0,0.5,0.0,0.26658548951897393,13.999005305039788,5.0,2.734715461730957,0.0
4.273980379104614,28.55432855590856,101.6187895881925,-6.283185307179586,-117.64934089061101,19.166089458587503,100.0,3.683252524202251,0,28.55432855590856,0.0,28.55432855590856,28.55432855590856,100.0,20.173360271575785,1.316747475797749,100.0,0.5,0.0,0.24492694056707653,13.992046960802877,5.0,2.734715461730957,0.0
4.2840821743011475,28.55432855590856,101.6187895881925,-6.283185307179586,-117.64934089061101,20.173360271575785,100.0,3.8242704380206103,0,28.55432855590856,0.0,28.55432855590856,28.55432855590856,100.0,21.183539791229105,1.1757295619793897,100.0,0.5,0.0,0.2254342465103689,13.959688458815199,5.0,2.734715461730957,0.0
4.2941577434539795,28.55432855590856,101.6187895881925,-6.283185307179586,-117.64934089061101,21.183539791229105,100.0,3.965695570772075,0,28.55432855590856,0.0,28.55432855590856,28.55432855590856,100.0,22.191096706512308,1.0343044292279249,100.0,0.5,0.0,0.207890821859332,14.036441079034548,5.0,1.961830496788025,-76.70881448177946
4.304228067398071,28.55432855590856,101.6187895881925,-6.283185307179586,-117.64934089061101,22.191096706512308,100.0,4.106753538911724,0,28.55432855590856,0.0,28.55432855590856,28.55432855590856,100.0,23.198129100921488,0.8932464610882764,100.0,0.5,0.0,0.1921017396733988,14.007292011932384,5.0,1.961830496788025,0.0
4.314300537109375,32.65482072482702,81.50506936062712,-6.283185307179586,0.0,23.198129100921488,100.0,4.247738074129009,0,32.65482072482702,0.0,32.65482072482702,32.65482072482702,90.96176098453265,24.11433868332504,0.7522619258709913,100.0,0.5,0.0,0.17789156570605894,13.997017539706961,5.0,1.961830496788025,0.0
4.324401140213013,32.65482072482702,81.50506936062712,-6.283185307179586,0.0,24.11433868332504,90.96176098453265,4.285625025510832,0,32.65482072482702,0.0,32.65482072482702,32.65482072482702,90.04555140212909,25.023853059286154,0.7143749744891679,100.0,0.5,0.0,0.20534927538696998,3.7509593232287846,5.0,1.961830496788025,0.0
4.334477424621582,32.65482072482702,81.50506936062712,-6.283185307179586,0.0,25.023853059286154,90.04555140212909,4.403794942321353,0,32.65482072482702,0.0,32.65482072482702,32.65482072482702,89.13603702616798,25.92201311941459,0.5962050576786471,100.0,0.5,0.0,0.189814347848273,11.727528920285703,5.0,1.961830496788025,0.0
4.344549655914307,34.61083713220195,64.88245924361624,-6.283185307179586,0.0,25.92201311941459,89.13603702616798,4.520442206979723,0,34.61083713220195,0.0,34.61083713220195,34.61083713220195,73.5712832564036,26.663040100875644,0.4795577930202768,100.0,0.5,0.0,0.1758329130634457,11.581074864973278,5.0,1.296368956565857,-66.06892960280263
4.3546507358551025,34.61083713220195,64.88245924361624,-6.283185307179586,0.0,26.663040100875644,73.5712832564036,4.468538446686627,0,34.61083713220195,0.0,34.61083713220195,34.61083713220195,72.83025627494254,27.398704341617492,0.5314615533133731,100.0,0.5,0.0,0.16324962175710114,5.138436741151721,5.0,1.296368956565857,0.0
4.364774703979492,35.713736466240086,54.82217454791995,-6.283185307179586,0.0,27.398704341617492,72.83025627494254,4.564121170575874,0,35.713736466240086,0.0,35.713736466240086,35.713736466240086,63.13720667254255,28.037903409433316,0.4358788294241256,100.0,0.5,0.0,0.15192465958139104,9.441231216342846,5.0,1.296368956565857,0.0
4.374946117401123,36.2064872635566,48.9843249949721,-6.283185307179586,0.0,28.037903409433316,63.13720667254255,4.55667854404609,0,36.2064872635566,0.0,36.2064872635566,36.2064872635566,57.15290884909538,28.61922927358625,0.44332145595391026,100.0,0.5,0.0,0.2792656606038311,0.7317199902578865,5.0,1.296368956565857,0.0
4.385019063949585,36.2064872635566,48.9843249949721,-6.283185307179586,0.0,28.61922927358625,57.15290884909538,4.578221186793029,0,36.2064872635566,0.0,36.2064872635566,36.2064872635566,56.57158298494245,29.189071805155454,0.42177881320697086,100.0,0.5,0.0,0.3485377162944504,2.1386634628999244,5.0,0.7233998775482178,-56.881973537835215
4.395101547241211,37.1029650537629,44.304756523270306,-6.283185307179586,0.0,29.189071805155454,56.57158298494245,4.652185882571189,0,37.1029650537629,0.0,37.1029650537629,37.1029650537629,52.21864977187775,29.71556546899168,0.3478141174288112,100.0,0.5,0.0,0.3186839446650054,7.335960163662376,5.0,0.7233998775482178,0.0
4.40517520904541,37.507839100938384,40.27141044309255,-6.283185307179586,0.0,29.71556546899168,52.21864977187775,4.682365663377613,0,37.507839100938384,0.0,37.507839100938384,37.507839100938384,48.06368407503925,30.1997427674275,0.3176343366223868,100.0,0.5,0.0,0.356391794181439,2.995909669495146,5.0,0.7233998775482178,0.0
4.415247201919556,37.507839100938384,40.27141044309255,-6.283185307179586,0.0,30.1997427674275,48.06368407503925,4.708600828190243,0,37.507839100938384,0.0,37.507839100938384,37.507839100938384,47.57950677660343,30.67896322063681,0.29139917180975683,100.0,0.5,0.0,0.4029324402597004,2.604764036318458,5.0,0.7233998775482178,0.0
4.425325155258179,37.507839100938384,40.27141044309255,-6.283185307179586,0.0,30.67896322063681,47.57950677660343,4.7708499186551885,0,37.507839100938384,0.0,37.507839100938384,37.507839100938384,47.10028632339412,31.153637708439756,0.22915008134481152,100.0,0.5,0.0,0.36763919623373037,6.176759146758505,5.0,0.23006793856620789,-48.95159983439792
4.435397148132324,38.528777570074354,33.7805692895473,-6.283185307179586,0.0,31.153637708439756,47.10028632339412,4.832512142415508,0,38.528777570074354,0.0,38.528777570074354,38.528777570074354,41.155709151181895,31.568157717740867,0.1674878575844918,100.0,0.5,0.0,0.3358752766103573,6.122147278182128,5.0,0.23006793856620789,0.0
4.44543719291687,38.528777570074354,33.7805692895473,-6.283185307179586,0.0,31.568157717740867,41.155709151181895,4.8310991719955405,0,38.528777570074354,0.0,38.528777570074354,38.528777570074354,40.74118914188079,31.977201081301004,0.1689008280044595,100.0,0.5,0.0,0.4522877489493216,0.1407334778170108,5.0,0.23006793856620789,0.0
4.455510139465332,38.528777570074354,33.7805692895473,-6.283185307179586,0.0,31.977201081301004,40.74118914188079,4.884220042800949,0,38.528777570074354,0.0,38.528777570074354,38.528777570074354,40.33214577832065,32.383464629910804,0.11577995719905143,100.0,0.5,0.0,0.41205897405438946,5.273617858472538,5.0,0.23006793856620789,0.0
4.4655961990356445,39.29427730271591,25.34586855243969,-6.283185307179586,0.0,32.383464629910804,40.33214577832065,4.93700650597072,0,39.29427730271591,0.0,39.29427730271591,39.29427730271591,32.2566812252448,32.708807438289206,0.06299349402928023,100.0,0.5,0.0,0.3758530766489505,5.233606127525152,5.0,0.23006793856620789,0.0
4.475664138793945,39.29427730271591,25.34586855243969,-6.283185307179586,0.0,32.708807438289206,32.2566812252448,4.901799853612937,0,39.29427730271591,0.0,39.29427730271591,39.29427730271591,31.931338416866396,33.03029022987213,0.09820014638706276,100.0,0.5,0.0,0.39170075495663703,3.4969073318854007,5.0,-0.19469556212425232,-42.18971417069243
4.485737562179565,39.29427730271591,25.34586855243969,-6.283185307179586,0.0,33.03029022987213,31.931338416866396,4.943554016350762,0,39.29427730271591,0.0,39.29427730271591,39.29427730271591,31.609855625283473,33.34870968874394,0.056445983649237697,100.0,0.5,0.0,0.38508124626282664,4.144982409597657,5.0,-0.19469556212425232,0.0
4.495823860168457,39.86295828583159,18.866836377634257,-6.283185307179586,0.0,33.34870968874394,31.609855625283473,4.984917912676987,0,39.86295828583159,0.0,39.86295828583159,39.86295828583159,25.381084974721908,33.604710875080364,0.015082087323013305,100.0,0.5,0.0,0.380540936875526,4.100998837410904,5.0,-0.19469556212425232,0.0
4.505896329879761,39.86295828583159,18.866836377634257,-6.283185307179586,0.0,33.604710875080364,25.381084974721908,4.95847037225847,0,39.86295828583159,0.0,39.86295828583159,39.86295828583159,25.12508378838548,33.857782520532844,0.04152962774152957,100.0,0.5,0.0,0.42399124422476525,2.6257254850650806,5.0,-0.19469556212425232,0.0
4.515962600708008,40.18376639341393,15.941411599334868,-6.283185307179586,0.0,33.857782520532844,25.12508378838548,4.991340390758453,0,40.18376639341393,0.0,40.18376639341393,40.18376639341393,22.26739547221596,34.08193215399585,0.00865960924154674,100.0,0.5,0.0,0.44248601009484967,3.2653620254032827,5.0,-0.5604212880134583,-36.33179874943748
4.526029586791992,40.18376639341393,15.941411599334868,-6.283185307179586,0.0,34.08193215399585,22.26739547221596,4.994144456281579,0,40.18376639341393,0.0,40.18376639341393,40.18376639341393,22.043245838752952,34.303841203100426,0.005855543718420897,100.0,0.5,0.0,0.5482374090853648,0.2785407171255403,5.0,-0.5604212880134583,0.0
4.536112070083618,40.34657934892644,8.09337999618261,-6.283185307179586,0.0,34.303841203100426,22.043245838752952,5.02297022682159,1,-8.04337999618261,-6.275465967658358e-07,-8.043380623729206,-8.043380623729206,-34.25384183064702,33.95847741516893,-0.02297022682158989,0.001,0.0,343638.2773002597,0.5674016031614334,2.858995121167429,5.0,-0.5604212880134583,0.0
4.546180963516235,40.34657934892644,8.09337999618261,-6.283185307179586,0.0,33.95847741516893,-34.25384183064702,4.41164841981718,1,348630.1839202635,1.4290591515884528e-05,348630.18393455405,348630.18393455405,100.0,34.96536675843065,0.5883515801828203,594.976562936026,0.0,0.5186707169632427,0.51566144284529,60.71390179024971,5.0,-0.5604212880134583,0.0
4.556253910064697,40.489490806674524,7.075738353502655,-6.283185307179586,0.0,34.96536675843065,100.0,5.895151346180291,1,-6.548663944173235,1.8985742194912024e-05,-6.54864495843104,-6.54864495843104,-34.43827336335903,34.618471871620216,-0.8951513461802909,0.001,0.0,20778381.310152154,0.46909529856076104,147.27596530229124,5.0,-0.5604212880134583,0.0
4.566345453262329,40.52785109611164,3.821636432085851,-6.283185307179586,0.0,34.618471871620216,-34.43827336335903,4.502203328393241,1,20783377.488515723,-7.56698147190009e-07,20783377.488514967,20783377.488514967,100.0,35.6276261913834,0.4977966716067588,36302.837631273855,0.0,0.5145898312330246,0.42718576870468494,138.03121985485137,5.0,-0.8753145337104797,-31.203676140524962
4.576415777206421,40.52785109611164,3.821636432085851,-6.283185307179586,0.0,35.6276261913834,100.0,5.987867666793677,1,-3.306908870572599,-2.490775803116915e-05,-3.30693377833063,-3.30693377833063,-35.11292353762818,35.27402767673536,-0.9878676667936768,0.001,0.0,1305073415.8049572,0.38946719183421646,147.528952062368,5.0,-0.8753145337104797,0.0
4.586491346359253,40.597290389916516,3.4585684502379315,-5.953707678463805,16.41031855735138,35.27402767673536,-35.11292353762818,4.587234639366669,0,40.597290389916516,0.0,40.597290389916516,40.597290389916516,8.78183116341909,35.36250962391088,0.4127653606333306,0.001,0.0,1305073415.8049572,0.35552047265079484,139.01279482889746,5.0,-0.8753145337104797,0.0
4.596619367599487,40.60810883802554,1.074111970113532,-3.0598087399444855,287.32138462367936,35.36250962391088,8.78183116341909,5.038569658981714,0,40.60810883802554,0.0,40.60810883802554,40.60810883802554,6.319711184228187,35.42651579301689,-0.03856965898171438,0.001,0.0,1305073415.8049572,0.32496842538571535,44.56300089716247,5.0,-0.8753145337104797,0.0
4.606687784194946,40.61823744787495,1.0043136833529274,-0.35043924475201926,268.65057473200335,35.42651579301689,6.319711184228187,5.022909322864646,0,40.61823744787495,0.0,40.61823744787495,40.61823744787495,6.196035338210985,35.488900058042184,-0.02290932286464642,0.001,0.0,1305073415.8049572,0.4084645025172647,1.5553921481686628,5.0,-1.146440863609314,-26.928398058252426
4.616860389709473,40.61823744787495,1.0043136833529274,-0.35043924475201926,268.65057473200335,35.488900058042184,6.196035338210985,5.030406361508017,0,40.61823744787495,0.0,40.61823744787495,40.61823744787495,6.133651073185691,35.55129527077345,-0.030406361508016566,0.001,0.0,1305073415.8049572,0.5099819292162074,0.7369831291171627,5.0,-1.146440863609314,0.0
4.627004623413086,40.63649955434745,0.9086973559612667,4.53461358383638,243.0735247192488,35.55129527077345,6.133651073185691,5.03851784864014,0,40.63649955434745,0.0,40.63649955434745,40.63649955434745,5.993901639535268,35.61209880980137,-0.03851784864014007,0.001,0.0,1305073415.8049572,0.5993294570804648,0.7996155618175744,5.0,-1.146440863609314,0.0
4.637076139450073,40.58623739529686,-5.005574478927614,6.283185307179586,174.13907715607613,35.61209880980137,5.993901639535268,5.045632849767545,1,1305078420.8105316,-6.165855599884844e-05,1305078420.8104699,1305078420.8104699,100.0,36.6192504135001,-0.04563284976754467,50000.0,5000.0,-366632485615.4561,0.6827443019867305,0.7064478774868643,5.0,-1.146440863609314,0.0
4.64715838432312,40.58623739529686,-5.005574478927614,6.283185307179586,174.13907715607613,36.6192504135001,100.0,6.126695057890014,1,-366632485610.45044,-0.00011643857347737102,-366632485610.45056,-366632485610.45056,-100.0,35.61102592619541,-1.1266950578900143,0.001,0.0,-1.2407051541946734e+31,0.6194698717880575,107.22435546199648,5.0,-1.146440863609314,0.0
4.657230377197266,40.49503672177054,-4.529101099636006,6.283185307179586,0.0,35.61102592619541,-100.0,3.985543629667358,1,-1.2407051541946734e+31,-0.00013889676451430777,-1.2407051541946734e+31,-1.2407051541946734e+31,-100.0,34.60382663878086,1.014456370332642,0.001,5000.0,-2.7606228127857275e+62,0.5625228846092517,212.58468457805657,5.0,-1.3798832893371582,-23.17738193869097
4.667299270629883,40.407209979874224,-8.731057686299899,6.283185307179586,0.0,34.60382663878086,-100.0,3.844535729429321,1,-2.7606228127857275e+62,-7.373628996520647e-05,-2.7606228127857275e+62,-2.7606228127857275e+62,-100.0,33.59693729551914,1.155464270570679,0.001,5000.0,-1.3276696309458119e+125,0.5112705961483266,14.004309528319757,5.0,-1.3798832893371582,0.0
4.677366256713867,40.407209979874224,-8.731057686299899,6.283185307179586,0.0,33.59693729551914,-100.0,3.7035712213726804,1,-1.3276696309458119e+125,5.33442653251329e-05,-1.3276696309458119e+125,-1.3276696309458119e+125,-100.0,32.5902386871207,1.2964287786273196,0.001,5000.0,-2.9809123345876284e+250,0.46514353653349394,14.0026525198939,5.0,-1.3798832893371582,0.0
4.687433481216431,40.407209979874224,-8.731057686299899,6.283185307179586,0.0,32.5902386871207,-100.0,3.562633416196899,0,40.407209979874224,0.0,40.407209979874224,40.407209979874224,-0.914086393546377,32.58103637418213,1.437366583803101,0.001,5000.0,-2.9809123345876284e+250,0.42362918288014456,13.999668442865602,5.0,-1.3798832893371582,0.0
4.697503328323364,39.607837062169345,-26.453008585842838,6.283185307179586,0.0,32.58103637418213,-0.914086393546377,4.5522042284500355,0,39.607837062169345,0.0,39.607837062169345,39.607837062169345,-19.426207897855626,32.38541743078322,0.4477957715499645,0.001,5000.0,-2.9809123345876284e+250,0.3862662645921301,98.27068889375364,5.0,-0.7953066825866699,58.052182971872334
4.7075886726379395,39.607837062169345,-26.453008585842838,6.283185307179586,0.0,32.38541743078322,-19.426207897855626,4.339696361331095,0,39.607837062169345,0.0,39.607837062169345,39.607837062169345,-19.230588954456714,32.19147031980546,0.6603036386689052,0.001,5000.0,-2.9809123345876284e+250,0.3526396381329171,21.070958064547913,5.0,-0.7953066825866699,0.0
4.717663764953613,39.158263589786785,-22.345770142893336,6.283185307179586,0.0,32.19147031980546,-19.230588954456714,4.3144999552281975,0,39.158263589786785,0.0,39.158263589786785,39.158263589786785,-15.378976872912013,32.03652570809026,0.6855000447718025,0.001,5000.0,-2.9809123345876284e+250,0.40290348443349755,2.5008610654315535,5.0,-0.7953066825866699,0.0
4.727732419967651,39.158263589786785,-22.345770142893336,6.283185307179586,0.0,32.03652570809026,-15.378976872912013,4.331323830403517,0,39.158263589786785,0.0,39.158263589786785,39.158263589786785,-15.224032261196811,31.883240179329682,0.6686761695964831,0.001,5000.0,-2.9809123345876284e+250,0.47488362551056496,1.6709158424698134,5.0,-0.7953066825866699,0.0
4.737806081771851,38.51344107487719,-32.10262146965369,6.283185307179586,0.0,31.883240179329682,-15.224032261196811,4.311413302494188,0,38.51344107487719,0.0,38.51344107487719,38.51344107487719,-25.47242057410618,31.62663962913181,0.6885866975058121,0.001,5000.0,-2.9809123345876284e+250,0.5298193586311375,1.976493582604618,5.0,-0.7953066825866699,0.0
4.747873783111572,38.51344107487719,-32.10262146965369,6.283185307179586,0.0,31.62663962913181,-25.47242057410618,4.173005342337392,0,38.51344107487719,0.0,38.51344107487719,38.51344107487719,-25.215820023908307,31.372774284094927,0.8269946576626079,0.001,5000.0,-2.9809123345876284e+250,0.48183742276802377,13.747722095282384,5.0,-0.2919805645942688,49.994144741516095
4.757937431335449,38.51344107487719,-32.10262146965369,6.283185307179586,0.0,31.372774284094927,-25.215820023908307,4.140030199534207,0,38.51344107487719,0.0,38.51344107487719,38.51344107487719,-24.961954678871425,31.121565953226405,0.8599698004657927,0.001,5000.0,-2.9809123345876284e+250,0.4941835594709495,3.276658928215334,5.0,-0.2919805645942688,0.0
4.768026113510132,31.497631543896947,-232.58696769652192,6.283185307179586,0.0,31.121565953226405,-24.961954678871425,4.107399686662983,0,31.497631543896947,0.0,31.497631543896947,31.497631543896947,-100.0,30.112697735758143,0.8926003133370166,0.001,5000.0,-2.9809123345876284e+250,0.5066577835368012,3.23436820649476,5.0,-0.2919805645942688,0.0
4.778095722198486,31.497631543896947,-232.58696769652192,6.283185307179586,0.0,30.112697735758143,-100.0,3.2157776830061406,0,31.497631543896947,0.0,31.497631543896947,31.497631543896947,-100.0,29.105736866922694,1.7842223169938594,0.001,5000.0,-2.9809123345876284e+250,0.4609920051831211,88.54584435718978,5.0,-0.2919805645942688,0.0
4.788167953491211,27.542853290718114,-196.5069213668789,6.283185307179586,0.0,29.105736866922694,-100.0,3.0748031613691778,0,27.542853290718114,0.0,27.542853290718114,27.542853290718114,-100.0,28.098513737650233,1.9251968386308222,0.001,5000.0,-2.9809123345876284e+250,0.419892804664809,13.99635468446717,5.0,0.1413881629705429,43.026089748141835
4.798236846923828,25.754454444905516,-177.5909946632694,6.283185307179586,0.0,28.098513737650233,-100.0,2.9337919232710328,0,25.754454444905516,0.0,25.754454444905516,25.754454444905516,-100.0,27.091624394388514,2.0662080767289672,0.001,5000.0,-2.9809123345876284e+250,0.3829035241983281,14.004641030498245,5.0,0.1413881629705429,0.0
4.8083107471466064,24.08194935866295,-166.05896158620257,6.283185307179586,0.0,27.091624394388514,-100.0,2.792827415214392,0,24.08194935866295,0.0,24.08194935866295,24.08194935866295,-100.0,26.084234372110682,2.207172584785608,0.001,5000.0,-2.9809123345876284e+250,0.3496131717784953,13.993041914183609,5.0,0.1413881629705429,0.0
4.8185038566589355,24.08194935866295,-166.05896158620257,6.283185307179586,0.0,26.084234372110682,-100.0,2.6517928120954957,0,24.08194935866295,0.0,24.08194935866295,24.08194935866295,-100.0,25.064923420877772,2.3482071879045043,0.001,5000.0,-2.9809123345876284e+250,0.3196518546006458,13.836268799850304,5.0,0.1413881629705429,0.0
4.828585863113403,21.066872867161408,-150.27208589639204,6.283185307179586,0.0,25.064923420877772,-100.0,2.5090892789228882,0,21.066872867161408,0.0,21.066872867161408,21.066872867161408,-100.0,24.056722775430995,2.4909107210771118,0.001,5000.0,-2.9809123345876284e+250,0.2926866691405813,14.15427909286542,5.0,0.1413881629705429,0.0
4.8387534618377686,21.066872867161408,-150.27208589639204,6.283185307179586,0.0,24.056722775430995,-100.0,2.3679411885603394,0,21.066872867161408,0.0,21.066872867161408,21.066872867161408,-100.0,23.03996290299447,2.6320588114396606,0.001,5000.0,-2.9809123345876284e+250,0.2684180022265232,13.882146039487877,5.0,0.5145228505134583,36.69840811564977
4.848872184753418,21.066872867161408,-150.27208589639204,6.283185307179586,0.0,23.03996290299447,-100.0,2.225594806419226,0,21.066872867161408,0.0,21.066872867161408,21.066872867161408,-100.0,22.02809061142953,2.774405193580774,0.001,5000.0,-2.9809123345876284e+250,0.24657620200387087,14.067623288800924,5.0,0.5145228505134583,0.0
4.858971357345581,17.224292686580323,-127.20760723714639,6.283185307179586,0.0,22.02809061142953,-100.0,2.0839326856001343,0,17.224292686580323,0.0,17.224292686580323,17.224292686580323,-100.0,21.01817335221322,2.9160673143998657,0.001,5000.0,-2.9809123345876284e+250,0.2269185818034838,14.02710167850988,5.0,0.5145228505134583,0.0
4.869038105010986,16.10768555754467,-111.06501962964221,6.283185307179586,0.0,21.01817335221322,-100.0,1.9425442693098511,0,16.10768555754467,0.0,16.10768555754467,16.10768555754467,-100.0,20.011498585672694,3.057455730690149,0.001,5000.0,-2.9809123345876284e+250,0.2092267236231354,14.045093906164887,5.0,0.5145228505134583,0.0
4.879116058349609,16.10768555754467,-111.06501962964221,6.283185307179586,0.0,20.011498585672694,-100.0,1.8016098019941773,0,16.10768555754467,0.0,16.10768555754467,16.10768555754467,-100.0,19.00370325181039,3.1983901980058227,0.001,5000.0,-2.9809123345876284e+250,0.19330405126082187,13.984433404305655,5.0,0.8357957005500793,31.878779276082327
4.889321327209473,14.08396142253369,-100.48792141937393,6.283185307179586,0.0,19.00370325181039,-100.0,1.6605184552534547,0,14.08396142253369,0.0,14.08396142253369,14.08396142253369,-100.0,17.98317636582406,3.3394815447465453,0.001,5000.0,-2.9809123345876284e+250,0.17897364613473968,13.825343425848052,5.0,0.8357957005500793,0.0
4.899408340454102,14.08396142253369,-100.48792141937393,6.283185307179586,0.0,17.98317636582406,-100.0,1.5176446912153687,0,14.08396142253369,0.0,14.08396142253369,14.08396142253369,-100.0,16.97447504136117,3.4823553087846313,0.001,5000.0,-2.9809123345876284e+250,0.16607628152126572,14.164129715420252,5.0,0.8357957005500793,0.0
4.909709692001343,14.08396142253369,-100.48792141937393,6.283185307179586,0.0,16.97447504136117,-100.0,1.376426505790564,0,14.08396142253369,0.0,14.08396142253369,14.08396142253369,-100.0,15.94433988663705,3.623573494209436,0.001,5000.0,-2.9809123345876284e+250,0.15446865336913915,13.708704608049622,5.0,0.8357957005500793,0.0
4.919809341430664,11.519159044975703,-85.05748906020978,6.283185307179586,0.0,15.94433988663705,-100.0,1.232207584129187,0,11.519159044975703,0.0,11.519159044975703,11.519159044975703,-89.48266990187112,15.040596290628471,3.767792415870813,0.001,5000.0,-2.9809123345876284e+250,0.14402178803222523,14.279596798942423,5.0,0.8357957005500793,0.0
4.930039405822754,10.770363876021143,-74.27045125752095,6.283185307179586,0.0,15.040596290628471,-89.48266990187112,1.210856781669275,0,10.770363876021143,0.0,10.770363876021143,10.770363876021143,-78.54068367212827,14.23712003926384,3.789143218330725,0.001,5000.0,-2.9809123345876284e+250,0.22848086979000273,2.0870643274172407,5.0,1.1124144792556763,27.039788617507224
4.940108060836792,10.070947930641095,-69.44495176411033,6.283185307179586,0.0,14.23712003926384,-78.54068367212827,1.2077899687756553,0,10.070947930641095,0.0,10.070947930641095,10.070947930641095,-73.61112387273307,13.495955027793666,3.7922100312243447,0.001,5000.0,-2.9809123345876284e+250,0.3556327828110025,0.3045901254282624,5.0,1.1124144792556763,0.0
4.9502832889556885,10.070947930641095,-69.44495176411033,6.283185307179586,0.0,13.495955027793666,-73.61112387273307,1.1533224651637828,0,10.070947930641095,0.0,10.070947930641095,10.070947930641095,-72.8699588612629,12.754486573365714,3.846677534836217,0.001,5000.0,-2.9809123345876284e+250,0.3250695045299023,5.3529515972934805,5.0,1.1124144792556763,0.0
4.960724592208862,8.80875617568713,-62.83847600620124,6.283185307179586,0.0,12.754486573365714,-72.8699588612629,1.056928531658571,0,8.80875617568713,0.0,8.80875617568713,8.80875617568713,-66.78420640387982,12.057172421780251,3.943071468341429,0.001,5000.0,-2.9809123345876284e+250,0.29756255407691207,9.231982940052145,5.0,1.1124144792556763,0.0
4.970802307128906,8.80875617568713,-62.83847600620124,6.283185307179586,0.0,12.057172421780251,-66.78420640387982,1.020162075010437,0,8.80875617568713,0.0,8.80875617568713,8.80875617568713,-66.08689225229436,11.391167561709967,3.979837924989563,0.001,5000.0,-2.9809123345876284e+250,0.31636130248426364,3.648292985050397,5.0,1.1124144792556763,0.0
4.980870008468628,8.80875617568713,-62.83847600620124,6.283185307179586,0.0,11.391167561709967,-66.08689225229436,0.9338945361164519,0,8.80875617568713,0.0,8.80875617568713,8.80875617568713,-65.42088739222407,10.73252960606549,4.066105463883548,0.001,5000.0,-2.9809123345876284e+250,0.28972517223583727,8.568742355677582,5.0,1.3505860567092896,23.656996708267222
4.990942001342773,7.205114879267003,-53.200657313455025,6.283185307179586,0.0,10.73252960606549,-65.42088739222407,0.848345270926928,0,7.205114879267003,0.0,7.205114879267003,7.205114879267003,-56.728072040253515,10.161164868712042,4.151654729073072,0.001,5000.0,-2.9809123345876284e+250,0.26575265501225354,8.493777374398881,5.0,1.3505860567092896,0.0
5.001023054122925,7.205114879267003,-53.200657313455025,6.283185307179586,0.0,10.161164868712042,-56.728072040253515,0.855282361217151,0,7.205114879267003,0.0,7.205114879267003,7.205114879267003,-56.15670730290007,9.595046138431995,4.144717638782849,0.001,5000.0,-2.9809123345876284e+250,0.38311537349128155,0.6881315316473103,5.0,1.3505860567092896,0.0
5.011120557785034,6.300425335394608,-44.95105102910813,6.283185307179586,0.0,9.595046138431995,-56.15670730290007,0.7817393863514787,0,6.300425335394608,0.0,6.300425335394608,6.300425335394608,-48.24567183214552,9.107885290425978,4.218260613648521,0.001,5000.0,-2.9809123345876284e+250,0.34980383614215343,7.283282811933056,5.0,1.3505860567092896,0.0
5.021384000778198,6.300425335394608,-44.95105102910813,6.283185307179586,0.0,9.107885290425978,-48.24567183214552,0.7926472223381817,0,6.300425335394608,0.0,6.300425335394608,6.300425335394608,-47.7585109841395,8.617718535501863,4.207352777661818,0.001,5000.0,-2.9809123345876284e+250,0.4466892606387599,1.0627852655262195,5.0,1.5556539297103882,19.98041720869727
5.031447410583496,5.503081693338683,-39.285104103768795,6.283185307179586,0.0,8.617718535501863,-47.7585109841395,0.728895485128866,0,5.503081693338683,0.0,5.503081693338683,5.503081693338683,-42.399740945931974,8.191032566724482,4.2711045148711335,0.001,5000.0,-2.9809123345876284e+250,0.40702033457488396,6.335003586533245,5.0,1.5556539297103882,0.0
5.041587829589844,5.503081693338683,-39.285104103768795,6.283185307179586,0.0,8.191032566724482,-42.399740945931974,0.7227471498821079,0,5.503081693338683,0.0,5.503081693338683,5.503081693338683,-41.9730549771546,7.765408202279668,4.277252850117892,0.001,5000.0,-2.9809123345876284e+250,0.5128924459065283,0.6063196444751904,5.0,1.5556539297103882,0.0
5.051672458648682,4.813005678380113,-34.335606128863276,6.283185307179586,0.0,7.765408202279668,-41.9730549771546,0.6674265985476078,0,4.813005678380113,0.0,4.813005678380113,4.813005678380113,-37.288008652762834,7.389372466673818,4.332573401452392,0.001,5000.0,-2.9809123345876284e+250,0.46660320131587546,5.485630756643318,5.0,1.5556539297103882,0.0
5.061738729476929,4.50089774703612,-31.034720487134948,6.283185307179586,0.0,7.389372466673818,-37.288008652762834,0.6616320588067064,0,4.50089774703612,0.0,4.50089774703612,4.50089774703612,-33.92319520677265,7.047892396362951,4.338367941193294,0.001,5000.0,-2.9809123345876284e+250,0.5675056191796186,0.57563916566215,5.0,1.5556539297103882,0.0
5.071816921234131,4.209249788911857,-29.02297137117835,6.283185307179586,0.0,7.047892396362951,-33.92319520677265,0.6474729834230868,0,4.209249788911857,0.0,4.209249788911857,4.209249788911857,-31.861613978629443,6.7267849409923715,4.352527016576913,0.001,5000.0,-2.9809123345876284e+250,0.6315964528857464,1.4049222047696348,5.0,1.7322195768356323,17.519576068699582
5.081883430480957,4.209249788911857,-29.02297137117835,6.283185307179586,0.0,6.7267849409923715,-31.861613978629443,0.6231337519526376,0,4.209249788911857,0.0,4.209249788911857,4.209249788911857,-31.540506523258863,6.409282140426405,4.376866248047362,0.001,5000.0,-2.9809123345876284e+250,0.6566396680993457,2.4178422602773604,5.0,1.7322195768356323,0.0
5.091953992843628,3.6810726229898343,-26.261743085677445,6.283185307179586,0.0,6.409282140426405,-31.540506523258863,0.5818944344271082,0,3.6810726229898343,0.0,3.6810726229898343,3.6810726229898343,-28.989952603114016,6.117337014845871,4.418105565572892,0.001,5000.0,-2.9809123345876284e+250,0.6251356456488012,4.09503620953617,5.0,1.7322195768356323,0.0
5.102025985717773,3.6810726229898343,-26.261743085677445,6.283185307179586,0.0,6.117337014845871,-28.989952603114016,0.5665276560472818,0,3.6810726229898343,0.0,3.6810726229898343,3.6810726229898343,-28.69800747753348,5.828290888029979,4.433472343952718,0.001,5000.0,-2.9809123345876284e+250,0.6795719433755018,1.5256939288819797,5.0,1.7322195768356323,0.0
5.112092733383179,3.6810726229898343,-26.261743085677445,6.283185307179586,0.0,5.828290888029979,-28.69800747753348,0.5289806495488624,0,3.6810726229898343,0.0,3.6810726229898343,3.6810726229898343,-28.40896135071759,5.5423050426760545,4.4710193504511375,0.001,5000.0,-2.9809123345876284e+250,0.6575432522816798,3.7298050717463647,5.0,1.8842440843582153,15.101650759064965
5.122164726257324,3.008241941003164,-22.222316530013053,6.283185307179586,0.0,5.5423050426760545,-28.40896135071759,0.4918330924674718,0,3.008241941003164,0.0,3.008241941003164,3.008241941003164,-24.756379631685945,5.292958963436072,4.508166907532528,0.001,5000.0,-2.9809123345876284e+250,0.6390579327098173,3.6882032727353473,5.0,1.8842440843582153,0.0
5.132455110549927,3.008241941003164,-22.222316530013053,6.283185307179586,0.0,5.292958963436072,-24.756379631685945,0.4934504585641907,0,3.008241941003164,0.0,3.008241941003164,3.008241941003164,-24.50703355244596,5.040772170309698,4.50654954143581,0.001,5000.0,-2.9809123345876284e+250,0.7251521394388356,0.1571725652541025,5.0,1.8842440843582153,0.0
5.14252781867981,3.008241941003164,-22.222316530013053,6.283185307179586,0.0,5.040772170309698,-24.50703355244596,0.4606377683188982,0,3.008241941003164,0.0,3.008241941003164,3.008241941003164,-24.254846759319587,4.796460178168038,4.5393622316811015,0.001,5000.0,-2.9809123345876284e+250,0.7137814493527246,3.257583742344993,5.0,1.8842440843582153,0.0
5.152596473693848,3.008241941003164,-22.222316530013053,6.283185307179586,0.0,4.796460178168038,-24.254846759319587,0.4289559573503296,0,3.008241941003164,0.0,3.008241941003164,3.008241941003164,-24.010534767177926,4.554706386894757,4.57104404264967,0.001,5000.0,-2.9809123345876284e+250,0.7071246716145712,3.1465782593997567,5.0,2.015138864517212,13.000224953233406
5.162662982940674,2.300910710839997,-17.591967695061708,6.283185307179586,0.0,4.554706386894757,-24.010534767177926,0.39755354649348673,0,2.300910710839997,0.0,2.300910710839997,2.300910710839997,-19.84576337111647,4.354928826409089,4.602446453506513,0.001,5000.0,-2.9809123345876284e+250,0.7020063005660282,3.1194935689095606,5.0,2.015138864517212,0.0
5.172743797302246,2.300910710839997,-17.591967695061708,6.283185307179586,0.0,4.354928826409089,-19.84576337111647,0.41123240198610783,0,2.300910710839997,0.0,2.300910710839997,2.300910710839997,-19.6459858106308,4.156881290502037,4.5887675980138924,0.001,5000.0,-2.9809123345876284e+250,0.754193813850286,1.356919689421566,5.0,2.015138864517212,0.0
5.182878732681274,2.012284912854254,-14.355833113887543,6.283185307179586,0.0,4.156881290502037,-19.6459858106308,0.3855035225639772,0,2.012284912854254,0.0,2.012284912854254,2.012284912854254,-16.500429491535325,3.9896505038791132,4.614496477436023,0.001,5000.0,-2.9809123345876284e+250,0.76308515321728,2.538632804247577,5.0,2.015138864517212,0.0
5.192960739135742,1.8812175305534111,-12.97343762340008,6.283185307179586,0.0,3.9896505038791132,-16.500429491535325,0.39354677562772267,0,1.8812175305534111,0.0,1.8812175305534111,1.8812175305534111,-15.081870596725782,3.8375949871774764,4.606453224372277,0.001,5000.0,-2.9809123345876284e+250,0.8271814088272511,0.7977829710852018,5.0,2.015138864517212,0.0
5.203083038330078,1.8812175305534111,-12.97343762340008,6.283185307179586,0.0,3.8375949871774764,-15.081870596725782,0.3864445922375889,0,1.8812175305534111,0.0,1.8812175305534111,1.8812175305534111,-14.929815080024145,3.6864709320213636,4.613555407762411,0.001,5000.0,-2.9809123345876284e+250,0.8879660637839526,0.701637370500554,5.0,2.1278412342071533,11.134068211795741
5.213374853134155,1.644866671444201,-11.735990171130187,6.283185307179586,0.0,3.6864709320213636,-14.929815080024145,0.36680777968274947,0,1.644866671444201,0.0,1.644866671444201,1.644866671444201,-13.77759443170735,3.544674481684547,4.633192220317251,0.001,5000.0,-2.9809123345876284e+250,0.9038004748768668,1.9080029060628108,5.0,2.1278412342071533,0.0
5.223448276519775,1.5377330100332423,-10.604657319298367,6.283185307179586,0.0,3.544674481684547,-13.77759443170735,0.3584784831187632,0,1.5377330100332423,0.0,1.5377330100332423,1.5377330100332423,-12.611598790949671,3.417632507493736,4.6415215168812365,0.001,5000.0,-2.9809123345876284e+250,0.9528883175648261,0.8268585807558151,5.0,2.1278412342071533,0.0
5.233562707901001,1.5377330100332423,-10.604657319298367,6.283185307179586,0.0,3.417632507493736,-12.611598790949671,0.3523525631396264,0,1.5377330100332423,0.0,1.5377330100332423,1.5377330100332423,-12.484556816758861,3.2913583142456164,4.647647436860374,0.001,5000.0,-2.9809123345876284e+250,1.004194842899936,0.6056613316402287,5.0,2.1278412342071533,0.0
5.243633270263672,1.5377330100332423,-10.604657319298367,6.283185307179586,0.0,3.2913583142456164,-12.484556816758861,0.3359445958267977,0,1.5377330100332423,0.0,1.5377330100332423,1.5377330100332423,-12.35828262351074,3.166903458390039,4.664055404173203,0.001,5000.0,-2.9809123345876284e+250,1.0173868028773538,1.6293000054941302,5.0,2.2248783111572266,9.635715807665902
5.2537522315979,1.5377330100332423,-10.604657319298367,6.283185307179586,0.0,3.166903458390039,-12.35828262351074,0.3197836579394981,0,1.5377330100332423,0.0,1.5377330100332423,1.5377330100332423,-12.233827767655164,3.0431098282395252,4.680216342060502,0.001,5000.0,-2.9809123345876284e+250,1.0302972985550114,1.5970945390050493,5.0,2.2248783111572266,0.0
5.263821840286255,1.5377330100332423,-10.604657319298367,6.283185307179586,0.0,3.0431098282395252,-12.233827767655164,0.30369709827698194,0,1.5377330100332423,0.0,1.5377330100332423,1.5377330100332423,-12.11003413750465,2.921166523272239,4.696302901723018,0.001,5000.0,-2.9809123345876284e+250,1.0419025285242167,1.5975357295780785,5.0,2.2248783111572266,0.0
5.273979425430298,1.0998412522694474,-8.710535020230665,6.283185307179586,0.0,2.921166523272239,-12.11003413750465,0.287862971883067,0,1.0998412522694474,0.0,1.0998412522694474,1.0998412522694474,-10.531860291233457,2.8141882556388698,4.712137028116933,0.001,5000.0,-2.9809123345876284e+250,1.0535938556370412,1.5588475183199486,5.0,2.2248783111572266,0.0
5.284060716629028,1.0998412522694474,-8.710535020230665,6.283185307179586,0.0,2.8141882556388698,-10.531860291233457,0.2886677528771072,0,1.0998412522694474,0.0,1.0998412522694474,1.0998412522694474,-10.424882023600087,2.7090919842465464,4.7113322471228924,0.001,5000.0,-2.9809123345876284e+250,1.0982344700733373,0.07982915860436504,5.0,2.3084278106689453,8.287579226184846
5.294240713119507,1.0998412522694474,-8.710535020230665,6.283185307179586,0.0,2.7090919842465464,-10.424882023600087,0.27502405755851567,0,1.0998412522694474,0.0,1.0998412522694474,1.0998412522694474,-10.319785752207764,2.604036601506581,4.7249759424414846,0.001,5000.0,-2.9809123345876284e+250,1.1113364432096235,1.3402455817497265,5.0,2.3084278106689453,0.0
5.30431056022644,1.0998412522694474,-8.710535020230665,6.283185307179586,0.0,2.604036601506581,-10.319785752207764,0.2613672666888437,0,1.0998412522694474,0.0,1.0998412522694474,1.0998412522694474,-10.214730369467798,2.5011758284474888,4.738632733311157,0.001,5000.0,-2.9809123345876284e+250,1.1226139267158168,1.3562063777779299,5.0,2.3084278106689453,0.0
5.314387798309326,0.8410512075891494,-6.431118139369311,6.283185307179586,0.0,2.5011758284474888,-10.214730369467798,0.2480173122879705,0,0.8410512075891494,0.0,0.8410512075891494,0.8410512075891494,-8.09124276022765,2.419638448766249,4.7519826877120295,0.001,5000.0,-2.9809123345876284e+250,1.1337768301944076,1.3247632229256876,5.0,2.3084278106689453,0.0
5.324463605880737,0.7864542393150971,-5.422982509288629,6.283185307179586,0.0,2.419638448766249,-8.09124276022765,0.2578369552249984,0,0.7864542393150971,0.0,0.7864542393150971,0.7864542393150971,-7.056166718739782,2.3485418707164314,4.742163044775001,0.001,5000.0,-2.9809123345876284e+250,1.1551072452156852,0.9745762677018486,5.0,2.3084278106689453,0.0
5.334532737731934,0.7864542393150971,-5.422982509288629,6.283185307179586,0.0,2.3485418707164314,-7.056166718739782,0.2582341947129026,0,0.7864542393150971,0.0,0.7864542393150971,0.7864542393150971,-6.985070140689963,2.27820827847997,4.7417658052870975,0.001,5000.0,-2.9809123345876284e+250,1.1895965206941166,0.039451215236298215,5.0,2.3803651332855225,7.1443421021476095
5.344599008560181,0.6877490973750275,-4.906659219671721,6.283185307179586,0.0,2.27820827847997,-6.985070140689963,0.2490984575802962,0,0.6877490973750275,0.0,0.6877490973750275,0.6877490973750275,-6.497118400776664,2.2128065250545648,4.750901542419704,0.001,5000.0,-2.9809123345876284e+250,1.207504404128392,0.9075592429890236,5.0,2.3803651332855225,0.0
5.354668617248535,0.6877490973750275,-4.906659219671721,6.283185307179586,0.0,2.2128065250545648,-6.497118400776664,0.24482172949987246,0,0.6877490973750275,0.0,0.6877490973750275,0.6877490973750275,-6.431716647351259,2.148041655221362,4.755178270500128,0.001,5000.0,-2.9809123345876284e+250,1.236753963715553,0.42471641280060557,5.0,2.3803651332855225,0.0
5.364742279052734,0.6014932791611017,-4.291054825087377,6.283185307179586,0.0,2.148041655221362,-6.431716647351259,0.2364086652574781,0,0.6014932791611017,0.0,0.6014932791611017,0.6014932791611017,-5.837603201147637,2.08923561482589,4.763591334742522,0.001,5000.0,-2.9809123345876284e+250,1.252279143750116,0.8351545253273597,5.0,2.3803651332855225,0.0
5.374932527542114,0.6014932791611017,-4.291054825087377,6.283185307179586,0.0,2.08923561482589,-5.837603201147637,0.23411695406414826,0,0.6014932791611017,0.0,0.6014932791611017,0.6014932791611017,-5.778797160752165,2.0303482357881024,4.765883045935852,0.001,5000.0,-2.9809123345876284e+250,1.2770512293751044,0.22489257212110572,5.0,2.442303419113159,6.078191900049133
5.385158061981201,0.6014932791611017,-4.291054825087377,6.283185307179586,0.0,2.0303482357881024,-5.778797160752165,0.22646078140281273,0,0.6014932791611017,0.0,0.6014932791611017,0.6014932791611017,-5.719909781714378,1.971859101326712,4.773539218597187,0.001,5000.0,-2.9809123345876284e+250,1.2913314470733495,0.7487308078558665,5.0,2.442303419113159,0.0
5.395310163497925,0.4919041395031143,-3.632420850349336,6.283185307179586,0.0,1.971859101326712,-5.719909781714378,0.21886117636859592,0,0.4919041395031143,0.0,0.4919041395031143,0.4919041395031143,-5.1123758121729335,1.91995774308989,4.781138823631404,0.001,5000.0,-2.9809123345876284e+250,1.3041886773112918,0.7485745706638097,5.0,2.442303419113159,0.0
5.405379295349121,0.4919041395031143,-3.632420850349336,6.283185307179586,0.0,1.91995774308989,-5.1123758121729335,0.2176703259108553,0,0.4919041395031143,0.0,0.4919041395031143,0.4919041395031143,-5.060474453936112,1.8690031585835967,4.782329674089144,0.001,5000.0,-2.9809123345876284e+250,1.3237698095801629,0.11826744106038639,5.0,2.442303419113159,0.0
5.415407419204712,0.4919041395031143,-3.632420850349336,6.283185307179586,0.0,1.8690031585835967,-5.060474453936112,0.21105569766234242,0,0.4919041395031143,0.0,0.4919041395031143,0.4919041395031143,-5.009519869429818,1.8187670728759113,4.788944302337658,0.001,5000.0,-2.9809123345876284e+250,1.336249912119494,0.6596077535306009,5.0,2.442303419113159,0.0
5.425500392913818,0.4022681788282821,-2.9705635846643643,6.283185307179586,0.0,1.8187670728759113,-5.009519869429818,0.2045321915083294,0,0.4022681788282821,0.0,0.4022681788282821,0.4022681788282821,-4.387062478711994,1.7744885666180639,4.79546780849167,0.001,5000.0,-2.9809123345876284e+250,1.3479094777224738,0.6463413402263336,5.0,2.495633602142334,5.283891999149599
5.435568332672119,0.4022681788282821,-2.9705635846643643,6.283185307179586,0.0,1.7744885666180639,-4.387062478711994,0.20455777453940902,0,0.4022681788282821,0.0,0.4022681788282821,0.4022681788282821,-4.342783972454146,1.7307656792000812,4.795442225460591,0.001,5000.0,-2.9809123345876284e+250,1.3631185299502264,0.0025410393480467725,5.0,2.495633602142334,0.0
5.445642471313477,0.4022681788282821,-2.9705635846643643,6.283185307179586,0.0,1.7307656792000812,-4.342783972454146,0.1988793553634699,0,0.4022681788282821,0.0,0.4022681788282821,0.4022681788282821,-4.299061085036163,1.6874563418017623,4.80112064463653,0.001,5000.0,-2.9809123345876284e+250,1.374755313727627,0.5636629967178997,5.0,2.495633602142334,0.0
5.455876350402832,0.3289397566341663,-2.429167018311604,6.283185307179586,0.0,1.6874563418017623,-4.299061085036163,0.1932532770018851,0,0.3289397566341663,0.0,0.3289397566341663,0.3289397566341663,-3.7876836034792,1.6486936457750219,4.806746722998115,0.001,5000.0,-2.9809123345876284e+250,1.3856767163075623,0.5497503256059211,5.0,2.495633602142334,0.0
5.466003179550171,0.3289397566341663,-2.429167018311604,6.283185307179586,0.0,1.6486936457750219,-3.7876836034792,0.19294027437371108,0,0.3289397566341663,0.0,0.3289397566341663,0.3289397566341663,-3.7489209074524594,1.6107289642583642,4.807059725626289,0.001,5000.0,-2.9809123345876284e+250,1.3971090446768062,0.030908256041455032,5.0,2.5415518283843994,4.534314302530901
5.476121664047241,0.28760949432048816,-2.0520820652411262,6.283185307179586,0.0,1.6107289642583642,-3.7489209074524594,0.1880128459216464,0,0.28760949432048816,0.0,0.28760949432048816,0.28760949432048816,-3.375201535179002,1.5765770398501675,4.811987154078354,0.001,5000.0,-2.9809123345876284e+250,1.4073981402091258,0.4869729704573203,5.0,2.5415518283843994,0.0
5.486351490020752,0.28760949432048816,-2.0520820652411262,6.283185307179586,0.0,1.5765770398501675,-3.375201535179002,0.18696877022723346,0,0.28760949432048816,0.0,0.28760949432048816,0.28760949432048816,-3.3410496107708054,1.5423986837631163,4.813031229772767,0.001,5000.0,-2.9809123345876284e+250,1.4166583261882133,0.10206192139695179,5.0,2.5415518283843994,0.0
5.4964258670806885,0.25152901597204924,-1.7944422730899834,6.283185307179586,0.0,1.5423986837631163,-3.3410496107708054,0.18252531961912824,0,0.25152901597204924,0.0,0.25152901597204924,0.25152901597204924,-3.0853119408810503,1.511316087923156,4.8174746803808715,0.001,5000.0,-2.9809123345876284e+250,1.424992493569392,0.441064552345951,5.0,2.5415518283843994,0.0
5.5065014362335205,0.25152901597204924,-1.7944422730899834,6.283185307179586,0.0,1.511316087923156,-3.0853119408810503,0.18073113290043136,0,0.25152901597204924,0.0,0.25152901597204924,0.25152901597204924,-3.0542293450410902,1.4805429889485855,4.819268867099568,0.001,5000.0,-2.9809123345876284e+250,1.432493244212453,0.17807298937475652,5.0,2.5415518283843994,0.0
5.516625881195068,0.21995453876601678,-1.569259598577719,6.283185307179586,0.0,1.4805429889485855,-3.0542293450410902,0.1767337250023911,0,0.21995453876601678,0.0,0.21995453876601678,0.21995453876601678,-2.8298480487602875,1.4518923481293684,4.823266274997609,0.001,5000.0,-2.9809123345876284e+250,1.439243919791208,0.3948273622131605,5.0,2.5810868740081787,3.9049099258212645
5.52678370475769,0.21995453876601678,-1.569259598577719,6.283185307179586,0.0,1.4518923481293684,-2.8298480487602875,0.17496644825050872,0,0.21995453876601678,0.0,0.21995453876601678,0.21995453876601678,-2.8011974079410704,1.4234382790954287,4.825033551749491,0.001,5000.0,-2.9809123345876284e+250,1.4453195278120874,0.1739818319335113,5.0,2.5810868740081787,0.0
5.536854267120361,0.19235492272790566,-1.3723096431404616,6.283185307179586,0.0,1.4234382790954287,-2.8011974079410704,0.17126938499394934,0,0.19235492272790566,0.0,0.19235492272790566,0.19235492272790566,-2.6033929995079843,1.3972206475393425,4.828730615006051,0.001,5000.0,-2.9809123345876284e+250,1.4507875750308785,0.367115869344446,5.0,2.5810868740081787,0.0
5.546931982040405,0.19235492272790566,-1.3723096431404616,6.283185307179586,0.0,1.3972206475393425,-2.6033929995079843,0.16957696066042813,0,0.19235492272790566,0.0,0.19235492272790566,0.19235492272790566,-2.5771753679518987,1.3712486088821638,4.830423039339572,0.001,5000.0,-2.9809123345876284e+250,1.4557088175277908,0.16793730989106292,5.0,2.5810868740081787,0.0
5.557006597518921,0.16820323169564408,-1.2000608243304138,6.283185307179586,0.0,1.3712486088821638,-2.5771753679518987,0.166203051563984,0,0.16820323169564408,0.0,0.16820323169564408,0.16820323169564408,-2.4031062015169335,1.3470382379478443,4.833796948436016,0.001,5000.0,-2.9809123345876284e+250,1.4601379357750117,0.3348920962431853,5.0,2.615126848220825,3.3787864445285876
5.567105293273926,0.16820323169564408,-1.2000608243304138,6.283185307179586,0.0,1.3470382379478443,-2.4031062015169335,0.16455429129752888,0,0.16820323169564408,0.0,0.16820323169564408,0.16820323169564408,-2.3788958305826142,1.3230144927219405,4.835445708702471,0.001,5000.0,-2.9809123345876284e+250,1.4641241421975106,0.16326467362262959,5.0,2.615126848220825,0.0
5.577176809310913,0.14707486035571699,-1.049351842187086,6.283185307179586,0.0,1.3230144927219405,-2.3788958305826142,0.16143307067524554,0,0.14707486035571699,0.0,0.14707486035571699,0.14707486035571699,-2.2252914745533094,1.3006024339490057,4.838566929324754,0.001,5000.0,-2.9809123345876284e+250,1.4677117279777598,0.3099057391976308,5.0,2.615126848220825,0.0
5.587286710739136,0.13751370247961908,-0.9482715233943922,6.283185307179586,0.0,1.3006024339490057,-2.2252914745533094,0.15983142600732772,0,0.13751370247961908,0.0,0.13751370247961908,0.13751370247961908,-2.111360254863779,1.2792567898928657,4.840168573992672,0.001,5000.0,-2.9809123345876284e+250,1.470940555179984,0.15842337131464895,5.0,2.615126848220825,0.0
5.5973570346832275,0.13751370247961908,-0.9482715233943922,6.283185307179586,0.0,1.2792567898928657,-2.111360254863779,0.15798234803636343,0,0.13751370247961908,0.0,0.13751370247961908,0.13751370247961908,-2.0900146108076387,1.258209665714148,4.842017651963636,0.001,5000.0,-2.9809123345876284e+250,1.4738464996619856,0.18361653321481575,5.0,2.615126848220825,0.0
5.607423782348633,0.12028045044195317,-0.8580322877766212,6.283185307179586,0.0,1.258209665714148,-2.0900146108076387,0.15524920709190435,0,0.12028045044195317,0.0,0.12028045044195317,0.12028045044195317,-1.9959615030488158,1.2381168249130925,4.844750792908096,0.001,5000.0,-2.9809123345876284e+250,1.476461849695787,0.2715018827631513,5.0,2.644435405731201,2.911422684318973
5.61749529838562,0.12028045044195317,-0.8580322877766212,6.283185307179586,0.0,1.2381168249130925,-1.9959615030488158,0.1533767404573448,0,0.12028045044195317,0.0,0.12028045044195317,0.12028045044195317,-1.9758686622477604,1.2182168319942834,4.846623259542655,0.001,5000.0,-2.9809123345876284e+250,1.4788156647262083,0.1859170583339154,5.0,2.644435405731201,0.0
5.6276795864105225,0.12028045044195317,-0.8580322877766212,6.283185307179586,0.0,1.2182168319942834,-1.9758686622477604,0.1507916698567221,0,0.12028045044195317,0.0,0.12028045044195317,0.12028045044195317,-1.9559686693289513,1.1982966836981521,4.849208330143278,0.001,5000.0,-2.9809123345876284e+250,1.4809340982535875,0.25382929020681355,5.0,2.644435405731201,0.0
5.6377623081207275,0.09829592027043596,-0.7261243323163052,6.283185307179586,0.0,1.1982966836981521,-1.9559686693289513,0.1482018490244518,0,0.09829592027043596,0.0,0.09829592027043596,0.09829592027043596,-1.8261250957440214,1.1798843725497437,4.851798150975548,0.001,5000.0,-2.9809123345876284e+250,1.4828406884282286,0.25685731558464536,5.0,2.644435405731201,0.0
5.648083686828613,0.0918609862562305,-0.6336143267253106,6.283185307179586,0.0,1.1798843725497437,-1.8261250957440214,0.1469225611995239,0,0.0918609862562305,0.0,0.0918609862562305,0.0918609862562305,-1.7216377130188238,1.162114697715898,4.853077438800476,0.001,5000.0,-2.9809123345876284e+250,1.4845566195854056,0.12394543995856794,5.0,2.6696715354919434,2.4450347647316995
5.658258438110352,0.0918609862562305,-0.6336143267253106,6.283185307179586,0.0,1.162114697715898,-1.7216377130188238,0.14547968055003752,0,0.0918609862562305,0.0,0.0918609862562305,0.0918609862562305,-1.7038680381849782,1.1447782642104625,4.854520319449962,0.001,5000.0,-2.9809123345876284e+250,1.4861009576268653,0.14180991844744958,5.0,2.6696715354919434,0.0
5.668327808380127,0.08037397947917338,-0.5732643045158874,5.682892947466605,-29.957863591095222,1.1447782642104625,-1.7038680381849782,0.14323027660761498,0,0.08037397947917338,0.0,0.08037397947917338,0.08037397947917338,-1.6376685892471765,1.128287972806152,4.856769723392385,0.001,5000.0,-2.9809123345876284e+250,1.487490861864179,0.22339072674429675,5.0,2.6696715354919434,0.0
5.678393602371216,0.08037397947917338,-0.5732643045158874,5.682892947466605,-29.957863591095222,1.128287972806152,-1.6376685892471765,0.1415836303003895,0,0.08037397947917338,0.0,0.08037397947917338,0.08037397947917338,-1.621178297842866,1.1119695260372415,4.8584163696996105,0.001,5000.0,-2.9809123345876284e+250,1.4887417756777612,0.16358831788959977,5.0,2.6696715354919434,0.0
5.6885857582092285,0.07029232982355071,-0.501470577151866,2.6645511179730508,-150.1351138931505,1.1119695260372415,-1.621178297842866,0.13946395066678519,0,0.07029232982355071,0.0,0.07029232982355071,0.07029232982355071,-1.5431477733655568,1.0962415234500176,4.860536049333215,0.001,5000.0,-2.9809123345876284e+250,1.4898675981099854,0.20797166637687756,5.0,2.691399335861206,2.1318159489110857
5.698724031448364,0.06573002376184979,-0.45323776797291443,1.2986437818354728,-135.69470875393623,1.0962415234500176,-1.5431477733655568,0.1380423355493469,0,0.06573002376184979,0.0,0.06573002376184979,0.06573002376184979,-1.4837492676610822,1.081198867956102,4.861957664450653,0.001,5000.0,-2.9809123345876284e+250,1.4908808382989869,0.14022260831860206,5.0,2.691399335861206,0.0
5.708789110183716,0.06573002376184979,-0.45323776797291443,1.2986437818354728,-135.69470875393623,1.081198867956102,-1.4837492676610822,0.13653034883724346,0,0.06573002376184979,0.0,0.06573002376184979,0.06573002376184979,-1.4687066121671666,1.066416220265508,4.863469651162757,0.001,5000.0,-2.9809123345876284e+250,1.4917927544690883,0.15022105160418425,5.0,2.691399335861206,0.0
5.718811988830566,0.057483308931432636,-0.410097090487503,-0.9850199225886087,-113.56326247416227,1.066416220265508,-1.4687066121671666,0.13461120471549948,0,0.057483308931432636,0.0,0.057483308931432636,0.057483308931432636,-1.4190300018215785,1.0521934547610103,4.865388795284501,0.001,5000.0,-2.9809123345876284e+250,1.4926134790221797,0.19147634021759066,5.0,2.691399335861206,0.0
5.72887659072876,0.057483308931432636,-0.410097090487503,-0.9850199225886087,-113.56326247416227,1.0521934547610103,-1.4190300018215785,0.1331167836483257,0,0.057483308931432636,0.0,0.057483308931432636,0.057483308931432636,-1.4048072363170807,1.0380546291837778,4.866883216351674,0.001,5000.0,-2.9809123345876284e+250,1.4933521311199618,0.14848287913325667,5.0,2.691399335861206,0.0
5.7389655113220215,0.0502417793702643,-0.358542093946934,-2.990329741518978,-99.28675639841492,1.0380546291837778,-1.4048072363170807,0.1312795757225581,0,0.0502417793702643,0.0,0.0502417793702643,0.0502417793702643,-1.3463549437604474,1.0244713610658334,4.868720424277442,0.001,5000.0,-2.9809123345876284e+250,1.4940169180079659,0.18210153492481965,5.0,2.7101070880889893,1.8542867945930617
5.749035358428955,0.0502417793702643,-0.358542093946934,-2.990329741518978,-99.28675639841492,1.0244713610658334,-1.3463549437604474,0.1299624411116122,0,0.0502417793702643,0.0,0.0502417793702643,0.0502417793702643,-1.332771675642503,1.0110505540636616,4.870037558888388,0.001,5000.0,-2.9809123345876284e+250,1.4946152262071695,0.130799861900484,5.0,2.7101070880889893,0.0
5.759099721908569,0.04394916902560344,-0.31350217060688484,-4.622285701593435,-81.30516713978399,1.0110505540636616,-1.332771675642503,0.1282193608124876,0,0.04394916902560344,0.0,0.04394916902560344,0.04394916902560344,-1.280603555644943,0.9981620944063645,4.871780639187512,0.001,5000.0,-2.9809123345876284e+250,1.4951537035864524,0.17319329758461804,5.0,2.7101070880889893,0.0
5.769169330596924,0.04394916902560344,-0.31350217060688484,-4.622285701593435,-81.30516713978399,0.9981620944063645,-1.280603555644943,0.1269366576604416,0,0.04394916902560344,0.0,0.04394916902560344,0.04394916902560344,-1.267715095987646,0.9853966994614491,4.873063342339559,0.001,5000.0,-2.9809123345876284e+250,1.4956383332278071,0.1273836145717815,5.0,2.7101070880889893,0.0
5.779232025146484,0.03843851528971379,-0.27421557981536043,-1.656955606680944,147.55775817024568,0.9853966994614491,-1.267715095987646,0.12527838696472643,0,0.03843851528971379,0.0,0.03843851528971379,0.03843851528971379,-1.2211737639870959,0.9731084008825098,4.874721613035273,0.001,5000.0,-2.9809123345876284e+250,1.4960744999050264,0.16479390162822627,5.0,2.7101070880889893,0.0
5.789297580718994,0.03843851528971379,-0.27421557981536043,-1.656955606680944,147.55775817024568,0.9731084008825098,-1.2211737639870959,0.12402343848368041,0,0.03843851528971379,0.0,0.03843851528971379,0.03843851528971379,-1.2088854654081564,0.9609402970496447,4.875976561516319,0.001,5000.0,-2.9809123345876284e+250,1.4964670499145236,0.12467751750071586,5.0,2.1965205669403076,-51.02416031076792
5.7993323802948,0.03360867455627612,-0.23979711298216758,0.9420231655145395,129.03688561813712,0.9609402970496447,-1.2088854654081564,0.12244278693286871,0,0.03360867455627612,0.0,0.03360867455627612,0.03360867455627612,-1.1671287354755362,0.9492283941099842,4.877557213067131,0.001,5000.0,-2.9809123345876284e+250,1.4968203449230715,0.1575170025939256,5.0,2.1965205669403076,0.0
5.809398889541626,0.03360867455627612,-0.23979711298216758,0.9420231655145395,129.03688561813712,0.9492283941099842,-1.1671287354755362,0.12122068782064244,0,0.03360867455627612,0.0,0.03360867455627612,0.03360867455627612,-1.1554168325358756,0.9375973798813232,4.878779312179358,0.001,5000.0,-2.9809123345876284e+250,1.4971383104307643,0.12140247252160274,5.0,2.1965205669403076,0.0
5.81946587562561,0.029394444066872017,-0.2096968134417215,3.886254897656267,146.50266847445758,0.9375973798813232,-1.1554168325358756,0.11970946485802651,0,0.029394444066872017,0.0,0.029394444066872017,0.029394444066872017,-1.1178997492561726,0.9263434986622717,4.880290535141974,0.001,5000.0,-2.9809123345876284e+250,1.4974244793876879,0.15011672311935914,5.0,2.1965205669403076,0.0
5.8295323848724365,0.027484944913292838,-0.18952671536404386,5.220308176090153,132.4110228110266,0.9263434986622717,-1.1178997492561726,0.11850909232015634,0,0.027484944913292838,0.0,0.027484944913292838,0.027484944913292838,-1.0883852691130227,0.9153872582866361,4.881490907679844,0.001,5000.0,-2.9809123345876284e+250,1.4976820314489192,0.11924416979487013,5.0,1.4984389543533325,-69.34693998389466
5.839597940444946,0.027484944913292838,-0.18952671536404386,5.220308176090153,132.4110228110266,0.9153872582866361,-1.0883852691130227,0.11727036346899884,0,0.027484944913292838,0.0,0.027484944913292838,0.027484944913292838,-1.077429028737387,0.9045423365224448,4.882729636531002,0.001,5000.0,-2.9809123345876284e+250,1.4979138283040272,0.1230661181326758,5.0,1.4984389543533325,0.0
5.849667310714722,0.024032310608525852,-0.17146677411932112,6.283185307179586,52.78523494407659,0.9045423365224448,-1.077429028737387,0.11586163682576842,0,0.024032310608525852,0.0,0.024032310608525852,0.024032310608525852,-1.0519768000332401,0.8939495926076966,4.884138363174231,0.001,5000.0,-2.9809123345876284e+250,1.4981224454736246,0.13990215926997088,5.0,1.4984389543533325,0.0
5.859733819961548,0.024032310608525852,-0.17146677411932112,6.283185307179586,52.78523494407659,0.8939495926076966,-1.0519768000332401,0.11463317496474514,0,0.024032310608525852,0.0,0.024032310608525852,0.024032310608525852,-1.041384056118492,0.8834664903772824,4.885366825035255,0.001,5000.0,-2.9809123345876284e+250,1.4983102009262623,0.12203454354453579,5.0,1.4984389543533325,0.0
5.869855880737305,0.02101516341924192,-0.14993344460033833,6.283185307179586,0.0,0.8834664903772824,-1.041384056118492,0.11327146809163463,0,0.02101516341924192,0.0,0.02101516341924192,0.02101516341924192,-1.012384771558379,0.8732190701911178,4.886728531908365,0.001,5000.0,-2.9809123345876284e+250,1.4984791808336362,0.1345286205326789,5.0,1.4984389543533325,0.0
5.880038022994995,0.02101516341924192,-0.14993344460033833,6.283185307179586,0.0,0.8732190701911178,-1.012384771558379,0.11212682211117271,0,0.02101516341924192,0.0,0.02101516341924192,0.02101516341924192,-1.0021373513722143,0.8630151651177008,4.887873177888827,0.001,5000.0,-2.9809123345876284e+250,1.4986312627502727,0.11241700925926315,5.0,1.6829568147659302,18.121713068115298
5.89026403427124,0.01837368021113843,-0.13109908396262326,6.283185307179586,0.0,0.8630151651177008,-1.0021373513722143,0.11080074960275597,0,0.01837368021113843,0.0,0.01837368021113843,0.01837368021113843,-0.9757405688691857,0.8530372310577548,4.889199250397244,0.001,5000.0,-2.9809123345876284e+250,1.4987681364752454,0.12967641757810153,5.0,1.6829568147659302,0.0
5.90030574798584,0.017180813397792635,-0.11847049741152511,6.283185307179586,0.0,0.8530372310577548,-0.9757405688691857,0.10966780665939382,0,0.017180813397792635,0.0,0.017180813397792635,0.017180813397792635,-0.9543269150714873,0.8434541533864699,4.8903321933406065,0.001,5000.0,-2.9809123345876284e+250,1.498891322827721,0.11282366492035804,5.0,1.6829568147659302,0.0
5.910376071929932,0.017180813397792635,-0.11847049741152511,6.283185307179586,0.0,0.8434541533864699,-0.9543269150714873,0.10854031232339093,0,0.017180813397792635,0.0,0.017180813397792635,0.017180813397792635,-0.9447438374002024,0.8339402768996654,4.891459687676609,0.001,5000.0,-2.9809123345876284e+250,1.499002190544949,0.11196207215006161,5.0,1.6829568147659302,0.0
5.920638561248779,0.015023267388624972,-0.10718613543577242,6.283185307179586,0.0,0.8339402768996654,-0.9447438374002024,0.10730420039195114,0,0.015023267388624972,0.0,0.015023267388624972,0.015023267388624972,-0.9261031449468129,0.8244361532664976,4.892695799608049,0.001,5000.0,-2.9809123345876284e+250,1.4991019714904543,0.12044952184940093,5.0,1.8418288230895996,15.480845181674566
5.930707931518555,0.015023267388624972,-0.10718613543577242,6.283185307179586,0.0,0.8244361532664976,-0.9261031449468129,0.10616003000784154,0,0.015023267388624972,0.0,0.015023267388624972,0.015023267388624972,-0.916599021313645,0.8152065783319767,4.893839969992158,0.001,5000.0,-2.9809123345876284e+250,1.499191774341409,0.11362879241256933,5.0,1.8418288230895996,0.0
5.940777778625488,0.013137310729272681,-0.09372808616697416,6.283185307179586,0.0,0.8152065783319767,-0.916599021313645,0.1049629307533403,0,0.013137310729272681,0.0,0.013137310729272681,0.013137310729272681,-0.8957973537696782,0.8061860359407204,4.895037069246659,0.001,5000.0,-2.9809123345876284e+250,1.499272596907268,0.11887958593502079,5.0,1.8418288230895996,0.0
5.950850009918213,0.012286179510076642,-0.08471329767207288,6.283185307179586,0.0,0.8061860359407204,-0.8957973537696782,0.10390807149400408,0,0.012286179510076642,0.0,0.012286179510076642,0.012286179510076642,-0.8786131541027167,0.7973364410357675,4.896091928505996,0.001,5000.0,-2.9809123345876284e+250,1.4993453372165413,0.10472945156632493,5.0,1.8418288230895996,0.0
5.96091890335083,0.011489843810831662,-0.07922376680944063,6.283185307179586,0.0,0.7973364410357675,-0.8786131541027167,0.1028409702039803,0,0.011489843810831662,0.0,0.011489843810831662,0.011489843810831662,-0.8650703640343765,0.78862613972859,4.89715902979602,0.001,5000.0,-2.9809123345876284e+250,1.4994108034948872,0.10597999642810939,5.0,1.8418288230895996,0.0
5.971004247665405,0.011489843810831662,-0.07922376680944063,6.283185307179586,0.0,0.78862613972859,-0.8650703640343765,0.10175695592165884,0,0.011489843810831662,0.0,0.011489843810831662,0.011489843810831662,-0.856360062727199,0.7799894536387348,4.898243044078341,0.001,5000.0,-2.9809123345876284e+250,1.4994697231453986,0.10748411244173887,5.0,1.9786192178726196,13.563284555920664
5.981075048446655,0.011489843810831662,-0.07922376680944063,6.283185307179586,0.0,0.7799894536387348,-0.856360062727199,0.1006349228821509,0,0.011489843810831662,0.0,0.011489843810831662,0.011489843810831662,-0.8477233766373439,0.7714522003950116,4.899365077117849,0.001,5000.0,-2.9809123345876284e+250,1.4995227508308586,0.11141448072301942,5.0,1.9786192178726196,0.0
5.9911487102508545,0.009389836359423014,-0.06936361788471852,6.283185307179586,0.0,0.7714522003950116,-0.8477233766373439,0.09952607428892819,0,0.009389836359423014,0.0,0.009389836359423014,0.009389836359423014,-0.8314259819203071,0.7630766962379222,4.900473925711072,0.001,5000.0,-2.9809123345876284e+250,1.499570475747773,0.11007403412733964,5.0,1.9786192178726196,0.0
6.001357555389404,0.008783448290632684,-0.06055512731791054,6.283185307179586,0.0,0.7630766962379222,-0.8314259819203071,0.09851647765410604,0,0.008783448290632684,0.0,0.008783448290632684,0.008783448290632684,-0.8148483752652,0.7547580353634409,4.901483522345894,0.001,5000.0,-2.9809123345876284e+250,1.4996134281729958,0.09889430401973663,5.0,1.9786192178726196,0.0
6.011521577835083,0.008783448290632684,-0.06055512731791054,6.283185307179586,0.0,0.7547580353634409,-0.8148483752652,0.09751764119822973,0,0.008783448290632684,0.0,0.008783448290632684,0.008783448290632684,-0.8065297143907187,0.7465604492432668,4.9024823588017705,0.001,5000.0,-2.9809123345876284e+250,1.4996520853556965,0.09827176801453961,5.0,1.9786192178726196,0.0
6.022128582000732,0.007677174583996505,-0.05478603245612382,6.283185307179586,0.0,0.7465604492432668,-0.8065297143907187,0.09645316575015017,0,0.007677174583996505,0.0,0.007677174583996505,0.007677174583996505,-0.7936693071153941,0.7381419955965457,4.90354683424985,0.001,5000.0,-2.9809123345876284e+250,1.4996868768201268,0.1003558998804619,5.0,2.0963969230651855,11.103767223358583
6.032195806503296,0.00718199382767283,-0.0495122205342666,6.283185307179586,0.0,0.7381419955965457,-0.7936693071153941,0.09540318631236247,0,0.00718199382767283,0.0,0.00718199382767283,0.00718199382767283,-0.7804722223031395,0.7302848065166053,4.904596813687638,0.001,5000.0,-2.9809123345876284e+250,1.4997181891381142,0.10429681363719852,5.0,2.0963969230651855,0.0
6.042270183563232,0.00718199382767283,-0.0495122205342666,6.283185307179586,0.0,0.7302848065166053,-0.7804722223031395,0.09443515068929335,0,0.00718199382767283,0.0,0.00718199382767283,0.00718199382767283,-0.7726150332231991,0.7225011913497394,4.905564849310706,0.001,5000.0,-2.9809123345876284e+250,1.4997463702243028,0.09608888145737277,5.0,2.0963969230651855,0.0
6.05234694480896,0.006281305541488411,-0.04481063378798953,6.283185307179586,0.0,0.7225011913497394,-0.7726150332231991,0.09342401645673154,0,0.006281305541488411,0.0,0.006281305541488411,0.006281305541488411,-0.7610305195962406,0.7148324685030562,4.906575983543268,0.001,5000.0,-2.9809123345876284e+250,1.4997717332018725,0.10034317653308757,5.0,2.0963969230651855,0.0
6.062429666519165,0.006281305541488411,-0.04481063378798953,6.283185307179586,0.0,0.7148324685030562,-0.7610305195962406,0.09246624039446547,0,0.006281305541488411,0.0,0.006281305541488411,0.006281305541488411,-0.7533617967495573,0.7072365311593303,4.907533759605535,0.001,5000.0,-2.9809123345876284e+250,1.4997945598816855,0.09499181766533096,5.0,2.0963969230651855,0.0
6.072506904602051,0.005493205152783782,-0.039189687988255346,6.283185307179586,0.0,0.7072365311593303,-0.7533617967495573,0.09147949639481068,0,0.005493205152783782,0.0,0.005493205152783782,0.005493205152783782,-0.7409330139948019,0.6997699727738345,4.908520503605189,0.001,5000.0,-2.9809123345876284e+250,1.4998151038935172,0.09791809933820889,5.0,2.1978046894073486,10.06305155322119
6.082594871520996,0.0051364496109434915,-0.03541887462217203,6.283185307179586,0.0,0.6997699727738345,-0.7409330139948019,0.09055846604838881,0,0.0051364496109434915,0.0,0.0051364496109434915,0.0051364496109434915,-0.730052397785063,0.692405228335882,4.909441533951611,0.001,5000.0,-2.9809123345876284e+250,1.4998335935041656,0.09129989757323267,5.0,2.1978046894073486,0.0
6.0926597118377686,0.004803084903997638,-0.033119354867635155,6.283185307179586,0.0,0.692405228335882,-0.730052397785063,0.08963620798917285,0,0.004803084903997638,0.0,0.004803084903997638,0.004803084903997638,-0.7207214982995196,0.6851512815426323,4.910363792010827,0.001,5000.0,-2.9809123345876284e+250,1.4998502341537492,0.09163166331402915,5.0,2.1978046894073486,0.0
6.102729558944702,0.004803084903997638,-0.033119354867635155,6.283185307179586,0.0,0.6851512815426323,-0.7207214982995196,0.08871396443297333,0,0.004803084903997638,0.0,0.004803084903997638,0.004803084903997638,-0.7134675515062698,0.6779667723832059,4.911286035567026,0.001,5000.0,-2.9809123345876284e+250,1.4998652107383745,0.09158466324324917,5.0,2.1978046894073486,0.0
6.11289119720459,0.004803084903997638,-0.033119354867635155,6.283185307179586,0.0,0.6779667723832059,-0.7134675515062698,0.08778067261858614,0,0.004803084903997638,0.0,0.004803084903997638,0.004803084903997638,-0.7062830423468435,0.6707897795977843,4.912219327381414,0.001,5000.0,-2.9809123345876284e+250,1.4998786896645373,0.09184462096739704,5.0,2.1978046894073486,0.0
6.122962236404419,0.003929085263814428,-0.029009774754235728,6.283185307179586,0.0,0.6707897795977843,-0.7062830423468435,0.08684773872022138,0,0.003929085263814428,0.0,0.003929085263814428,0.003929085263814428,-0.6958704690882056,0.6637816408255935,4.913152261279778,0.001,5000.0,-2.9809123345876284e+250,1.4998908206980834,0.09263531596427503,5.0,2.2851178646087646,8.66972846286783
6.1330366134643555,0.003929085263814428,-0.029009774754235728,6.283185307179586,0.0,0.6637816408255935,-0.6958704690882056,0.08597072502470104,0,0.003929085263814428,0.0,0.003929085263814428,0.003929085263814428,-0.6888623303160148,0.6568417819676035,4.914029274975299,0.001,5000.0,-2.9809123345876284e+250,1.4999017386282754,0.08705388832506708,5.0,2.2851178646087646,0.0
6.143146514892578,0.003434703537656498,-0.02450903908221865,6.283185307179586,0.0,0.6568417819676035,-0.6888623303160148,0.08506922617230435,0,0.003434703537656498,0.0,0.003434703537656498,0.003434703537656498,-0.6779161175121656,0.6499881168429521,4.914930773827695,0.001,5000.0,-2.9809123345876284e+250,1.4999115647654477,0.08916989535427954,5.0,2.2851178646087646,0.0
6.153291463851929,0.003434703537656498,-0.02450903908221865,6.283185307179586,0.0,0.6499881168429521,-0.6779161175121656,0.08421917518289164,0,0.003434703537656498,0.0,0.003434703537656498,0.003434703537656498,-0.6710624523875143,0.6431802225149441,4.915780824817109,0.001,5000.0,-2.9809123345876284e+250,1.499920408288903,0.08379056344381296,5.0,2.2851178646087646,0.0
6.163337469100952,0.0030025231951892285,-0.02142514406935489,6.283185307179586,0.0,0.6431802225149441,-0.6710624523875143,0.08333460662821704,0,0.0030025231951892285,0.0,0.0030025231951892285,0.0030025231951892285,-0.6616028433891098,0.6365337568774883,4.916665393371783,0.001,5000.0,-2.9809123345876284e+250,1.4999283674600128,0.08805177110181066,5.0,2.2851178646087646,0.0
6.173450469970703,0.0030025231951892285,-0.02142514406935489,6.283185307179586,0.0,0.6365337568774883,-0.6616028433891098,0.08249869752895726,0,0.0030025231951892285,0.0,0.0030025231951892285,0.0030025231951892285,-0.6549563777516539,0.6299101824596368,4.917501302471043,0.001,5000.0,-2.9809123345876284e+250,1.4999355307140116,0.08265687999296693,5.0,2.360295057296753,7.4337176132211145
6.183542490005493,0.0030025231951892285,-0.02142514406935489,6.283185307179586,0.0,0.6299101824596368,-0.6549563777516539,0.08163786176683262,0,0.0030025231951892285,0.0,0.0030025231951892285,0.0030025231951892285,-0.6483328033338025,0.6233671948191805,4.918362138233167,0.001,5000.0,-2.9809123345876284e+250,1.4999419776426106,0.08529865766785062,5.0,2.360295057296753,0.0
6.193624019622803,0.002454916173895924,-0.018130246831421185,6.283185307179586,0.0,0.6233671948191805,-0.6483328033338025,0.08078807924134725,0,0.002454916173895924,0.0,0.002454916173895924,0.002454916173895924,-0.6390425254767057,0.6169246686718668,4.919211920758653,0.001,5000.0,-2.9809123345876284e+250,1.4999477798783496,0.08429103099854304,5.0,2.360295057296753,0.0
6.203789949417114,0.0022961679746867857,-0.015831051782868956,6.283185307179586,0.0,0.6169246686718668,-0.6390425254767057,0.0799790283592943,0,0.0022961679746867857,0.0,0.0022961679746867857,0.0022961679746867857,-0.6304595524800489,0.6105154611232014,4.920020971640706,0.001,5000.0,-2.9809123345876284e+250,1.4999530018905145,0.07958454351176662,5.0,2.360295057296753,0.0
6.213925123214722,0.0021467467456719536,-0.014804130451689561,6.283185307179586,0.0,0.6105154611232014,-0.6304595524800489,0.07916756903244772,0,0.0021467467456719536,0.0,0.0021467467456719536,0.0021467467456719536,-0.6231728448292191,0.6041994960349079,4.920832430967552,0.001,5000.0,-2.9809123345876284e+250,1.499957701701463,0.08006368149682215,5.0,2.425023317337036,6.386497294754175
6.224059343338013,0.0021467467456719536,-0.014804130451689561,6.283185307179586,0.0,0.6041994960349079,-0.6231728448292191,0.07835620099659492,0,0.0021467467456719536,0.0,0.0021467467456719536,0.0021467467456719536,-0.6168568797409255,0.5979481326310468,4.921643799003405,0.001,5000.0,-2.9809123345876284e+250,1.4999619315313168,0.0800622076471449,5.0,2.425023317337036,0.0
6.234332799911499,0.0021467467456719536,-0.014804130451689561,6.283185307179586,0.0,0.5979481326310468,-0.6168568797409255,0.07754416977093732,0,0.0021467467456719536,0.0,0.0021467467456719536,0.0021467467456719536,-0.6106055163370645,0.5916751033754268,4.922455830229063,0.001,5000.0,-2.9809123345876284e+250,1.4999657383781853,0.07904167597819799,5.0,2.425023317337036,0.0
6.244502067565918,0.0021467467456719536,-0.014804130451689561,6.283185307179586,0.0,0.5916751033754268,-0.6106055163370645,0.07672845930918912,0,0.0021467467456719536,0.0,0.0021467467456719536,0.0021467467456719536,-0.6043324870814445,0.5855294845620349,4.923271540690811,0.001,5000.0,-2.9809123345876284e+250,1.4999691645403668,0.08021329455260706,5.0,2.425023317337036,0.0
6.25468111038208,0.001642240832979988,-0.012554963229725121,6.283185307179586,0.0,0.5855294845620349,-0.6043324870814445,0.07593080296787044,0,0.001642240832979988,0.0,0.001642240832979988,0.001642240832979988,-0.59644220695878,0.5794582738000352,4.9240691970321295,0.001,5000.0,-2.9809123345876284e+250,1.4999722480863302,0.07836260793128509,5.0,2.425023317337036,0.0
6.264756917953491,0.001642240832979988,-0.012554963229725121,6.283185307179586,0.0,0.5794582738000352,-0.59644220695878,0.07515973626241713,0,0.001642240832979988,0.0,0.001642240832979988,0.001642240832979988,-0.5903709961967804,0.5735098092466142,4.9248402637375825,0.001,5000.0,-2.9809123345876284e+250,1.4999750232776972,0.07652654141997658,5.0,2.480755567550659,5.531293627694565
6.274834632873535,0.0013427273423823247,-0.009916411162165245,6.283185307179586,0.0,0.5735098092466142,-0.5903709961967804,0.0743876633325582,0,0.0013427273423823247,0.0,0.0013427273423823247,0.0013427273423823247,-0.5820834930663972,0.5676437377438277,4.925612336667442,0.001,5000.0,-2.9809123345876284e+250,1.4999775209499275,0.07661190418507807,5.0,2.480755567550659,0.0
6.284915447235107,0.0013427273423823247,-0.009916411162165245,6.283185307179586,0.0,0.5676437377438277,-0.5820834930663972,0.07364928835347191,0,0.0013427273423823247,0.0,0.0013427273423823247,0.0013427273423823247,-0.5762174215636107,0.5618349968851412,4.926350711646528,0.001,5000.0,-2.9809123345876284e+250,1.499979768854935,0.07324556852281155,5.0,2.480755567550659,0.0
6.294981479644775,0.0013427273423823247,-0.009916411162165245,6.283185307179586,0.0,0.5618349968851412,-0.5762174215636107,0.07289472534828367,0,0.0013427273423823247,0.0,0.0013427273423823247,0.0013427273423823247,-0.5704086807049241,0.5560932446184095,4.9271052746517165,0.001,5000.0,-2.9809123345876284e+250,1.4999817919694416,0.07496131290651467,5.0,2.480755567550659,0.0
6.305074453353882,0.0011740700583038313,-0.00837675162513691,6.283185307179586,0.0,0.5560932446184095,-0.5704086807049241,0.07214896743952809,0,0.0011740700583038313,0.0,0.0011740700583038313,0.0011740700583038313,-0.5632959261852426,0.5504079136449751,4.927851032560472,0.001,5000.0,-2.9809123345876284e+250,1.4999836127724975,0.07388881911806823,5.0,2.480755567550659,0.0
6.315145015716553,0.0011740700583038313,-0.00837675162513691,6.283185307179586,0.0,0.5504079136449751,-0.5632959261852426,0.0714241486484441,0,0.0011740700583038313,0.0,0.0011740700583038313,0.0011740700583038313,-0.5576105952118082,0.5447924613718086,4.928575851351556,0.001,5000.0,-2.9809123345876284e+250,1.4999852514952479,0.07197401346430436,5.0,2.5287415981292725,4.764980231539573
6.3252270221710205,0.0011740700583038313,-0.00837675162513691,6.283185307179586,0.0,0.5447924613718086,-0.5576105952118082,0.07069483863993513,0,0.0011740700583038313,0.0,0.0011740700583038313,0.0011740700583038313,-0.5519951429386417,0.5392272427778664,4.929305161360065,0.001,5000.0,-2.9809123345876284e+250,1.499986726345723,0.07233778432920754,5.0,2.5287415981292725,0.0
6.335295915603638,0.0009603510098029672,-0.007090895614505826,6.283185307179586,0.0,0.5392272427778664,-0.5519951429386417,0.06997186255951487,0,0.0009603510098029672,0.0,0.0009603510098029672,0.0009603510098029672,-0.5453577873825692,0.5337360933340634,4.930028137440485,0.001,5000.0,-2.9809123345876284e+250,1.4999880537111507,0.0718029329894628,5.0,2.5287415981292725,0.0
6.34539532661438,0.0008397099017703768,-0.005991208434790378,6.283185307179586,0.0,0.5337360933340634,-0.5453577873825692,0.06926947519294319,0,0.0008397099017703768,0.0,0.0008397099017703768,0.0008397099017703768,-0.5388875918670833,0.5282936460552086,4.930730524807057,0.001,5000.0,-2.9809123345876284e+250,1.4999892483400359,0.06954735932863784,5.0,2.5287415981292725,0.0
6.355575799942017,0.0007853759981832603,-0.0054149339246081195,6.283185307179586,0.0,0.5282936460552086,-0.5388875918670833,0.06857223452905838,0,0.0007853759981832603,0.0,0.0007853759981832603,0.0007853759981832603,-0.5329232039816334,0.5228682355913948,4.931427765470942,0.001,5000.0,-2.9809123345876284e+250,1.4999903235060326,0.0684880399413282,5.0,2.570056915283203,4.058290398126464
6.365643739700317,0.0007853759981832603,-0.0054149339246081195,6.283185307179586,0.0,0.5228682355913948,-0.5329232039816334,0.06787232094297894,0,0.0007853759981832603,0.0,0.0007853759981832603,0.0007853759981832603,-0.5274977935178197,0.5175574195836209,4.932127679057021,0.001,5000.0,-2.9809123345876284e+250,1.4999912911554292,0.06951904787693719,5.0,2.570056915283203,0.0
6.375710487365723,0.0007853759981832603,-0.0054149339246081195,6.283185307179586,0.0,0.5175574195836209,-0.5274977935178197,0.06718306080652874,0,0.0007853759981832603,0.0,0.0007853759981832603,0.0007853759981832603,-0.5221869775100457,0.5123006950468666,4.932816939193471,0.001,5000.0,-2.9809123345876284e+250,1.4999921620398862,0.06846899906102501,5.0,2.570056915283203,0.0
6.385905027389526,0.0006420842626357722,-0.00442760975666475,6.283185307179586,0.0,0.5123006950468666,-0.5221869775100457,0.06650022753146087,0,0.0006420842626357722,0.0,0.0006420842626357722,0.0006420842626357722,-0.5160862205408956,0.5070394334158288,4.933499772468539,0.001,5000.0,-2.9809123345876284e+250,1.4999929458358978,0.06698029273252992,5.0,2.570056915283203,0.0
6.395970344543457,0.0006003297863617357,-0.004139820509977688,6.283185307179586,0.0,0.5070394334158288,-0.5160862205408956,0.06582465847280708,0,0.0006003297863617357,0.0,0.0006003297863617357,0.0006003297863617357,-0.5105789241394448,0.5019002946122526,4.934175341527193,0.001,5000.0,-2.9809123345876284e+250,1.499993651252308,0.06711850688082598,5.0,2.570056915283203,0.0
6.406304597854614,0.0006003297863617357,-0.004139820509977688,6.283185307179586,0.0,0.5019002946122526,-0.5105789241394448,0.06516025200432092,0,0.0006003297863617357,0.0,0.0006003297863617357,0.0006003297863617357,-0.5054397853358686,0.4966769518370548,4.934839747995679,0.001,5000.0,-2.9809123345876284e+250,1.4999942861270772,0.0642916762809406,5.0,2.605630397796631,3.4422886146037603
6.416380167007446,0.0005250729366378493,-0.0037457440556348805,6.283185307179586,0.0,0.4966769518370548,-0.5054397853358686,0.06448037540382899,0,0.0005250729366378493,0.0,0.0005250729366378493,0.0005250729366378493,-0.49989762295605183,0.4916401987676247,4.935519624596171,0.001,5000.0,-2.9809123345876284e+250,1.4999948575143693,0.06747773651087798,5.0,2.605630397796631,0.0
6.426532030105591,0.0005250729366378493,-0.0037457440556348805,6.283185307179586,0.0,0.4916401987676247,-0.49989762295605183,0.06383065159790693,0,0.0005250729366378493,0.0,0.0005250729366378493,0.0005250729366378493,-0.49486086988662176,0.48661643896390694,4.936169348402093,0.001,5000.0,-2.9809123345876284e+250,1.4999953717629326,0.06400044993128473,5.0,2.605630397796631,0.0
6.436599016189575,0.0004591538794574798,-0.003275844660701327,6.283185307179586,0.0,0.48661643896390694,-0.49486086988662176,0.06317769275608076,0,0.0004591538794574798,0.0,0.0004591538794574798,0.0004591538794574798,-0.48943312974515074,0.4816893224577216,4.9368223072439195,0.001,5000.0,-2.9809123345876284e+250,1.4999958345866395,0.064861403043456,5.0,2.605630397796631,0.0
6.4466657638549805,0.00042906267387283825,-0.0029595887899750094,6.283185307179586,0.0,0.4816893224577216,-0.48943312974515074,0.06254217384662952,0,0.00042906267387283825,0.0,0.00042906267387283825,0.00042906267387283825,-0.4842198485738238,0.4768148034275482,4.937457826153371,0.001,5000.0,-2.9809123345876284e+250,1.4999962511279756,0.06313050953241044,5.0,2.605630397796631,0.0
6.456733226776123,0.00040154111055193365,-0.0027676657505304367,6.283185307179586,0.0,0.4768148034275482,-0.4842198485738238,0.06191187399411851,0,0.00040154111055193365,0.0,0.00040154111055193365,0.00040154111055193365,-0.4791809280675267,0.4719906672017096,4.938088126005882,0.001,5000.0,-2.9809123345876284e+250,1.4999966260151782,0.06260761598508871,5.0,2.6362593173980713,3.042367261876569
6.466798543930054,0.00040154111055193365,-0.0027676657505304367,6.283185307179586,0.0,0.4719906672017096,-0.4791809280675267,0.061286884127564084,0,0.00040154111055193365,0.0,0.00040154111055193365,0.00040154111055193365,-0.47435679184168816,0.46721611564770194,4.938713115872436,0.001,5000.0,-2.9809123345876284e+250,1.4999969634136603,0.06209341017241136,5.0,2.6362593173980713,0.0
6.476864814758301,0.00040154111055193365,-0.0027676657505304367,6.283185307179586,0.0,0.46721611564770194,-0.47435679184168816,0.0606666882722614,0,0.00040154111055193365,0.0,0.00040154111055193365,0.00040154111055193365,-0.4695822402876805,0.4624891736408311,4.939333311727738,0.001,5000.0,-2.9809123345876284e+250,1.4999972670722945,0.06161128245847991,5.0,2.6362593173980713,0.0
6.487002611160278,0.000328319130249716,-0.0024246833688834277,6.283185307179586,0.0,0.4624891736408311,-0.4695822402876805,0.060052661906839555,0,0.000328319130249716,0.0,0.000328319130249716,0.000328319130249716,-0.46458553787946477,0.45777930004650585,4.939947338093161,0.001,5000.0,-2.9809123345876284e+250,1.4999975403650652,0.06056803086931856,5.0,2.6362593173980713,0.0
6.497076034545898,0.000328319130249716,-0.0024246833688834277,6.283185307179586,0.0,0.45777930004650585,-0.46458553787946477,0.05944324662771618,0,0.000328319130249716,0.0,0.000328319130249716,0.000328319130249716,-0.45987566428513954,0.45314677777541834,4.940556753372284,0.001,5000.0,-2.9809123345876284e+250,1.4999977863285587,0.06049733598940325,5.0,2.662630319595337,2.6178788667723842
6.507144212722778,0.00028719417820123074,-0.0020486543567677,6.283185307179586,0.0,0.45314677777541834,-0.45987566428513954,0.05884179224570718,0,0.00028719417820123074,0.0,0.00028719417820123074,0.00028719417820123074,-0.45490823795398483,0.4485666805815671,4.941158207754293,0.001,5000.0,-2.9809123345876284e+250,1.499998007695703,0.05973815435548759,5.0,2.662630319595337,0.0
6.517213821411133,0.0002685419603234875,-0.0018517580016448078,6.283185307179586,0.0,0.4485666805815671,-0.45490823795398483,0.05825025290187955,0,0.0002685419603234875,0.0,0.0002685419603234875,0.0002685419603234875,-0.45014989662288846,0.4440338472714714,4.941749747098121,0.001,5000.0,-2.9809123345876284e+250,1.4999982069261328,0.058745018017606156,5.0,2.662630319595337,0.0
6.527300119400024,0.00025112707997627264,-0.0017315814972819544,6.283185307179586,0.0,0.4440338472714714,-0.45014989662288846,0.05766323965177711,0,0.00025112707997627264,0.0,0.00025112707997627264,0.00025112707997627264,-0.4455143016887771,0.4395402572663254,4.942336760348223,0.001,5000.0,-2.9809123345876284e+250,1.4999983862335196,0.058199078665823835,5.0,2.662630319595337,0.0
6.537370443344116,0.00025112707997627264,-0.0017315814972819544,6.283185307179586,0.0,0.4395402572663254,-0.4455143016887771,0.05708049300039779,0,0.00025112707997627264,0.0,0.00025112707997627264,0.00025112707997627264,-0.4410207116836311,0.43509903583361725,4.942919506999602,0.001,5000.0,-2.9809123345876284e+250,1.4999985476101676,0.05786771653172238,5.0,2.662630319595337,0.0
6.547436475753784,0.0002195845590066454,-0.0015666874518679783,6.283185307179586,0.0,0.43509903583361725,-0.4410207116836311,0.05650365789987011,0,0.0002195845590066454,0.0,0.0002195845590066454,0.0002195845590066454,-0.4364461387264786,0.43070575485612206,4.94349634210013,0.001,5000.0,-2.9809123345876284e+250,1.499998692849151,0.05730511059885493,5.0,2.6853373050689697,2.255802936996684
6.5575361251831055,0.0002195845590066454,-0.0015666874518679783,6.283185307179586,0.0,0.43070575485612206,-0.4364461387264786,0.05593434429259231,0,0.0002195845590066454,0.0,0.0002195845590066454,0.0002195845590066454,-0.4320528577489834,0.4263421724579209,4.944065655707408,0.001,5000.0,-2.9809123345876284e+250,1.499998823564236,0.05636964047731883,5.0,2.6853373050689697,0.0
6.567605257034302,0.00019201152891694148,-0.0013699321297958483,6.283185307179586,0.0,0.4263421724579209,-0.4320528577489834,0.055367375566619095,0,0.00019201152891694148,0.0,0.00019201152891694148,0.00019201152891694148,-0.4275200930587998,0.42203741627187613,4.944632624433381,0.001,5000.0,-2.9809123345876284e+250,1.4999989412078127,0.05630760768177377,5.0,2.6853373050689697,0.0
6.577811241149902,0.00019201152891694148,-0.0013699321297958483,6.283185307179586,0.0,0.42203741627187613,-0.4275200930587998,0.054810037347474666,0,0.00019201152891694148,0.0,0.00019201152891694148,0.00019201152891694148,-0.42321533687275503,0.41771808726627424,4.945189962652526,0.001,5000.0,-2.9809123345876284e+250,1.4999990470870315,0.054608963999120616,5.0,2.6853373050689697,0.0
6.587920904159546,0.00016793044403953618,-0.0011980143356657127,3.2098656298880286,-152.89514779848759,0.41771808726627424,-0.42321533687275503,0.05424837884855085,0,0.00016793044403953618,0.0,0.00016793044403953618,0.00016793044403953618,-0.4187481711579004,0.41348468436996333,4.945751621151449,0.001,5000.0,-2.9809123345876284e+250,1.4999991423783285,0.05555659950169016,5.0,2.704887628555298,1.933825436879466
6.597987413406372,0.0001569536055514983,-0.0010825346244470056,1.3372978460049165,-184.67243231159352,0.41348468436996333,-0.4187481711579004,0.053700374100215865,0,0.0001569536055514983,0.0,0.0001569536055514983,0.0001569536055514983,-0.41441026538885883,0.40931301960144667,4.946299625899784,0.001,5000.0,-2.9809123345876284e+250,1.4999992281404957,0.054438409074899545,5.0,2.704887628555298,0.0
6.6080546379089355,0.00014682070184409576,-0.0010122053575205617,-0.438808776115055,-177.42047988911796,0.40931301960144667,-0.41441026538885883,0.05315972009031395,0,0.00014682070184409576,0.0,0.00014682070184409576,0.00014682070184409576,-0.41017840425712315,0.40518366151968693,4.9468402799096864,0.001,5000.0,-2.9809123345876284e+250,1.4999993053264462,0.053704375994023404,5.0,2.704887628555298,0.0
6.618154525756836,0.0001373179662277711,-0.0009467756664566733,-2.1044588349505555,-165.95189093006735,0.40518366151968693,-0.41017840425712315,0.05262392857018494,0,0.0001373179662277711,0.0,0.0001373179662277711,0.0001373179662277711,-0.4059931192199158,0.4010831765485465,4.947376071429815,0.001,5000.0,-2.9809123345876284e+250,1.4999993747938016,0.05304925442715611,5.0,2.704887628555298,0.0
6.62839150428772,0.0001373179662277711,-0.0009467756664566733,-2.1044588349505555,-165.95189093006735,0.4010831765485465,-0.4059931192199158,0.05209171352459736,0,0.0001373179662277711,0.0,0.0001373179662277711,0.0001373179662277711,-0.4018926342487754,0.39696901028002146,4.9479082864754025,0.001,5000.0,-2.9809123345876284e+250,1.4999994373144214,0.05198946583525073,5.0,2.704887628555298,0.0
6.638775825500488,0.0001200412997049592,-0.0008565740097556185,-5.175620008906972,-152.26761701443425,0.39696901028002146,-0.4018926342487754,0.05155673509671526,0,0.0001200412997049592,0.0,0.0001200412997049592,0.0001200412997049592,-0.39770554299007216,0.39283910817351403,4.948443264903284,0.001,5000.0,-2.9809123345876284e+250,1.4999994935829792,0.051517900584998666,5.0,2.7217204570770264,1.6209849615428769
6.648879289627075,0.0001200412997049592,-0.0008565740097556185,-5.175620008906972,-152.26761701443425,0.39283910817351403,-0.39770554299007216,0.05102041971439125,0,0.0001200412997049592,0.0,0.0001200412997049592,0.0001200412997049592,-0.3935756408835647,0.3888626308047485,4.9489795802856085,0.001,5000.0,-2.9809123345876284e+250,1.4999995442246812,0.0530823265767543,5.0,2.7217204570770264,0.0
6.658950328826904,0.0001200412997049592,-0.0008565740097556185,-5.175620008906972,-152.26761701443425,0.3888626308047485,-0.3935756408835647,0.050505011903829146,0,0.0001200412997049592,0.0,0.0001200412997049592,0.0001200412997049592,-0.3895991635147992,0.38493896235677033,4.949494988096171,0.001,5000.0,-2.9809123345876284e+250,1.4999995898022132,0.051177222165002804,5.0,2.7217204570770264,0.0
6.669121265411377,0.0001200412997049592,-0.0008565740097556185,-5.175620008906972,-152.26761701443425,0.38493896235677033,-0.3895991635147992,0.04999546309479986,0,0.0001200412997049592,0.0,0.0001200412997049592,0.0001200412997049592,-0.38567549506682103,0.3810162813542606,4.9500045369052,0.001,5000.0,-2.9809123345876284e+250,1.4999996308219918,0.05009851401562993,5.0,2.7217204570770264,0.0
6.679203987121582,9.178448594397102e-05,-0.0007018777137296886,-6.283185307179586,-27.511077715038773,0.3810162813542606,-0.38567549506682103,0.04948552443892828,0,9.178448594397102e-05,0.0,9.178448594397102e-05,9.178448594397102e-05,-0.3816263745820463,0.37716844882207534,4.9505144755610715,0.001,5000.0,-2.9809123345876284e+250,1.4999996677397927,0.05057549643123184,5.0,2.0509285926818848,-66.52884842752424
6.68928337097168,9.178448594397102e-05,-0.0007018777137296886,-6.283185307179586,-27.511077715038773,0.37716844882207534,-0.3816263745820463,0.04898731908927009,0,9.178448594397102e-05,0.0,9.178448594397102e-05,9.178448594397102e-05,-0.37777854204986105,0.3733606738864245,4.95101268091073,0.001,5000.0,-2.9809123345876284e+250,1.4999997009658133,0.0494281552392073,5.0,2.0509285926818848,0.0
6.699388265609741,9.178448594397102e-05,-0.0007018777137296886,-6.283185307179586,-27.511077715038773,0.3733606738864245,-0.37777854204986105,0.04849270892360082,0,9.178448594397102e-05,0.0,9.178448594397102e-05,9.178448594397102e-05,-0.37397076711421023,0.3695817386870204,4.951507291076399,0.001,5000.0,-2.9809123345876284e+250,1.499999730869232,0.04894758267011018,5.0,2.0509285926818848,0.0
6.70946192741394,7.50620392077263e-05,-0.0005542878103637468,-6.283185307179586,0.0,0.3695817386870204,-0.37397076711421023,0.048001735745040755,0,7.50620392077263e-05,0.0,7.50620392077263e-05,7.50620392077263e-05,-0.37006096445817643,0.36585386968413286,4.951998264254959,0.001,5000.0,-2.9809123345876284e+250,1.4999997577823088,0.048738302724775355,5.0,2.0509285926818848,0.0
6.7198591232299805,7.50620392077263e-05,-0.0005542878103637468,-6.283185307179586,0.0,0.36585386968413286,-0.37006096445817643,0.04751893211119684,0,7.50620392077263e-05,0.0,7.50620392077263e-05,7.50620392077263e-05,-0.3663330954552889,0.3620450327567881,4.952481067888803,0.001,5000.0,-2.9809123345876284e+250,1.4999997820040778,0.04643594699823556,5.0,2.0509285926818848,0.0
6.729931354522705,6.562707530565672e-05,-0.00046825983403706137,-6.283185307179586,0.0,0.3620450327567881,-0.3663330954552889,0.04702297363139745,0,6.562707530565672e-05,0.0,6.562707530565672e-05,6.562707530565672e-05,-0.36244766551551955,0.35839437603820773,4.952977026368602,0.001,5000.0,-2.9809123345876284e+250,1.4999998038036702,0.04924017979587442,5.0,1.3730831146240234,-67.29844245609051
6.740110635757446,6.562707530565672e-05,-0.00046825983403706137,-6.283185307179586,0.0,0.35839437603820773,-0.36244766551551955,0.04655073599019389,0,6.562707530565672e-05,0.0,6.562707530565672e-05,6.562707530565672e-05,-0.35879700879693915,0.3547420803794798,4.953449264009806,0.001,5000.0,-2.9809123345876284e+250,1.4999998234233032,0.046392041865573684,5.0,1.3730831146240234,0.0
6.750468015670776,5.7398294290526635e-05,-0.0004094722813995202,-6.283185307179586,0.0,0.3547420803794798,-0.35879700879693915,0.04607592116515778,0,5.7398294290526635e-05,0.0,5.7398294290526635e-05,5.7398294290526635e-05,-0.3550941543665888,0.35106423531770237,4.953924078834842,0.001,5000.0,-2.9809123345876284e+250,1.4999998410809727,0.04584314073726438,5.0,1.3730831146240234,0.0
6.760654449462891,5.3670995572327506e-05,-0.00037009194457974257,-6.283185307179586,0.0,0.35106423531770237,-0.3550941543665888,0.04559805140081245,0,5.3670995572327506e-05,0.0,5.3670995572327506e-05,5.3670995572327506e-05,-0.3513806562667098,0.3474849195268119,4.9544019485991875,0.001,5000.0,-2.9809123345876284e+250,1.4999998569728756,0.04691237130655753,5.0,1.3730831146240234,0.0
6.770761489868164,5.0188849170347504e-05,-0.0003460697244842857,-6.283185307179586,0.0,0.3474849195268119,-0.3513806562667098,0.045134082171086574,0,5.0188849170347504e-05,0.0,5.0188849170347504e-05,5.0188849170347504e-05,-0.34778080040212583,0.34396988492496927,4.954865917828913,0.001,5000.0,-2.9809123345876284e+250,1.499999871275588,0.04590554812502765,5.0,0.789451539516449,-57.745052132477824
6.7808310985565186,4.6938889223361384e-05,-0.00032363826314688553,-6.283185307179586,0.0,0.34396988492496927,-0.34778080040212583,0.04467797588547444,0,4.6938889223361384e-05,0.0,4.6938889223361384e-05,4.6938889223361384e-05,-0.3442465842988928,0.3405034565287768,4.955322024114525,0.001,5000.0,-2.9809123345876284e+250,1.4999998841480293,0.04529533368457734,5.0,0.789451539516449,0.0
6.790900707244873,4.6938889223361384e-05,-0.00032363826314688553,-6.283185307179586,0.0,0.3405034565287768,-0.3442465842988928,0.04422801807103983,0,4.6938889223361384e-05,0.0,4.6938889223361384e-05,4.6938889223361384e-05,-0.34078015590270033,0.33707193371008015,4.95577198192896,0.001,5000.0,-2.9809123345876284e+250,1.4999998957332266,0.04468473685129267,5.0,0.789451539516449,0.0
6.8009679317474365,4.6938889223361384e-05,-0.00032363826314688553,-6.283185307179586,0.0,0.33707193371008015,-0.34078015590270033,0.043782269160384225,0,4.6938889223361384e-05,0.0,4.6938889223361384e-05,4.6938889223361384e-05,-0.3373486330840037,0.33367576928519055,4.956217730839616,0.001,5000.0,-2.9809123345876284e+250,1.4999999061599039,0.04427723952536259,5.0,0.789451539516449,0.0
6.81103515625,3.8389110303038745e-05,-0.0002834722374361675,-6.283185307179586,0.0,0.33367576928519055,-0.3373486330840037,0.043341121369086646,0,3.8389110303038745e-05,0.0,3.8389110303038745e-05,3.8389110303038745e-05,-0.3339208524123237,0.33031411309786834,4.956658878630913,0.001,5000.0,-2.9809123345876284e+250,1.4999999155439134,0.043820200014934294,5.0,0.789451539516449,0.0
6.821116209030151,3.589821646895611e-05,-0.0002475315936187868,-6.283185307179586,0.0,0.33031411309786834,-0.3339208524123237,0.04290476730957834,0,3.589821646895611e-05,0.0,3.589821646895611e-05,3.589821646895611e-05,-0.3305257464750182,0.32698206560245474,4.957095232690421,0.001,5000.0,-2.9809123345876284e+250,1.499999923989522,0.04328457245729806,5.0,0.28693920373916626,-49.84720809781709
6.831268072128296,3.589821646895611e-05,-0.0002475315936187868,-6.283185307179586,0.0,0.32698206560245474,-0.3305257464750182,0.04247223171959349,0,3.589821646895611e-05,0.0,3.589821646895611e-05,3.589821646895611e-05,-0.3271936989796046,0.3236604399638383,4.957527768280406,0.001,5000.0,-2.9809123345876284e+250,1.4999999315905699,0.04260652313799479,5.0,0.28693920373916626,0.0
6.8414223194122314,3.138631980583826e-05,-0.00022394521231778195,-6.283185307179586,0.0,0.3236604399638383,-0.3271936989796046,0.04204052460514132,0,3.138631980583826e-05,0.0,3.138631980583826e-05,3.138631980583826e-05,-0.32385299885635027,0.3203719565298068,4.957959475394858,0.001,5000.0,-2.9809123345876284e+250,1.4999999384315128,0.042514930194298646,5.0,0.28693920373916626,0.0
6.851576566696167,3.138631980583826e-05,-0.00022394521231778195,-6.283185307179586,0.0,0.3203719565298068,-0.32385299885635027,0.04161354392560945,0,3.138631980583826e-05,0.0,3.138631980583826e-05,3.138631980583826e-05,-0.3205645154223188,0.3171168651697536,4.958386456074391,0.001,5000.0,-2.9809123345876284e+250,1.4999999445883616,0.042049466355558465,5.0,0.28693920373916626,0.0
6.861656904220581,2.7449051356013586e-05,-0.00019582479524935594,-6.283185307179586,0.0,0.3171168651697536,-0.3205645154223188,0.041190715969542324,0,2.7449051356013586e-05,0.0,2.7449051356013586e-05,2.7449051356013586e-05,-0.317285240913647,0.313918522849829,4.958809284030457,0.001,5000.0,-2.9809123345876284e+250,1.4999999501295256,0.04194581332649439,5.0,-0.14572887122631073,-42.9219829115421
6.8717920780181885,2.5647168507831038e-05,-0.00017691943531212718,-6.283185307179586,0.0,0.313918522849829,-0.317285240913647,0.040775740789839594,0,2.5647168507831038e-05,0.0,2.5647168507831038e-05,2.5647168507831038e-05,-0.3140697951166333,0.31073537089174297,4.959224259210161,0.001,5000.0,-2.9809123345876284e+250,1.4999999551165732,0.04094406154146974,5.0,-0.14572887122631073,0.0
6.881860017776489,2.5647168507831038e-05,-0.00017691943531212718,-6.283185307179586,0.0,0.31073537089174297,-0.3140697951166333,0.04036225397367769,0,2.5647168507831038e-05,0.0,2.5647168507831038e-05,2.5647168507831038e-05,-0.31088664315854725,0.30760538289676237,4.959637746026322,0.001,5000.0,-2.9809123345876284e+250,1.4999999596049158,0.041069655370255496,5.0,-0.14572887122631073,0.0
6.891927242279053,2.2431917876646318e-05,-0.000160024427555452,-6.283185307179586,0.0,0.30760538289676237,-0.31088664315854725,0.039955887173961264,0,2.2431917876646318e-05,0.0,2.2431917876646318e-05,2.2431917876646318e-05,-0.3077429754064412,0.3045072652742588,4.960044112826039,0.001,5000.0,-2.9809123345876284e+250,1.4999999636444241,0.040365326075021746,5.0,-0.14572887122631073,0.0
6.901993751525879,2.0979714324854076e-05,-0.00014465144785067908,-6.283185307179586,0.0,0.3045072652742588,-0.3077429754064412,0.039553587384331824,0,2.0979714324854076e-05,0.0,2.0979714324854076e-05,2.0979714324854076e-05,-0.30463093700778465,0.3014406951300006,4.960446412615668,0.001,5000.0,-2.9809123345876284e+250,1.4999999672799817,0.03996418021036234,5.0,-0.14572887122631073,0.0
6.912063837051392,2.0979714324854076e-05,-0.00014465144785067908,-6.283185307179586,0.0,0.3014406951300006,-0.30463093700778465,0.03915538794812224,0,2.0979714324854076e-05,0.0,2.0979714324854076e-05,2.0979714324854076e-05,-0.30156436686352645,0.2984039161642378,4.960844612051877,0.001,5000.0,-2.9809123345876284e+250,1.4999999705519835,0.03954280578856462,5.0,-0.5182603597640991,-36.99387533442243
6.922193765640259,1.834708978131593e-05,-0.00013089329714031966,-6.283185307179586,0.0,0.2984039161642378,-0.30156436686352645,0.03876090459435803,0,1.834708978131593e-05,0.0,1.834708978131593e-05,1.834708978131593e-05,-0.2985164623715968,0.2953799657178122,4.961239095405642,0.001,5000.0,-2.9809123345876284e+250,1.4999999734967853,0.038942362752463176,5.0,-0.5182603597640991,0.0
6.932314395904541,1.834708978131593e-05,-0.00013089329714031966,-6.283185307179586,0.0,0.2953799657178122,-0.2985164623715968,0.03836803057677775,0,1.834708978131593e-05,0.0,1.834708978131593e-05,1.834708978131593e-05,-0.29549251192517123,0.29238939525875357,4.961631969423222,0.001,5000.0,-2.9809123345876284e+250,1.499999976147107,0.03881912561975628,5.0,-0.5182603597640991,0.0
6.942385196685791,1.604591490504245e-05,-0.00011447206921881221,-6.283185307179586,0.0,0.29238939525875357,-0.29549251192517123,0.037979590216973794,0,1.604591490504245e-05,0.0,1.604591490504245e-05,1.604591490504245e-05,-0.29248782141306734,0.2894438086783607,4.962020409783026,0.001,5000.0,-2.9809123345876284e+250,1.4999999785323963,0.038570950636533256,5.0,-0.5182603597640991,0.0
6.952453851699829,1.5001811817624305e-05,-0.00010345339717866974,-6.283185307179586,0.0,0.2894438086783607,-0.29248782141306734,0.03759725500083984,0,1.5001811817624305e-05,0.0,1.5001811817624305e-05,1.5001811817624305e-05,-0.28953226026372175,0.28652860823433063,4.96240274499916,0.001,5000.0,-2.9809123345876284e+250,1.4999999806791569,0.03797281917007682,5.0,-0.8390135765075684,-31.856610073168998
6.96251916885376,1.5001811817624305e-05,-0.00010345339717866974,-6.283185307179586,0.0,0.28652860823433063,-0.28953226026372175,0.03721868255016907,0,1.5001811817624305e-05,0.0,1.5001811817624305e-05,1.5001811817624305e-05,-0.28661705981969166,0.28364371662551824,4.9627813174498305,0.001,5000.0,-2.9809123345876284e+250,1.4999999826112411,0.03761157695094851,5.0,-0.8390135765075684,0.0
6.972714424133301,1.3117255877452051e-05,-9.358971936451544e-05,-6.283185307179586,0.0,0.28364371662551824,-0.28661705981969166,0.03684394972937564,0,1.3117255877452051e-05,0.0,1.3117255877452051e-05,1.3117255877452051e-05,-0.2837241890890053,0.2807510760887751,4.963156050270625,0.001,5000.0,-2.9809123345876284e+250,1.4999999843501173,0.03675560940052362,5.0,-0.8390135765075684,0.0
6.982780933380127,1.3117255877452051e-05,-9.358971936451544e-05,-6.283185307179586,0.0,0.2807510760887751,-0.2837241890890053,0.036467908761538465,0,1.3117255877452051e-05,0.0,1.3117255877452051e-05,1.3117255877452051e-05,-0.28083154855226217,0.27792408270847324,4.963532091238462,0.001,5000.0,-2.9809123345876284e+250,1.4999999859151054,0.03735564718780078,5.0,-0.8390135765075684,0.0
6.992990016937256,1.1472632140880658e-05,-8.184392958006164e-05,-6.283185307179586,0.0,0.27792408270847324,-0.28083154855226217,0.03610105609366364,0,1.1472632140880658e-05,0.0,1.1472632140880658e-05,1.1472632140880658e-05,-0.2779944540059124,0.27508601409910843,4.963898943906337,0.001,5000.0,-2.9809123345876284e+250,1.4999999873235947,0.03593394704058975,5.0,-1.115185022354126,-27.051541335824382
7.003063678741455,1.0729009922868003e-05,-7.397779093236293e-05,-6.283185307179586,0.0,0.27508601409910843,-0.2779944540059124,0.035732097433816064,0,1.0729009922868003e-05,0.0,1.0729009922868003e-05,1.0729009922868003e-05,-0.27514926288011793,0.2723142534791794,4.964267902566184,0.001,5000.0,-2.9809123345876284e+250,1.4999999885912354,0.036626071732304345,5.0,-1.115185022354126,0.0
7.013251781463623,1.0729009922868003e-05,-7.397779093236293e-05,-6.283185307179586,0.0,0.2723142534791794,-0.27514926288011793,0.035372502858283944,0,1.0729009922868003e-05,0.0,1.0729009922868003e-05,1.0729009922868003e-05,-0.2723775022601889,0.2695392435069451,4.964627497141716,0.001,5000.0,-2.9809123345876284e+250,1.4999999897321121,0.035295538859231305,5.0,-1.115185022354126,0.0
7.023324728012085,9.383567667609967e-06,-6.694180110317675e-05,-6.283185307179586,0.0,0.2695392435069451,-0.2723775022601889,0.035011719068370424,0,9.383567667609967e-06,0.0,9.383567667609967e-06,9.383567667609967e-06,-0.26959680174038064,0.26682360933337795,4.96498828093163,0.001,5000.0,-2.9809123345876284e+250,1.499999990758901,0.03581710556863917,5.0,-1.115185022354126,0.0
7.033730983734131,9.383567667609967e-06,-6.694180110317675e-05,-6.283185307179586,0.0,0.26682360933337795,-0.26959680174038064,0.03465933728926911,0,9.383567667609967e-06,0.0,9.383567667609967e-06,9.383567667609967e-06,-0.2668811675668135,0.26404637565627953,4.965340662710731,0.001,5000.0,-2.9809123345876284e+250,1.4999999916830111,0.033862494687189736,5.0,-1.3529715538024902,-22.85034481178546
7.04379940032959,8.203873340716796e-06,-5.853677638256363e-05,-6.283185307179586,0.0,0.26404637565627953,-0.2668811675668135,0.03429768091621101,0,8.203873340716796e-06,0.0,8.203873340716796e-06,8.203873340716796e-06,-0.2640967085593214,0.2613873399730148,4.965702319083789,0.001,5000.0,-2.9809123345876284e+250,1.4999999925147103,0.03591988567707984,5.0,-1.3529715538024902,0.0
7.055628061294556,8.203873340716796e-06,-5.853677638256363e-05,-6.283185307179586,0.0,0.2613873399730148,-0.2640967085593214,0.03395326051062886,0,8.203873340716796e-06,0.0,8.203873340716796e-06,8.203873340716796e-06,-0.2614376728760566,0.25829488237709425,4.9660467394893715,0.001,5000.0,-2.9809123345876284e+250,1.4999999932632395,0.029117446734017918,5.0,-1.3529715538024902,0.0
7.065709114074707,7.171930607845393e-06,-5.117563323661818e-05,-6.283185307179586,0.0,0.25829488237709425,-0.2614376728760566,0.033546906804032633,0,7.171930607845393e-06,0.0,7.171930607845393e-06,7.171930607845393e-06,-0.25833888607972305,0.2556905544313591,4.966453093195967,0.001,5000.0,-2.9809123345876284e+250,1.4999999939369157,0.04030865778188325,5.0,-1.3529715538024902,0.0
7.075870752334595,6.708773106018932e-06,-4.6251835969160996e-05,-6.283185307179586,0.0,0.2556905544313591,-0.25833888607972305,0.03321328875959304,0,6.708773106018932e-06,0.0,6.708773106018932e-06,6.708773106018932e-06,-0.2557300974942222,0.25309191768845696,4.966786711240407,0.001,5000.0,-2.9809123345876284e+250,1.499999994543224,0.03283112780707063,5.0,-1.3529715538024902,0.0
7.08594536781311,6.273411666706527e-06,-4.3257722179276005e-05,-4.412816227860022,185.84077205757387,0.25309191768845696,-0.2557300974942222,0.03287556750144176,0,6.273411666706527e-06,0.0,6.273411666706527e-06,6.273411666706527e-06,-0.25312890199896954,0.2505417413343185,4.967124432498558,0.001,5000.0,-2.9809123345876284e+250,1.4999999950889018,0.033521999809469995,5.0,-1.5577080249786377,-20.322013441878077
7.096050262451172,6.273411666706527e-06,-4.3257722179276005e-05,-4.412816227860022,185.84077205757387,0.2505417413343185,-0.25312890199896954,0.0325445547668149,0,6.273411666706527e-06,0.0,6.273411666706527e-06,6.273411666706527e-06,-0.2505787256448311,0.24800966971313776,4.967455445233185,0.001,5000.0,-2.9809123345876284e+250,1.4999999955800116,0.03275766314079628,5.0,-1.5577080249786377,0.0
7.106215000152588,5.482945437562122e-06,-3.9128731373805616e-05,1.982140773361997,316.55565465294717,0.24800966971313776,-0.2505787256448311,0.03221556650339098,0,5.482945437562122e-06,0.0,5.482945437562122e-06,5.482945437562122e-06,-0.248043315499074,0.2454883744725001,4.967784433496609,0.001,5000.0,-2.9809123345876284e+250,1.4999999960220105,0.0323656421924283,5.0,-1.5577080249786377,0.0
7.11628270149231,5.482945437562122e-06,-3.9128731373805616e-05,1.982140773361997,316.55565465294717,0.2454883744725001,-0.248043315499074,0.03188793927115928,0,5.482945437562122e-06,0.0,5.482945437562122e-06,5.482945437562122e-06,-0.24552202025843634,0.24301653210021304,4.968112060728841,0.001,5000.0,-2.9809123345876284e+250,1.4999999964198096,0.032542406769563575,5.0,-1.5577080249786377,0.0
7.126362323760986,4.795691741024875e-06,-3.421100582023022e-05,6.283185307179586,214.1029729209007,0.24301653210021304,-0.24552202025843634,0.03156709429144547,0,4.795691741024875e-06,0.0,4.795691741024875e-06,4.795691741024875e-06,-0.24304594741429225,0.2405667207563443,4.968432905708554,0.001,5000.0,-2.9809123345876284e+250,1.4999999967778286,0.03183105191460026,5.0,-1.5577080249786377,0.0
7.13643217086792,4.795691741024875e-06,-3.421100582023022e-05,6.283185307179586,214.1029729209007,0.2405667207563443,-0.24304594741429225,0.031248881431745285,0,4.795691741024875e-06,0.0,4.795691741024875e-06,4.795691741024875e-06,-0.24059613607042352,0.23814395445159614,4.968751118568255,0.001,5000.0,-2.9809123345876284e+250,1.499999997100046,0.03160056516459707,5.0,-1.7339882850646973,-17.505753385737286
7.1464996337890625,4.1931479114372295e-06,-2.99178671837721e-05,6.283185307179586,0.0,0.23814395445159614,-0.24059613607042352,0.030934192262519228,0,4.1931479114372295e-06,0.0,4.1931479114372295e-06,4.1931479114372295e-06,-0.23816967917086845,0.235746190037603,4.969065807737481,0.001,5000.0,-2.9809123345876284e+250,1.4999999973900415,0.031258041046784604,5.0,-1.7339882850646973,0.0
7.156568765640259,4.1931479114372295e-06,-2.99178671837721e-05,6.283185307179586,0.0,0.235746190037603,-0.23816967917086845,0.03062276981355574,0,4.1931479114372295e-06,0.0,4.1931479114372295e-06,4.1931479114372295e-06,-0.2357719147568753,0.233372171541107,4.969377230186444,0.001,5000.0,-2.9809123345876284e+250,1.4999999976510376,0.03092843092788454,5.0,-1.7339882850646973,0.0
7.166635513305664,4.1931479114372295e-06,-2.99178671837721e-05,6.283185307179586,0.0,0.233372171541107,-0.2357719147568753,0.030314384868186228,0,4.1931479114372295e-06,0.0,4.1931479114372295e-06,4.1931479114372295e-06,-0.23339789626037932,0.23102261381381733,4.969685615131814,0.001,5000.0,-2.9809123345876284e+250,1.4999999978859337,0.03063401960787089,5.0,-1.7339882850646973,0.0
7.176706790924072,3.430065379598656e-06,-2.532561138505638e-05,6.283185307179586,0.0,0.23102261381381733,-0.23339789626037932,0.030009186971330638,0,3.430065379598656e-06,0.0,3.430065379598656e-06,3.430065379598656e-06,-0.2310445093598228,0.22869570041784565,4.969990813028669,0.001,5000.0,-2.9809123345876284e+250,1.4999999980973406,0.030303791477036792,5.0,-1.7339882850646973,0.0
7.186823606491089,3.430065379598656e-06,-2.532561138505638e-05,6.283185307179586,0.0,0.22869570041784565,-0.2310445093598228,0.02970695296490017,0,3.430065379598656e-06,0.0,3.430065379598656e-06,3.430065379598656e-06,-0.2287175959638511,0.22638180668254795,4.9702930470351,0.001,5000.0,-2.9809123345876284e+250,1.4999999982876067,0.029874420901358438,5.0,-1.217482566833496,51.05417953008272
7.196892499923706,3.430065379598656e-06,-2.532561138505638e-05,6.283185307179586,0.0,0.22638180668254795,-0.2287175959638511,0.02940627697591821,0,3.430065379598656e-06,0.0,3.430065379598656e-06,3.430065379598656e-06,-0.2264037022285534,0.22410217193205864,4.9705937230240815,0.001,5000.0,-2.9809123345876284e+250,1.4999999984588461,0.029861870223787338,5.0,-1.217482566833496,0.0
7.206969261169434,3.430065379598656e-06,-2.532561138505638e-05,6.283185307179586,0.0,0.22410217193205864,-0.2264037022285534,0.029110267048202677,0,3.430065379598656e-06,0.0,3.430065379598656e-06,3.430065379598656e-06,-0.2241240674780641,0.22184372721466086,4.970889732951798,0.001,5000.0,-2.9809123345876284e+250,1.4999999986129615,0.02937550275303371,5.0,-1.217482566833496,0.0
7.217271327972412,3.430065379598656e-06,-2.532561138505638e-05,6.283185307179586,0.0,0.22184372721466086,-0.2241240674780641,0.028816881135271883,0,3.430065379598656e-06,0.0,3.430065379598656e-06,3.430065379598656e-06,-0.22186562276066632,0.21955805274769605,4.971183118864728,0.001,5000.0,-2.9809123345876284e+250,1.4999999987516652,0.02847835473615551,5.0,-1.217482566833496,0.0
7.227330446243286,2.452372772973698e-06,-1.942622451117511e-05,6.283185307179586,0.0,0.21955805274769605,-0.22186562276066632,0.028519471157070788,0,2.452372772973698e-06,0.0,2.452372772973698e-06,2.452372772973698e-06,-0.21957502659943426,0.217349321585802,4.971480528842929,0.001,5000.0,-2.9809123345876284e+250,1.4999999988764987,0.029566207513658495,5.0,-0.6554777026176453,55.870191510037685
7.237401008605957,2.452372772973698e-06,-1.942622451117511e-05,6.283185307179586,0.0,0.217349321585802,-0.21957502659943426,0.02823315475601794,0,2.452372772973698e-06,0.0,2.452372772973698e-06,2.452372772973698e-06,-0.2173662954375402,0.21516032075205552,4.971766845243982,0.001,5000.0,-2.9809123345876284e+250,1.4999999989888488,0.02843102408204665,5.0,-0.6554777026176453,0.0
7.247467994689941,2.1446214742640167e-06,-1.530039475585808e-05,6.283185307179586,0.0,0.21516032075205552,-0.2173662954375402,0.027948781950912376,0,2.1446214742640167e-06,0.0,2.1446214742640167e-06,2.1446214742640167e-06,-0.2151734765253371,0.2129941723582324,4.972051218049088,0.001,5000.0,-2.9809123345876284e+250,1.499999999089964,0.0282480578331159,5.0,-0.6554777026176453,0.0
7.257622480392456,2.1446214742640167e-06,-1.530039475585808e-05,6.283185307179586,0.0,0.2129941723582324,-0.2151734765253371,0.02766744936489917,0,2.1446214742640167e-06,0.0,2.1446214742640167e-06,2.1446214742640167e-06,-0.213007328131514,0.21083119249019008,4.972332550635101,0.001,5000.0,-2.9809123345876284e+250,1.4999999991809676,0.027705252068407214,5.0,-0.6554777026176453,0.0
7.267691612243652,2.1446214742640167e-06,-1.530039475585808e-05,6.283185307179586,0.0,0.21083119249019008,-0.213007328131514,0.027386293667311472,0,2.1446214742640167e-06,0.0,2.1446214742640167e-06,2.1446214742640167e-06,-0.21084434826347168,0.20870817294744565,4.972613706332688,0.001,5000.0,-2.9809123345876284e+250,1.499999999262871,0.027922536097716725,5.0,-0.1715863198041916,48.05691195273838
7.277798891067505,2.1446214742640167e-06,-1.530039475585808e-05,6.283185307179586,0.0,0.20870817294744565,-0.21084434826347168,0.027110700730007674,0,2.1446214742640167e-06,0.0,2.1446214742640167e-06,2.1446214742640167e-06,-0.20872132872072724,0.20659856828158027,4.972889299269992,0.001,5000.0,-2.9809123345876284e+250,1.499999999336584,0.027266778932962327,5.0,-0.1715863198041916,0.0
7.288578271865845,2.1446214742640167e-06,-1.530039475585808e-05,6.283185307179586,0.0,0.20659856828158027,-0.20872132872072724,0.02683658627221397,0,2.1446214742640167e-06,0.0,2.1446214742640167e-06,2.1446214742640167e-06,-0.20661172405486186,0.20437142183059137,4.973163413727786,0.001,5000.0,-2.9809123345876284e+250,1.4999999994029256,0.025429517977129223,5.0,-0.1715863198041916,0.0
7.298651695251465,1.5339143081164692e-06,-1.2148291264969379e-05,6.283185307179586,0.0,0.20437142183059137,-0.20661172405486186,0.026545881815734175,0,1.5339143081164692e-06,0.0,1.5339143081164692e-06,1.5339143081164692e-06,-0.20438203620754822,0.2023125950474576,4.973454118184266,0.001,5000.0,-2.9809123345876284e+250,1.499999999462633,0.028858556356796922,5.0,-0.1715863198041916,0.0
7.308764457702637,1.4342442759597997e-06,-9.890142055758309e-06,6.283185307179586,0.0,0.2023125950474576,-0.20438203620754822,0.026279942944568584,0,1.4342442759597997e-06,0.0,1.4342442759597997e-06,1.4342442759597997e-06,-0.20232105094523742,0.20026657032037698,4.973720057055432,0.001,5000.0,-2.9809123345876284e+250,1.4999999995163695,0.026297351732490672,5.0,-0.1715863198041916,0.0
7.318835496902466,1.3410740079751242e-06,-9.24758454468258e-06,6.283185307179586,0.0,0.20026657032037698,-0.20232105094523742,0.026014109335400406,0,1.3410740079751242e-06,0.0,1.3410740079751242e-06,1.3410740079751242e-06,-0.20027447683091368,0.1982495982134876,4.9739858906646,0.001,5000.0,-2.9809123345876284e+250,1.4999999995647326,0.026395846932329364,5.0,0.2450488656759262,41.36963199261381
7.328906774520874,1.3410740079751242e-06,-9.24758454468258e-06,6.283185307179586,0.0,0.1982495982134876,-0.20027447683091368,0.025752198981579127,0,1.3410740079751242e-06,0.0,1.3410740079751242e-06,1.3410740079751242e-06,-0.19825750472402429,0.19625289184347908,4.974247801018421,0.001,5000.0,-2.9809123345876284e+250,1.4999999996082596,0.026005673137493572,5.0,0.2450488656759262,0.0
7.339064836502075,1.172497661891997e-06,-8.365995109586884e-06,6.283185307179586,0.0,0.19625289184347908,-0.19825750472402429,0.02549282981084683,0,1.172497661891997e-06,0.0,1.172497661891997e-06,1.172497661891997e-06,-0.19626008534092676,0.1942592697321501,4.9745071701891534,0.001,5000.0,-2.9809123345876284e+250,1.4999999996474336,0.025533332166341908,5.0,0.2450488656759262,0.0
7.349164724349976,1.172497661891997e-06,-8.365995109586884e-06,6.283185307179586,0.0,0.1942592697321501,-0.19626008534092676,0.02523369690909175,0,1.172497661891997e-06,0.0,1.172497661891997e-06,1.172497661891997e-06,-0.19426646322959779,0.1922972002409229,4.974766303090909,0.001,5000.0,-2.9809123345876284e+250,1.4999999996826903,0.025657007845780063,5.0,0.2450488656759262,0.0
7.359236478805542,1.172497661891997e-06,-8.365995109586884e-06,6.283185307179586,0.0,0.1922972002409229,-0.19426646322959779,0.02497894340143323,0,1.172497661891997e-06,0.0,1.172497661891997e-06,1.172497661891997e-06,-0.19230439373837058,0.19036035760646347,4.975021056598567,0.001,5000.0,-2.9809123345876284e+250,1.4999999997144213,0.02529385607864213,5.0,0.2450488656759262,0.0
7.3693060874938965,9.59017585825666e-07,-7.081230372925549e-06,6.283185307179586,0.0,0.19036035760646347,-0.19230439373837058,0.024727406127521185,0,9.59017585825666e-07,0.0,9.59017585825666e-07,9.59017585825666e-07,-0.1903664798192506,0.1884434416473041,4.975272593872479,0.001,5000.0,-2.9809123345876284e+250,1.4999999997429794,0.024979845959947622,5.0,0.6037757992744446,35.62471439564342
7.3793323040008545,9.59017585825666e-07,-7.081230372925549e-06,6.283185307179586,0.0,0.1884434416473041,-0.1903664798192506,0.02447841703243007,0,9.59017585825666e-07,0.0,9.59017585825666e-07,9.59017585825666e-07,-0.1884495638600912,0.18655400551940102,4.97552158296757,0.001,5000.0,-2.9809123345876284e+250,1.4999999997686815,0.02483380394970723,5.0,0.6037757992744446,0.0
7.389406681060791,9.59017585825666e-07,-7.081230372925549e-06,6.283185307179586,0.0,0.18655400551940102,-0.1884495638600912,0.024233065134115234,0,9.59017585825666e-07,0.0,9.59017585825666e-07,9.59017585825666e-07,-0.18656012773218814,0.18467452844827703,4.975766934865884,0.001,5000.0,-2.9809123345876284e+250,1.4999999997918132,0.02435405155625403,5.0,0.6037757992744446,0.0
7.399485111236572,7.841509027682675e-07,-5.791018130107524e-06,6.283185307179586,0.0,0.18467452844827703,-0.18656012773218814,0.023988832705436905,0,7.841509027682675e-07,0.0,7.841509027682675e-07,7.841509027682675e-07,-0.18467953531550438,0.18281324864670398,4.976011167294563,0.001,5000.0,-2.9809123345876284e+250,1.499999999812632,0.024233181598581375,5.0,0.6037757992744446,0.0
7.409558534622192,7.841509027682675e-07,-5.791018130107524e-06,6.283185307179586,0.0,0.18281324864670398,-0.18467953531550438,0.023747059457383514,0,7.841509027682675e-07,0.0,7.841509027682675e-07,7.841509027682675e-07,-0.18281825551393133,0.18097164295629167,4.976252940542617,0.001,5000.0,-2.9809123345876284e+250,1.4999999998313691,0.024001100598881213,5.0,0.9126431941986084,30.661611559489717
7.419694900512695,7.841509027682675e-07,-5.791018130107524e-06,6.283185307179586,0.0,0.18097164295629167,-0.18281825551393133,0.023507847458741522,0,7.841509027682675e-07,0.0,7.841509027682675e-07,7.841509027682675e-07,-0.18097664982351902,0.17913719741604306,4.976492152541258,0.001,5000.0,-2.9809123345876284e+250,1.499999999848232,0.02359938475248971,5.0,0.9126431941986084,0.0
7.429763555526733,6.413140344144305e-07,-4.735603891265286e-06,6.283185307179586,0.0,0.17913719741604306,-0.18097664982351902,0.02326944114001084,0,6.413140344144305e-07,0.0,6.413140344144305e-07,6.413140344144305e-07,-0.17914129170589993,0.1773334855510872,4.976730558859989,0.001,5000.0,-2.9809123345876284e+250,1.4999999998634088,0.023678070049901002,5.0,0.9126431941986084,0.0
7.440065145492554,6.413140344144305e-07,-4.735603891265286e-06,6.283185307179586,0.0,0.1773334855510872,-0.17914129170589993,0.02303527506009321,0,6.413140344144305e-07,0.0,6.413140344144305e-07,6.413140344144305e-07,-0.17733757984094406,0.17550662651803486,4.976964724939907,0.001,5000.0,-2.9809123345876284e+250,1.4999999998770681,0.022731061971460045,5.0,0.9126431941986084,0.0
7.450135231018066,6.413140344144305e-07,-4.735603891265286e-06,6.283185307179586,0.0,0.17550662651803486,-0.17733757984094406,0.022797551914115442,0,6.413140344144305e-07,0.0,6.413140344144305e-07,6.413140344144305e-07,-0.17551072080789173,0.17373921854885502,4.977202448085885,0.001,5000.0,-2.9809123345876284e+250,1.4999999998893614,0.023606864646332153,5.0,0.9126431941986084,0.0
7.460204124450684,5.242505506851003e-07,-3.8721163217238e-06,6.283185307179586,0.0,0.17373921854885502,-0.17551072080789173,0.02256838338876079,0,5.242505506851003e-07,0.0,5.242505506851003e-07,5.242505506851003e-07,-0.17374256641462604,0.17198982316291672,4.97743161661124,0.001,5000.0,-2.9809123345876284e+250,1.4999999999004254,0.022760050733309493,5.0,1.1785809993743896,26.41182042053419
7.4702746868133545,4.903013459145637e-07,-3.380577036772177e-06,6.283185307179586,0.0,0.17198982316291672,-0.17374256641462604,0.022341149578662085,0,4.903013459145637e-07,0.0,4.903013459145637e-07,4.903013459145637e-07,-0.1719927134386076,0.17025775981630825,4.977658850421338,0.001,5000.0,-2.9809123345876284e+250,1.4999999999103828,0.022564162944961608,5.0,1.1785809993743896,0.0
7.480478763580322,4.5847408748894125e-07,-3.161398127305973e-06,6.283185307179586,0.0,0.17025775981630825,-0.1719927134386076,0.02211615923989708,0,4.5847408748894125e-07,0.0,4.5847408748894125e-07,4.5847408748894125e-07,-0.17026046274034806,0.1685204089841263,4.977883840760103,0.001,5000.0,-2.9809123345876284e+250,1.4999999999193445,0.022049063712783222,5.0,1.1785809993743896,0.0
7.4905922412872314,4.5847408748894125e-07,-3.161398127305973e-06,6.283185307179586,0.0,0.1685204089841263,-0.17026046274034806,0.021890252630374203,0,4.5847408748894125e-07,0.0,4.5847408748894125e-07,4.5847408748894125e-07,-0.1685231119081661,0.1668160542487441,4.978109747369626,0.001,5000.0,-2.9809123345876284e+250,1.49999999992741,0.022337183713624684,5.0,1.1785809993743896,0.0
7.500974416732788,4.008625030022982e-07,-2.860158599262177e-06,6.283185307179586,0.0,0.1668160542487441,-0.1685231119081661,0.021669016475742518,0,4.008625030022982e-07,0.0,4.008625030022982e-07,4.008625030022982e-07,-0.16681851354484037,0.1650841151735546,4.978330983524257,0.001,5000.0,-2.9809123345876284e+250,1.4999999999346691,0.021309229052411182,5.0,1.1785809993743896,0.0
7.511040210723877,3.747844517276227e-07,-2.5845153652696404e-06,6.283185307179586,0.0,0.1650841151735546,-0.16681851354484037,0.02144359098884924,0,3.747844517276227e-07,0.0,3.747844517276227e-07,3.747844517276227e-07,-0.16508632490446815,0.16342239023632024,4.9785564090111505,0.001,5000.0,-2.9809123345876284e+250,1.4999999999412021,0.022395201719093757,5.0,1.4075562953948975,22.74786233686255
7.521231412887573,3.747844517276227e-07,-2.5845153652696404e-06,6.283185307179586,0.0,0.16342239023632024,-0.16508632490446815,0.021228271384040154,0,3.747844517276227e-07,0.0,3.747844517276227e-07,3.747844517276227e-07,-0.1634245999672338,0.16175689709953298,4.97877172861596,0.001,5000.0,-2.9809123345876284e+250,1.4999999999470819,0.021127988764280545,5.0,1.4075562953948975,0.0
7.531301498413086,3.2783981736750507e-07,-2.338591710712845e-06,6.283185307179586,0.0,0.16175689709953298,-0.1634245999672338,0.02101171959426228,0,3.2783981736750507e-07,0.0,3.2783981736750507e-07,3.2783981736750507e-07,-0.16175890785142633,0.1601279710629556,4.978988280405738,0.001,5000.0,-2.9809123345876284e+250,1.4999999999523737,0.02150446381306664,5.0,1.4075562953948975,0.0
7.541368722915649,3.2783981736750507e-07,-2.338591710712845e-06,6.283185307179586,0.0,0.1601279710629556,-0.16175890785142633,0.02080032687029952,0,3.2783981736750507e-07,0.0,3.2783981736750507e-07,3.2783981736750507e-07,-0.16012998181484894,0.1585159065864341,4.979199673129701,0.001,5000.0,-2.9809123345876284e+250,1.4999999999571365,0.02099811362197504,5.0,1.4075562953948975,0.0
7.551403999328613,2.8656803759623573e-07,-2.0449420678049197e-06,6.283185307179586,0.0,0.1585159065864341,-0.16012998181484894,0.020590927103952286,0,2.8656803759623573e-07,0.0,2.8656803759623573e-07,2.8656803759623573e-07,-0.1585176649604643,0.15692513800221825,4.979409072896048,0.001,5000.0,-2.9809123345876284e+250,1.4999999999614229,0.020866367574761156,5.0,1.6047059297561646,19.64566059252572
7.561471700668335,2.8656803759623573e-07,-2.0449420678049197e-06,6.283185307179586,0.0,0.15692513800221825,-0.1585176649604643,0.020384342670705914,0,2.8656803759623573e-07,0.0,2.8656803759623573e-07,2.8656803759623573e-07,-0.15692689637624843,0.15534524487733273,4.979615657329294,0.001,5000.0,-2.9809123345876284e+250,1.4999999999652807,0.02051952340215955,5.0,1.6047059297561646,0.0
7.5715508460998535,2.5064450178880684e-07,-1.788036145764017e-06,6.283185307179586,0.0,0.15534524487733273,-0.15692689637624843,0.020179065319064098,0,2.5064450178880684e-07,0.0,2.5064450178880684e-07,2.5064450178880684e-07,-0.1553467822689767,0.15377948206652522,4.979820934680936,0.001,5000.0,-2.9809123345876284e+250,1.4999999999687526,0.020366543278549448,5.0,1.6047059297561646,0.0
7.581671237945557,2.5064450178880684e-07,-1.788036145764017e-06,6.283185307179586,0.0,0.15377948206652522,-0.1553467822689767,0.019975659666623766,0,2.5064450178880684e-07,0.0,2.5064450178880684e-07,2.5064450178880684e-07,-0.1537810194581692,0.15222315789117685,4.980024340333376,0.001,5000.0,-2.9809123345876284e+250,1.4999999999718772,0.020098594554586572,5.0,1.6047059297561646,0.0
7.591745853424072,2.191225379451269e-07,-1.5635371220127969e-06,6.283185307179586,0.0,0.15222315789117685,-0.1537810194581692,0.01977343191018307,0,2.191225379451269e-07,0.0,2.191225379451269e-07,2.191225379451269e-07,-0.15222450230576093,0.1506895545640379,4.980226568089817,0.001,5000.0,-2.9809123345876284e+250,1.4999999999746896,0.020072999994089444,5.0,1.7744536399841309,16.849051022340024
7.601954698562622,2.0488123025377992e-07,-1.4128142532947194e-06,6.283185307179586,0.0,0.1506895545640379,-0.15222450230576093,0.0195742926159077,0,2.0488123025377992e-07,0.0,2.0488123025377992e-07,2.0488123025377992e-07,-0.15069076249706093,0.1491511759058954,4.980425707384092,0.001,5000.0,-2.9809123345876284e+250,1.4999999999772209,0.01950654472398601,5.0,1.7744536399841309,0.0
7.6120240688323975,2.0488123025377992e-07,-1.4128142532947194e-06,6.283185307179586,0.0,0.1491511759058954,-0.15069076249706093,0.01937425700185475,0,2.0488123025377992e-07,0.0,2.0488123025377992e-07,2.0488123025377992e-07,-0.14915238383891843,0.1476493053264017,4.9806257429981455,0.001,5000.0,-2.9809123345876284e+250,1.499999999979499,0.01986575214672393,5.0,1.7744536399841309,0.0
7.622135877609253,2.0488123025377992e-07,-1.4128142532947194e-06,6.283185307179586,0.0,0.1476493053264017,-0.14915238383891843,0.019179378907307053,0,2.0488123025377992e-07,0.0,2.0488123025377992e-07,2.0488123025377992e-07,-0.14765051325942471,0.14615629157051782,4.980820621092693,0.001,5000.0,-2.9809123345876284e+250,1.4999999999815494,0.019272327913651566,5.0,1.7744536399841309,0.0
7.63221001625061,1.6755553330068663e-07,-1.2372882537334484e-06,6.283185307179586,0.0,0.14615629157051782,-0.14765051325942471,0.01898537568727825,0,1.6755553330068663e-07,0.0,1.6755553330068663e-07,1.6755553330068663e-07,-0.14615736130323825,0.14468388204929403,4.981014624312722,0.001,5000.0,-2.9809123345876284e+250,1.4999999999833946,0.019257549149895532,5.0,1.7744536399841309,0.0
7.6423540115356445,1.6755553330068663e-07,-1.2372882537334484e-06,6.283185307179586,0.0,0.14468388204929403,-0.14615736130323825,0.018794169873868782,0,1.6755553330068663e-07,0.0,1.6755553330068663e-07,1.6755553330068663e-07,-0.14468495178201446,0.14321619858060186,4.9812058301261315,0.001,5000.0,-2.9809123345876284e+250,1.499999999985055,0.018849162291268144,5.0,1.9206080436706543,14.407972359978377
7.652422189712524,1.6755553330068663e-07,-1.2372882537334484e-06,6.283185307179586,0.0,0.14321619858060186,-0.14468495178201446,0.018603418283464117,0,1.6755553330068663e-07,0.0,1.6755553330068663e-07,1.6755553330068663e-07,-0.1432172683133223,0.1417742616052173,4.9813965817165355,0.001,5000.0,-2.9809123345876284e+250,1.4999999999865494,0.018945988743296085,5.0,1.9206080436706543,0.0
7.662487983703613,1.370501681557597e-07,-1.0119487420619405e-06,6.283185307179586,0.0,0.1417742616052173,-0.1432172683133223,0.018416223941597202,0,1.370501681557597e-07,0.0,1.370501681557597e-07,1.370501681557597e-07,-0.1417751365037912,0.1403471822881116,4.981583776058403,0.001,5000.0,-2.9809123345876284e+250,1.4999999999878946,0.018597076597498013,5.0,1.9206080436706543,0.0
7.672558546066284,1.281781848593926e-07,-8.83764666030631e-07,6.283185307179586,0.0,0.1403471822881116,-0.1417751365037912,0.018230854155297713,0,1.281781848593926e-07,0.0,1.281781848593926e-07,1.281781848593926e-07,-0.14034793787459277,0.13893379962727326,4.981769145844702,0.001,5000.0,-2.9809123345876284e+250,1.4999999999891052,0.018407093826915646,5.0,1.9206080436706543,0.0
7.6834306716918945,1.1983747660335803e-07,-8.264071152111571e-07,6.283185307179586,0.0,0.13893379962727326,-0.14034793787459277,0.01804725256907233,0,1.1983747660335803e-07,0.0,1.1983747660335803e-07,1.1983747660335803e-07,-0.13893450619691186,0.1374232862221683,4.9819527474309275,0.001,5000.0,-2.9809123345876284e+250,1.4999999999901945,0.016887367985602676,5.0,1.9206080436706543,0.0
7.693502426147461,1.1983747660335803e-07,-8.264071152111571e-07,6.283185307179586,0.0,0.1374232862221683,-0.13893450619691186,0.017849915009134444,0,1.1983747660335803e-07,0.0,1.1983747660335803e-07,1.1983747660335803e-07,-0.1374239927918069,0.13603918551046568,4.982150084990866,0.001,5000.0,-2.9809123345876284e+250,1.499999999991175,0.019593166295751283,5.0,2.0464489459991455,12.494437079821987
7.703575611114502,1.1983747660335803e-07,-8.264071152111571e-07,6.283185307179586,0.0,0.13603918551046568,-0.1374239927918069,0.01767124604354713,0,1.1983747660335803e-07,0.0,1.1983747660335803e-07,1.1983747660335803e-07,-0.13603989208010428,0.13466883051464648,4.982328753956453,0.001,5000.0,-2.9809123345876284e+250,1.4999999999920575,0.017737087740561822,5.0,2.0464489459991455,0.0
7.7136476039886475,9.799775409461264e-08,-7.236779835306082e-07,6.283185307179586,0.0,0.13466883051464648,-0.13603989208010428,0.01749323735124947,0,9.799775409461264e-08,0.0,9.799775409461264e-08,9.799775409461264e-08,-0.13466945619487591,0.13331244071148665,4.98250676264875,0.001,5000.0,-2.9809123345876284e+250,1.499999999992852,0.017673631675673963,5.0,2.0464489459991455,0.0
7.723726034164429,9.799775409461264e-08,-7.236779835306082e-07,6.283185307179586,0.0,0.13331244071148665,-0.13466945619487591,0.017317047137659372,0,9.799775409461264e-08,0.0,9.799775409461264e-08,9.799775409461264e-08,-0.13331306639171608,0.13196885428033842,4.982682952862341,0.001,5000.0,-2.9809123345876284e+250,1.499999999993567,0.017481910428221916,5.0,2.0464489459991455,0.0
7.733891725540161,9.799775409461264e-08,-7.236779835306082e-07,6.283185307179586,0.0,0.13196885428033842,-0.13331306639171608,0.017142508935330217,0,9.799775409461264e-08,0.0,9.799775409461264e-08,9.799775409461264e-08,-0.13196947996056785,0.1306272932760434,4.98285749106467,0.001,5000.0,-2.9809123345876284e+250,1.4999999999942104,0.01716933909146736,5.0,2.1547985076904297,10.658356395703363
7.744000196456909,8.011642279137351e-08,-5.917139203984308e-07,6.283185307179586,0.0,0.1306272932760434,-0.13196947996056785,0.016968126259040397,0,8.011642279137351e-08,0.0,8.011642279137351e-08,8.011642279137351e-08,-0.13062780487354098,0.12930684590956057,4.98303187374096,0.001,5000.0,-2.9809123345876284e+250,1.4999999999947895,0.017251142900445708,5.0,2.1547985076904297,0.0
7.754075050354004,8.011642279137351e-08,-5.917139203984308e-07,6.283185307179586,0.0,0.12930684590956057,-0.13062780487354098,0.016796680378603074,0,8.011642279137351e-08,0.0,8.011642279137351e-08,8.011642279137351e-08,-0.12930735750705816,0.12800409317485756,4.9832033196213965,0.001,5000.0,-2.9809123345876284e+250,1.4999999999953104,0.017017207612982123,5.0,2.1547985076904297,0.0
7.764139652252197,8.011642279137351e-08,-5.917139203984308e-07,6.283185307179586,0.0,0.12800409317485756,-0.12930735750705816,0.01662749946940948,0,8.011642279137351e-08,0.0,8.011642279137351e-08,8.011642279137351e-08,-0.12800460477235515,0.12671577778668822,4.98337250053059,0.001,5000.0,-2.9809123345876284e+250,1.4999999999957794,0.016809498369126957,5.0,2.1547985076904297,0.0
7.77420973777771,6.551022961208204e-08,-4.837900235856539e-07,6.283185307179586,0.0,0.12671577778668822,-0.12800460477235515,0.0164601628424128,0,6.551022961208204e-08,0.0,6.551022961208204e-08,6.551022961208204e-08,-0.1267161960664822,0.1254397348548311,4.983539837157587,0.001,5000.0,-2.9809123345876284e+250,1.4999999999962017,0.016617200178958885,5.0,2.2480883598327637,9.264057579847053
7.784279108047485,5.72935496312255e-08,-4.087343443247093e-07,6.283185307179586,0.0,0.1254397348548311,-0.1267161960664822,0.016294400919011534,0,5.72935496312255e-08,0.0,5.72935496312255e-08,5.72935496312255e-08,-0.12544008629562578,0.12417663217924786,4.983705599080989,0.001,5000.0,-2.9809123345876284e+250,1.4999999999965814,0.016461995036454555,5.0,2.2480883598327637,0.0
7.794445037841797,5.72935496312255e-08,-4.087343443247093e-07,6.283185307179586,0.0,0.12417663217924786,-0.12544008629562578,0.016130327642138443,0,5.72935496312255e-08,0.0,5.72935496312255e-08,5.72935496312255e-08,-0.12417698362004256,0.12291425768169714,4.983869672357861,0.001,5000.0,-2.9809123345876284e+250,1.4999999999969233,0.016139524882898604,5.0,2.2480883598327637,0.0
7.804518461227417,5.008969680374114e-08,-3.574065380852725e-07,6.283185307179586,0.0,0.12291425768169714,-0.12417698362004256,0.015966226239237175,0,5.008969680374114e-08,0.0,5.008969680374114e-08,5.008969680374114e-08,-0.12291456499853842,0.12167608722820754,4.984033773760763,0.001,5000.0,-2.9809123345876284e+250,1.499999999997231,0.016290529705673212,5.0,2.2480883598327637,0.0
7.81459641456604,4.683789310403858e-08,-3.2297071429972137e-07,6.283185307179586,0.0,0.12167608722820754,-0.12291456499853842,0.015805506561963674,0,4.683789310403858e-08,0.0,4.683789310403858e-08,4.683789310403858e-08,-0.12167636336102873,0.12044983851584175,4.984194493438037,0.001,5000.0,-2.9809123345876284e+250,1.4999999999975082,0.015947650467635573,5.0,2.2480883598327637,0.0
7.824665069580078,4.683789310403858e-08,-3.2297071429972137e-07,6.283185307179586,0.0,0.12044983851584175,-0.12167636336102873,0.015646213758607558,0,4.683789310403858e-08,0.0,4.683789310403858e-08,4.683789310403858e-08,-0.12045011464866294,0.11923706786504303,4.9843537862413925,0.001,5000.0,-2.9809123345876284e+250,1.4999999999977573,0.015820663547814907,5.0,2.3284120559692383,7.977599393810234
7.834736585617065,4.096717972723623e-08,-2.922469212777205e-07,6.283185307179586,0.0,0.11923706786504303,-0.12045011464866294,0.015488688354619397,0,4.096717972723623e-08,0.0,4.096717972723623e-08,4.096717972723623e-08,-0.11923731914478457,0.11803616729306896,4.984511311645381,0.001,5000.0,-2.9809123345876284e+250,1.4999999999979816,0.015640684422251253,5.0,2.3284120559692383,0.0
7.844837427139282,3.830389229360969e-08,-2.6413745562908233e-07,6.283185307179586,0.0,0.11803616729306896,-0.11923731914478457,0.01533269022958181,0,3.830389229360969e-08,0.0,3.830389229360969e-08,3.830389229360969e-08,-0.11803639312663229,0.11684390039224277,4.984667309770418,0.001,5000.0,-2.9809123345876284e+250,1.4999999999981837,0.015444072129482412,5.0,2.3284120559692383,0.0
7.854907512664795,3.830389229360969e-08,-2.6413745562908233e-07,6.283185307179586,0.0,0.11684390039224277,-0.11803639312663229,0.015177782123647668,0,3.830389229360969e-08,0.0,3.830389229360969e-08,3.830389229360969e-08,-0.1168441262258061,0.11566727004799508,4.984822217876352,0.001,5000.0,-2.9809123345876284e+250,1.4999999999983653,0.015382998043232145,5.0,2.3284120559692383,0.0
7.864989757537842,3.35004438023869e-08,-2.389903230155008e-07,6.283185307179586,0.0,0.11566727004799508,-0.1168441262258061,0.015024976544461253,0,3.35004438023869e-08,0.0,3.35004438023869e-08,3.35004438023869e-08,-0.11566747553787429,0.11450108223577507,4.984975023455538,0.001,5000.0,-2.9809123345876284e+250,1.4999999999985287,0.015155908342884414,5.0,2.397571325302124,6.859510972379871
7.875058889389038,3.132381556248101e-08,-2.1599963405929688e-07,6.283185307179586,0.0,0.11450108223577507,-0.11566747553787429,0.014873476757629768,0,3.132381556248101e-08,0.0,3.132381556248101e-08,3.132381556248101e-08,-0.11450126691159355,0.11334815388211321,4.9851265232423705,0.001,5000.0,-2.9809123345876284e+250,1.4999999999986757,0.015045963154557902,5.0,2.397571325302124,0.0
7.8851377964019775,3.132381556248101e-08,-2.1599963405929688e-07,6.283185307179586,0.0,0.11334815388211321,-0.11450126691159355,0.014723728874379916,0,3.132381556248101e-08,0.0,3.132381556248101e-08,3.132381556248101e-08,-0.1133483385579317,0.11220572651771664,4.98527627112562,0.001,5000.0,-2.9809123345876284e+250,1.499999999998808,0.014857551821601643,5.0,2.397571325302124,0.0
7.895211219787598,3.132381556248101e-08,-2.1599963405929688e-07,6.283185307179586,0.0,0.11220572651771664,-0.1133483385579317,0.014575318326901014,0,3.132381556248101e-08,0.0,3.132381556248101e-08,3.132381556248101e-08,-0.11220591119353512,0.11107542886789487,4.985424681673099,0.001,5000.0,-2.9809123345876284e+250,1.4999999999989275,0.01473288094797638,5.0,2.397571325302124,0.0
7.905290365219116,2.5609970457948902e-08,-1.8914041242320474e-07,6.283185307179586,0.0,0.11107542886789487,-0.11220591119353512,0.014428500929569932,0,2.5609970457948902e-08,0.0,2.5609970457948902e-08,2.5609970457948902e-08,-0.11107559239833684,0.10995588181821996,4.98557149907043,0.001,5000.0,-2.9809123345876284e+250,1.499999999999035,0.014566452912959086,5.0,2.457118272781372,5.907936132465997
7.915336847305298,2.5609970457948902e-08,-1.8914041242320474e-07,6.283185307179586,0.0,0.10995588181821996,-0.11107559239833684,0.014283067530567427,0,2.5609970457948902e-08,0.0,2.5609970457948902e-08,2.5609970457948902e-08,-0.10995604534866192,0.10885121037835724,4.985716932469432,0.001,5000.0,-2.9809123345876284e+250,1.4999999999991314,0.01447605218970532,5.0,2.457118272781372,0.0
7.925405979156494,2.2395823147506497e-08,-1.5977991680724673e-07,6.283185307179586,0.0,0.10885121037835724,-0.10995604534866192,0.014139608999483395,0,2.2395823147506497e-08,0.0,2.2395823147506497e-08,2.2395823147506497e-08,-0.1088513477624509,0.1077551718055567,4.985860391000517,0.001,5000.0,-2.9809123345876284e+250,1.4999999999992184,0.014247358481753099,5.0,2.457118272781372,0.0
7.935526132583618,2.0941961562896106e-08,-1.4440507387936203e-07,6.283185307179586,0.0,0.1077551718055567,-0.1088513477624509,0.013997210575153431,0,2.0941961562896106e-08,0.0,2.0941961562896106e-08,2.0941961562896106e-08,-0.10775529526866902,0.10666467168485272,4.986002789424846,0.001,5000.0,-2.9809123345876284e+250,1.4999999999992966,0.014070777222438902,5.0,2.457118272781372,0.0
7.94579553604126,2.0941961562896106e-08,-1.4440507387936203e-07,6.283185307179586,0.0,0.10666467168485272,-0.10775529526866902,0.013855501083192692,0,2.0941961562896106e-08,0.0,2.0941961562896106e-08,2.0941961562896106e-08,-0.10666479514796504,0.10556928786875157,4.986144498916807,0.001,5000.0,-2.9809123345876284e+250,1.4999999999993672,0.013799194134815285,5.0,2.5083892345428467,4.992593968379263
7.955870151519775,1.8314423714443515e-08,-1.306589743312281e-07,6.283185307179586,0.0,0.10556928786875157,-0.10666479514796504,0.01371305235014557,0,1.8314423714443515e-08,0.0,1.8314423714443515e-08,1.8314423714443515e-08,-0.10556940021330219,0.10450571675530503,4.986286947649854,0.001,5000.0,-2.9809123345876284e+250,1.4999999999994307,0.014139371706135754,5.0,2.5083892345428467,0.0
7.965943336486816,1.7125757850946275e-08,-1.1808962755939099e-07,6.283185307179586,0.0,0.10450571675530503,-0.10556940021330219,0.013575106343609682,0,1.7125757850946275e-08,0.0,1.7125757850946275e-08,1.7125757850946275e-08,-0.10450581771917473,0.10345301032328791,4.98642489365639,0.001,5000.0,-2.9809123345876284e+250,1.4999999999994875,0.013694378390473405,5.0,2.5083892345428467,0.0
7.976017236709595,1.7125757850946275e-08,-1.1808962755939099e-07,6.283185307179586,0.0,0.10345301032328791,-0.10450581771917473,0.013438363268068562,0,1.7125757850946275e-08,0.0,1.7125757850946275e-08,1.7125757850946275e-08,-0.10345311128715762,0.1024108340024451,4.986561636731931,0.001,5000.0,-2.9809123345876284e+250,1.499999999999539,0.013573995425518248,5.0,2.5083892345428467,0.0
7.98609185218811,1.4973340583850742e-08,-1.0683643408496682e-07,6.283185307179586,0.0,0.1024108340024451,-0.10345311128715762,0.01330298564747074,0,1.4973340583850742e-08,0.0,1.4973340583850742e-08,1.4973340583850742e-08,-0.10241092586553861,0.10137908330355104,4.986697014352529,0.001,5000.0,-2.9809123345876284e+250,1.4999999999995852,0.013437497528964594,5.0,2.5525338649749756,4.3817682695948506
7.996162414550781,1.4003346932445989e-08,-9.65528692612563e-08,6.283185307179586,0.0,0.10137908330355104,-0.10241092586553861,0.013168962403841761,0,1.4003346932445989e-08,0.0,1.4003346932445989e-08,1.4003346932445989e-08,-0.10137916585307337,0.10035813809155211,4.986831037596159,0.001,5000.0,-2.9809123345876284e+250,1.499999999999627,0.013308417028007277,5.0,2.5525338649749756,0.0
8.006232023239136,1.4003346932445989e-08,-9.65528692612563e-08,6.283185307179586,0.0,0.10035813809155211,-0.10137916585307337,0.013036347674286564,0,1.4003346932445989e-08,0.0,1.4003346932445989e-08,1.4003346932445989e-08,-0.10035822064107444,0.09934757008103694,4.986963652325714,0.001,5000.0,-2.9809123345876284e+250,1.4999999999996643,0.013169799707168974,5.0,2.5525338649749756,0.0
8.016300916671753,1.2246107964236696e-08,-8.736731941674596e-08,6.283185307179586,0.0,0.09934757008103694,-0.10035822064107444,0.012905077604934428,0,1.2246107964236696e-08,0.0,1.2246107964236696e-08,1.2246107964236696e-08,-0.0993476452022484,0.09834724922871403,4.987094922395065,0.001,5000.0,-2.9809123345876284e+250,1.499999999999698,0.013037189263211362,5.0,2.5525338649749756,0.0
8.026369571685791,1.1452387728047703e-08,-7.896543944420979e-08,6.283185307179586,0.0,0.09834724922871403,-0.0993476452022484,0.012775138439997481,0,1.1452387728047703e-08,0.0,1.1452387728047703e-08,1.1452387728047703e-08,-0.09834731674176574,0.09735702402488486,4.987224861560002,0.001,5000.0,-2.9809123345876284e+250,1.4999999999997282,0.0129053150352039,5.0,2.5525338649749756,0.0
8.036433935165405,1.0710264950184045e-08,-7.384788934008662e-08,6.283185307179586,0.0,0.09735702402488486,-0.09834731674176574,0.012646510196066225,0,1.0710264950184045e-08,0.0,1.0710264950184045e-08,1.0710264950184045e-08,-0.09735708716250925,0.09637718691236488,4.987353489803934,0.001,5000.0,-2.9809123345876284e+250,1.4999999999997553,0.012780564234568546,5.0,2.5905425548553467,3.776561722692062
8.046504259109497,1.0710264950184045e-08,-7.384788934008662e-08,6.283185307179586,0.0,0.09637718691236488,-0.09735708716250925,0.012519235296105992,0,1.0710264950184045e-08,0.0,1.0710264950184045e-08,1.0710264950184045e-08,-0.09637725004998927,0.09540663678352075,4.987480764703894,0.001,5000.0,-2.9809123345876284e+250,1.4999999999997797,0.012638610303584591,5.0,2.5905425548553467,0.0
8.056580305099487,1.0710264950184045e-08,-7.384788934008662e-08,6.283185307179586,0.0,0.09540663678352075,-0.09637725004998927,0.012393156649193013,0,1.0710264950184045e-08,0.0,1.0710264950184045e-08,1.0710264950184045e-08,-0.09540669992114514,0.0944453144873621,4.987606843350807,0.001,5000.0,-2.9809123345876284e+250,1.499999999999802,0.012512710545210793,5.0,2.5905425548553467,0.0
8.066717147827148,8.756039508063744e-09,-6.466910923956346e-08,6.283185307179586,0.0,0.0944453144873621,-0.09540669992114514,0.012268277029019243,0,8.756039508063744e-09,0.0,8.756039508063744e-09,8.756039508063744e-09,-0.09444537040043183,0.0934879366212572,4.987731722970981,0.001,5000.0,-2.9809123345876284e+250,1.499999999999822,0.012319380257622187,5.0,2.5905425548553467,0.0
8.076788663864136,8.756039508063744e-09,-6.466910923956346e-08,6.283185307179586,0.0,0.0934879366212572,-0.09444537040043183,0.012143857422971692,0,8.756039508063744e-09,0.0,8.756039508063744e-09,8.756039508063744e-09,-0.09348799253432694,0.09254637080518198,4.987856142577028,0.001,5000.0,-2.9809123345876284e+250,1.4999999999998397,0.012353612464163733,5.0,2.6232686042785645,3.249366758989655
8.086856126785278,7.657281941642711e-09,-5.4629246750474114e-08,6.283185307179586,0.0,0.09254637080518198,-0.09348799253432694,0.01202161198738221,0,7.657281941642711e-09,0.0,7.657281941642711e-09,7.657281941642711e-09,-0.09254641777714678,0.09161466317572599,4.987978388012618,0.001,5000.0,-2.9809123345876284e+250,1.4999999999998557,0.012142625857876737,5.0,2.6232686042785645,0.0
8.096935987472534,7.159115830985764e-09,-4.936937623970131e-08,6.283185307179586,0.0,0.09161466317572599,-0.09254641777714678,0.011900588666830171,0,7.159115830985764e-09,0.0,7.159115830985764e-09,7.159115830985764e-09,-0.0916147053859864,0.09069119970853126,4.98809941133317,0.001,5000.0,-2.9809123345876284e+250,1.4999999999998703,0.012006447738414803,5.0,2.6232686042785645,0.0
8.106992721557617,6.695178807559144e-09,-4.6163714962667685e-08,6.283185307179586,0.0,0.09069119970853126,-0.0916147053859864,0.011780620905334514,0,6.695178807559144e-09,0.0,6.695178807559144e-09,6.695178807559144e-09,-0.09069123917706741,0.08977914203228084,4.988219379094666,0.001,5000.0,-2.9809123345876284e+250,1.4999999999998832,0.011929097506277218,5.0,2.6232686042785645,0.0
8.1170654296875,6.695178807559144e-09,-4.6163714962667685e-08,6.283185307179586,0.0,0.08977914203228084,-0.09069123917706741,0.011662167492748643,0,6.695178807559144e-09,0.0,6.695178807559144e-09,6.695178807559144e-09,-0.08977918150081698,0.08887482254088333,4.988337832507251,0.001,5000.0,-2.9809123345876284e+250,1.4999999999998948,0.011759837678057399,5.0,2.6514461040496826,2.7974105283090323
8.127126455307007,5.8571705909665646e-09,-4.177892802671011e-08,6.283185307179586,0.0,0.08887482254088333,-0.08977918150081698,0.011544683340715498,0,5.8571705909665646e-09,0.0,5.8571705909665646e-09,5.8571705909665646e-09,-0.08887485846264076,0.08798065031296065,4.988455316659285,0.001,5000.0,-2.9809123345876284e+250,1.4999999999999054,0.011677154643693725,5.0,2.6514461040496826,0.0
8.137226581573486,5.8571705909665646e-09,-4.177892802671011e-08,6.283185307179586,0.0,0.08798065031296065,-0.08887485846264076,0.011428542459188085,0,5.8571705909665646e-09,0.0,5.8571705909665646e-09,5.8571705909665646e-09,-0.08798068623471808,0.08709203427297849,4.988571457540812,0.001,5000.0,-2.9809123345876284e+250,1.4999999999999147,0.011498953425252046,5.0,2.6514461040496826,0.0
8.14729356765747,5.8571705909665646e-09,-4.177892802671011e-08,6.283185307179586,0.0,0.08709203427297849,-0.08798068623471808,0.011313077935869808,0,5.8571705909665646e-09,0.0,5.8571705909665646e-09,5.8571705909665646e-09,-0.08709207019473592,0.08621527961430268,4.98868692206413,0.001,5000.0,-2.9809123345876284e+250,1.4999999999999232,0.011469621826732225,5.0,2.6514461040496826,0.0
8.157373428344727,4.786400024772253e-09,-3.535855254706902e-08,6.283185307179586,0.0,0.08621527961430268,-0.08709207019473592,0.011199218444055019,0,4.786400024772253e-09,0.0,4.786400024772253e-09,4.786400024772253e-09,-0.0862153101864552,0.08534624129851466,4.988800781555945,0.001,5000.0,-2.9809123345876284e+250,1.4999999999999307,0.011295740620576625,5.0,2.6514461040496826,0.0
8.167440176010132,4.786400024772253e-09,-3.535855254706902e-08,6.283185307179586,0.0,0.08534624129851466,-0.0862153101864552,0.011086320679927502,0,4.786400024772253e-09,0.0,4.786400024772253e-09,4.786400024772253e-09,-0.08534627187066718,0.08448708191540957,4.988913679320072,0.001,5000.0,-2.9809123345876284e+250,1.4999999999999378,0.011214919443694236,5.0,2.6757073402404785,2.4100371835255667
8.177538633346558,4.189123218676008e-09,-2.9874196512118307e-08,6.283185307179586,0.0,0.08448708191540957,-0.08534627187066718,0.01097472874945067,0,4.189123218676008e-09,0.0,4.189123218676008e-09,4.189123218676008e-09,-0.08448710760048286,0.08363389246382809,4.989025271250549,0.001,5000.0,-2.9809123345876284e+250,1.499999999999944,0.011050393813549416,5.0,2.6757073402404785,0.0
8.187613010406494,4.189123218676008e-09,-2.9874196512118307e-08,6.283185307179586,0.0,0.08363389246382809,-0.08448710760048286,0.010863873868931105,0,4.189123218676008e-09,0.0,4.189123218676008e-09,4.189123218676008e-09,-0.08363391814890138,0.08279133283739619,4.9891361261310685,0.001,5000.0,-2.9809123345876284e+250,1.4999999999999498,0.011003646166908755,5.0,2.6757073402404785,0.0
8.197697877883911,4.189123218676008e-09,-2.9874196512118307e-08,6.283185307179586,0.0,0.08279133283739619,-0.08363391814890138,0.010754447415746455,0,4.189123218676008e-09,0.0,4.189123218676008e-09,4.189123218676008e-09,-0.08279135852246948,0.08195639295842176,4.989245552584253,0.001,5000.0,-2.9809123345876284e+250,1.4999999999999547,0.010850559358334535,5.0,2.6757073402404785,0.0
8.207767248153687,3.4252102643186388e-09,-2.5295726207815347e-08,1.988885155002519,-142.1987155526537,0.08195639295842176,-0.08279135852246948,0.010645981428954353,0,3.4252102643186388e-09,0.0,3.4252102643186388e-09,3.4252102643186388e-09,-0.0819564148289377,0.08113114347152588,4.989354018571046,0.001,5000.0,-2.9809123345876284e+250,1.4999999999999591,0.010771873899371556,5.0,2.69659686088562,2.0745607804138846
8.217834234237671,3.4252102643186388e-09,-2.5295726207815347e-08,1.988885155002519,-142.1987155526537,0.08113114347152588,-0.0819564148289377,0.010538795937724247,0,3.4252102643186388e-09,0.0,3.4252102643186388e-09,3.4252102643186388e-09,-0.08113116534204182,0.0803143971590501,4.989461204062276,0.001,5000.0,-2.9809123345876284e+250,1.4999999999999631,0.010647227515356177,5.0,2.69659686088562,0.0
8.227914094924927,3.4252102643186388e-09,-2.5295726207815347e-08,1.988885155002519,-142.1987155526537,0.0803143971590501,-0.08113116534204182,0.010432703948846597,0,3.4252102643186388e-09,0.0,3.4252102643186388e-09,3.4252102643186388e-09,-0.08031441902956604,0.07950483900405418,4.9895672960511535,0.001,5000.0,-2.9809123345876284e+250,1.4999999999999667,0.01052514436154705,5.0,2.69659686088562,0.0
8.237987279891968,3.4252102643186388e-09,-2.5295726207815347e-08,1.988885155002519,-142.1987155526537,0.07950483900405418,-0.08031441902956604,0.010327533270271926,0,3.4252102643186388e-09,0.0,3.4252102643186388e-09,3.4252102643186388e-09,-0.07950486087457012,0.07870397183468578,4.989672466729728,0.001,5000.0,-2.9809123345876284e+250,1.4999999999999702,0.010440657936768143,5.0,2.69659686088562,0.0
8.248056888580322,3.4252102643186388e-09,-2.5295726207815347e-08,1.988885155002519,-142.1987155526537,0.07870397183468578,-0.07950486087457012,0.010223507448110309,0,3.4252102643186388e-09,0.0,3.4252102643186388e-09,3.4252102643186388e-09,-0.07870399370520172,0.07791145341586368,4.98977649255189,0.001,5000.0,-2.9809123345876284e+250,1.4999999999999734,0.010330671765023315,5.0,2.69659686088562,0.0
8.258127450942993,2.4488626170953696e-09,-1.9398581934596605e-08,-4.205474007191035,-123.07274369111322,0.07791145341586368,-0.07870399370520172,0.010120563541168899,0,2.4488626170953696e-09,0.0,2.4488626170953696e-09,2.4488626170953696e-09,-0.077911470365583,0.0771268410947797,4.989879436458831,0.001,5000.0,-2.9809123345876284e+250,1.499999999999976,0.010222260012310542,5.0,2.7145824432373047,1.78595610691541
8.268200874328613,2.2906114553166242e-09,-1.579237403885887e-08,-5.320233876967713,-111.24534334627167,0.0771268410947797,-0.077911470365583,0.010018643049613328,0,2.2906114553166242e-09,0.0,2.2906114553166242e-09,2.2906114553166242e-09,-0.07712685459654228,0.07634990963402757,4.989981356950387,0.001,5000.0,-2.9809123345876284e+250,1.4999999999999787,0.01011776112786671,5.0,2.7145824432373047,0.0
8.278273582458496,2.141541600506831e-09,-1.476827097593442e-08,-6.283185307179586,-95.39908438347975,0.07634990963402757,-0.07712685459654228,0.00991771880279844,0,2.141541600506831e-09,0.0,2.141541600506831e-09,2.141541600506831e-09,-0.07634992226075696,0.07558085915135572,4.990082281197202,0.001,5000.0,-2.9809123345876284e+250,1.499999999999981,0.010019574231032806,5.0,2.7145824432373047,0.0
8.288394689559937,2.141541600506831e-09,-1.476827097593442e-08,-6.283185307179586,-95.39908438347975,0.07558085915135572,-0.07634992226075696,0.009817821058582232,0,2.141541600506831e-09,0.0,2.141541600506831e-09,2.141541600506831e-09,-0.0755808717780851,0.07481589705326948,4.990182178941418,0.001,5000.0,-2.9809123345876284e+250,1.4999999999999827,0.009870238820216634,5.0,2.7145824432373047,0.0
8.2984619140625,1.873163064512205e-09,-1.3362390843370844e-08,-6.283185307179586,0.0,0.07481589705326948,-0.0755808717780851,0.009718416869676878,0,1.873163064512205e-09,0.0,1.873163064512205e-09,1.873163064512205e-09,-0.07481590854249726,0.0740627085056089,4.990281583130323,0.001,5000.0,-2.9809123345876284e+250,1.4999999999999845,0.00987404114014167,5.0,2.613717794418335,-10.01911190053286
8.308562278747559,1.873163064512205e-09,-1.3362390843370844e-08,-6.283185307179586,0.0,0.0740627085056089,-0.07481590854249726,0.009620620105360276,0,1.873163064512205e-09,0.0,1.873163064512205e-09,1.873163064512205e-09,-0.07406271999483668,0.07331464802409368,4.99037937989464,0.001,5000.0,-2.9809123345876284e+250,1.4999999999999862,0.009682498341992756,5.0,2.613717794418335,0.0
8.318666219711304,1.873163064512205e-09,-1.3362390843370844e-08,-6.283185307179586,0.0,0.07331464802409368,-0.07406271999483668,0.00952342352342475,0,1.873163064512205e-09,0.0,1.873163064512205e-09,1.873163064512205e-09,-0.07331465951332146,0.072573881032594,4.990476576476575,0.001,5000.0,-2.9809123345876284e+250,1.4999999999999876,0.009619670412197242,5.0,2.613717794418335,0.0
8.328837871551514,1.531356057166921e-09,-1.1310164315472553e-08,-6.283185307179586,0.0,0.072573881032594,-0.07331465951332146,0.009427196749429947,0,1.531356057166921e-09,0.0,1.531356057166921e-09,1.531356057166921e-09,-0.07257389081140227,0.07183568468257101,4.99057280325057,0.001,5000.0,-2.9809123345876284e+250,1.499999999999989,0.009460289784438355,5.0,2.613717794418335,0.0
8.338913917541504,1.531356057166921e-09,-1.1310164315472553e-08,-6.283185307179586,0.0,0.07183568468257101,-0.07257389081140227,0.00933125694744592,0,1.531356057166921e-09,0.0,1.531356057166921e-09,1.531356057166921e-09,-0.07183569446137927,0.07111186492145527,4.990668743052554,0.001,5000.0,-2.9809123345876284e+250,1.4999999999999902,0.009521572458019371,5.0,1.857649803161621,-75.03617907339927
8.348987817764282,1.531356057166921e-09,-1.1310164315472553e-08,-6.283185307179586,0.0,0.07111186492145527,-0.07183569446137927,0.009237304144389946,0,1.531356057166921e-09,0.0,1.531356057166921e-09,1.531356057166921e-09,-0.07111187470026353,0.0703954909910701,4.99076269585561,0.001,5000.0,-2.9809123345876284e+250,1.4999999999999911,0.00932635830991605,5.0,1.857649803161621,0.0
8.359054803848267,1.2523902696690434e-09,-9.248008776135966e-09,-6.283185307179586,0.0,0.0703954909910701,-0.07111187470026353,0.009144249991747181,0,1.2523902696690434e-09,0.0,1.2523902696690434e-09,1.2523902696690434e-09,-0.0703954989866886,0.06968682048239598,4.990855750008253,0.001,5000.0,-2.9809123345876284e+250,1.499999999999992,0.009243496699653289,5.0,1.857649803161621,0.0
8.36916446685791,1.2523902696690434e-09,-9.248008776135966e-09,-6.283185307179586,0.0,0.06968682048239598,-0.0703954989866886,0.009052199877668553,0,1.2523902696690434e-09,0.0,1.2523902696690434e-09,1.2523902696690434e-09,-0.06968682847801448,0.06898231013027242,4.990947800122331,0.001,5000.0,-2.9809123345876284e+250,1.499999999999993,0.009105161466887881,5.0,1.857649803161621,0.0
8.379231929779053,1.2523902696690434e-09,-9.248008776135966e-09,-6.283185307179586,0.0,0.06898231013027242,-0.06968682847801448,0.008960655133457994,0,1.2523902696690434e-09,0.0,1.2523902696690434e-09,1.2523902696690434e-09,-0.06898231812589092,0.06828783320032555,4.991039344866542,0.001,5000.0,-2.9809123345876284e+250,1.4999999999999938,0.00909312951312751,5.0,1.2066683769226074,-64.66191446028513
8.38930368423462,1.0241701776033269e-09,-7.563045723429698e-09,-6.283185307179586,0.0,0.06828783320032555,-0.06898231812589092,0.008870473466786669,0,1.0241701776033269e-09,0.0,1.0241701776033269e-09,1.0241701776033269e-09,-0.06828783973920109,0.06760005484617125,4.991129526533213,0.001,5000.0,-2.9809123345876284e+250,1.4999999999999947,0.008953918313753625,5.0,1.2066683769226074,0.0
8.399382829666138,1.0241701776033269e-09,-7.563045723429698e-09,-6.283185307179586,0.0,0.06760005484617125,-0.06828783973920109,0.008781129281071965,0,1.0241701776033269e-09,0.0,1.0241701776033269e-09,1.0241701776033269e-09,-0.06760006138504679,0.06691870399629177,4.991218870718928,0.001,5000.0,-2.9809123345876284e+250,1.4999999999999951,0.008864261987461278,5.0,1.2066683769226074,0.0
8.409449815750122,8.956116271528384e-10,-6.389695719636503e-09,-6.283185307179586,0.0,0.06691870399629177,-0.06760006138504679,0.00869261794563038,0,8.956116271528384e-10,0.0,8.956116271528384e-10,8.956116271528384e-10,-0.06691870949037586,0.06624503427909396,4.991307382054369,0.001,5000.0,-2.9809123345876284e+250,1.4999999999999956,0.008792237786282292,5.0,1.2066683769226074,0.0
8.419518947601318,8.956116271528384e-10,-6.389695719636503e-09,-6.283185307179586,0.0,0.06624503427909396,-0.06691870949037586,0.008605117704169397,0,8.956116271528384e-10,0.0,8.956116271528384e-10,8.956116271528384e-10,-0.06624503977317805,0.06557800423913007,4.991394882295831,0.001,5000.0,-2.9809123345876284e+250,1.499999999999996,0.008689948920530472,5.0,1.2066683769226074,0.0
8.429586172103882,7.824674145904423e-10,-5.585110138136362e-09,-6.283185307179586,0.0,0.06557800423913007,-0.06624503977317805,0.008518470195746431,0,7.824674145904423e-10,0.0,7.824674145904423e-10,7.824674145904423e-10,-0.0655780090417728,0.0649178156996754,4.991481529804253,0.001,5000.0,-2.9809123345876284e+250,1.4999999999999964,0.008606891442711154,5.0,0.6461670398712158,-55.67585553582001
8.439652442932129,7.824674145904423e-10,-5.585110138136362e-09,-6.283185307179586,0.0,0.0649178156996754,-0.0655780090417728,0.00843271410753683,0,7.824674145904423e-10,0.0,7.824674145904423e-10,7.824674145904423e-10,-0.06491782050231813,0.06426433533691954,4.991567285892463,0.001,5000.0,-2.9809123345876284e+250,1.499999999999997,0.008519151697067505,5.0,0.6461670398712158,0.0
8.449721813201904,7.824674145904423e-10,-5.585110138136362e-09,-6.283185307179586,0.0,0.06426433533691954,-0.06491782050231813,0.008347828742145555,0,7.824674145904423e-10,0.0,7.824674145904423e-10,7.824674145904423e-10,-0.06426434013956227,0.0636172339009115,4.991652171257854,0.001,5000.0,-2.9809123345876284e+250,1.4999999999999973,0.008430057006252867,5.0,0.6461670398712158,0.0
8.459795236587524,6.395772309206798e-10,-4.7241523909605525e-09,-6.283185307179586,0.0,0.0636172339009115,-0.06426434013956227,0.008263769344731987,0,6.395772309206798e-10,0.0,6.395772309206798e-10,6.395772309206798e-10,-0.06361723798548666,0.06297639052805994,4.991736230655268,0.001,5000.0,-2.9809123345876284e+250,1.4999999999999978,0.008344670346484555,5.0,0.6461670398712158,0.0
8.469972848892212,6.395772309206798e-10,-4.7241523909605525e-09,-6.283185307179586,0.0,0.06297639052805994,-0.06361723798548666,0.008180522294073525,0,6.395772309206798e-10,0.0,6.395772309206798e-10,6.395772309206798e-10,-0.0629763946126351,0.062335441199345525,4.991819477705927,0.001,5000.0,-2.9809123345876284e+250,1.4999999999999982,0.008179428353752537,5.0,0.16356979310512543,-47.417530980603445
8.480027198791504,5.594288070282863e-10,-3.990726817497792e-09,-6.283185307179586,0.0,0.062335441199345525,-0.0629763946126351,0.008097197821782023,0,5.594288070282863e-10,0.0,5.594288070282863e-10,5.594288070282863e-10,-0.062335444630643534,0.061708698827901094,4.991902802178218,0.001,5000.0,-2.9809123345876284e+250,1.4999999999999987,0.008287405264995754,5.0,0.16356979310512543,0.0
8.490091562271118,5.23369554459823e-10,-3.607993207970509e-09,-6.283185307179586,0.0,0.061708698827901094,-0.062335444630643534,0.008015863389599719,0,5.23369554459823e-10,0.0,5.23369554459823e-10,5.23369554459823e-10,-0.06170870191252475,0.06108764002199828,4.9919841366104,0.001,5000.0,-2.9809123345876284e+250,1.4999999999999987,0.008081428333451029,5.0,0.16356979310512543,0.0
8.500156879425049,5.23369554459823e-10,-3.607993207970509e-09,-6.283185307179586,0.0,0.06108764002199828,-0.06170870191252475,0.007935182583954512,0,5.23369554459823e-10,0.0,5.23369554459823e-10,5.23369554459823e-10,-0.06108764310662193,0.060472773519944,4.992064817416045,0.001,5000.0,-2.9809123345876284e+250,1.4999999999999987,0.00801572413579629,5.0,0.16356979310512543,0.0
8.510229587554932,4.5735456077369555e-10,-3.2641370327572486e-09,-6.283185307179586,0.0,0.060472773519944,-0.06108764310662193,0.00785531186172594,0,4.5735456077369555e-10,0.0,4.5735456077369555e-10,4.5735456077369555e-10,-0.060472776326726464,0.0598636488942012,4.992144688138274,0.001,5000.0,-2.9809123345876284e+250,1.4999999999999987,0.007929418900922781,5.0,-0.2519511580467224,-41.252158386195795
8.520329475402832,4.5735456077369555e-10,-3.2641370327572486e-09,-6.283185307179586,0.0,0.0598636488942012,-0.060472776326726464,0.007776183081920903,0,4.5735456077369555e-10,0.0,4.5735456077369555e-10,4.5735456077369555e-10,-0.059863651700983664,0.05925903272585549,4.992223816918079,0.001,5000.0,-2.9809123345876284e+250,1.4999999999999987,0.007834619650899132,5.0,-0.2519511580467224,0.0
8.530400037765503,4.00142427415135e-10,-2.854076926120317e-09,-5.367480916453542,45.68070825709235,0.05925903272585549,-0.059863651700983664,0.007697628064609933,0,4.00142427415135e-10,0.0,4.00142427415135e-10,4.00142427415135e-10,-0.05925903517978999,0.0586622609165257,4.9923023719353905,0.001,5000.0,-2.9809123345876284e+250,1.4999999999999987,0.007800459843449721,5.0,-0.2519511580467224,0.0
8.540468454360962,4.00142427415135e-10,-2.854076926120317e-09,-5.367480916453542,45.68070825709235,0.0586622609165257,-0.05925903517978999,0.007620126176515699,0,4.00142427415135e-10,0.0,4.00142427415135e-10,4.00142427415135e-10,-0.0586622633704602,0.05807162481047937,4.992379873823484,0.001,5000.0,-2.9809123345876284e+250,1.4999999999999987,0.007697524964271734,5.0,-0.2519511580467224,0.0
8.550538301467896,3.498324056895661e-10,-2.4961616987276477e-09,-1.389395741665966,197.37506578206006,0.05807162481047937,-0.0586622633704602,0.0075434048397625105,0,3.498324056895661e-10,0.0,3.498324056895661e-10,3.498324056895661e-10,-0.05807162695680867,0.05748685240577342,4.992456595160237,0.001,5000.0,-2.9809123345876284e+250,1.4999999999999987,0.007618917739114659,5.0,-0.2519511580467224,0.0
8.56060528755188,3.498324056895661e-10,-2.4961616987276477e-09,-1.389395741665966,197.37506578206006,0.05748685240577342,-0.05807162695680867,0.007467443067240193,0,3.498324056895661e-10,0.0,3.498324056895661e-10,3.498324056895661e-10,-0.057486854552102715,0.05690813304098537,4.99253255693276,0.001,5000.0,-2.9809123345876284e+250,1.4999999999999987,0.007545632018222934,5.0,-0.6097186803817749,-35.53869244979159
8.570672512054443,3.0599083360906436e-10,-2.1828171356750417e-09,2.0772198937669124,172.5984642596171,0.05690813304098537,-0.057486854552102715,0.0073922700802169245,0,3.0599083360906436e-10,0.0,3.0599083360906436e-10,3.0599083360906436e-10,-0.056908134917811666,0.056335226070745585,4.992607729919783,0.001,5000.0,-2.9809123345876284e+250,1.4999999999999987,0.007467101484041308,5.0,-0.6097186803817749,0.0
8.580738067626953,3.0599083360906436e-10,-2.1828171356750417e-09,2.0772198937669124,172.5984642596171,0.056335226070745585,-0.056908134917811666,0.007317850300726265,0,3.0599083360906436e-10,0.0,3.0599083360906436e-10,3.0599083360906436e-10,-0.056335227947571884,0.055768180703149296,4.992682149699274,0.001,5000.0,-2.9809123345876284e+250,1.4999999999999987,0.00739350937507204,5.0,-0.6097186803817749,0.0
8.590807437896729,2.6759889529074243e-10,-1.9091071461497246e-09,5.455186751462416,167.97538623898518,0.055768180703149296,-0.056335227947571884,0.007244193018965183,0,2.6759889529074243e-10,0.0,2.6759889529074243e-10,2.6759889529074243e-10,-0.055768182344657545,0.05520663022584859,4.992755806981035,0.001,5000.0,-2.9809123345876284e+250,1.4999999999999987,0.007314983935209377,5.0,-0.6097186803817749,0.0
8.600873708724976,2.6759889529074243e-10,-1.9091071461497246e-09,5.455186751462416,167.97538623898518,0.05520663022584859,-0.055768182344657545,0.007171246408172228,0,2.6759889529074243e-10,0.0,2.6759889529074243e-10,2.6759889529074243e-10,-0.05520663186735684,0.05465090531795644,4.992828753591827,0.001,5000.0,-2.9809123345876284e+250,1.4999999999999987,0.007246637015592602,5.0,-0.9177600741386414,-30.60134174936643
8.610942125320435,2.6759889529074243e-10,-1.9091071461497246e-09,5.455186751462416,167.97538623898518,0.05465090531795644,-0.05520663186735684,0.007099060425840334,0,2.6759889529074243e-10,0.0,2.6759889529074243e-10,2.6759889529074243e-10,-0.05465090695946469,0.05410065721936888,4.9929009395741595,0.001,5000.0,-2.9809123345876284e+250,1.4999999999999987,0.007169546636007352,5.0,-0.9177600741386414,0.0
8.621007680892944,2.1878386192076816e-10,-1.6158175540301045e-09,6.283185307179586,27.40742981571543,0.05410065721936888,-0.05465090695946469,0.007027582941116998,0,2.1878386192076816e-10,0.0,2.1878386192076816e-10,2.1878386192076816e-10,-0.05410065861640258,0.0535561040335561,4.992972417058883,0.001,5000.0,-2.9809123345876284e+250,1.4999999999999987,0.007101196174262851,5.0,-0.9177600741386414,0.0
8.631075382232666,2.045385555335937e-10,-1.4105419287743194e-09,6.283185307179586,0.0,0.0535561040335561,-0.05410065861640258,0.00695684797853383,0,2.045385555335937e-10,0.0,2.045385555335937e-10,2.045385555335937e-10,-0.053556105239559476,0.05301691716108552,4.993043152021466,0.001,5000.0,-2.9809123345876284e+250,1.4999999999999987,0.007025929772478073,5.0,-0.9177600741386414,0.0
8.64115047454834,1.9121257374190577e-10,-1.3186717013354364e-09,6.283185307179586,0.0,0.05301691716108552,-0.053556105239559476,0.006886807350156378,0,1.9121257374190577e-10,0.0,1.9121257374190577e-10,1.9121257374190577e-10,-0.05301691828854464,0.05248276681503589,4.993113192649844,0.001,5000.0,-2.9809123345876284e+250,1.4999999999999987,0.0069518597133338186,5.0,-0.3974141776561737,51.64676215154527
8.651220560073853,1.9121257374190577e-10,-1.3186717013354364e-09,6.283185307179586,0.0,0.05248276681503589,-0.05301691828854464,0.006817418171219579,0,1.9121257374190577e-10,0.0,1.9121257374190577e-10,1.9121257374190577e-10,-0.05248276794249502,0.051954260853239335,4.993182581828781,0.001,5000.0,-2.9809123345876284e+250,1.4999999999999987,0.006890624589135868,5.0,-0.3974141776561737,0.0
8.661289691925049,1.6719687248481242e-10,-1.1929080038539988e-09,6.283185307179586,0.0,0.051954260853239335,-0.05248276794249502,0.006748768840028558,0,1.6719687248481242e-10,0.0,1.6719687248481242e-10,1.6719687248481242e-10,-0.05195426187895046,0.0514311265401486,4.993251231159971,0.001,5000.0,-2.9809123345876284e+250,1.4999999999999987,0.006817800402808829,5.0,-0.3974141776561737,0.0
8.671340465545654,1.6719687248481242e-10,-1.1929080038539988e-09,6.283185307179586,0.0,0.0514311265401486,-0.05195426187895046,0.0066808150968313005,0,1.6719687248481242e-10,0.0,1.6719687248481242e-10,1.6719687248481242e-10,-0.05143112756585973,0.050914203919931664,4.993319184903169,0.001,5000.0,-2.9809123345876284e+250,1.4999999999999987,0.006761046041067189,5.0,-0.3974141776561737,0.0
8.681413888931274,1.4628323958236656e-10,-1.0433815957614429e-09,6.283185307179586,0.0,0.050914203919931664,-0.05143112756585973,0.006613677273131836,0,1.4628323958236656e-10,0.0,1.4628323958236656e-10,1.4628323958236656e-10,-0.05091420481703002,0.05040132357846754,4.993386322726868,0.001,5000.0,-2.9809123345876284e+250,1.4999999999999987,0.006664846808216595,5.0,-0.3974141776561737,0.0
8.691642045974731,1.3678658837399097e-10,-9.432119855527956e-10,6.283185307179586,0.0,0.05040132357846754,-0.05091420481703002,0.006547043252815157,0,1.3678658837399097e-10,0.0,1.3678658837399097e-10,1.3678658837399097e-10,-0.05040132438489294,0.04988581091746063,4.993452956747185,0.001,5000.0,-2.9809123345876284e+250,1.4999999999999987,0.006514763122385288,5.0,0.050608862191438675,43.802909746503495
8.701711416244507,1.3678658837399097e-10,-9.432119855527956e-10,6.283185307179586,0.0,0.04988581091746063,-0.05040132438489294,0.00648000028459556,0,1.3678658837399097e-10,0.0,1.3678658837399097e-10,1.3678658837399097e-10,-0.04988581172388603,0.04938349220800451,4.993519999715405,0.001,5000.0,-2.9809123345876284e+250,1.4999999999999987,0.006658109337863467,5.0,0.050608862191438675,0.0
8.711896181106567,1.3678658837399097e-10,-9.432119855527956e-10,6.283185307179586,0.0,0.04938349220800451,-0.04988581172388603,0.006414830791881772,0,1.3678658837399097e-10,0.0,1.3678658837399097e-10,1.3678658837399097e-10,-0.04938349301442991,0.04888053294358533,4.993585169208118,0.001,5000.0,-2.9809123345876284e+250,1.4999999999999987,0.006398723347708554,5.0,0.050608862191438675,0.0
8.721962451934814,1.3678658837399097e-10,-9.432119855527956e-10,6.283185307179586,0.0,0.04888053294358533,-0.04938349301442991,0.0063494396819576485,0,1.3678658837399097e-10,0.0,1.3678658837399097e-10,1.3678658837399097e-10,-0.04888053375001073,0.048388488252628446,4.993650560318042,0.001,5000.0,-2.9809123345876284e+250,1.4999999999999987,0.006496061057748282,5.0,0.050608862191438675,0.0
8.73202896118164,1.0460202529399438e-10,-7.998378995857302e-10,6.283185307179586,0.0,0.048388488252628446,-0.04888053375001073,0.006285583017867876,0,1.0460202529399438e-10,0.0,1.0460202529399438e-10,1.0460202529399438e-10,-0.048388488947864315,0.047901385081194826,4.993714416982132,0.001,5000.0,-2.9809123345876284e+250,1.4999999999999987,0.006343476425048251,5.0,0.43636107444763184,38.320355427857514
8.742072105407715,1.0460202529399438e-10,-7.998378995857302e-10,6.283185307179586,0.0,0.047901385081194826,-0.048388488947864315,0.006222309021888633,0,1.0460202529399438e-10,0.0,1.0460202529399438e-10,1.0460202529399438e-10,-0.047901385776430695,0.04742030455521331,4.993777690978112,0.001,5000.0,-2.9809123345876284e+250,1.4999999999999987,0.006300217795834321,5.0,0.43636107444763184,0.0
8.752141952514648,9.146811797610739e-11,-6.525884331869444e-10,6.283185307179586,0.0,0.04742030455521331,-0.047901385776430695,0.0061598287799655566,0,9.146811797610739e-11,0.0,9.146811797610739e-11,9.146811797610739e-11,-0.047420305116333626,0.04694278933292769,4.993840171220034,0.001,5000.0,-2.9809123345876284e+250,1.4999999999999987,0.006204686253881212,5.0,0.43636107444763184,0.0
8.762208461761475,1.8579686644046962,184.83196718854964,6.283185307179586,0.0,0.04694278933292769,-0.047420305116333626,0.006097787455446541,0,1.8579686644046962,0.0,1.8579686644046962,1.8579686644046962,100.0,1.053593714015545,4.993902212544554,0.001,5000.0,-2.9809123345876284e+250,1.4999999999999987,0.006163141859585162,5.0,0.43636107444763184,0.0
8.772284507751465,1.8579686644046962,184.83196718854964,6.283185307179586,0.0,1.053593714015545,100.0,1.1475031199621764,0,1.8579686644046962,0.0,1.8579686644046962,1.8579686644046962,100.0,2.061198313014568,3.8524968800378234,0.001,5000.0,-2.9809123345876284e+250,1.3549999999999986,113.27909118722035,5.0,0.43636107444763184,0.0
8.782349109649658,1.8579686644046962,184.83196718854964,6.283185307179586,0.0,2.061198313014568,100.0,1.2885677638220396,0,1.8579686644046962,0.0,1.8579686644046962,1.8579686644046962,100.0,3.067658502833904,3.71143223617796,0.001,5000.0,-2.9809123345876284e+250,1.2244999999999988,14.01591888946795,5.0,0.7684975862503052,33.00046193206045
8.792474746704102,6.743562526448723,161.8768436024482,6.283185307179586,0.0,3.067658502833904,100.0,1.4294721903967467,0,6.743562526448723,0.0,6.743562526448723,6.743562526448723,100.0,4.08022220827824,3.570527809603253,0.001,5000.0,-2.9809123345876284e+250,1.1070499999999988,13.915611019543206,5.0,0.7684975862503052,0.0
8.802551984786987,8.203389385874663,145.01131195049408,6.283185307179586,0.0,4.08022220827824,100.0,1.5712311091589537,0,8.203389385874663,0.0,8.203389385874663,8.203389385874663,100.0,5.087946016566814,3.428768890841046,0.001,5000.0,-2.9809123345876284e+250,1.0013449999999988,14.06723921735633,5.0,0.7684975862503052,0.0
8.81268858909607,9.564769258828186,135.61110166362147,6.283185307179586,0.0,5.087946016566814,100.0,1.712312442319354,0,9.564769258828186,0.0,9.564769258828186,9.564769258828186,100.0,6.101606447475017,3.2876875576806457,0.001,5000.0,-2.9809123345876284e+250,0.9062104999999989,13.918007338413773,5.0,0.7684975862503052,0.0
8.8228120803833,10.844403836035328,126.94362407091367,6.283185307179586,0.0,6.101606447475017,100.0,1.8542249026465025,0,10.844403836035328,0.0,10.844403836035328,10.844403836035328,100.0,7.113955576198162,3.1457750973534973,0.001,5000.0,-2.9809123345876284e+250,0.820589449999999,14.01813428793481,5.0,1.0544703006744385,28.248427969195262
8.832878828048706,10.844403836035328,126.94362407091367,6.283185307179586,0.0,7.113955576198162,100.0,1.9959537806677428,0,10.844403836035328,0.0,10.844403836035328,10.844403836035328,100.0,8.12063034273869,3.004046219332257,0.001,5000.0,-2.9809123345876284e+250,0.7435305049999992,14.078914335788552,5.0,1.0544703006744385,0.0
8.842929124832153,13.154328209875505,114.85418814409758,6.283185307179586,0.0,8.12063034273869,100.0,2.136888247983417,0,13.154328209875505,0.0,13.154328209875505,13.154328209875505,100.0,9.125660021083416,2.863111752016583,0.001,5000.0,-2.9809123345876284e+250,0.6741774544999993,14.022915974759238,5.0,1.0544703006744385,0.0
8.853022575378418,13.154328209875505,114.85418814409758,6.283185307179586,0.0,9.125660021083416,100.0,2.2775924029516785,0,13.154328209875505,0.0,13.154328209875505,13.154328209875505,100.0,10.13500507570988,2.7224075970483215,0.001,5000.0,-2.9809123345876284e+250,0.6117597090499994,13.940144088815401,5.0,1.0544703006744385,0.0
8.863195657730103,15.170856161110809,100.26591490697689,6.283185307179586,0.0,10.13500507570988,100.0,2.4189007105993836,0,15.170856161110809,0.0,15.170856161110809,15.170856161110809,100.0,11.152313310878338,2.5810992894006164,0.001,5000.0,-2.9809123345876284e+250,0.5555837381449995,13.890412243080457,5.0,1.0544703006744385,0.0
8.873263835906982,15.170856161110809,100.26591490697689,6.283185307179586,0.0,11.152313310878338,100.0,2.5613238635229676,0,15.170856161110809,0.0,15.170856161110809,15.170856161110809,100.0,12.159131128566326,2.4386761364770324,0.001,5000.0,-2.9809123345876284e+250,0.5050253643304996,14.14587132065642,5.0,1.300695538520813,24.455788676028323
8.883331537246704,15.170856161110809,100.26591490697689,6.283185307179586,0.0,12.159131128566326,100.0,2.702278357999286,0,15.170856161110809,0.0,15.170856161110809,15.170856161110809,100.0,13.165901262538494,2.297721642000714,0.001,5000.0,-2.9809123345876284e+250,0.45952282789744964,14.000663082861676,5.0,1.300695538520813,0.0
8.893443584442139,17.691900547560746,83.525095810047,6.283185307179586,0.0,13.165901262538494,100.0,2.8432261767553895,0,17.691900547560746,0.0,17.691900547560746,17.691900547560746,88.05109509506926,14.056278091749531,2.1567738232446105,0.001,5000.0,-2.9809123345876284e+250,0.4185705451077047,13.938603729988447,5.0,1.300695538520813,0.0
8.903515100479126,18.425181149027186,72.93167721545822,6.283185307179586,0.0,14.056278091749531,88.05109509506926,2.848389883795627,0,18.425181149027186,0.0,18.425181149027186,18.425181149027186,77.30058027273587,14.834812125634816,2.151610116204373,0.001,5000.0,-2.9809123345876284e+250,0.5263041379437084,0.5127040478587291,5.0,1.300695538520813,0.0
8.913553237915039,18.425181149027186,72.93167721545822,6.283185307179586,0.0,14.834812125634816,77.30058027273587,2.849879500316233,0,18.425181149027186,0.0,18.425181149027186,18.425181149027186,76.52204623885059,15.602950942657694,2.150120499683767,0.001,5000.0,-2.9809123345876284e+250,0.6236737241493376,0.1483957088768905,5.0,1.5126979351043701,21.119694558582523
8.923646688461304,19.766135377459197,66.43950296653789,6.283185307179586,0.0,15.602950942657694,76.52204623885059,2.9496335943605834,0,19.766135377459197,0.0,19.766135377459197,19.766135377459197,70.6026874013394,16.315575676376497,2.0503664056394166,0.001,5000.0,-2.9809123345876284e+250,0.5663063517344039,9.883051745992564,5.0,1.5126979351043701,0.0
8.933894872665405,19.766135377459197,66.43950296653789,6.283185307179586,0.0,16.315575676376497,70.6026874013394,2.990207468706104,0,19.766135377459197,0.0,19.766135377459197,19.766135377459197,69.89006266762058,17.031821912630473,2.009792531293896,0.001,5000.0,-2.9809123345876284e+250,0.5482149213186894,3.9591281282085085,5.0,1.5126979351043701,0.0
8.944019556045532,19.766135377459197,66.43950296653789,6.283185307179586,0.0,17.031821912630473,69.89006266762058,3.0833556944444727,0,19.766135377459197,0.0,19.766135377459197,19.766135377459197,69.17381643136662,17.732184902193083,1.9166443055555273,0.001,5000.0,-2.9809123345876284e+250,0.4983934291868205,9.200112461907,5.0,1.5126979351043701,0.0
8.954330682754517,21.41728615670734,54.73348864303813,6.283185307179586,0.0,17.732184902193083,69.17381643136662,3.174244050620698,0,21.41728615670734,0.0,21.41728615670734,21.41728615670734,58.41858989755239,18.33454638478694,1.8257559493793019,0.001,5000.0,-2.9809123345876284e+250,0.4535540862681385,8.81459017442118,5.0,1.695233941078186,17.70281862745098
8.964415311813354,21.41728615670734,54.73348864303813,6.283185307179586,0.0,18.33454638478694,58.41858989755239,3.1510223928456957,0,21.41728615670734,0.0,21.41728615670734,21.41728615670734,57.81622841495853,18.91760160193284,1.8489776071543043,0.001,5000.0,-2.9809123345876284e+250,0.5001123727811687,2.3026784266944933,5.0,1.695233941078186,0.0
8.974480152130127,22.347295749288968,46.244729747522,6.283185307179586,0.0,18.91760160193284,57.81622841495853,3.2266265084201833,0,22.347295749288968,0.0,22.347295749288968,22.347295749288968,49.67442389487813,19.417566746262455,1.7733734915798167,0.001,5000.0,-2.9809123345876284e+250,0.45510113550305187,7.511705421545313,5.0,1.695233941078186,0.0
8.98456859588623,22.764846553559735,41.57077093109488,6.283185307179586,0.0,19.417566746262455,49.67442389487813,3.2152035834255255,0,22.764846553559735,0.0,22.764846553559735,22.764846553559735,44.918050738392154,19.870719974770527,1.7847964165744745,0.001,5000.0,-2.9809123345876284e+250,0.5392176131018016,1.1322782057189866,5.0,1.695233941078186,0.0
8.99474287033081,22.764846553559735,41.57077093109488,6.283185307179586,0.0,19.870719974770527,44.918050738392154,3.231081303851796,0,22.764846553559735,0.0,22.764846553559735,22.764846553559735,44.46489750988408,20.323118045186213,1.7689186961482042,0.001,5000.0,-2.9809123345876284e+250,0.6011217618552867,1.5605752049207333,5.0,1.695233941078186,0.0
9.004815340042114,23.523063391458056,37.610482000854894,6.283185307179586,0.0,20.323118045186213,44.46489750988408,3.289885501424911,0,23.523063391458056,0.0,23.523063391458056,23.523063391458056,40.81042734712673,20.734179838545508,1.7101144985750891,0.001,5000.0,-2.9809123345876284e+250,0.546009585669758,5.838111134464146,5.0,1.8523988723754883,15.603415627145123
9.01488709449768,23.865282968515046,33.986194557191894,6.283185307179586,0.0,20.734179838545508,40.81042734712673,3.3108894508676388,0,23.865282968515046,0.0,23.865282968515046,23.865282968515046,37.11729768716143,21.10801614690476,1.6891105491323612,0.001,5000.0,-2.9809123345876284e+250,0.590322515577687,2.0854310473305393,5.0,1.8523988723754883,0.0
9.025104522705078,24.17439810884263,30.81529851063724,6.283185307179586,0.0,21.10801614690476,37.11729768716143,3.326295237438281,0,24.17439810884263,0.0,24.17439810884263,24.17439810884263,33.88168047257511,21.454199784679275,1.673704762561719,0.001,5000.0,-2.9809123345876284e+250,0.6488168714466326,1.5077949419295587,5.0,1.8523988723754883,0.0
9.035191059112549,24.464274695068596,28.81934495861169,6.283185307179586,0.0,21.454199784679275,33.88168047257511,3.3424047745808503,0,24.464274695068596,0.0,24.464274695068596,24.464274695068596,31.82941986900101,21.775248387016624,1.6575952254191497,0.001,5000.0,-2.9809123345876284e+250,0.6985831305827287,1.5971327016316064,5.0,1.8523988723754883,0.0
9.045261144638062,24.464274695068596,28.81934495861169,6.283185307179586,0.0,21.775248387016624,31.82941986900101,3.3668289728723377,0,24.464274695068596,0.0,24.464274695068596,24.464274695068596,31.508371266663662,22.092540380441534,1.6331710271276623,0.001,5000.0,-2.9809123345876284e+250,0.7166834697558435,2.4254211376465893,5.0,1.9877196550369263,13.437898051471459
9.055334329605103,24.96401799508446,24.825309088031165,6.283185307179586,0.0,22.092540380441534,31.508371266663662,3.408039365928452,0,24.96401799508446,0.0,24.96401799508446,24.96401799508446,27.696786702674093,22.371535235890253,1.591960634071548,0.001,5000.0,-2.9809123345876284e+250,0.6793019452215967,4.091098613889524,5.0,1.9877196550369263,0.0
9.065401315689087,24.96401799508446,24.825309088031165,6.283185307179586,0.0,22.371535235890253,27.696786702674093,3.4089828000513767,0,24.96401799508446,0.0,24.96401799508446,24.96401799508446,27.417791847225374,22.64754976486985,1.5910171999486233,0.001,5000.0,-2.9809123345876284e+250,0.7613717506994371,0.09371564786659936,5.0,1.9877196550369263,0.0
9.075585126876831,24.96401799508446,24.825309088031165,6.283185307179586,0.0,22.64754976486985,27.417791847225374,3.444834885554033,0,24.96401799508446,0.0,24.96401799508446,24.96401799508446,27.141777318245776,22.92395650037866,1.555165114445967,0.001,5000.0,-2.9809123345876284e+250,0.7379074223325816,3.5204978609386446,5.0,1.9877196550369263,0.0
9.0856614112854,20.4175454889221,-150.76442726737613,6.283185307179586,0.0,22.92395650037866,27.141777318245776,3.4807716832354707,0,20.4175454889221,0.0,20.4175454889221,20.4175454889221,-100.0,21.916328059521724,1.5192283167645293,0.001,5000.0,-2.9809123345876284e+250,0.7153081011844621,3.566473138737078,5.0,2.1042325496673584,11.563081182121477
9.09575343132019,20.4175454889221,-150.76442726737613,6.283185307179586,0.0,21.916328059521724,-100.0,2.068285928333042,0,20.4175454889221,0.0,20.4175454889221,20.4175454889221,-100.0,20.907126056042717,2.931714071666958,0.001,5000.0,-2.9809123345876284e+250,0.6487772910660159,139.9606570372623,5.0,2.1042325496673584,0.0
9.105843782424927,17.851094240727733,-127.37066174560877,6.283185307179586,0.0,20.907126056042717,-100.0,1.9269976478459805,0,17.851094240727733,0.0,17.851094240727733,17.851094240727733,-100.0,19.89809094556908,3.0730023521540195,0.001,5000.0,-2.9809123345876284e+250,0.5888995619594143,14.002315580549212,5.0,2.1042325496673584,0.0
9.115910530090332,17.851094240727733,-127.37066174560877,6.283185307179586,0.0,19.89809094556908,-100.0,1.7857327323796715,0,17.851094240727733,0.0,17.851094240727733,17.851094240727733,-100.0,18.89141617902855,3.2142672676203285,0.001,5000.0,-2.9809123345876284e+250,0.5350096057634729,14.032825711105366,5.0,2.1042325496673584,0.0
9.125993728637695,15.613246072069442,-111.38132364865912,6.283185307179586,0.0,18.89141617902855,-100.0,1.6447982650639972,0,15.613246072069442,0.0,15.613246072069442,15.613246072069442,-100.0,17.883096324292218,3.355201734936003,0.001,5000.0,-2.9809123345876284e+250,0.4865086451871256,13.977158800718856,5.0,2.1042325496673584,0.0
9.136081218719482,15.613246072069442,-111.38132364865912,6.283185307179586,0.0,17.883096324292218,-100.0,1.5036334854009108,0,15.613246072069442,0.0,15.613246072069442,15.613246072069442,-100.0,16.874347316113507,3.496366514599089,0.001,5000.0,-2.9809123345876284e+250,0.4428577806684131,13.994043961238521,5.0,2.2045505046844482,9.944788466083669
9.14619493484497,15.613246072069442,-111.38132364865912,6.283185307179586,0.0,16.874347316113507,-100.0,1.3624086242558913,0,15.613246072069442,0.0,15.613246072069442,15.613246072069442,-100.0,15.862975703564679,3.6375913757441087,0.001,5000.0,-2.9809123345876284e+250,0.4035720026015718,13.963696369636963,5.0,2.2045505046844482,0.0
9.156262874603271,12.767513247483704,-94.28463093899602,6.283185307179586,0.0,15.862975703564679,-100.0,1.2208165984990553,0,12.767513247483704,0.0,12.767513247483704,12.767513247483704,-97.380093395077,14.88255878960534,3.7791834015009447,0.001,5000.0,-2.9809123345876284e+250,0.3682148023414146,14.063654447286162,5.0,2.2045505046844482,0.0
9.16633677482605,12.767513247483704,-94.28463093899602,6.283185307179586,0.0,14.88255878960534,-97.380093395077,1.109757296593978,0,12.767513247483704,0.0,12.767513247483704,12.767513247483704,-96.39967648111765,13.911438067226452,3.890242703406022,0.001,5000.0,-2.9809123345876284e+250,0.3363933221072732,11.024459191481641,5.0,2.2045505046844482,0.0
9.176380634307861,12.767513247483704,-94.28463093899602,6.283185307179586,0.0,13.911438067226452,-96.39967648111765,0.983604564600527,0,12.767513247483704,0.0,12.767513247483704,12.767513247483704,-95.42855575873877,12.952967062633464,4.016395435399473,0.001,5000.0,-2.9809123345876284e+250,0.3077539898965459,12.560184879318705,5.0,2.2045505046844482,0.0
9.186492919921875,12.767513247483704,-94.28463093899602,6.283185307179586,0.0,12.952967062633464,-95.42855575873877,0.8591298311812974,0,12.767513247483704,0.0,12.767513247483704,12.767513247483704,-94.47008475414577,11.997658583619463,4.140870168818703,0.001,5000.0,-2.9809123345876284e+250,0.2819785909068913,12.309258081746796,5.0,2.2909257411956787,8.541613618144952
9.19656491279602,9.762804455735482,-74.65368660406202,6.283185307179586,0.0,11.997658583619463,-94.47008475414577,0.7349713541652672,0,9.762804455735482,0.0,9.762804455735482,9.762804455735482,-76.888540731946,11.223237749263857,4.265028645834732,0.001,5000.0,-2.9809123345876284e+250,0.2587807318162022,12.327101355953216,5.0,2.2909257411956787,0.0
9.206659317016602,9.762804455735482,-74.65368660406202,6.283185307179586,0.0,11.223237749263857,-76.888540731946,0.8023678775774803,0,9.762804455735482,0.0,9.762804455735482,9.762804455735482,-76.1141198975904,10.454911056123809,4.19763212242252,0.001,5000.0,-2.9809123345876284e+250,0.237902658634582,6.676622209639794,5.0,2.2909257411956787,0.0
9.216733694076538,9.762804455735482,-74.65368660406202,6.283185307179586,0.0,10.454911056123809,-76.1141198975904,0.7025463488814294,0,9.762804455735482,0.0,9.762804455735482,9.762804455735482,-75.34579320445035,9.695849125502173,4.297453651118571,0.001,5000.0,-2.9809123345876284e+250,0.2191123927711238,9.908456681953874,5.0,2.2909257411956787,0.0
9.226804733276367,7.984005683364765,-58.95739735866475,6.283185307179586,0.0,9.695849125502173,-75.34579320445035,0.6039609455258009,0,7.984005683364765,0.0,7.984005683364765,7.984005683364765,-60.66924080080216,9.084846823173423,4.396039054474199,0.001,5000.0,-2.9809123345876284e+250,0.2022011534940114,9.789000062406808,5.0,2.365295648574829,7.384531616202268
9.236984252929688,7.461084389382243,-51.463955958422865,6.283185307179586,0.0,9.084846823173423,-60.66924080080216,0.6651861472362579,0,7.461084389382243,0.0,7.461084389382243,7.461084389382243,-53.08771839221404,8.544439350449947,4.334813852763742,0.001,5000.0,-2.9809123345876284e+250,0.18698103814461028,6.014547227725702,5.0,2.365295648574829,0.0
9.247052907943726,6.978088877839685,-48.11262067270694,6.283185307179586,0.0,8.544439350449947,-53.08771839221404,0.6653443251408522,0,6.978088877839685,0.0,6.978088877839685,6.978088877839685,-49.6789711453172,8.044238928535394,4.334655674859148,0.001,5000.0,-2.9809123345876284e+250,0.3182829343301493,0.01570993388627702,5.0,2.365295648574829,0.0
9.257123708724976,6.978088877839685,-48.11262067270694,6.283185307179586,0.0,8.044238928535394,-49.6789711453172,0.6294037385417832,0,6.978088877839685,0.0,6.978088877839685,6.978088877839685,-49.17877072340265,7.548969325913236,4.370596261458217,0.001,5000.0,-2.9809123345876284e+250,0.33757136443696456,3.5687913384190653,5.0,2.365295648574829,0.0
9.267574787139893,6.978088877839685,-48.11262067270694,6.283185307179586,0.0,7.548969325913236,-49.17877072340265,0.5650679983938267,0,6.978088877839685,0.0,6.978088877839685,6.978088877839685,-48.68350112078049,7.0401742381872605,4.434932001606173,0.001,5000.0,-2.9809123345876284e+250,0.30881422799326813,6.155894884123065,5.0,2.4293289184570312,6.126953347781453
9.277645826339722,5.7057356048775265,-42.137217208175926,6.283185307179586,0.0,7.0401742381872605,-48.68350112078049,0.4987893821384116,0,5.7057356048775265,0.0,5.7057356048775265,5.7057356048775265,-43.471655841485656,6.602369488126179,4.501210617861588,0.001,5000.0,-2.9809123345876284e+250,0.2829328051939413,6.581109947078728,5.0,2.4293289184570312,0.0
9.287717819213867,5.7057356048775265,-42.137217208175926,6.283185307179586,0.0,6.602369488126179,-43.471655841485656,0.4896151699228086,0,5.7057356048775265,0.0,5.7057356048775265,5.7057356048775265,-43.03385109142458,6.168932846586312,4.510384830077191,0.001,5000.0,-2.9809123345876284e+250,0.3914005847660814,0.9108636523316962,5.0,2.4293289184570312,0.0
9.297839641571045,4.990001294224991,-35.59917562502573,6.283185307179586,0.0,6.168932846586312,-43.03385109142458,0.433312087607838,0,4.990001294224991,0.0,4.990001294224991,4.990001294224991,-36.77810717738705,5.796671379103557,4.566687912392162,0.001,5000.0,-2.9809123345876284e+250,0.3572605262894733,5.56254400918666,5.0,2.4293289184570312,0.0
9.308138132095337,4.990001294224991,-35.59917562502573,6.283185307179586,0.0,5.796671379103557,-36.77810717738705,0.44375292130062766,0,4.990001294224991,0.0,4.990001294224991,4.990001294224991,-36.4058457099043,5.421746122031272,4.556247078699372,0.001,5000.0,-2.9809123345876284e+250,0.45497799502722047,1.0138217506887919,5.0,2.4293289184570312,0.0
9.318204164505005,4.363952443565058,-31.13323372125824,6.283185307179586,0.0,5.421746122031272,-36.4058457099043,0.3949859999853352,0,4.363952443565058,0.0,4.363952443565058,4.363952443565058,-32.191027399724454,5.097710196925136,4.605014000014664,0.001,5000.0,-2.9809123345876284e+250,0.4194842614997582,4.8447014007678,5.0,2.484462261199951,5.477167219327333
9.328320264816284,4.082456341412932,-28.144268962386302,6.283185307179586,0.0,5.097710196925136,-32.191027399724454,0.39176915357227454,0,4.082456341412932,0.0,4.082456341412932,4.082456341412932,-29.159522817898505,4.802729539070237,4.608230846427725,0.001,5000.0,-2.9809123345876284e+250,0.5275358353497824,0.3179927357456017,5.0,2.484462261199951,0.0
9.33839201927185,4.082456341412932,-28.144268962386302,6.283185307179586,0.0,4.802729539070237,-29.159522817898505,0.38078690729084813,0,4.082456341412932,0.0,4.082456341412932,4.082456341412932,-28.864542160043605,4.512012957961933,4.619213092709152,0.001,5000.0,-2.9809123345876284e+250,0.6057582351047919,1.0904005185865904,5.0,2.484462261199951,0.0
9.34848165512085,3.570739717159053,-25.472591461737533,6.283185307179586,0.0,4.512012957961933,-28.864542160043605,0.3430363925142347,0,3.570739717159053,0.0,3.570739717159053,3.570739717159053,-26.413864702540412,4.245506681748571,4.656963607485765,0.001,5000.0,-2.9809123345876284e+250,0.5907336239796437,3.7415140983862782,5.0,2.484462261199951,0.0
9.358554601669312,3.338711095521722,-23.022842512548696,6.283185307179586,0.0,4.245506681748571,-26.413864702540412,0.3302322884193959,0,3.338711095521722,0.0,3.338711095521722,3.338711095521722,-23.929638098775545,4.004464716255567,4.669767711580604,0.001,5000.0,-2.9809123345876284e+250,0.6568124848921439,1.2711378972614429,5.0,2.5319323539733887,4.712632251650927
9.368622779846191,3.338711095521722,-23.022842512548696,6.283185307179586,0.0,4.004464716255567,-23.929638098775545,0.32132867928802405,0,3.338711095521722,0.0,3.338711095521722,3.338711095521722,-23.68859613328254,3.765963709625531,4.678671320711976,0.001,5000.0,-2.9809123345876284e+250,0.7287472149318938,0.8843317008252486,5.0,2.5319323539733887,0.0
9.37869644165039,2.9203029750756513,-20.83226520600937,6.283185307179586,0.0,3.765963709625531,-23.68859613328254,0.29034895801474897,0,2.9203029750756513,0.0,2.9203029750756513,2.9203029750756513,-21.677925940559252,3.54758761508386,4.709651041985251,0.001,5000.0,-2.9809123345876284e+250,0.7228899995973582,3.075318774386604,5.0,2.5319323539733887,0.0
9.388782739639282,2.9203029750756513,-20.83226520600937,6.283185307179586,0.0,3.54758761508386,-21.677925940559252,0.27988300670614785,0,2.9203029750756513,0.0,2.9203029750756513,2.9203029750756513,-21.45954984601758,3.3311402006294535,4.7201169932938525,0.001,5000.0,-2.9809123345876284e+250,0.7832770279062364,1.037640502008531,5.0,2.5319323539733887,0.0
9.398850917816162,2.9203029750756513,-20.83226520600937,6.283185307179586,0.0,3.3311402006294535,-21.45954984601758,0.2517641296279477,0,2.9203029750756513,0.0,2.9203029750756513,2.9203029750756513,-21.243102431563173,3.117260860318765,4.748235870372052,0.001,5000.0,-2.9809123345876284e+250,0.7810687128051286,2.792846588946061,5.0,2.5728049278259277,4.059579909540837
9.408917427062988,2.3881127618256612,-17.635276914652987,6.283185307179586,0.0,3.117260860318765,-21.243102431563173,0.2239854961289954,0,2.3881127618256612,0.0,2.3881127618256612,2.3881127618256612,-18.36442501314609,2.932395206111284,4.7760145038710045,0.001,5000.0,-2.9809123345876284e+250,0.7801554063755756,2.759510056349524,5.0,2.5728049278259277,0.0
9.418987274169922,2.2332229364180067,-15.39868245909184,6.283185307179586,0.0,2.932395206111284,-18.36442501314609,0.2268910787241189,0,2.2332229364180067,0.0,2.2332229364180067,2.2332229364180067,-16.097854728785116,2.77029227024279,4.773108921275881,0.001,5000.0,-2.9809123345876284e+250,0.852139865738018,0.28854287103553505,5.0,2.5728049278259277,0.0
9.429054737091064,2.0883657820787067,-14.399899079798667,6.283185307179586,0.0,2.77029227024279,-16.097854728785116,0.22686237054613945,0,2.0883657820787067,0.0,2.0883657820787067,2.0883657820787067,-15.081825567962749,2.618456550554185,4.773137629453861,0.001,5000.0,-2.9809123345876284e+250,0.9169258791642163,0.0028515802048958284,5.0,2.5728049278259277,0.0
9.439375400543213,2.0883657820787067,-14.399899079798667,6.283185307179586,0.0,2.618456550554185,-15.081825567962749,0.2157656613979584,0,2.0883657820787067,0.0,2.0883657820787067,2.0883657820787067,-14.929989848274145,2.4643691499861546,4.784234338602041,0.001,5000.0,-2.9809123345876284e+250,0.9566992819394794,1.075193392327026,5.0,2.5728049278259277,0.0
9.449442863464355,1.8262332136732766,-13.029136460190417,6.283185307179586,0.0,2.4643691499861546,-14.929989848274145,0.19571178251532023,0,1.8262332136732766,0.0,1.8262332136732766,1.8262332136732766,-13.667272396503295,2.326774391901202,4.80428821748468,0.001,5000.0,-2.9809123345876284e+250,0.9629554217295545,1.991949614288942,5.0,2.6079964637756348,3.4955714488703644
9.459580421447754,1.8262332136732766,-13.029136460190417,6.283185307179586,0.0,2.326774391901202,-13.667272396503295,0.1890756909011354,0,1.8262332136732766,0.0,1.8262332136732766,1.8262332136732766,-13.529677638418342,2.1896165003450467,4.810924309098865,0.001,5000.0,-2.9809123345876284e+250,1.0116781772870653,0.6546045531924239,5.0,2.6079964637756348,0.0
9.469647645950317,1.8262332136732766,-13.029136460190417,6.283185307179586,0.0,2.1896165003450467,-13.529677638418342,0.17124953366412315,0,1.8262332136732766,0.0,1.8262332136732766,1.8262332136732766,-13.392519746862186,2.0547909973983702,4.828750466335877,0.001,5000.0,-2.9809123345876284e+250,1.0195651887008874,1.770712199024972,5.0,2.6079964637756348,0.0
9.479714155197144,1.4934644544846163,-11.028495758749296,6.283185307179586,0.0,2.0547909973983702,-13.392519746862186,0.15374554216714997,0,1.4934644544846163,0.0,1.4934644544846163,1.4934644544846163,-11.58982230166305,1.9381219440296065,4.84625445783285,0.001,5000.0,-2.9809123345876284e+250,1.027690675920307,1.7388342937738763,5.0,2.6079964637756348,0.0
9.489799976348877,1.4934644544846163,-11.028495758749296,6.283185307179586,0.0,1.9381219440296065,-11.58982230166305,0.15543884914751444,0,1.4934644544846163,0.0,1.4934644544846163,1.4934644544846163,-11.473153248294286,1.8224057723208813,4.844561150852486,0.001,5000.0,-2.9809123345876284e+250,1.0749216083282764,0.1678898480242674,5.0,2.638296365737915,3.004207739403825
9.500057458877563,1.3058547040349782,-9.317076461985618,6.283185307179586,0.0,1.8224057723208813,-11.473153248294286,0.14040527564198052,0,1.3058547040349782,0.0,1.3058547040349782,1.3058547040349782,-9.83362753027152,1.7215375097355103,4.859594724358019,0.001,5000.0,-2.9809123345876284e+250,1.0863150191104223,1.4656201912594409,5.0,2.638296365737915,0.0
9.510127544403076,1.2209820840574417,-8.419620848208615,6.283185307179586,0.0,1.7215375097355103,-9.83362753027152,0.14267897606025626,0,1.2209820840574417,0.0,1.2209820840574417,1.2209820840574417,-8.920176273886684,1.6317105717548224,4.857321023939743,0.001,5000.0,-2.9809123345876284e+250,1.12768351719938,0.225787597584478,5.0,2.638296365737915,0.0
9.520197868347168,1.1419432616667364,-7.873479370825902,6.283185307179586,0.0,1.6317105717548224,-8.920176273886684,0.13923771730680834,0,1.1419432616667364,0.0,1.1419432616667364,1.1419432616667364,-8.363246680913988,1.547489968453668,4.860762282693192,0.001,5000.0,-2.9809123345876284e+250,1.1649151654794418,0.3417227462148211,5.0,2.638296365737915,0.0
9.530266284942627,1.1419432616667364,-7.873479370825902,6.283185307179586,0.0,1.547489968453668,-8.363246680913988,0.13301612877437366,0,1.1419432616667364,0.0,1.1419432616667364,1.1419432616667364,-8.279026077612833,1.4641332848995932,4.866983871225626,0.001,5000.0,-2.9809123345876284e+250,1.1946236442910263,0.617931178497393,5.0,2.638296365737915,0.0
9.540338516235352,1.1419432616667364,-7.873479370825902,6.283185307179586,0.0,1.4641332848995932,-8.279026077612833,0.12218839910981472,0,1.1419432616667364,0.0,1.1419432616667364,1.1419432616667364,-8.19566939405876,1.3815846071639293,4.877811600890185,0.001,5000.0,-2.9809123345876284e+250,1.206633242876269,1.075008044382385,5.0,2.6643848419189453,2.5901387113572882
9.55040693283081,0.933634463728563,-6.895300521874764,6.283185307179586,0.0,1.3815846071639293,-8.19566939405876,0.11146515106236253,0,0.933634463728563,0.0,0.933634463728563,0.933634463728563,-7.34325066531013,1.3076497003007055,4.8885348489376375,0.001,5000.0,-2.9809123345876284e+250,1.2177631329129979,1.0650381761406795,5.0,2.6643848419189453,0.0
9.560474872589111,0.8731676020315167,-6.0204244381941825,6.283185307179586,0.0,1.3076497003007055,-7.34325066531013,0.10963845138899747,0,0.8731676020315167,0.0,0.8731676020315167,0.8731676020315167,-6.454906536463371,1.2426620901461303,4.890361548611002,0.001,5000.0,-2.9809123345876284e+250,1.2459868196216983,0.1814372867953434,5.0,2.6643848419189453,0.0
9.570552110671997,0.8731676020315167,-6.0204244381941825,6.283185307179586,0.0,1.2426620901461303,-6.454906536463371,0.10942362725582454,0,0.8731676020315167,0.0,0.8731676020315167,0.8731676020315167,-6.3899189263087965,1.178269355795379,4.890576372744175,0.001,5000.0,-2.9809123345876284e+250,1.2713881376595286,0.021317759033377508,5.0,2.6643848419189453,0.0
9.580617904663086,0.7637238080920566,-5.44816443571322,6.283185307179586,0.0,1.178269355795379,-6.3899189263087965,0.10105852054826511,0,0.7637238080920566,0.0,0.7637238080920566,0.7637238080920566,-5.862709983416543,1.119256524872808,4.898941479451735,0.001,5000.0,-2.9809123345876284e+250,1.2835823857537083,0.831042907788989,5.0,2.6643848419189453,0.0
9.59068775177002,0.7637238080920566,-5.44816443571322,6.283185307179586,0.0,1.119256524872808,-5.862709983416543,0.09806881364802769,0,0.7637238080920566,0.0,0.7637238080920566,0.7637238080920566,-5.803697152493972,1.0608141818922476,4.901931186351972,0.001,5000.0,-2.9809123345876284e+250,1.3052241471783375,0.2968969507172416,5.0,2.686847686767578,2.230703665119803
9.600766897201538,0.6678990846335001,-4.764941148100362,6.283185307179586,0.0,1.0608141818922476,-5.803697152493972,0.09047701393997495,0,0.6678990846335001,0.0,0.6678990846335001,0.6678990846335001,-5.157856245359109,1.0088273986804068,4.909522986060025,0.001,5000.0,-2.9809123345876284e+250,1.316542466790017,0.7532185897737299,5.0,2.686847686767578,0.0
9.610837936401367,0.6245810288541466,-4.306653423427651,6.283185307179586,0.0,1.0088273986804068,-5.157856245359109,0.08965727336166589,0,0.6245810288541466,0.0,0.6245810288541466,0.6245810288541466,-4.690899793253911,0.9615851629800765,4.910342726638334,0.001,5000.0,-2.9809123345876284e+250,1.3348882201110155,0.08139582837915843,5.0,2.686847686767578,0.0
9.62092399597168,0.6245810288541466,-4.306653423427651,6.283185307179586,0.0,0.9615851629800765,-4.690899793253911,0.08771292488467161,0,0.6245810288541466,0.0,0.6245810288541466,0.6245810288541466,-4.643657557553581,0.9147489562304592,4.912287075115328,0.001,5000.0,-2.9809123345876284e+250,1.3513993980999142,0.19277582721376227,5.0,2.686847686767578,0.0
9.631056308746338,0.5460800520055971,-3.896347642712514,6.283185307179586,0.0,0.9147489562304592,-4.643657557553581,0.08162827829672847,0,0.5460800520055971,0.0,0.5460800520055971,0.5460800520055971,-4.265016546937376,0.871534474587797,4.918371721703272,0.001,5000.0,-2.9809123345876284e+250,1.3630205119303689,0.6005190249516743,5.0,2.706188678741455,1.9088427690714858
9.641157150268555,0.5460800520055971,-3.896347642712514,6.283185307179586,0.0,0.871534474587797,-4.265016546937376,0.07936466097291782,0,0.5460800520055971,0.0,0.5460800520055971,0.5460800520055971,-4.221802065294714,0.8288907209880875,4.920635339027082,0.001,5000.0,-2.9809123345876284e+250,1.3767184607373322,0.2241018551604665,5.0,2.706188678741455,0.0
9.651225566864014,0.4775882251770664,-3.407129646024642,6.283185307179586,0.0,0.8288907209880875,-4.221802065294714,0.07382668028538511,0,0.4775882251770664,0.0,0.4775882251770664,0.4775882251770664,-3.758432141835663,0.7910492604383227,4.926173319714615,0.001,5000.0,-2.9809123345876284e+250,1.3874343784455445,0.5500349171120339,5.0,2.706188678741455,0.0
9.661292791366577,0.4775882251770664,-3.407129646024642,6.283185307179586,0.0,0.7910492604383227,-3.758432141835663,0.07316257504300856,0,0.4775882251770664,0.0,0.4775882251770664,0.4775882251770664,-3.7205906812858984,0.7535932387676718,4.926837424956991,0.001,5000.0,-2.9809123345876284e+250,1.3986909406009902,0.06596706393181581,5.0,2.706188678741455,0.0
9.671459674835205,0.41755618570916636,-2.979335998821137,6.283185307179586,0.0,0.7535932387676718,-3.7205906812858984,0.06829714661461508,0,0.41755618570916636,0.0,0.41755618570916636,0.41755618570916636,-3.3153730518796425,0.7198862272941821,4.931702853385385,0.001,5000.0,-2.9809123345876284e+250,1.4088218465408913,0.4785565255475572,5.0,2.706188678741455,0.0
9.68149733543396,0.3904641153362899,-2.692391402280238,6.283185307179586,0.0,0.7198862272941821,-3.3153730518796425,0.06763034130238907,0,0.3904641153362899,0.0,0.3904641153362899,0.3904641153362899,-3.02181351423813,0.6895542888455289,4.932369658697611,0.001,5000.0,-2.9809123345876284e+250,1.4179396618868023,0.06643035054489976,5.0,2.7228407859802246,1.6589629700007125
9.691567659378052,0.3904641153362899,-2.692391402280238,6.283185307179586,0.0,0.6895542888455289,-3.02181351423813,0.06631946529599275,0,0.3904641153362899,0.0,0.3904641153362899,0.3904641153362899,-2.9914815757894773,0.6594291003045467,4.933680534704007,0.001,5000.0,-2.9809123345876284e+250,1.4261456956981222,0.13017217853904295,5.0,2.7228407859802246,0.0
9.701683282852173,0.34153322487026794,-2.436352548229372,6.283185307179586,0.0,0.6594291003045467,-2.9914815757894773,0.06240525828474178,0,0.34153322487026794,0.0,0.34153322487026794,0.34153322487026794,-2.754248423663651,0.6315681602965737,4.937594741715258,0.001,5000.0,-2.9809123345876284e+250,1.43353112612831,0.38694668907603497,5.0,2.7228407859802246,0.0
9.711751222610474,0.34153322487026794,-2.436352548229372,6.283185307179586,0.0,0.6315681602965737,-2.754248423663651,0.060877058204883816,0,0.34153322487026794,0.0,0.34153322487026794,0.34153322487026794,-2.7263874836556776,0.6041190553533431,4.939122941795116,0.001,5000.0,-2.9809123345876284e+250,1.440178013515479,0.15178875882704757,5.0,2.7228407859802246,0.0
9.721821546554565,0.2986937364834068,-2.1309010400484483,6.283185307179586,0.0,0.6041190553533431,-2.7263874836556776,0.05731279291291126,0,0.2986937364834068,0.0,0.2986937364834068,0.2986937364834068,-2.4363263589183846,0.5795844596855053,4.942687207087089,0.001,5000.0,-2.9809123345876284e+250,1.4461602121639312,0.3539375010933674,5.0,2.7371788024902344,1.4237890051612292
9.73188829421997,0.2986937364834068,-2.1309010400484483,6.283185307179586,0.0,0.5795844596855053,-2.4363263589183846,0.056778560766786904,0,0.2986937364834068,0.0,0.2986937364834068,0.2986937364834068,-2.411791763250547,0.5553055605833592,4.943221439233213,0.001,5000.0,-2.9809123345876284e+250,1.451544190947538,0.05306899148374062,5.0,2.7371788024902344,0.0
9.74197769165039,0.2612069678566836,-1.8635436353072055,6.283185307179586,0.0,0.5553055605833592,-2.411791763250547,0.05362486084916483,0,0.2612069678566836,0.0,0.2612069678566836,0.2612069678566836,-2.157642228033881,0.5335362506320687,4.9463751391508355,0.001,5000.0,-2.9809123345876284e+250,1.456389771852784,0.3125756458075033,5.0,2.7371788024902344,0.0
9.752199172973633,0.2442797961183495,-1.6843258713888265,6.283185307179586,0.0,0.5335362506320687,-2.157642228033881,0.053118652808150806,0,0.2442797961183495,0.0,0.2442797961183495,0.2442797961183495,-1.9735823259025458,0.5133633157479748,4.946881347191849,0.001,5000.0,-2.9809123345876284e+250,1.4607507946675056,0.049523941296354165,5.0,2.7371788024902344,0.0
9.762268543243408,0.2284277817248636,-1.575101093969851,6.283185307179586,0.0,0.5133633157479748,-1.9735823259025458,0.05213504094569102,0,0.2284277817248636,0.0,0.2284277817248636,0.2284277817248636,-1.8600366279929623,0.49463391822536906,4.947864959054309,0.001,5000.0,-2.9809123345876284e+250,1.4646757152007552,0.09768355280490913,5.0,2.7495241165161133,1.2260264242079841
9.772368669509888,0.2284277817248636,-1.575101093969851,6.283185307179586,0.0,0.49463391822536906,-1.8600366279929623,0.05064838227162205,0,0.2284277817248636,0.0,0.2284277817248636,0.2284277817248636,-1.8413072304703566,0.47603648270223675,4.949351617728378,0.001,5000.0,-2.9809123345876284e+250,1.46820814368068,0.14719208798437725,5.0,2.7495241165161133,0.0
9.782442808151245,0.2284277817248636,-1.575101093969851,6.283185307179586,0.0,0.47603648270223675,-1.8413072304703566,0.048232035273609586,0,0.2284277817248636,0.0,0.2284277817248636,0.2284277817248636,-1.8227097949472242,0.4576742515249782,4.951767964726391,0.001,5000.0,-2.9809123345876284e+250,1.4713873293126118,0.23985643676697282,5.0,2.7495241165161133,0.0
9.792508602142334,0.186796884365262,-1.379431987857504,6.283185307179586,0.0,0.4576742515249782,-1.8227097949472242,0.04584729726402471,0,0.186796884365262,0.0,0.186796884365262,0.186796884365262,-1.6503093550172203,0.44106257753580813,4.954152702735975,0.001,5000.0,-2.9809123345876284e+250,1.4742485963813508,0.236915042340034,5.0,2.7495241165161133,0.0
9.802583932876587,0.17467482282715877,-1.2044538696020797,6.283185307179586,0.0,0.44106257753580813,-1.6503093550172203,0.04524566730484094,0,0.17467482282715877,0.0,0.17467482282715877,0.17467482282715877,-1.470841624310729,0.42624336171317173,4.954754332695159,0.001,5000.0,-2.9809123345876284e+250,1.4768237367432158,0.05971317220767904,5.0,2.7495241165161133,0.0
9.81265664100647,0.16332202085643063,-1.1262323253792084,6.283185307179586,0.0,0.42624336171317173,-1.470841624310729,0.04496565439673676,0,0.16332202085643063,0.0,0.16332202085643063,0.16332202085643063,-1.3891536662359494,0.4122508222856204,4.955034345603263,0.001,5000.0,-2.9809123345876284e+250,1.4791413630688943,0.027799168256792923,5.0,2.7601540088653564,1.0553162279871235
9.822728157043457,0.16332202085643063,-1.1262323253792084,6.283185307179586,0.0,0.4122508222856204,-1.3891536662359494,0.04382357845762736,0,0.16332202085643063,0.0,0.16332202085643063,0.16332202085643063,-1.375161126808398,0.39840086494352805,4.956176421542373,0.001,5000.0,-2.9809123345876284e+250,1.4812272267620048,0.11339662617972956,5.0,2.7601540088653564,0.0
9.83279538154602,0.14284152192665087,-1.019021075033464,6.283185307179586,0.0,0.39840086494352805,-1.375161126808398,0.04202450982400995,0,0.14284152192665087,0.0,0.14284152192665087,0.14284152192665087,-1.2745804180503413,0.385569377728444,4.95797549017599,0.001,5000.0,-2.9809123345876284e+250,1.4831045040858042,0.17870552436367163,5.0,2.7601540088653564,0.0
9.842867374420166,0.14284152192665087,-1.019021075033464,6.283185307179586,0.0,0.385569377728444,-1.2745804180503413,0.04123390870147875,0,0.14284152192665087,0.0,0.14284152192665087,0.14284152192665087,-1.2617489308352572,0.3728610514881106,4.958766091298521,0.001,5000.0,-2.9809123345876284e+250,1.484794053677224,0.07849500415758344,5.0,2.7601540088653564,0.0
9.852943181991577,0.12495409090025582,-0.8913229123796577,6.283185307179586,0.0,0.3728610514881106,-1.2617489308352572,0.03958305789998291,0,0.12495409090025582,0.0,0.12495409090025582,0.12495409090025582,-1.1392298729675123,0.3613823905084868,4.960416942100017,0.001,5000.0,-2.9809123345876284e+250,1.4863146483095018,0.16384302596051198,5.0,2.7601540088653564,0.0
9.863011598587036,0.12495409090025582,-0.8913229123796577,6.283185307179586,0.0,0.3613823905084868,-1.1392298729675123,0.039201235941513035,0,0.12495409090025582,0.0,0.12495409090025582,0.12495409090025582,-1.1277512119878885,0.3500277214901589,4.960798764058487,0.001,5000.0,-2.9809123345876284e+250,1.4876831834785516,0.03792274136154488,5.0,2.7693064212799072,0.9090220222590576
9.873079776763916,0.10926198452764894,-0.7795506872800005,6.283185307179586,0.0,0.3500277214901589,-1.1277512119878885,0.03772636888874337,0,0.10926198452764894,0.0,0.10926198452764894,0.10926198452764894,-1.0203164242425105,0.33975499393408837,4.962273631111256,0.001,5000.0,-2.9809123345876284e+250,1.4889148651306963,0.14648797695659455,5.0,2.7693064212799072,0.0
9.883152723312378,0.10926198452764894,-0.7795506872800005,6.283185307179586,0.0,0.33975499393408837,-1.0203164242425105,0.037362534908347275,0,0.10926198452764894,0.0,0.10926198452764894,0.10926198452764894,-1.01004369668644,0.32958087776575495,4.962637465091653,0.001,5000.0,-2.9809123345876284e+250,1.490023378617627,0.0361199157213484,5.0,2.7693064212799072,0.0
9.893283605575562,0.10926198452764894,-0.7795506872800005,6.283185307179586,0.0,0.32958087776575495,-1.01004369668644,0.0360408859203413,0,0.10926198452764894,0.0,0.10926198452764894,0.10926198452764894,-0.9998695805181066,0.31945131676698724,4.963959114079659,0.001,5000.0,-2.9809123345876284e+250,1.4910210407558644,0.13045744227123748,5.0,2.7693064212799072,0.0
9.903458833694458,0.10926198452764894,-0.7795506872800005,6.283185307179586,0.0,0.31945131676698724,-0.9998695805181066,0.034724488542197146,0,0.10926198452764894,0.0,0.10926198452764894,0.10926198452764894,-0.9897400195193389,0.30938048628997683,4.965275511457802,0.001,5000.0,-2.9809123345876284e+250,1.4919189366802779,0.12937276322085217,5.0,2.777186393737793,0.7744271053001547
9.913530111312866,0.08355674945539492,-0.6389032970737677,6.283185307179586,0.0,0.30938048628997683,-0.9897400195193389,0.03341586788540337,0,0.08355674945539492,0.0,0.08355674945539492,0.08355674945539492,-0.8647270339083496,0.30067158026734314,4.966584132114597,0.001,5000.0,-2.9809123345876284e+250,1.4927270430122501,0.1299359134338516,5.0,2.777186393737793,0.0
9.923663854598999,0.08355674945539492,-0.6389032970737677,6.283185307179586,0.0,0.30067158026734314,-0.8647270339083496,0.03344675089834455,0,0.08355674945539492,0.0,0.08355674945539492,0.08355674945539492,-0.856018127885716,0.2919969123110733,4.966553249101655,0.001,5000.0,-2.9809123345876284e+250,1.4934543387110253,0.003047542459797569,5.0,2.777186393737793,0.0
9.933735132217407,0.07307459379250883,-0.5213241092022882,6.283185307179586,0.0,0.2919969123110733,-0.856018127885716,0.0323193864446931,0,0.07307459379250883,0.0,0.07307459379250883,0.07307459379250883,-0.7402464277208527,0.2845416850314616,4.967680613555307,0.001,5000.0,-2.9809123345876284e+250,1.4941089048399228,0.11193857386979984,5.0,2.777186393737793,0.0
9.943806886672974,0.06833496397206769,-0.47118863034831887,6.283185307179586,0.0,0.2845416850314616,-0.7402464277208527,0.0324333716271961,0,0.06833496397206769,0.0,0.06833496397206769,0.06833496397206769,-0.6873953514077128,0.2776184078381853,4.967566628372804,0.001,5000.0,-2.9809123345876284e+250,1.4946980143559307,0.011317311497800268,5.0,2.777186393737793,0.0
9.953873872756958,0.06833496397206769,-0.47118863034831887,6.283185307179586,0.0,0.2776184078381853,-0.6873953514077128,0.03199262358326882,0,0.06833496397206769,0.0,0.06833496397206769,0.06833496397206769,-0.6804720742144366,0.2707681049365286,4.968007376416731,0.001,5000.0,-2.9809123345876284e+250,1.4952282129203378,0.04378152907437428,5.0,2.783971071243286,0.6739532019704434
9.963939189910889,0.05975743501201328,-0.4263356958176952,6.283185307179586,0.0,0.2707681049365286,-0.6804720742144366,0.03110281394896964,0,0.05975743501201328,0.0,0.05975743501201328,0.05975743501201328,-0.6373463657422105,0.26435301162842817,4.968897186051031,0.001,5000.0,-2.9809123345876284e+250,1.495705391628304,0.08840353668852813,5.0,2.783971071243286,0.0
9.974019289016724,0.055879337746785745,-0.3853113554881656,6.283185307179586,0.0,0.26435301162842817,-0.6373463657422105,0.03063595797055784,0,0.055879337746785745,0.0,0.055879337746785745,0.055879337746785745,-0.593785029369808,0.25836759968481937,4.969364042029442,0.001,5000.0,-2.9809123345876284e+250,1.4961348524654738,0.04631462186136187,5.0,2.783971071243286,0.0
9.984110116958618,0.05225997864115486,-0.36032975015865293,6.283185307179586,0.0,0.25836759968481937,-0.593785029369808,0.030233613662176632,0,0.05225997864115486,0.0,0.05225997864115486,0.05225997864115486,-0.5664373712023174,0.25265177763215774,4.969766386337823,0.001,5000.0,-2.9809123345876284e+250,1.4965213672189264,0.03987227913289235,5.0,2.783971071243286,0.0
9.994184255599976,0.05225997864115486,-0.36032975015865293,6.283185307179586,0.0,0.25265177763215774,-0.5664373712023174,0.02970687515647891,0,0.05225997864115486,0.0,0.05225997864115486,0.05225997864115486,-0.5607215491496558,0.2470029910068274,4.970293124843521,0.001,5000.0,-2.9809123345876284e+250,1.4968692304970337,0.05228620772949256,5.0,2.7898130416870117,0.5798977611587068
10.004255294799805,0.04569745089500643,-0.326035681509776,6.283185307179586,0.0,0.2470029910068274,-0.5607215491496558,0.028973203249459283,0,0.04569745089500643,0.0,0.04569745089500643,0.04569745089500643,-0.527341221621597,0.24169211689219053,4.97102679675054,0.001,5000.0,-2.9809123345876284e+250,1.4971823074473303,0.07284967245803965,5.0,2.7898130416870117,0.0
10.01432204246521,0.04569745089500643,-0.326035681509776,6.283185307179586,0.0,0.24169211689219053,-0.527341221621597,0.02856348414869071,0,0.04569745089500643,0.0,0.04569745089500643,0.04569745089500643,-0.5220303475069601,0.23643696911015413,4.971436515851309,0.001,5000.0,-2.9809123345876284e+250,1.4974640767025975,0.040700245440400504,5.0,2.7898130416870117,0.0
10.02466869354248,0.0399611696806384,-0.28510140114407767,6.283185307179586,0.0,0.23643696911015413,-0.5220303475069601,0.027880872200351983,0,0.0399611696806384,0.0,0.0399611696806384,0.0399611696806384,-0.48157720057359343,0.23145425784905044,4.972119127799648,0.001,5000.0,-2.9809123345876284e+250,1.4977176690323377,0.06597419234889311,5.0,2.7898130416870117,0.0
10.034754753112793,0.0399611696806384,-0.28510140114407767,6.283185307179586,0.0,0.23145425784905044,-0.48157720057359343,0.02758782409313113,0,0.0399611696806384,0.0,0.0399611696806384,0.0399611696806384,-0.4765944893124897,0.226647297438962,4.972412175906869,0.001,5000.0,-2.9809123345876284e+250,1.497945902129104,0.029054766648752922,5.0,2.7898130416870117,0.0
10.044833421707153,0.03490708866627166,-0.2491813077732091,6.283185307179586,0.0,0.226647297438962,-0.4765944893124897,0.026964676748329783,0,0.03490708866627166,0.0,0.03490708866627166,0.03490708866627166,-0.44092151654589945,0.2222033955975731,4.97303532325167,0.001,5000.0,-2.9809123345876284e+250,1.4981513119161938,0.06182833962315601,5.0,2.794842481613159,0.4990182859035318
10.054907321929932,0.03265883798169047,-0.22513660831662052,6.283185307179586,0.0,0.2222033955975731,-0.44092151654589945,0.02669926021820124,0,0.03265883798169047,0.0,0.03265883798169047,0.03265883798169047,-0.41468116593250315,0.2180259389077037,4.9733007397817985,0.001,5000.0,-2.9809123345876284e+250,1.4983361807245745,0.02634694847665887,5.0,2.794842481613159,0.0
10.064980268478394,0.03265883798169047,-0.22513660831662052,6.283185307179586,0.0,0.2180259389077037,-0.41468116593250315,0.026376819787753487,0,0.03265883798169047,0.0,0.03265883798169047,0.03265883798169047,-0.41050370924263374,0.2138909569865573,4.973623180212247,0.001,5000.0,-2.9809123345876284e+250,1.4985025626521171,0.0320105372242831,5.0,2.794842481613159,0.0
10.075053691864014,0.028562845994527394,-0.20376742744987034,6.283185307179586,0.0,0.2138909569865573,-0.41050370924263374,0.02583969688569169,0,0.028562845994527394,0.0,0.028562845994527394,0.028562845994527394,-0.38909553844190026,0.2099714328903762,4.974160303114308,0.001,5000.0,-2.9809123345876284e+250,1.4986523063869055,0.05332079090694674,5.0,2.794842481613159,0.0
10.085607767105103,0.028562845994527394,-0.20376742744987034,6.283185307179586,0.0,0.2099714328903762,-0.38909553844190026,0.02550504522023367,0,0.028562845994527394,0.0,0.028562845994527394,0.028562845994527394,-0.38517601434571913,0.20590625625390876,4.974494954779766,0.001,5000.0,-2.9809123345876284e+250,1.498787075748215,0.031708288771257066,5.0,2.7991726398468018,0.4102830550974767
10.095811367034912,0.024970956463159374,-0.1781779076907384,6.283185307179586,0.0,0.20590625625390876,-0.38517601434571913,0.02497511573209004,0,0.024970956463159374,0.0,0.024970956463159374,0.024970956463159374,-0.3591132074814878,0.20224200875525697,4.97502488426791,0.001,5000.0,-2.9809123345876284e+250,1.4989083681733937,0.05193554155288389,5.0,2.7991726398468018,0.0
10.105885744094849,0.023352523980692014,-0.16101802350545075,6.283185307179586,0.0,0.20224200875525697,-0.3591132074814878,0.0247227491509211,0,0.023352523980692014,0.0,0.023352523980692014,0.023352523980692014,-0.3399075082800157,0.1988176523513406,4.975277250849079,0.001,5000.0,-2.9809123345876284e+250,1.4990175313560545,0.02505034104515936,5.0,2.7991726398468018,0.0
10.116260528564453,0.023352523980692014,-0.16101802350545075,6.283185307179586,0.0,0.1988176523513406,-0.3399075082800157,0.02443539624638753,0,0.023352523980692014,0.0,0.023352523980692014,0.023352523980692014,-0.33648315187609934,0.19532671217297287,4.975564603753613,0.001,5000.0,-2.9809123345876284e+250,1.4991157782204492,0.027697240880082127,5.0,2.7991726398468018,0.0
10.126499891281128,0.023352523980692014,-0.16101802350545075,6.283185307179586,0.0,0.19532671217297287,-0.33648315187609934,0.02398090818545521,0,0.023352523980692014,0.0,0.023352523980692014,0.023352523980692014,-0.33299221169773163,0.19191708413557204,4.976019091814544,0.001,5000.0,-2.9809123345876284e+250,1.4992042003984043,0.04438636207233749,5.0,2.802901268005371,0.3641465061587538
10.1365647315979,0.023352523980692014,-0.16101802350545075,6.283185307179586,0.0,0.19191708413557204,-0.33299221169773163,0.02353846966200277,0,0.023352523980692014,0.0,0.023352523980692014,0.023352523980692014,-0.3295825836603308,0.18859988805984151,4.976461530337997,0.001,5000.0,-2.9809123345876284e+250,1.4992837803585641,0.043958821951217635,5.0,2.802901268005371,0.0
10.146632432937622,0.017854693494657414,-0.13653846891055477,6.283185307179586,0.0,0.18859988805984151,-0.3295825836603308,0.023108158491774507,0,0.017854693494657414,0.0,0.017854693494657414,0.017854693494657414,-0.3072836634757389,0.18550624790939224,4.976891841508225,0.001,5000.0,-2.9809123345876284e+250,1.4993554023227076,0.04274174965148108,5.0,2.802901268005371,0.0
10.156800985336304,0.017854693494657414,-0.13653846891055477,6.283185307179586,0.0,0.18550624790939224,-0.3072836634757389,0.02289803807255753,0,0.017854693494657414,0.0,0.017854693494657414,0.017854693494657414,-0.3041900233252896,0.18241307571805285,4.977101961927443,0.001,5000.0,-2.9809123345876284e+250,1.4994198620904369,0.020663749467841705,5.0,2.802901268005371,0.0
10.166916608810425,0.017854693494657414,-0.13653846891055477,6.283185307179586,0.0,0.18241307571805285,-0.3041900233252896,0.022495930367274503,0,0.017854693494657414,0.0,0.017854693494657414,0.017854693494657414,-0.30109685113395024,0.17936729334273832,4.977504069632725,0.001,5000.0,-2.9809123345876284e+250,1.4994778758813934,0.03975115387714278,5.0,2.8061113357543945,0.31733760724050153
10.17710566520691,0.017854693494657414,-0.13653846891055477,6.283185307179586,0.0,0.17936729334273832,-0.30109685113395024,0.022100452556643866,0,0.017854693494657414,0.0,0.017854693494657414,0.017854693494657414,-0.2980510687586357,0.17633043419412414,4.977899547443356,0.001,5000.0,-2.9809123345876284e+250,1.499530088293254,0.038813977982013394,5.0,2.8061113357543945,0.0
10.187307596206665,0.017854693494657414,-0.13653846891055477,6.283185307179586,0.0,0.17633043419412414,-0.2980510687586357,0.021705750099591026,0,0.017854693494657414,0.0,0.017854693494657414,0.017854693494657414,-0.2950142096100215,0.17332071958373518,4.978294249900409,0.001,5000.0,-2.9809123345876284e+250,1.4995770794639287,0.03868899496206021,5.0,2.8061113357543945,0.0
10.197466135025024,0.01276868706547283,-0.10113237842147126,6.283185307179586,0.0,0.17332071958373518,-0.2950142096100215,0.021314758645622715,0,0.01276868706547283,0.0,0.01276868706547283,0.01276868706547283,-0.2616844109397336,0.1706623883370444,4.978685241354377,0.001,5000.0,-2.9809123345876284e+250,1.4996193715175359,0.03848894619191474,5.0,2.8061113357543945,0.0
10.207534313201904,0.01276868706547283,-0.10113237842147126,6.283185307179586,0.0,0.1706623883370444,-0.2616844109397336,0.021275890257788883,0,0.01276868706547283,0.0,0.01276868706547283,0.01276868706547283,-0.2590260796930428,0.16805446761423615,4.9787241097422115,0.001,5000.0,-2.9809123345876284e+250,1.4996574343657825,0.0038605184722582276,5.0,2.8061113357543945,0.0
10.217696905136108,0.01276868706547283,-0.10113237842147126,6.283185307179586,0.0,0.16805446761423615,-0.2590260796930428,0.020937364669062635,0,0.01276868706547283,0.0,0.01276868706547283,0.01276868706547283,-0.25641815897023457,0.16544859450010177,4.979062635330937,0.001,5000.0,-2.9809123345876284e+250,1.4996916909292044,0.03331094969845994,5.0,2.808875322341919,0.2719765395894428
10.227761507034302,0.01276868706547283,-0.10113237842147126,6.283185307179586,0.0,0.16544859450010177,-0.25641815897023457,0.020598621640311905,0,0.01276868706547283,0.0,0.01276868706547283,0.01276868706547283,-0.2538122858561002,0.16289407488608967,4.979401378359688,0.001,5000.0,-2.9809123345876284e+250,1.4997225218362842,0.03365687308621077,5.0,2.808875322341919,0.0
10.237833738327026,0.009765486873752628,-0.07466706921714762,6.283185307179586,0.0,0.16289407488608967,-0.2538122858561002,0.020267047625491558,0,0.009765486873752628,0.0,0.009765486873752628,0.009765486873752628,-0.2277956572294847,0.16059966433899608,4.979732952374508,0.001,5000.0,-2.9809123345876284e+250,1.499750269652656,0.03291961881969992,5.0,2.808875322341919,0.0
10.247939109802246,0.009131950686366809,-0.06296785224874625,6.283185307179586,0.0,0.16059966433899608,-0.2277956572294847,0.020205996435164606,0,0.009131950686366809,0.0,0.009131950686366809,0.009131950686366809,-0.21443556590137552,0.15843271328806371,4.979794003564836,0.001,5000.0,-2.9809123345876284e+250,1.4997752426873903,0.006041459284961527,5.0,2.808875322341919,0.0
10.25801157951355,0.009131950686366809,-0.06296785224874625,6.283185307179586,0.0,0.15843271328806371,-0.21443556590137552,0.020036224201315168,0,0.009131950686366809,0.0,0.009131950686366809,0.009131950686366809,-0.21226861485044318,0.15629464409432223,4.9799637757986845,0.001,5000.0,-2.9809123345876284e+250,1.4997977184186513,0.016855075141989605,5.0,2.8112552165985107,0.23627713210405474
10.268083333969116,0.007984866630879802,-0.056970541997908616,6.283185307179586,0.0,0.15629464409432223,-0.21226861485044318,0.019758564024700682,0,0.007984866630879802,0.0,0.007984866630879802,0.007984866630879802,-0.20528031946135106,0.15422711112214726,4.980241435975299,0.001,5000.0,-2.9809123345876284e+250,1.499817946576786,0.02756820351801072,5.0,2.8112552165985107,0.0
10.278229475021362,0.007468189454111367,-0.05149098650957659,6.283185307179586,0.0,0.15422711112214726,-0.20528031946135106,0.019538992362487108,0,0.007468189454111367,0.0,0.007468189454111367,0.007468189454111367,-0.19824990817761248,0.15221563959018236,4.980461007637513,0.001,5000.0,-2.9809123345876284e+250,1.4998361519191077,0.021640903776413242,5.0,2.8112552165985107,0.0
10.288297176361084,0.007468189454111367,-0.05149098650957659,6.283185307179586,0.0,0.15221563959018236,-0.19824990817761248,0.019327690460849405,0,0.007468189454111367,0.0,0.007468189454111367,0.007468189454111367,-0.19623843664564758,0.1502399696186601,4.980672309539151,0.001,5000.0,-2.9809123345876284e+250,1.499852536727197,0.020988097928970145,5.0,2.8112552165985107,0.0
10.298366069793701,0.006531453872114272,-0.046595751879894974,6.283185307179586,0.0,0.1502399696186601,-0.19623843664564758,0.01907121138015594,0,0.006531453872114272,0.0,0.006531453872114272,0.006531453872114272,-0.19030426762644082,0.1483238162281572,4.980928788619844,0.001,5000.0,-2.9809123345876284e+250,1.4998672830544773,0.025472419825462403,5.0,2.8133044242858887,0.20351865883690093
10.308439493179321,0.006107230564377973,-0.04211312197419205,6.283185307179586,0.0,0.1483238162281572,-0.19030426762644082,0.0188622915956776,0,0.006107230564377973,0.0,0.006107230564377973,0.006107230564377973,-0.1843297076379713,0.14646698504057235,4.981137708404322,0.001,5000.0,-2.9809123345876284e+250,1.4998805547490295,0.020739700544759467,5.0,2.8133044242858887,0.0
10.318507194519043,0.005709907425393656,-0.03937561210534405,6.283185307179586,0.0,0.14646698504057235,-0.1843297076379713,0.018662080829300418,0,0.005709907425393656,0.0,0.005709907425393656,0.005709907425393656,-0.18013268972052274,0.14465346291894537,4.9813379191706995,0.001,5000.0,-2.9809123345876284e+250,1.4998924992741265,0.01988644275603015,5.0,2.8133044242858887,0.0
10.328574180603027,0.005709907425393656,-0.03937561210534405,6.283185307179586,0.0,0.14465346291894537,-0.18013268972052274,0.018450157911447128,0,0.005709907425393656,0.0,0.005709907425393656,0.005709907425393656,-0.17831916759889577,0.1428583263402196,4.981549842088553,0.001,5000.0,-2.9809123345876284e+250,1.4999032493467137,0.021051277520929435,5.0,2.8133044242858887,0.0
10.338849306106567,0.004994697615916201,-0.03562885843425494,6.072826924531989,-10.47920335612557,0.1428583263402196,-0.17831916759889577,0.01821697401164179,0,0.004994697615916201,0.0,0.004994697615916201,0.004994697615916201,-0.17349248715855836,0.1410756692607441,4.981783025988358,0.001,5000.0,-2.9809123345876284e+250,1.4999129244120426,0.02269401962292349,5.0,2.8133044242858887,0.0
10.348917722702026,0.004669760873487051,-0.032202719118131294,4.923963218817767,-113.85765408846423,0.1410756692607441,-0.17349248715855836,0.018015668824918594,0,0.004669760873487051,0.0,0.004669760873487051,0.004669760873487051,-0.16860862750538835,0.13937804735743128,4.981984331175082,0.001,5000.0,-2.9809123345876284e+250,1.4999216319708384,0.0199937283896245,5.0,2.8150687217712402,0.17523087852237745
10.358991384506226,0.004669760873487051,-0.032202719118131294,4.923963218817767,-113.85765408846423,0.13937804735743128,-0.16860862750538835,0.0178268403549865,0,0.004669760873487051,0.0,0.004669760873487051,0.004669760873487051,-0.16691100560207553,0.13769664233559717,4.982173159645013,0.001,5000.0,-2.9809123345876284e+250,1.4999294687737548,0.01874476963812522,5.0,2.8150687217712402,0.0
10.369059324264526,0.004083584523556796,-0.029134150294681388,6.283185307179586,67.55608719269492,0.13769664233559717,-0.16691100560207553,0.01760841987096285,0,0.004083584523556796,0.0,0.004083584523556796,0.004083584523556796,-0.16274720810672175,0.13605811324854705,4.982391580129037,0.001,5000.0,-2.9809123345876284e+250,1.4999365218963794,0.02169465543767933,5.0,2.8150687217712402,0.0
10.379167318344116,0.004083584523556796,-0.029134150294681388,6.283185307179586,67.55608719269492,0.13605811324854705,-0.16274720810672175,0.01742066377372937,0,0.004083584523556796,0.0,0.004083584523556796,0.004083584523556796,-0.16110867901967166,0.13442962767484568,4.98257933622627,0.001,5000.0,-2.9809123345876284e+250,1.4999428697067416,0.018575010605971547,5.0,2.8150687217712402,0.0
10.389237880706787,0.004083584523556796,-0.029134150294681388,6.283185307179586,67.55608719269492,0.13442962767484568,-0.16110867901967166,0.017209061084281677,0,0.004083584523556796,0.0,0.004083584523556796,0.004083584523556796,-0.15948019344597028,0.1328235724411372,4.982790938915718,0.001,5000.0,-2.9809123345876284e+250,1.4999485827360677,0.02101200328514466,5.0,2.8165879249572754,0.15085584412509767
10.39933180809021,0.004083584523556796,-0.029134150294681388,6.283185307179586,67.55608719269492,0.1328235724411372,-0.15948019344597028,0.017000498207299507,0,0.004083584523556796,0.0,0.004083584523556796,0.004083584523556796,-0.1578741382122618,0.13123000235430218,4.9829995017927,0.001,5000.0,-2.9809123345876284e+250,1.4999537244624608,0.020662212938512954,5.0,2.8165879249572754,0.0
10.409497022628784,0.003122185777861994,-0.023876028661799716,6.283185307179586,0.0,0.13123000235430218,-0.1578741382122618,0.016793458947479693,0,0.003122185777861994,0.0,0.003122185777861994,0.003122185777861994,-0.1519838452382399,0.129685053961058,4.98320654105252,0.001,5000.0,-2.9809123345876284e+250,1.4999583520162147,0.02036742648511318,5.0,2.8165879249572754,0.0
10.419578313827515,0.003122185777861994,-0.023876028661799716,6.283185307179586,0.0,0.129685053961058,-0.1519838452382399,0.016636069102165724,0,0.003122185777861994,0.0,0.003122185777861994,0.003122185777861994,-0.15043889684499573,0.12816843563434782,4.983363930897834,0.001,5000.0,-2.9809123345876284e+250,1.4999625168145934,0.015612072125621069,5.0,2.8165879249572754,0.0
10.429646015167236,0.003122185777861994,-0.023876028661799716,6.283185307179586,0.0,0.12816843563434782,-0.15043889684499573,0.016439192020358737,0,0.003122185777861994,0.0,0.003122185777861994,0.003122185777861994,-0.14892227851828554,0.12666913061139487,4.983560807979641,0.001,5000.0,-2.9809123345876284e+250,1.4999662651331342,0.019555316071029675,5.0,2.8165879249572754,0.0
10.439731121063232,0.003122185777861994,-0.023876028661799716,6.283185307179586,0.0,0.12666913061139487,-0.14892227851828554,0.016244455500412428,0,0.003122185777861994,0.0,0.003122185777861994,0.003122185777861994,-0.1474229734953326,0.12518235431219182,4.983755544499587,0.001,5000.0,-2.9809123345876284e+250,1.4999696386198207,0.01930931831103745,5.0,2.8178958892822266,0.12969267139479906
10.449799299240112,0.002387876825031544,-0.018257623231051665,6.283185307179586,0.0,0.12518235431219182,-0.1474229734953326,0.016051299868753532,0,0.002387876825031544,0.0,0.002387876825031544,0.002387876825031544,-0.14105210071821195,0.12376221662993767,4.983948700131246,0.001,5000.0,-2.9809123345876284e+250,1.4999726747578386,0.019184764936167872,5.0,2.8178958892822266,0.0
10.459872484207153,0.002233236565722581,-0.01539795974124871,6.283185307179586,0.0,0.12376221662993767,-0.14105210071821195,0.015916189321009154,0,0.002233236565722581,0.0,0.002233236565722581,0.002233236565722581,-0.1369269398054638,0.12238292623830634,4.984083810678991,0.001,5000.0,-2.9809123345876284e+250,1.4999754072820548,0.013412892564412719,5.0,2.8178958892822266,0.0
10.469981908798218,0.0020884117214701793,-0.01440010012439198,6.283185307179586,0.0,0.12238292623830634,-0.1369269398054638,0.01576434027530825,0,0.0020884117214701793,0.0,0.0020884117214701793,0.0020884117214701793,-0.13469461464122814,0.12102124118876835,4.984235659724692,0.001,5000.0,-2.9809123345876284e+250,1.4999778665538495,0.01502054289371926,5.0,2.8178958892822266,0.0
10.480053186416626,0.0020884117214701793,-0.01440010012439198,6.283185307179586,0.0,0.12102124118876835,-0.13469461464122814,0.01559602762001529,0,0.0020884117214701793,0.0,0.0020884117214701793,0.0020884117214701793,-0.13333292959169016,0.11967840823917476,4.984403972379985,0.001,5000.0,-2.9809123345876284e+250,1.4999800798984646,0.016712145337481343,5.0,2.8190219402313232,0.11180815302305762
10.490177631378174,0.0020884117214701793,-0.01440010012439198,6.283185307179586,0.0,0.11967840823917476,-0.13333292959169016,0.015421647857567567,0,0.0020884117214701793,0.0,0.0020884117214701793,0.0020884117214701793,-0.13199009664209657,0.11834208177025247,4.9845783521424325,0.001,5000.0,-2.9809123345876284e+250,1.4999820719086183,0.017223636763299882,5.0,2.8190219402313232,0.0
10.500243902206421,0.0017077857150427556,-0.012611473293381435,6.283185307179586,0.0,0.11834208177025247,-0.13199009664209657,0.01524799048141438,0,0.0017077857150427556,0.0,0.0017077857150427556,0.0017077857150427556,-0.12924576934859117,0.11704105885258438,4.984752009518585,0.001,5000.0,-2.9809123345876284e+250,1.4999838647177564,0.01725141108521396,5.0,2.8190219402313232,0.0
10.510313034057617,0.0017077857150427556,-0.012611473293381435,6.283185307179586,0.0,0.11704105885258438,-0.12924576934859117,0.015093290545875902,0,0.0017077857150427556,0.0,0.0017077857150427556,0.0017077857150427556,-0.12794474643092307,0.11575276633110354,4.984906709454124,0.001,5000.0,-2.9809123345876284e+250,1.4999854782459807,0.015363780892401188,5.0,2.8190219402313232,0.0
10.520455121994019,0.0017077857150427556,-0.012611473293381435,6.283185307179586,0.0,0.11575276633110354,-0.12794474643092307,0.014925939822045266,0,0.0017077857150427556,0.0,0.0017077857150427556,0.0017077857150427556,-0.12665645390944222,0.11446820543784121,4.985074060177955,0.001,5000.0,-2.9809123345876284e+250,1.4999869304213829,0.016500618499864422,5.0,2.8199918270111084,0.09562989256917181
10.53052806854248,0.0013964956470118779,-0.010312827221116101,6.283185307179586,0.0,0.11446820543784121,-0.12665645390944222,0.014758984222203349,0,0.0013964956470118779,0.0,0.0013964956470118779,0.0013964956470118779,-0.12338453701194543,0.11322535959161316,4.985241015777796,0.001,5000.0,-2.9809123345876284e+250,1.4999882373792448,0.01657465360693397,5.0,2.8199918270111084,0.0
10.540597677230835,0.0013964956470118779,-0.010312827221116101,6.283185307179586,0.0,0.11322535959161316,-0.12338453701194543,0.014617704972706388,0,0.0013964956470118779,0.0,0.0013964956470118779,0.0013964956470118779,-0.12214169116571738,0.11199544055704053,4.985382295027294,0.001,5000.0,-2.9809123345876284e+250,1.4999894136413205,0.01403026213524565,5.0,2.8199918270111084,0.0
10.550771236419678,0.0012214262736565,-0.00871338253443557,6.283185307179586,0.0,0.11199544055704053,-0.12214169116571738,0.0144579447663285,0,0.0012214262736565,0.0,0.0012214262736565,0.0012214262736565,-0.1194873968178196,0.1107798284531937,4.9855420552336716,0.001,5000.0,-2.9809123345876284e+250,1.4999904722771884,0.015703472443851906,5.0,2.8199918270111084,0.0
10.560838222503662,0.0012214262736565,-0.00871338253443557,6.283185307179586,0.0,0.1107798284531937,-0.1194873968178196,0.014314302015268923,0,0.0012214262736565,0.0,0.0012214262736565,0.0012214262736565,-0.11827178471397277,0.10958918804235014,4.9856856979847315,0.001,5000.0,-2.9809123345876284e+250,1.4999914250494695,0.014268694707753576,5.0,2.8199918270111084,0.0
10.570909023284912,0.0010681819328097757,-0.007620617373977752,6.283185307179586,0.0,0.10958918804235014,-0.11827178471397277,0.014159768478789293,0,0.0010681819328097757,0.0,0.0010681819328097757,0.0010681819328097757,-0.11614162348351811,0.10841954888983668,4.985840231521211,0.001,5000.0,-2.9809123345876284e+250,1.4999922825445227,0.015344711888983373,5.0,2.8208274841308594,0.0829782196969697
10.58097791671753,0.0010681819328097757,-0.007620617373977752,6.283185307179586,0.0,0.10841954888983668,-0.11614162348351811,0.014017320609741956,0,0.0010681819328097757,0.0,0.0010681819328097757,0.0010681819328097757,-0.11497198433100465,0.10726190823187126,4.985982679390258,0.001,5000.0,-2.9809123345876284e+250,1.4999930542900706,0.014147321153076306,5.0,2.8208274841308594,0.0
10.591045141220093,0.0010681819328097757,-0.007620617373977752,6.283185307179586,0.0,0.10726190823187126,-0.11497198433100465,0.01386694730915193,0,0.0010681819328097757,0.0,0.0010681819328097757,0.0010681819328097757,-0.11381434367303923,0.10611611368250286,4.986133052690848,0.001,5000.0,-2.9809123345876284e+250,1.4999937488610637,0.014936917374966175,5.0,2.8208274841308594,0.0
10.601296663284302,0.00087335753730645,-0.006450017691666119,6.283185307179586,0.0,0.10611611368250286,-0.11381434367303923,0.013718112478820009,0,0.00087335753730645,0.0,0.00087335753730645,0.00087335753730645,-0.11169277383686252,0.10497109274710156,4.98628188752118,0.001,5000.0,-2.9809123345876284e+250,1.4999943739749573,0.014518315368168304,5.0,2.8208274841308594,0.0
10.611332893371582,0.00087335753730645,-0.006450017691666119,6.283185307179586,0.0,0.10497109274710156,-0.11169277383686252,0.013579025246225595,0,0.00087335753730645,0.0,0.00087335753730645,0.00087335753730645,-0.11054775290146122,0.10386161006335069,4.986420974753774,0.001,5000.0,-2.9809123345876284e+250,1.4999949365774614,0.013858513743192304,5.0,2.8215460777282715,0.07159995248841905
10.621439933776855,0.0007145403679230226,-0.005275296293060173,6.283185307179586,0.0,0.10386161006335069,-0.11054775290146122,0.013435147879854486,0,0.0007145403679230226,0.0,0.0007145403679230226,0.0007145403679230226,-0.10842236598848784,0.1027657808294697,4.9865648521201456,0.001,5000.0,-2.9809123345876284e+250,1.4999954429197153,0.014235360758629212,5.0,2.8215460777282715,0.0
10.631531953811646,0.0007145403679230226,-0.005275296293060173,6.283185307179586,0.0,0.1027657808294697,-0.10842236598848784,0.013302985656240881,0,0.0007145403679230226,0.0,0.0007145403679230226,0.0007145403679230226,-0.10732653675460685,0.10168263927027758,4.9866970143437594,0.001,5000.0,-2.9809123345876284e+250,1.499995898627744,0.013095715541388593,5.0,2.8215460777282715,0.0
10.6416015625,0.0006249006152298794,-0.004458129759647374,6.283185307179586,0.0,0.10168263927027758,-0.10732653675460685,0.013162304130292795,0,0.0006249006152298794,0.0,0.0006249006152298794,0.0006249006152298794,-0.10551586841469508,0.1006201357649297,4.986837695869707,0.001,5000.0,-2.9809123345876284e+250,1.4999963087649695,0.013970902971709697,5.0,2.8215460777282715,0.0
10.651673555374146,0.0006249006152298794,-0.004458129759647374,6.283185307179586,0.0,0.1006201357649297,-0.10551586841469508,0.013031660322943209,0,0.0006249006152298794,0.0,0.0006249006152298794,0.0006249006152298794,-0.1044533649093472,0.09956808221788224,4.986968339677057,0.001,5000.0,-2.9809123345876284e+250,1.4999966778884728,0.012970998786639813,5.0,2.822165012359619,0.06145105929695822
10.661743640899658,0.0005463516552275955,-0.0038983140716034106,6.283185307179586,0.0,0.09956808221788224,-0.1044533649093472,0.012894997861410044,0,0.0005463516552275955,0.0,0.0005463516552275955,0.0005463516552275955,-0.10292004463425805,0.09853166856612568,4.98710500213859,0.001,5000.0,-2.9809123345876284e+250,1.4999970100996256,0.013571132160390187,5.0,2.822165012359619,0.0
10.671787023544312,0.0005109501201796975,-0.0035230218060013562,6.283185307179586,0.0,0.09853166856612568,-0.10292004463425805,0.012765233152915017,0,0.0005109501201796975,0.0,0.0005109501201796975,0.0005109501201796975,-0.10154374025194733,0.09751182592760609,4.987234766847085,0.001,5000.0,-2.9809123345876284e+250,1.4999973090896632,0.012920418656368613,5.0,2.822165012359619,0.0
10.681855201721191,0.0004777703236099621,-0.003294497265082792,6.283185307179586,0.0,0.09751182592760609,-0.10154374025194733,0.01263621822734538,0,0.0004777703236099621,0.0,0.0004777703236099621,0.0004777703236099621,-0.10032855286907892,0.09650170018109168,4.987363781772655,0.001,5000.0,-2.9809123345876284e+250,1.4999975781806971,0.012814128167288589,5.0,2.822165012359619,0.0
10.69192385673523,0.0004777703236099621,-0.003294497265082792,6.283185307179586,0.0,0.09650170018109168,-0.10032855286907892,0.012506952496662048,0,0.0004777703236099621,0.0,0.0004777703236099621,0.0004777703236099621,-0.09931842712256451,0.0955016972018577,4.987493047503338,0.001,5000.0,-2.9809123345876284e+250,1.4999978203626276,0.01283843080362814,5.0,2.822165012359619,0.0
10.701992273330688,0.0004777703236099621,-0.003294497265082792,6.283185307179586,0.0,0.0955016972018577,-0.09931842712256451,0.012377053337034432,0,0.0004777703236099621,0.0,0.0004777703236099621,0.0004777703236099621,-0.09831842414333053,0.09451178634857361,4.987622946662966,0.001,5000.0,-2.9809123345876284e+250,1.499998038326365,0.012901647284460057,5.0,2.8226981163024902,0.052948141131896755
10.712060451507568,0.0003907154502019591,-0.00288523072352833,6.283185307179586,0.0,0.09451178634857361,-0.09831842414333053,0.012248465847367001,0,0.0003907154502019591,0.0,0.0003907154502019591,0.0003907154502019591,-0.09700630162189999,0.09353510961956417,4.987751534152633,0.001,5000.0,-2.9809123345876284e+250,1.4999982344937286,0.012771674021692788,5.0,2.8226981163024902,0.0
10.722131490707397,0.0003907154502019591,-0.00288523072352833,6.283185307179586,0.0,0.09353510961956417,-0.09700630162189999,0.012124852330519985,0,0.0003907154502019591,0.0,0.0003907154502019591,0.0003907154502019591,-0.09602962489289055,0.09256799150292298,4.98787514766948,0.001,5000.0,-2.9809123345876284e+250,1.4999984110443556,0.012274157055124366,5.0,2.8226981163024902,0.0
10.73226261138916,0.00034171884378038906,-0.002437801450775999,6.283185307179586,0.0,0.09256799150292298,-0.09602962489289055,0.011999222561480314,0,0.00034171884378038906,0.0,0.00034171884378038906,0.00034171884378038906,-0.0946640741099186,0.09160893834388807,4.988000777438519,0.001,5000.0,-2.9809123345876284e+250,1.4999985699399203,0.012400382246538668,5.0,2.8226981163024902,0.0
10.742334842681885,0.00034171884378038906,-0.002437801450775999,6.283185307179586,0.0,0.09160893834388807,-0.0946640741099186,0.011878610627045146,0,0.00034171884378038906,0.0,0.00034171884378038906,0.00034171884378038906,-0.09370502095088369,0.09066511969958116,4.988121389372955,0.001,5000.0,-2.9809123345876284e+250,1.4999987129459282,0.011974698647189365,5.0,2.8231568336486816,0.04554277328031056
10.752432346343994,0.00029875775993791037,-0.0021317162844094206,6.283185307179586,0.0,0.09066511969958116,-0.09370502095088369,0.011756066548432526,0,0.00029875775993791037,0.0,0.00029875775993791037,0.00029875775993791037,-0.09249807822405266,0.0897311200159757,4.988243933451567,0.001,5000.0,-2.9809123345876284e+250,1.4999988416513355,0.012136076669371648,5.0,2.8231568336486816,0.0
10.762501955032349,0.00029875775993791037,-0.0021317162844094206,6.283185307179586,0.0,0.0897311200159757,-0.09249807822405266,0.011637376019996074,0,0.00029875775993791037,0.0,0.00029875775993791037,0.00029875775993791037,-0.09156407854044721,0.08880910557516364,4.988362623980004,0.001,5000.0,-2.9809123345876284e+250,1.499998957486202,0.01178700504754645,5.0,2.8231568336486816,0.0
10.772570133209229,0.0002612895346106811,-0.0018640357660352398,6.283185307179586,0.0,0.08880910557516364,-0.09156407854044721,0.011517633995118438,0,0.0002612895346106811,0.0,0.0002612895346106811,0.0002612895346106811,-0.09041185180658819,0.08789882294187323,4.988482366004882,0.001,5000.0,-2.9809123345876284e+250,1.499999061737582,0.011893117381713184,5.0,2.8231568336486816,0.0
10.782637596130371,0.0002612895346106811,-0.0018640357660352398,6.283185307179586,0.0,0.08789882294187323,-0.09041185180658819,0.011401716693796372,0,0.0002612895346106811,0.0,0.0002612895346106811,0.0002612895346106811,-0.08950156917329778,0.08699776921283699,4.988598283306204,0.001,5000.0,-2.9809123345876284e+250,1.499999155563824,0.011514052967469053,5.0,2.823551893234253,0.03924122578506134
10.79271674156189,0.0002612895346106811,-0.0018640357660352398,6.283185307179586,0.0,0.08699776921283699,-0.08950156917329778,0.011284671998064202,0,0.0002612895346106811,0.0,0.0002612895346106811,0.0002612895346106811,-0.08860051544426154,0.08610475173236677,4.988715328001936,0.001,5000.0,-2.9809123345876284e+250,1.4999992400074418,0.011612561454481926,5.0,2.823551893234253,0.0
10.802835464477539,0.00021368759280998502,-0.0015779421078197006,6.283185307179586,0.0,0.08610475173236677,-0.08860051544426154,0.011168660088088735,0,0.00021368759280998502,0.0,0.00021368759280998502,0.00021368759280998502,-0.08746900624737648,0.08521967709444236,4.988831339911911,0.001,5000.0,-2.9809123345876284e+250,1.4999993160066976,0.011465074292729742,5.0,2.823551893234253,0.0
10.812912464141846,0.00021368759280998502,-0.0015779421078197006,6.283185307179586,0.0,0.08521967709444236,-0.08746900624737648,0.011056064730748168,0,0.00021368759280998502,0.0,0.00021368759280998502,0.00021368759280998502,-0.08658393160945208,0.08434717084467956,4.988943935269252,0.001,5000.0,-2.9809123345876284e+250,1.4999993844060278,0.011173500157927629,5.0,2.823551893234253,0.0
10.822985410690308,0.00018688622671590596,-0.0013332512247388976,6.283185307179586,0.0,0.08434717084467956,-0.08658393160945208,0.010942764602160619,0,0.00018688622671590596,0.0,0.00018688622671590596,0.00018688622671590596,-0.08549353584270256,0.083485999027897,4.98905723539784,0.001,5000.0,-2.9809123345876284e+250,1.499999445965425,0.011247962852026564,5.0,2.823551893234253,0.0
10.833058595657349,0.00018688622671590596,-0.0013332512247388976,6.283185307179586,0.0,0.083485999027897,-0.08549353584270256,0.010833104505478554,0,0.00018688622671590596,0.0,0.00018688622671590596,0.00018688622671590596,-0.08463236402591999,0.08263348157086596,4.989166895494521,0.001,5000.0,-2.9809123345876284e+250,1.4999995013688823,0.010886338039147207,5.0,2.8238918781280518,0.03375147928994083
10.843126058578491,0.00016325060667377796,-0.0011653478433410254,6.283185307179586,0.0,0.08263348157086596,-0.08463236402591999,0.010722363779662037,0,0.00016325060667377796,0.0,0.00016325060667377796,0.00016325060667377796,-0.0836355788075332,0.08179148348233282,4.989277636220338,0.001,5000.0,-2.9809123345876284e+250,1.4999995512319941,0.010999864283974894,5.0,2.8238918781280518,0.0
10.853196382522583,0.00016325060667377796,-0.0011653478433410254,6.283185307179586,0.0,0.08179148348233282,-0.0836355788075332,0.010614451899451264,0,0.00016325060667377796,0.0,0.00016325060667377796,0.00016325060667377796,-0.08279358071900006,0.08095772530400118,4.9893855481005485,0.001,5000.0,-2.9809123345876284e+250,1.4999995961087946,0.010715830077550196,5.0,2.8238918781280518,0.0
10.863290071487427,0.00014279222624329063,-0.0010186214016276677,6.283185307179586,0.0,0.08095772530400118,-0.08279358071900006,0.010506145735370166,0,0.00014279222624329063,0.0,0.00014279222624329063,0.00014279222624329063,-0.08183355447938556,0.08013172285819867,4.98949385426463,0.001,5000.0,-2.9809123345876284e+250,1.4999996364979151,0.010730087330640762,5.0,2.8238918781280518,0.0
10.87344765663147,0.00013352178581262894,-0.0009207010177137247,6.283185307179586,0.0,0.08013172285819867,-0.08183355447938556,0.010400105655353958,0,0.00013352178581262894,0.0,0.00013352178581262894,0.00013352178581262894,-0.08091890209009976,0.079309782220456,4.9895998943446465,0.001,5000.0,-2.9809123345876284e+250,1.4999996728481237,0.010439497037186597,5.0,2.8238918781280518,0.0
10.883476734161377,0.00013352178581262894,-0.0009207010177137247,6.283185307179586,0.0,0.079309782220456,-0.08091890209009976,0.010294180489962843,0,0.00013352178581262894,0.0,0.00013352178581262894,0.00013352178581262894,-0.08009696145235709,0.07850648358414032,4.989705819510037,0.001,5000.0,-2.9809123345876284e+250,1.4999997055633116,0.010561805417820452,5.0,2.8241848945617676,0.029216688458338285
10.893541812896729,0.00013352178581262894,-0.0009207010177137247,6.283185307179586,0.0,0.07850648358414032,-0.08009696145235709,0.010189938087256075,0,0.00013352178581262894,0.0,0.00013352178581262894,0.00013352178581262894,-0.07929366281604142,0.07770838662468245,4.989810061912744,0.001,5000.0,-2.9809123345876284e+250,1.4999997350069805,0.010356839270480587,5.0,2.8241848945617676,0.0
10.90360951423645,0.00010917966942718235,-0.0008062848352966496,6.283185307179586,0.0,0.07770838662468245,-0.07929366281604142,0.010086237499295131,0,0.00010917966942718235,0.0,0.00010917966942718235,0.00010917966942718235,-0.07840549179055192,0.07691902354994118,4.989913762500705,0.001,5000.0,-2.9809123345876284e+250,1.4999997615062823,0.010300324221160357,5.0,2.8241848945617676,0.0
10.9136803150177,0.00010917966942718235,-0.0008062848352966496,6.283185307179586,0.0,0.07691902354994118,-0.07840549179055192,0.009984608379086246,0,0.00010917966942718235,0.0,0.00010917966942718235,0.00010917966942718235,-0.07761612871581065,0.0761373669802324,4.990015391620914,0.001,5000.0,-2.9809123345876284e+250,1.4999997853556541,0.010091463669711361,5.0,2.8241848945617676,0.0
10.923746824264526,0.00010917966942718235,-0.0008062848352966496,6.283185307179586,0.0,0.0761373669802324,-0.07761612871581065,0.00988307009007443,0,0.00010917966942718235,0.0,0.00010917966942718235,0.00010917966942718235,-0.07683447214610187,0.07536391205589864,4.9901169299099255,0.001,5000.0,-2.9809123345876284e+250,1.4999998068200888,0.010086742734958474,5.0,2.824436902999878,0.02503434228601203
10.933856010437012,8.927617185547972e-05,-0.00065929553694447,6.283185307179586,0.0,0.07536391205589864,-0.07683447214610187,0.009782602966364792,0,8.927617185547972e-05,0.0,8.927617185547972e-05,8.927617185547972e-05,-0.07593393142098763,0.07459628180635514,4.990217397033636,0.001,5000.0,-2.9809123345876284e+250,1.49999982613808,0.00993820095855827,5.0,2.824436902999878,0.0
10.943922519683838,8.927617185547972e-05,-0.00065929553694447,6.283185307179586,0.0,0.07459628180635514,-0.07593393142098763,0.009684140138679844,0,8.927617185547972e-05,0.0,8.927617185547972e-05,8.927617185547972e-05,-0.07516630117144413,0.07383961954056308,4.99031585986132,0.001,5000.0,-2.9809123345876284e+250,1.499999843524272,0.00978122855407808,5.0,2.824436902999878,0.0
10.953993797302246,7.808632175049538e-05,-0.0005570427043467591,6.283185307179586,0.0,0.07383961954056308,-0.07516630117144413,0.00958588372396439,0,7.808632175049538e-05,0.0,7.808632175049538e-05,7.808632175049538e-05,-0.07431857592315934,0.07309113653023619,4.990414116276035,0.001,5000.0,-2.9809123345876284e+250,1.499999859171845,0.00975610229787153,5.0,2.824436902999878,0.0
10.964159965515137,7.808632175049538e-05,-0.0005570427043467591,6.283185307179586,0.0,0.07309113653023619,-0.07431857592315934,0.009489573355001474,0,7.808632175049538e-05,0.0,7.808632175049538e-05,7.808632175049538e-05,-0.07357009291283245,0.07234321059024633,4.990510426644999,0.001,5000.0,-2.9809123345876284e+250,1.4999998732546604,0.009473615520230665,5.0,2.8246538639068604,0.021341463414634148
10.97423005104065,6.828608706841395e-05,-0.00048717808244237406,4.0772129328380196,-109.66078120736637,0.07234321059024633,-0.07357009291283245,0.009392348553506161,0,6.828608706841395e-05,0.0,6.828608706841395e-05,6.828608706841395e-05,-0.0727621025856203,0.071610489994193,4.990607651446494,0.001,5000.0,-2.9809123345876284e+250,1.4999998859291943,0.009654813879086968,5.0,2.8246538639068604,0.0
10.984295129776001,6.828608706841395e-05,-0.00048717808244237406,4.0772129328380196,-109.66078120736637,0.071610489994193,-0.0727621025856203,0.009297847573330818,0,6.828608706841395e-05,0.0,6.828608706841395e-05,6.828608706841395e-05,-0.07202938198956697,0.0708855085932093,4.990702152426669,0.001,5000.0,-2.9809123345876284e+250,1.499999897336275,0.009388995621408018,5.0,2.8246538639068604,0.0
10.994369745254517,5.971383900677089e-05,-0.00042602777811412716,1.3597930985221702,-135.05166041531257,0.0708855085932093,-0.07202938198956697,0.009203677383153634,0,5.971383900677089e-05,0.0,5.971383900677089e-05,5.971383900677089e-05,-0.07125182253231666,0.07016767387905277,4.990796322616847,0.001,5000.0,-2.9809123345876284e+250,1.4999999076026476,0.009347273886333869,5.0,2.8246538639068604,0.0
11.004509449005127,5.584025733817344e-05,-0.00038503600073288847,0.063759964338574,-128.82635697314424,0.07016767387905277,-0.07125182253231666,0.009110956117744222,0,5.584025733817344e-05,0.0,5.584025733817344e-05,5.584025733817344e-05,-0.07049686962244749,0.06945285650573575,4.990889043882256,0.001,5000.0,-2.9809123345876284e+250,1.4999999168423828,0.009144376176062407,5.0,2.8246538639068604,0.0
11.014579772949219,5.2213469629844856e-05,-0.0003600437915312047,-1.1497001980608341,-120.46439794065058,0.06945285650573575,-0.07049686962244749,0.009018431214578532,0,5.2213469629844856e-05,0.0,5.2213469629844856e-05,5.2213469629844856e-05,-0.06976068682763711,0.06875034379081911,4.990981568785421,0.001,5000.0,-2.9809123345876284e+250,1.4999999251581446,0.00918787753793896,5.0,2.8246538639068604,0.0
11.024649858474731,5.2213469629844856e-05,-0.0003600437915312047,-1.1497001980608341,-120.46439794065058,0.06875034379081911,-0.06976068682763711,0.008927441262438305,0,5.2213469629844856e-05,0.0,5.2213469629844856e-05,5.2213469629844856e-05,-0.06905817411272047,0.06805492207126826,4.991072558737562,0.001,5000.0,-2.9809123345876284e+250,1.4999999326423303,0.009035668258199315,5.0,2.824840784072876,0.018561924379098895
11.034719467163086,5.2213469629844856e-05,-0.0003600437915312047,-1.1497001980608341,-120.46439794065058,0.06805492207126826,-0.06905817411272047,0.008837107348850352,0,5.2213469629844856e-05,0.0,5.2213469629844856e-05,5.2213469629844856e-05,-0.06836275239316962,0.06736653590581017,4.9911628926511495,0.001,5000.0,-2.9809123345876284e+250,1.4999999393780974,0.008970945781877751,5.0,2.824840784072876,0.0
11.04478669166565,4.2700633921985306e-05,-0.00031531812468047675,-4.6480591749606655,-115.95869264763841,0.06736653590581017,-0.06836275239316962,0.008747687502881728,0,4.2700633921985306e-05,0.0,4.2700633921985306e-05,4.2700633921985306e-05,-0.06763915339656866,0.06668559736340358,4.991252312497118,0.001,5000.0,-2.9809123345876284e+250,1.4999999454402877,0.008882273952056407,5.0,2.824840784072876,0.0
11.05485486984253,4.2700633921985306e-05,-0.00031531812468047675,-4.6480591749606655,-115.95869264763841,0.06668559736340358,-0.06763915339656866,0.008659592096910817,0,4.2700633921985306e-05,0.0,4.2700633921985306e-05,4.2700633921985306e-05,-0.06695821485416208,0.06601145012584607,4.991340407903089,0.001,5000.0,-2.9809123345876284e+250,1.499999950896259,0.008749885473144448,5.0,2.824840784072876,0.0
11.065061807632446,3.7342612635211925e-05,-0.000266411832318164,-6.283185307179586,-81.30183245652715,0.06601145012584607,-0.06695821485416208,0.008572020869076831,0,3.7342612635211925e-05,0.0,3.7342612635211925e-05,3.7342612635211925e-05,-0.06624051934552902,0.06533533726571446,4.991427979130923,0.001,5000.0,-2.9809123345876284e+250,1.4999999558066333,0.008579578874331324,5.0,2.44107723236084,-37.598304174160845
11.075128078460693,3.4917456690308615e-05,-0.00024077643517331215,-4.451479194253066,181.8570344239018,0.06533533726571446,-0.06624051934552902,0.008484542023744735,0,3.4917456690308615e-05,0.0,3.4917456690308615e-05,3.4917456690308615e-05,-0.06554119624419746,0.06467558183391307,4.991515457976255,0.001,5000.0,-2.9809123345876284e+250,1.4999999602259702,0.008690293240136246,5.0,2.44107723236084,0.0
11.085220336914062,3.4917456690308615e-05,-0.00024077643517331215,-4.451479194253066,181.8570344239018,0.06467558183391307,-0.06554119624419746,0.008399169494305856,0,3.4917456690308615e-05,0.0,3.4917456690308615e-05,3.4917456690308615e-05,-0.06488144081239608,0.0640207815644074,4.9916008305056945,0.001,5000.0,-2.9809123345876284e+250,1.499999964203373,0.008459209584587889,5.0,2.44107723236084,0.0
11.095284223556519,3.4917456690308615e-05,-0.00024077643517331215,-4.451479194253066,181.8570344239018,0.0640207815644074,-0.06488144081239608,0.008314095010893075,0,3.4917456690308615e-05,0.0,3.4917456690308615e-05,3.4917456690308615e-05,-0.0642266405428904,0.06337441193455798,4.991685904989107,0.001,5000.0,-2.9809123345876284e+250,1.4999999677830358,0.008453442137740448,5.0,2.44107723236084,0.0
11.105351686477661,3.4917456690308615e-05,-0.00024077643517331215,-4.451479194253066,181.8570344239018,0.06337441193455798,-0.0642266405428904,0.008230151265409213,0,3.4917456690308615e-05,0.0,3.4917456690308615e-05,3.4917456690308615e-05,-0.06358027091304098,0.06273431991462473,4.991769848734591,0.001,5000.0,-2.9809123345876284e+250,1.4999999710047325,0.008338123134039286,5.0,2.44107723236084,0.0
11.115418195724487,3.4917456690308615e-05,-0.00024077643517331215,-4.451479194253066,181.8570344239018,0.06273431991462473,-0.06358027091304098,0.008147002078917054,0,3.4917456690308615e-05,0.0,3.4917456690308615e-05,3.4917456690308615e-05,-0.06294017889310774,0.06210073202180037,4.991852997921083,0.001,5000.0,-2.9809123345876284e+250,1.4999999739042593,0.008259982130188318,5.0,1.7090046405792236,-72.72358012410592
11.125486135482788,3.4917456690308615e-05,-0.00024077643517331215,-4.451479194253066,181.8570344239018,0.06210073202180037,-0.06294017889310774,0.008064700694120977,0,3.4917456690308615e-05,0.0,3.4917456690308615e-05,3.4917456690308615e-05,-0.06230659100028338,0.061473433017064434,4.991935299305879,0.001,5000.0,-2.9809123345876284e+250,1.4999999765138337,0.008174600441785647,5.0,1.7090046405792236,0.0
11.135554313659668,3.4917456690308615e-05,-0.00024077643517331215,-4.451479194253066,181.8570344239018,0.061473433017064434,-0.06230659100028338,0.007983214712386187,0,3.4917456690308615e-05,0.0,3.4917456690308615e-05,3.4917456690308615e-05,-0.06167929199554744,0.06085243491542945,4.992016785287614,0.001,5000.0,-2.9809123345876284e+250,1.4999999788624505,0.008093418720172302,5.0,1.7090046405792236,0.0
11.145624160766602,2.183741875097499e-05,-0.00018578466916053588,6.283185307179586,152.4717361064182,0.06085243491542945,-0.06167929199554744,0.00790254796820465,0,2.183741875097499e-05,0.0,2.183741875097499e-05,2.183741875097499e-05,-0.06101638216583901,0.060238009276001224,4.992097452031795,0.001,5000.0,-2.9809123345876284e+250,1.4999999809762055,0.008010721843631028,5.0,1.7090046405792236,0.0
11.155745267868042,2.183741875097499e-05,-0.00018578466916053588,6.283185307179586,152.4717361064182,0.060238009276001224,-0.06101638216583901,0.007823157476981781,0,2.183741875097499e-05,0.0,2.183741875097499e-05,2.183741875097499e-05,-0.06040195652641078,0.059626674604860874,4.992176842523018,0.001,5000.0,-2.9809123345876284e+250,1.499999982878585,0.00784405208117692,5.0,1.0786833763122559,-62.2778968693317
11.165888547897339,2.183741875097499e-05,-0.00018578466916053588,6.283185307179586,152.4717361064182,0.059626674604860874,-0.06040195652641078,0.007743714879416414,0,2.183741875097499e-05,0.0,2.183741875097499e-05,2.183741875097499e-05,-0.05979062185527043,0.05902020158425707,4.992256285120583,0.001,5000.0,-2.9809123345876284e+250,1.4999999845907266,0.007832042232484217,5.0,1.0786833763122559,0.0
11.175958156585693,1.7858690868616087e-05,-0.00013187607589427687,6.283185307179586,0.0,0.05902020158425707,-0.05979062185527043,0.007664922003243285,0,1.7858690868616087e-05,0.0,1.7858690868616087e-05,1.7858690868616087e-05,-0.05913421896928273,0.05842474313914492,4.992335077996756,0.001,5000.0,-2.9809123345876284e+250,1.499999986131654,0.007824820071136739,5.0,1.0786833763122559,0.0
11.186038255691528,1.7858690868616087e-05,-0.00013187607589427687,6.283185307179586,0.0,0.05842474313914492,-0.05913421896928273,0.007588121849787462,0,1.7858690868616087e-05,0.0,1.7858690868616087e-05,1.7858690868616087e-05,-0.058538760524170584,0.05783466663152854,4.992411878150213,0.001,5000.0,-2.9809123345876284e+250,1.4999999875184886,0.007618987933498227,5.0,1.0786833763122559,0.0
11.196240186691284,1.5614429354288447e-05,-0.00011140967732173211,6.283185307179586,0.0,0.05783466663152854,-0.058538760524170584,0.007511465723172291,0,1.5614429354288447e-05,0.0,1.5614429354288447e-05,1.5614429354288447e-05,-0.057930461879495986,0.057243664056649934,4.992488534276828,0.001,5000.0,-2.9809123345876284e+250,1.49999998876664,0.007513884049696623,5.0,1.0786833763122559,0.0
11.206432580947876,1.5614429354288447e-05,-0.00011140967732173211,6.283185307179586,0.0,0.057243664056649934,-0.057930461879495986,0.007434808349136031,0,1.5614429354288447e-05,0.0,1.5614429354288447e-05,1.5614429354288447e-05,-0.05733945930461738,0.05665923768095747,4.992565191650864,0.001,5000.0,-2.9809123345876284e+250,1.499999989889976,0.007521036971924736,5.0,0.5359705686569214,-53.246842105263156
11.216546058654785,1.3655280825744077e-05,-9.741982133597049e-05,6.283185307179586,0.0,0.05665923768095747,-0.05733945930461738,0.007358898682287873,0,1.3655280825744077e-05,0.0,1.3655280825744077e-05,1.3655280825744077e-05,-0.0567430022214677,0.05608536859296756,4.992641101317712,0.001,5000.0,-2.9809123345876284e+250,1.4999999909009785,0.007505792670734745,5.0,0.5359705686569214,0.0
11.226616382598877,1.3655280825744077e-05,-9.741982133597049e-05,6.283185307179586,0.0,0.05608536859296756,-0.0567430022214677,0.007284521580800783,0,1.3655280825744077e-05,0.0,1.3655280825744077e-05,1.3655280825744077e-05,-0.05616913313347779,0.05551972722665461,4.992715478419199,0.001,5000.0,-2.9809123345876284e+250,1.4999999918108808,0.0073857704975545165,5.0,0.5359705686569214,0.0
11.23668384552002,1.1941093301522807e-05,-8.519353970177224e-05,6.283185307179586,0.0,0.05551972722665461,-0.05616913313347779,0.007211070480396868,0,1.1941093301522807e-05,0.0,1.1941093301522807e-05,1.1941093301522807e-05,-0.05559297967305486,0.054960046965120295,4.9927889295196035,0.001,5000.0,-2.9809123345876284e+250,1.4999999926297929,0.007295889836322202,5.0,0.8542622327804565,31.615876474210204
11.246755123138428,1.1167497309991573e-05,-7.69998519581249e-05,6.283185307179586,0.0,0.054960046965120295,-0.05559297967305486,0.007138476778386293,0,1.1167497309991573e-05,0.0,1.1167497309991573e-05,1.1167497309991573e-05,-0.05502587931976843,0.05440586605829388,4.992861523221614,0.001,5000.0,-2.9809123345876284e+250,1.4999999933668136,0.0072079933411713926,5.0,0.8542622327804565,0.0
11.256830930709839,1.1167497309991573e-05,-7.69998519581249e-05,6.283185307179586,0.0,0.05440586605829388,-0.05502587931976843,0.0070665624549634595,0,1.1167497309991573e-05,0.0,1.1167497309991573e-05,1.1167497309991573e-05,-0.05447169841294201,0.053857019706997133,4.9929334375450365,0.001,5000.0,-2.9809123345876284e+250,1.4999999940301323,0.007137326007185955,5.0,0.8542622327804565,0.0
11.266906499862671,9.765437819456274e-06,-6.967198305065057e-05,6.283185307179586,0.0,0.053857019706997133,-0.05447169841294201,0.006995265774850179,0,9.765437819456274e-06,0.0,9.765437819456274e-06,9.765437819456274e-06,-0.053916926252228325,0.05331377598803466,4.99300473422515,0.001,5000.0,-2.9809123345876284e+250,1.4999999946271192,0.007076193814146979,5.0,0.8542622327804565,0.0
11.276983737945557,9.765437819456274e-06,-6.967198305065057e-05,6.283185307179586,0.0,0.05331377598803466,-0.053916926252228325,0.00692475937580257,0,9.765437819456274e-06,0.0,9.765437819456274e-06,9.765437819456274e-06,-0.053373682533265854,0.052775916681786585,4.993075240624197,0.001,5000.0,-2.9809123345876284e+250,1.4999999951644072,0.006996599511462507,5.0,0.8542622327804565,0.0
11.287052631378174,9.765437819456274e-06,-6.967198305065057e-05,6.283185307179586,0.0,0.052775916681786585,-0.053373682533265854,0.006854891510117464,0,9.765437819456274e-06,0.0,9.765437819456274e-06,9.765437819456274e-06,-0.05283582322701778,0.05224391840828914,4.993145108489882,0.001,5000.0,-2.9809123345876284e+250,1.4999999956479666,0.006938981542775644,5.0,1.1283146142959595,27.21772589505588
11.297122240066528,7.986616228725458e-06,-5.897493094054718e-05,6.283185307179586,0.0,0.05224391840828914,-0.05283582322701778,0.006785790344890303,0,7.986616228725458e-06,0.0,7.986616228725458e-06,7.986616228725458e-06,-0.05229490672300097,0.05171732916119452,4.993214209655109,0.001,5000.0,-2.9809123345876284e+250,1.49999999608317,0.006862348614110171,5.0,1.1283146142959595,0.0
11.307190656661987,7.46809258836733e-06,-5.149636016500511e-05,6.283185307179586,0.0,0.05171732916119452,-0.05229490672300097,0.006717477015337224,0,7.46809258836733e-06,0.0,7.46809258836733e-06,7.46809258836733e-06,-0.051761357428771165,0.0511961742510552,4.9932825229846625,0.001,5000.0,-2.9809123345876284e+250,1.4999999964748532,0.00678491289125732,5.0,1.1283146142959595,0.0
11.317327737808228,7.46809258836733e-06,-5.149636016500511e-05,6.283185307179586,0.0,0.0511961742510552,-0.051761357428771165,0.006649850820860018,0,7.46809258836733e-06,0.0,7.46809258836733e-06,7.46809258836733e-06,-0.051240202518631844,0.05067674816017405,4.99335014917914,0.001,5000.0,-2.9809123345876284e+250,1.499999996827368,0.006671170280834577,5.0,1.1283146142959595,0.0
11.327423334121704,6.530445283075288e-06,-4.6591925543196055e-05,6.283185307179586,0.0,0.05067674816017405,-0.051240202518631844,0.006582342717238049,0,6.530445283075288e-06,0.0,6.530445283075288e-06,6.530445283075288e-06,-0.05071680964043417,0.05016473172373679,4.9934176572827615,0.001,5000.0,-2.9809123345876284e+250,1.4999999971446312,0.006686886195306005,5.0,1.3642761707305908,23.372721046665408
11.337499141693115,6.530445283075288e-06,-4.6591925543196055e-05,6.283185307179586,0.0,0.05016473172373679,-0.05071680964043417,0.006515894344918809,0,6.530445283075288e-06,0.0,6.530445283075288e-06,6.530445283075288e-06,-0.050204793203996914,0.049658877888250824,4.993484105655082,0.001,5000.0,-2.9809123345876284e+250,1.499999997430168,0.006594843326283739,5.0,1.3642761707305908,0.0
11.347566366195679,5.711331025124315e-06,-4.074495029151796e-05,6.283185307179586,0.0,0.049658877888250824,-0.050204793203996914,0.006450194972315147,0,5.711331025124315e-06,0.0,5.711331025124315e-06,5.711331025124315e-06,-0.04969391150751722,0.04915859812469413,4.993549805027685,0.001,5000.0,-2.9809123345876284e+250,1.4999999976871514,0.0065260661056016685,5.0,1.3642761707305908,0.0
11.357672929763794,5.711331025124315e-06,-4.074495029151796e-05,6.283185307179586,0.0,0.04915859812469413,-0.04969391150751722,0.006385264622382006,0,5.711331025124315e-06,0.0,5.711331025124315e-06,5.711331025124315e-06,-0.04919363174396053,0.04866141955832734,4.993614735377618,0.001,5000.0,-2.9809123345876284e+250,1.4999999979184362,0.006424572456852394,5.0,1.3642761707305908,0.0
11.367779016494751,4.994450244433662e-06,-3.563253609658145e-05,6.283185307179586,0.0,0.04866141955832734,-0.04919363174396053,0.006320662420726223,0,4.994450244433662e-06,0.0,4.994450244433662e-06,4.994450244433662e-06,-0.04869205764417949,0.0481693334006665,4.993679337579274,0.001,5000.0,-2.9809123345876284e+250,1.4999999981265928,0.00639240522821686,5.0,1.3642761707305908,0.0
11.377847909927368,4.670264432625071e-06,-3.220362947237338e-05,6.283185307179586,0.0,0.0481693334006665,-0.04869205764417949,0.0062567860996515165,0,4.670264432625071e-06,0.0,4.670264432625071e-06,4.670264432625071e-06,-0.048196866765706246,0.04768404428541655,4.993743213900348,0.001,5000.0,-2.9809123345876284e+250,1.4999999983139336,0.0063439266193627344,5.0,1.567441463470459,20.177519416556166
11.38792371749878,4.670264432625071e-06,-3.220362947237338e-05,6.283185307179586,0.0,0.04768404428541655,-0.048196866765706246,0.006193797532301255,0,4.670264432625071e-06,0.0,4.670264432625071e-06,4.670264432625071e-06,-0.0477115776504563,0.047203311610082115,4.993806202467699,0.001,5000.0,-2.9809123345876284e+250,1.4999999984825405,0.006251465890335545,5.0,1.567441463470459,0.0
11.397992134094238,4.084135227933306e-06,-2.9137676809314534e-05,6.283185307179586,0.0,0.047203311610082115,-0.0477115776504563,0.006131347848906934,0,4.084135227933306e-06,0.0,4.084135227933306e-06,4.084135227933306e-06,-0.047228365151663496,0.04672779675461271,4.993868652151093,0.001,5000.0,-2.9809123345876284e+250,1.4999999986342867,0.006202532722224364,5.0,1.567441463470459,0.0
11.408058643341064,4.084135227933306e-06,-2.9137676809314534e-05,6.283185307179586,0.0,0.04672779675461271,-0.047228365151663496,0.006069607894129144,0,4.084135227933306e-06,0.0,4.084135227933306e-06,4.084135227933306e-06,-0.04675285029619409,0.04625715875479059,4.993930392105871,0.001,5000.0,-2.9809123345876284e+250,1.4999999987708579,0.0061332039999124266,5.0,1.567441463470459,0.0
11.418128252029419,3.5710046571069214e-06,-2.547886973919321e-05,6.283185307179586,0.0,0.04625715875479059,-0.04675285029619409,0.006008473722708742,0,3.5710046571069214e-06,0.0,3.5710046571069214e-06,3.5710046571069214e-06,-0.046279066619872675,0.04579114666346618,4.993991526277291,0.001,5000.0,-2.9809123345876284e+250,1.499999998893772,0.006071156617148777,5.0,1.7423686981201172,17.371800639280217
11.428196430206299,3.5710046571069214e-06,-2.547886973919321e-05,6.283185307179586,0.0,0.04579114666346618,-0.046279066619872675,0.005947969866686539,0,3.5710046571069214e-06,0.0,3.5710046571069214e-06,3.5710046571069214e-06,-0.04581305452854827,0.045329892667645644,4.994052030133314,0.001,5000.0,-2.9809123345876284e+250,1.499999999004395,0.00600941450968171,5.0,1.7423686981201172,0.0
11.438262462615967,3.123654251204265e-06,-2.2282275783238156e-05,6.283185307179586,0.0,0.045329892667645644,-0.04581305452854827,0.005888054428184908,0,3.123654251204265e-06,0.0,3.123654251204265e-06,3.123654251204265e-06,-0.045349051289177676,0.044873407647621086,4.994111945571815,0.001,5000.0,-2.9809123345876284e+250,1.4999999991039554,0.005952239776625936,5.0,1.7423686981201172,0.0
11.448397397994995,2.921192827757524e-06,-2.014195346794023e-05,6.283185307179586,0.0,0.044873407647621086,-0.045349051289177676,0.005828786557775176,0,2.921192827757524e-06,0.0,2.921192827757524e-06,2.921192827757524e-06,-0.04489062840826127,0.04441844402957938,4.9941712134422245,0.001,5000.0,-2.9809123345876284e+250,1.4999999991935598,0.0058478784711713085,5.0,1.7423686981201172,0.0
11.458492040634155,2.7316760334318676e-06,-1.8835834423527373e-05,6.283185307179586,0.0,0.04441844402957938,-0.04489062840826127,0.005769675880058502,0,2.7316760334318676e-06,0.0,2.7316760334318676e-06,2.7316760334318676e-06,-0.04443454818796948,0.04396989314478929,4.9942303241199415,0.001,5000.0,-2.9809123345876284e+250,1.4999999992742037,0.0058556483700934305,5.0,1.7423686981201172,0.0
11.46856164932251,2.5545356324291966e-06,-1.7614108069678448e-05,6.283185307179586,0.0,0.04396989314478929,-0.04443454818796948,0.005711439558390806,0,2.5545356324291966e-06,0.0,2.5545356324291966e-06,2.5545356324291966e-06,-0.043984952717226536,0.043526981882751045,4.99428856044161,0.001,5000.0,-2.9809123345876284e+250,1.4999999993467834,0.005783374852991656,5.0,1.8929826021194458,14.957274772108441
11.478631258010864,2.38884424648506e-06,-1.6471760395132543e-05,6.283185307179586,0.0,0.043526981882751045,-0.043984952717226536,0.005653927936412882,0,2.38884424648506e-06,0.0,2.38884424648506e-06,2.38884424648506e-06,-0.043541064798899694,0.04308854039835184,4.994346072063587,0.001,5000.0,-2.9809123345876284e+250,1.499999999412105,0.005711405850799028,5.0,1.8929826021194458,0.0
11.488699197769165,2.38884424648506e-06,-1.6471760395132543e-05,6.283185307179586,0.0,0.04308854039835184,-0.043541064798899694,0.0055969850077802604,0,2.38884424648506e-06,0.0,2.38884424648506e-06,2.38884424648506e-06,-0.04310262331450049,0.04265458578339672,4.99440301499222,0.001,5000.0,-2.9809123345876284e+250,1.4999999994708944,0.005655867039298992,5.0,1.8929826021194458,0.0
11.498767137527466,2.0887033203591625e-06,-1.4902777065021421e-05,6.283185307179586,0.0,0.04265458578339672,-0.04310262331450049,0.005540615776530536,0,2.0887033203591625e-06,0.0,2.0887033203591625e-06,2.0887033203591625e-06,-0.04266739985714138,0.04222501297199169,4.994459384223469,0.001,5000.0,-2.9809123345876284e+250,1.499999999523805,0.005598884439415688,5.0,1.8929826021194458,0.0
11.508841514587402,2.0887033203591625e-06,-1.4902777065021421e-05,6.283185307179586,0.0,0.04222501297199169,-0.04266739985714138,0.005484827817507423,0,2.0887033203591625e-06,0.0,2.0887033203591625e-06,2.0887033203591625e-06,-0.04223782704573635,0.041799493176140554,4.994515172182493,0.001,5000.0,-2.9809123345876284e+250,1.4999999995714246,0.00553760879617742,5.0,1.8929826021194458,0.0
11.519132614135742,2.0887033203591625e-06,-1.4902777065021421e-05,6.283185307179586,0.0,0.041799493176140554,-0.04223782704573635,0.005429550774202315,0,2.0887033203591625e-06,0.0,2.0887033203591625e-06,2.0887033203591625e-06,-0.04181230724988522,0.04136919855988621,4.994570449225797,0.001,5000.0,-2.9809123345876284e+250,1.4999999996142823,0.005371344728078674,5.0,2.022662878036499,12.601207024372162
11.52920651435852,1.7082006413738237e-06,-1.261386394947103e-05,6.283185307179586,0.0,0.04136919855988621,-0.04181230724988522,0.005373564725885218,0,1.7082006413738237e-06,0.0,1.7082006413738237e-06,1.7082006413738237e-06,-0.041380104223194304,0.04095233951873358,4.994626435274115,0.001,5000.0,-2.9809123345876284e+250,1.4999999996528541,0.005557534527739872,5.0,2.022662878036499,0.0
11.539274454116821,1.7082006413738237e-06,-1.261386394947103e-05,6.283185307179586,0.0,0.04095233951873358,-0.041380104223194304,0.005319526490390759,0,1.7082006413738237e-06,0.0,1.7082006413738237e-06,1.7082006413738237e-06,-0.040963245182041676,0.04053992403393628,4.994680473509609,0.001,5000.0,-2.9809123345876284e+250,1.4999999996875686,0.005367357849942031,5.0,2.022662878036499,0.0
11.549306154251099,1.4934375816657213e-06,-1.0656101362631107e-05,6.283185307179586,0.0,0.04053992403393628,-0.040963245182041676,0.005265956912930663,0,1.4934375816657213e-06,0.0,1.4934375816657213e-06,1.4934375816657213e-06,-0.04054908669771725,0.04013314775546597,4.994734043087069,0.001,5000.0,-2.9809123345876284e+250,1.4999999997188116,0.005340029779902814,5.0,2.022662878036499,0.0
11.55933666229248,1.3964486788029502e-06,-9.629336345048798e-06,6.283185307179586,0.0,0.04013314775546597,-0.04054908669771725,0.005213149818788064,0,1.3964486788029502e-06,0.0,1.3964486788029502e-06,1.3964486788029502e-06,-0.04014138064313221,0.03973050931413286,4.994786850181212,0.001,5000.0,-2.9809123345876284e+250,1.4999999997469304,0.005264648004342203,5.0,2.1343190670013428,11.13165838701243
11.569406747817993,1.3964486788029502e-06,-9.629336345048798e-06,6.283185307179586,0.0,0.03973050931413286,-0.04014138064313221,0.005160857497547279,0,1.3964486788029502e-06,0.0,1.3964486788029502e-06,1.3964486788029502e-06,-0.039738742201799106,0.03933033678148445,4.994839142502452,0.001,5000.0,-2.9809123345876284e+250,1.4999999997722373,0.005192837847136585,5.0,2.1343190670013428,0.0
11.579524278640747,1.2214958549029501e-06,-8.713475379624377e-06,6.283185307179586,0.0,0.03933033678148445,-0.039738742201799106,0.005108859727389833,0,1.2214958549029501e-06,0.0,1.2214958549029501e-06,1.2214958549029501e-06,-0.03933782876100917,0.03893233508649472,4.99489114027261,0.001,5000.0,-2.9809123345876284e+250,1.4999999997950137,0.00513937353573517,5.0,2.1343190670013428,0.0
11.589591026306152,1.2214958549029501e-06,-8.713475379624377e-06,6.283185307179586,0.0,0.03893233508649472,-0.03933782876100917,0.005057148624499169,0,1.2214958549029501e-06,0.0,1.2214958549029501e-06,1.2214958549029501e-06,-0.03893982706601944,0.03854033767328658,4.994942851375501,0.001,5000.0,-2.9809123345876284e+250,1.4999999998155125,0.005136823193489819,5.0,2.1343190670013428,0.0
11.5996572971344,1.0678964633635603e-06,-7.619843666689079e-06,6.283185307179586,0.0,0.03854033767328658,-0.03893982706601944,0.005006249003599927,0,1.0678964633635603e-06,0.0,1.0678964633635603e-06,1.0678964633635603e-06,-0.03854688962048991,0.038152314242780185,4.9949937509964,0.001,5000.0,-2.9809123345876284e+250,1.4999999998339613,0.005056452560009882,5.0,2.2304563522338867,9.550436986333814
11.609726428985596,9.985515800643997e-07,-6.885573764854107e-06,6.283185307179586,0.0,0.038152314242780185,-0.03854688962048991,0.004955855097784327,0,9.985515800643997e-07,0.0,9.985515800643997e-07,9.985515800643997e-07,-0.038158201264964976,0.03776809428303876,4.995044144902216,0.001,5000.0,-2.9809123345876284e+250,1.4999999998505653,0.005004791531219504,5.0,2.2304563522338867,0.0
11.61979365348816,9.985515800643997e-07,-6.885573764854107e-06,6.283185307179586,0.0,0.03776809428303876,-0.038158201264964976,0.004905951186975777,0,9.985515800643997e-07,0.0,9.985515800643997e-07,9.985515800643997e-07,-0.03777398130522355,0.03738781513288344,4.995094048813025,0.001,5000.0,-2.9809123345876284e+250,1.499999999865509,0.00495706744156171,5.0,2.2304563522338867,0.0
11.629862785339355,9.985515800643997e-07,-6.885573764854107e-06,6.283185307179586,0.0,0.03738781513288344,-0.03777398130522355,0.004856554305551446,0,9.985515800643997e-07,0.0,9.985515800643997e-07,9.985515800643997e-07,-0.03739370215506823,0.037011293015479695,4.995143445694448,0.001,5000.0,-2.9809123345876284e+250,1.4999999998789582,0.004905773621234539,5.0,2.2304563522338867,0.0
11.639931678771973,8.155709624775616e-07,-6.02651225965407e-06,6.283185307179586,0.0,0.037011293015479695,-0.03739370215506823,0.004807644000616475,0,8.155709624775616e-07,0.0,8.155709624775616e-07,8.155709624775616e-07,-0.037016503956776865,0.036638577781890856,4.995192355999383,0.001,5000.0,-2.9809123345876284e+250,1.4999999998910623,0.004857565060379971,5.0,2.2304563522338867,0.0
11.650016784667969,7.636190300345949e-07,-5.262067086531395e-06,6.283185307179586,0.0,0.036638577781890856,-0.037016503956776865,0.004759235849896952,0,7.636190300345949e-07,0.0,7.636190300345949e-07,7.636190300345949e-07,-0.03664307622994735,0.03626902847775677,4.995240764150103,0.001,5000.0,-2.9809123345876284e+250,1.4999999999019562,0.004799964543628844,5.0,2.3132314682006836,8.207659574468085
11.660084247589111,7.636190300345949e-07,-5.262067086531395e-06,6.283185307179586,0.0,0.03626902847775677,-0.03664307622994735,0.004711233224586475,0,7.636190300345949e-07,0.0,7.636190300345949e-07,7.636190300345949e-07,-0.03627352692581327,0.035903846090412084,4.995288766775413,0.001,5000.0,-2.9809123345876284e+250,1.4999999999117608,0.0047680955655339235,5.0,2.3132314682006836,0.0
11.670153141021729,6.677830401846375e-07,-4.7642022895230126e-06,6.283185307179586,0.0,0.035903846090412084,-0.03627352692581327,0.00466380318339956,0,6.677830401846375e-07,0.0,6.677830401846375e-07,6.677830401846375e-07,-0.03590794250966142,0.03554229284389776,4.9953361968166,0.001,5000.0,-2.9809123345876284e+250,1.4999999999205849,0.004710551512370789,5.0,2.3132314682006836,0.0
11.680222749710083,6.245082443478195e-07,-4.3060269803935484e-06,6.283185307179586,0.0,0.03554229284389776,-0.03590794250966142,0.004616841573049073,0,6.245082443478195e-07,0.0,6.245082443478195e-07,6.245082443478195e-07,-0.035545974362633806,0.03518435879161975,4.995383158426951,0.001,5000.0,-2.9809123345876284e+250,1.4999999999285265,0.004663697647436705,5.0,2.3132314682006836,0.0
11.690292835235596,6.245082443478195e-07,-4.3060269803935484e-06,6.283185307179586,0.0,0.03518435879161975,-0.035545974362633806,0.004570350487200427,0,6.245082443478195e-07,0.0,6.245082443478195e-07,6.245082443478195e-07,-0.03518804031035579,0.03483001221621927,4.9954296495128,0.001,5000.0,-2.9809123345876284e+250,1.4999999999356741,0.004616751836998821,5.0,2.3845012187957764,7.077372919478183
11.70036244392395,5.459218258740682e-07,-3.895563676386949e-06,6.283185307179586,0.0,0.03483001221621927,-0.03518804031035579,0.00452432130716714,0,5.459218258740682e-07,0.0,5.459218258740682e-07,5.459218258740682e-07,-0.03483336185806978,0.034479253893008655,4.9954756786928325,0.001,5000.0,-2.9809123345876284e+250,1.4999999999421068,0.004571099181492442,5.0,2.3845012187957764,0.0
11.710431575775146,5.459218258740682e-07,-3.895563676386949e-06,6.283185307179586,0.0,0.034479253893008655,-0.03483336185806978,0.004478761926440514,0,5.459218258740682e-07,0.0,5.459218258740682e-07,5.459218258740682e-07,-0.034482603534859164,0.03413204401144363,4.995521238073559,0.001,5000.0,-2.9809123345876284e+250,1.4999999999478963,0.004524658272422299,5.0,2.3845012187957764,0.0
11.720501184463501,5.459218258740682e-07,-3.895563676386949e-06,6.283185307179586,0.0,0.03413204401144363,-0.034482603534859164,0.004433660126253517,0,5.459218258740682e-07,0.0,5.459218258740682e-07,5.459218258740682e-07,-0.03413539365329414,0.03378831395493202,4.995566339873746,0.001,5000.0,-2.9809123345876284e+250,1.4999999999531068,0.004479002271374983,5.0,2.3845012187957764,0.0
11.73060917854309,4.4639792923588754e-07,-3.2966118678389585e-06,6.283185307179586,0.0,0.03378831395493202,-0.03413539365329414,0.004389010017157542,0,4.4639792923588754e-07,0.0,4.4639792923588754e-07,4.4639792923588754e-07,-0.033791164168870624,0.03344675306757063,4.9956109899828425,0.001,5000.0,-2.9809123345876284e+250,1.4999999999577964,0.004417306613399449,5.0,2.3845012187957764,0.0
11.740683317184448,4.4639792923588754e-07,-3.2966118678389585e-06,6.283185307179586,0.0,0.03344675306757063,-0.033791164168870624,0.004344633787771183,0,4.4639792923588754e-07,0.0,4.4639792923588754e-07,4.4639792923588754e-07,-0.033449603281509234,0.0331097771266143,4.995655366212229,0.001,5000.0,-2.9809123345876284e+250,1.499999999962017,0.004404965125671524,5.0,2.445864677429199,6.091186633218157
11.750752449035645,3.9038882781310734e-07,-2.7851187714465387e-06,6.283185307179586,0.0,0.0331097771266143,-0.033449603281509234,0.00430087276491091,0,3.9038882781310734e-07,0.0,3.9038882781310734e-07,3.9038882781310734e-07,-0.03311217185655794,0.03277636630231115,4.995699127235089,0.001,5000.0,-2.9809123345876284e+250,1.4999999999658153,0.004346057188145195,5.0,2.445864677429199,0.0
11.76081895828247,3.6506292380746516e-07,-2.5172288555293003e-06,6.283185307179586,0.0,0.03277636630231115,-0.03311217185655794,0.004257569563757981,0,3.6506292380746516e-07,0.0,3.6506292380746516e-07,3.6506292380746516e-07,-0.032778518468242875,0.03244640104305332,4.995742430436242,0.001,5000.0,-2.9809123345876284e+250,1.499999999969234,0.004301709767621894,5.0,2.445864677429199,0.0
11.771071672439575,3.414738850152507e-07,-2.3542473650202352e-06,6.283185307179586,0.0,0.03244640104305332,-0.032778518468242875,0.004214710961345036,0,3.414738850152507e-07,0.0,3.414738850152507e-07,3.414738850152507e-07,-0.03244841381653332,0.032113716731340954,4.995785289038655,0.001,5000.0,-2.9809123345876284e+250,1.4999999999723106,0.004180220159873214,5.0,2.445864677429199,0.0
11.781136989593506,3.414738850152507e-07,-2.3542473650202352e-06,6.283185307179586,0.0,0.032113716731340954,-0.03244841381653332,0.004171436204222401,0,3.414738850152507e-07,0.0,3.414738850152507e-07,3.414738850152507e-07,-0.03211572950482096,0.03179046172824508,4.9958285637957776,0.001,5000.0,-2.9809123345876284e+250,1.4999999999750795,0.00429939329887239,5.0,2.498699188232422,5.249165028306132
11.79134202003479,2.985431230036088e-07,-2.130186523464777e-06,6.283185307179586,0.0,0.03179046172824508,-0.03211572950482096,0.004129507346906102,0,2.985431230036088e-07,0.0,2.985431230036088e-07,2.985431230036088e-07,-0.03179229337164555,0.031466020406589204,4.9958704926530935,0.001,5000.0,-2.9809123345876284e+250,1.4999999999775717,0.0041086459817578505,5.0,2.498699188232422,0.0
11.801413297653198,2.985431230036088e-07,-2.130186523464777e-06,6.283185307179586,0.0,0.031466020406589204,-0.03179229337164555,0.004087319923206033,0,2.985431230036088e-07,0.0,2.985431230036088e-07,2.985431230036088e-07,-0.03146785204998967,0.03114909893253876,4.995912680076794,0.001,5000.0,-2.9809123345876284e+250,1.4999999999798148,0.0041888849953812275,5.0,2.498699188232422,0.0
11.81168007850647,2.611287930771985e-07,-1.8627906611547822e-06,6.283185307179586,0.0,0.03114909893253876,-0.03146785204998967,0.0040461953300555305,0,2.611287930771985e-07,0.0,2.611287930771985e-07,2.611287930771985e-07,-0.03115070059440684,0.030829281516110113,4.995953804669944,0.001,5000.0,-2.9809123345876284e+250,1.4999999999818332,0.004005597639439089,5.0,2.498699188232422,0.0
11.821748971939087,2.4415662035118786e-07,-1.6836510951348701e-06,6.283185307179586,0.0,0.030829281516110113,-0.03115070059440684,0.004004592406311348,0,2.4415662035118786e-07,0.0,2.4415662035118786e-07,2.4415662035118786e-07,-0.030830721010584896,0.03051885027180378,4.995995407593688,0.001,5000.0,-2.9809123345876284e+250,1.49999999998365,0.004131826801286236,5.0,2.498699188232422,0.0
11.831914186477661,2.4415662035118786e-07,-1.6836510951348701e-06,6.283185307179586,0.0,0.03051885027180378,-0.030830721010584896,0.003964331827946681,0,2.4415662035118786e-07,0.0,2.4415662035118786e-07,2.4415662035118786e-07,-0.030520289766278564,0.030208604978550106,4.996035668172054,0.001,5000.0,-2.9809123345876284e+250,1.499999999985285,0.003960622593049,5.0,2.5441908836364746,4.475232198142415
11.841981649398804,2.1349606316612247e-07,-1.5232238604641754e-06,6.283185307179586,0.0,0.030208604978550106,-0.030520289766278564,0.00392400179933423,0,2.1349606316612247e-07,0.0,2.1349606316612247e-07,2.1349606316612247e-07,-0.030209914706347405,0.02990446778239307,4.9960759982006655,0.001,5000.0,-2.9809123345876284e+250,1.4999999999867568,0.004005977367719343,5.0,2.5441908836364746,0.0
11.852052688598633,2.1349606316612247e-07,-1.5232238604641754e-06,6.283185307179586,0.0,0.02990446778239307,-0.030209914706347405,0.003884526342471556,0,2.1349606316612247e-07,0.0,2.1349606316612247e-07,2.1349606316612247e-07,-0.02990577751019037,0.029603285524786575,4.996115473657529,0.001,5000.0,-2.9809123345876284e+250,1.499999999988081,0.003919700447928315,5.0,2.5441908836364746,0.0
11.862122058868408,1.8669319786183412e-07,-1.3319672178912323e-06,6.283185307179586,0.0,0.029603285524786575,-0.02990577751019037,0.003845402198368217,0,1.8669319786183412e-07,0.0,1.8669319786183412e-07,1.8669319786183412e-07,-0.029604430798806605,0.02930518754944745,4.996154597801632,0.001,5000.0,-2.9809123345876284e+250,1.499999999989273,0.003885460863503586,5.0,2.5441908836364746,0.0
11.872194290161133,1.8669319786183412e-07,-1.3319672178912323e-06,6.283185307179586,0.0,0.02930518754944745,-0.029604430798806605,0.003806681948934577,0,1.8669319786183412e-07,0.0,1.8669319786183412e-07,1.8669319786183412e-07,-0.02930633282346748,0.029010007386907916,4.996193318051065,0.001,5000.0,-2.9809123345876284e+250,1.499999999990346,0.0038442573753850137,5.0,2.5833590030670166,3.8887231927283055
11.882263660430908,1.6325834964491923e-07,-1.1647593598170252e-06,6.283185307179586,0.0,0.029010007386907916,-0.02930633282346748,0.0037683377059324337,0,1.6325834964491923e-07,0.0,1.6325834964491923e-07,1.6325834964491923e-07,-0.029011008887918088,0.028717884796515724,4.9962316622940675,0.001,5000.0,-2.9809123345876284e+250,1.4999999999913114,0.0038080080456708155,5.0,2.5833590030670166,0.0
11.892364501953125,1.52676667038423e-07,-1.0527228103215736e-06,6.283185307179586,0.0,0.028717884796515724,-0.029011008887918088,0.0037303937826330207,0,1.52676667038423e-07,0.0,1.52676667038423e-07,1.52676667038423e-07,-0.028718784842659006,0.028427800902109383,4.996269606217367,0.001,5000.0,-2.9809123345876284e+250,1.4999999999921805,0.003756511100184606,5.0,2.5833590030670166,0.0
11.902486324310303,1.427626878281061e-07,-9.844280932232273e-07,6.283185307179586,0.0,0.028427800902109383,-0.028718784842659006,0.003692704277868724,0,1.427626878281061e-07,0.0,1.427626878281061e-07,1.427626878281061e-07,-0.02842864256751478,0.028140051232185298,4.996307295722131,0.001,5000.0,-2.9809123345876284e+250,1.4999999999929625,0.003723588839471172,5.0,2.5833590030670166,0.0
11.912588357925415,1.427626878281061e-07,-9.844280932232273e-07,6.283185307179586,0.0,0.028140051232185298,-0.02842864256751478,0.0036553207468307944,0,1.427626878281061e-07,0.0,1.427626878281061e-07,1.427626878281061e-07,-0.028140892897590693,0.02785577098617456,4.996344679253169,0.001,5000.0,-2.9809123345876284e+250,1.4999999999936664,0.003700594599289893,5.0,2.5833590030670166,0.0
11.922656774520874,1.2484027601210335e-07,-8.906745763517052e-07,6.283185307179586,0.0,0.02785577098617456,-0.028140892897590693,0.003618399009088532,0,1.2484027601210335e-07,0.0,1.2484027601210335e-07,1.2484027601210335e-07,-0.0278565368204749,0.027575299768559276,4.996381600990912,0.001,5000.0,-2.9809123345876284e+250,1.4999999999942997,0.003667084828305041,5.0,2.6170830726623535,3.349490883258347
11.932722091674805,1.2484027601210335e-07,-8.906745763517052e-07,6.283185307179586,0.0,0.027575299768559276,-0.0278565368204749,0.00358197659939355,0,1.2484027601210335e-07,0.0,1.2484027601210335e-07,1.2484027601210335e-07,-0.027576065602859617,0.027297737922408895,4.996418023400606,0.001,5000.0,-2.9809123345876284e+250,1.4999999999948699,0.003618605269756288,5.0,2.6170830726623535,0.0
11.942798852920532,1.2484027601210335e-07,-8.906745763517052e-07,6.283185307179586,0.0,0.027297737922408895,-0.027576065602859617,0.003545922653108649,0,1.2484027601210335e-07,0.0,1.2484027601210335e-07,1.2484027601210335e-07,-0.027298503756709235,0.02702265741768694,4.9964540773468915,0.001,5000.0,-2.9809123345876284e+250,1.4999999999953828,0.003577929992157705,5.0,2.6170830726623535,0.0
11.952889680862427,1.0208119455548981e-07,-7.538618166079634e-07,6.283185307179586,0.0,0.02702265741768694,-0.027298503756709235,0.00351018700090908,0,1.0208119455548981e-07,0.0,1.0208119455548981e-07,1.0208119455548981e-07,-0.02702330919830899,0.026749969854146186,4.996489812999091,0.001,5000.0,-2.9809123345876284e+250,1.4999999999958447,0.003541399417901489,5.0,2.6170830726623535,0.0
11.962957382202148,1.0208119455548981e-07,-7.538618166079634e-07,6.283185307179586,0.0,0.026749969854146186,-0.02702330919830899,0.0034747626875973763,0,1.0208119455548981e-07,0.0,1.0208119455548981e-07,1.0208119455548981e-07,-0.026750621634768237,0.026480652584875444,4.996525237312403,0.001,5000.0,-2.9809123345876284e+250,1.4999999999962603,0.003518609870948233,5.0,2.646120071411133,2.8841736329836363
11.973024129867554,8.926877057430483e-08,-6.368788579383503e-07,6.283185307179586,0.0,0.026480652584875444,-0.026750621634768237,0.00343978514553488,0,8.926877057430483e-08,0.0,8.926877057430483e-08,8.926877057430483e-08,-0.02648120019496281,0.026214073024635673,4.996560214854465,0.001,5000.0,-2.9809123345876284e+250,1.4999999999966342,0.0034745623139733426,5.0,2.646120071411133,0.0
11.983092308044434,8.926877057430483e-08,-6.368788579383503e-07,6.283185307179586,0.0,0.026214073024635673,-0.02648120019496281,0.0034051582214993663,0,8.926877057430483e-08,0.0,8.926877057430483e-08,8.926877057430483e-08,-0.02621462063472304,0.02595013955324597,4.9965948417785,0.001,5000.0,-2.9809123345876284e+250,1.4999999999969709,0.00343924426318055,5.0,2.646120071411133,0.0
11.993160009384155,7.80711613067302e-08,-5.569662299605734e-07,6.283185307179586,0.0,0.02595013955324597,-0.02621462063472304,0.003370873331107206,0,7.80711613067302e-08,0.0,7.80711613067302e-08,7.80711613067302e-08,-0.025950618448314623,0.025688876477127268,4.996629126668893,0.001,5000.0,-2.9809123345876284e+250,1.4999999999972737,0.003405433796182544,5.0,2.646120071411133,0.0
