t,ins_ref,ins_vel_ref,tws_ref,tws_vel_ref,xm,xm_dot,pm,mode_impedance,xr,dx,xc,x_ref,v_cmd,x_cmd,dF,ke_hat,be_hat,xe_hat,hysteresis_current,dfdt_abs,f_safe,tws_meas,tws_meas_vel
0.0,0.0,0.0,0.0,0.0,0.0033670321572571993,0.0,0.00047138450201600796,0,0.0,0.0,0.0,0.0,-0.0033670321572571993,0.0033333618356846274,4.999528615497984,100.0,0.5,0.0,0.2,0.0,5.0,-1.4930169600635423e-10,0.0
0.010081052780151367,0.0,0.0,0.0,0.0,0.0033333618356846274,-0.0033670321572571993,0.0004330003354232759,0,0.0,0.0,0.0,0.0,-0.0033333618356846274,0.003299758039083748,4.999566999664577,100.0,0.5,0.0,0.33000000000000007,0.00380755536448602,5.0,-1.4930169600635423e-10,0.0
0.020151376724243164,0.0,0.0,0.0,0.0,0.003299758039083748,-0.0033333618356846274,0.00042863250711487844,0,0.0,0.0,0.0,0.0,-0.003299758039083748,0.0032665284066930532,4.999571367492885,100.0,0.5,0.0,0.4470000000000001,0.00043373265176440117,5.0,-1.4930169600635423e-10,0.0
0.03022289276123047,0.0,0.0,0.0,0.0,0.0032665284066930532,-0.003299758039083748,0.00042431639654619003,0,0.0,0.0,0.0,0.0,-0.0032665284066930532,0.003233629513459769,4.999575683603454,100.0,0.5,0.0,0.5523000000000001,0.00042854626382340396,5.0,-1.4930169600635423e-10,0.0
0.040296316146850586,-0.01285530845207286,-0.6390938704457021,-0.0462178150157356,-2.2976906693504633,0.003233629513459769,-0.0032665284066930532,0.00042004284781743716,0,-0.01285530845207286,0.0,-0.01285530845207286,-0.01285530845207286,-0.6551828084112348,-0.0033663043106462284,4.999579957152182,100.0,0.5,0.0,0.6470700000000001,0.00042423995946138743,5.0,-1.3860380898567115e-10,1.0619912031052316e-09
0.05048394203186035,-0.01285530845207286,-0.6390938704457021,-0.0462178150157356,-2.2976906693504633,-0.0033663043106462284,-0.6551828084112348,0.0,0,-0.01285530845207286,0.0,-0.01285530845207286,-0.01285530845207286,-0.6485828745871287,-0.009973823992364104,5.0,100.0,0.5,0.0,0.7323630000000002,0.04123069030592249,5.0,-1.3860380898567115e-10,0.0
0.0651087760925293,-0.04397190840153223,-1.0321761383254027,-0.154168062759216,-3.580843344970665,-0.009973823992364104,-0.6485828745871287,0.0,0,-0.04397190840153223,0.0,-0.04397190840153223,-0.04397190840153223,-1.0661742227345707,-0.025566445079619894,5.0,100.0,0.5,0.0,0.8091267000000002,0.0,5.0,-1.3860380898567115e-10,0.0
0.07518386840820312,-0.04397190840153223,-1.0321761383254027,-0.154168062759216,-3.580843344970665,-0.025566445079619894,-1.0661742227345707,0.0,0,-0.04397190840153223,0.0,-0.04397190840153223,-0.04397190840153223,-1.050581601647315,-0.036151151701365056,5.0,100.0,0.5,0.0,0.8782140300000002,0.0,5.0,9.588031701923683e-09,9.65414033554573e-07
0.08528518676757812,-0.06160431718484635,-0.8718310309035882,-0.21533872085054617,-3.0245713197894393,-0.036151151701365056,-1.050581601647315,0.0,0,-0.06160431718484635,0.0,-0.06160431718484635,-0.06160431718484635,-0.8972841963870695,-0.045214905027906795,5.0,100.0,0.5,0.0,0.9403926270000003,0.0,5.0,9.588031701923683e-09,0.0
0.09536123275756836,-0.06160431718484635,-0.8718310309035882,-0.21533872085054617,-3.0245713197894393,-0.045214905027906795,-0.8972841963870695,0.0,0,-0.06160431718484635,0.0,-0.06160431718484635,-0.06160431718484635,-0.8882204430605277,-0.054164655061434176,5.0,100.0,0.5,0.0,0.9963533643000003,0.0,5.0,9.588031701923683e-09,0.0
0.10543704032897949,-0.05390237999072325,0.3844510214699957,-0.3544907154228535,-6.945931277358549,-0.054164655061434176,-0.8882204430605277,0.0,0,-0.05390237999072325,0.0,-0.05390237999072325,-0.05390237999072325,0.38471329654070663,-0.050288357915326785,5.0,100.0,0.5,0.0,1.0467180278700003,0.0,5.0,9.588031701923683e-09,0.0
0.11559176445007324,-0.05390237999072325,0.3844510214699957,-0.3544907154228535,-6.945931277358549,-0.050288357915326785,0.38471329654070663,0.0,0,-0.05390237999072325,0.0,-0.05390237999072325,-0.05390237999072325,0.38083699939459925,-0.04642106325136947,5.0,100.0,0.5,0.0,1.0920462250830003,0.0,5.0,9.588031701923683e-09,0.0
0.12566304206848145,-0.05390237999072325,0.3844510214699957,-0.3544907154228535,-6.945931277358549,-0.04642106325136947,0.38083699939459925,0.0,0,-0.05390237999072325,0.0,-0.05390237999072325,-0.05390237999072325,0.37696970473064195,-0.04262449670129781,5.0,100.0,0.5,0.0,1.1328416025747003,0.0,5.0,-0.021427858620882034,-2.127621640550157
0.13585710525512695,-0.05390237999072325,0.3844510214699957,-0.3544907154228535,-6.945931277358549,-0.04262449670129781,0.37696970473064195,0.0,0,-0.05390237999072325,0.0,-0.05390237999072325,-0.05390237999072325,0.3731731381805703,-0.038820346151126284,5.0,100.0,0.5,0.0,1.1695574423172306,0.0,5.0,-0.021427858620882034,0.0
0.14592885971069336,-0.07120146661360442,-0.4270205761593786,-0.6593057450415575,-7.524229018984961,-0.038820346151126284,0.3731731381805703,0.0,0,-0.07120146661360442,0.0,-0.07120146661360442,-0.07120146661360442,-0.45940169662185676,-0.043447327235972236,5.0,100.0,0.5,0.0,1.2026016980855077,0.0,5.0,-0.021427858620882034,0.0
0.15600156784057617,-0.07120146661360442,-0.4270205761593786,-0.6593057450415575,-7.524229018984961,-0.043447327235972236,-0.45940169662185676,0.0,0,-0.07120146661360442,0.0,-0.07120146661360442,-0.07120146661360442,-0.45477471553701077,-0.04802814021042703,5.0,100.0,0.5,0.0,1.2323415282769568,0.0,5.0,-0.021427858620882034,0.0
0.16608238220214844,-0.07120146661360442,-0.4270205761593786,-0.6593057450415575,-7.524229018984961,-0.04802814021042703,-0.45477471553701077,0.0,0,-0.07120146661360442,0.0,-0.07120146661360442,-0.07120146661360442,-0.450193902562556,-0.05256646136887191,5.0,100.0,0.5,0.0,1.2591073754492612,0.0,5.0,-0.021427858620882034,0.0
0.1762242317199707,-0.12190487093047978,-1.6691821606339337,-0.843244416888649,-6.055355726788509,-0.05256646136887191,-0.450193902562556,0.0,0,-0.12190487093047978,0.0,-0.12190487093047978,-0.12190487093047978,-1.7385205701955415,-0.07019827537543365,5.0,100.0,0.5,0.0,1.2831966379043354,0.0,5.0,-0.021427858620882034,0.0
0.18635034561157227,-0.12190487093047978,-1.6691821606339337,-0.843244416888649,-6.055355726788509,-0.07019827537543365,-1.7385205701955415,0.0,0,-0.12190487093047978,0.0,-0.12190487093047978,-0.12190487093047978,-1.7208887561889799,-0.08762419091537979,5.0,100.0,0.5,0.0,1.3048769741139017,0.0,5.0,-0.06772034615278244,-4.5715945946741385
0.19642305374145508,-0.1503086813948937,-1.4090719573039363,-0.9462860024115753,-5.111744030907317,-0.08762419091537979,-1.7208887561889799,0.0,0,-0.1503086813948937,0.0,-0.1503086813948937,-0.1503086813948937,-1.4717564477834502,-0.1024487640521756,5.0,100.0,0.5,0.0,1.3243892767025116,0.0,5.0,-0.06772034615278244,0.0
0.20649504661560059,-0.1503086813948937,-1.4090719573039363,-0.9462860024115753,-5.111744030907317,-0.1024487640521756,-1.4717564477834502,0.0,0,-0.1503086813948937,0.0,-0.1503086813948937,-0.1503086813948937,-1.4569318746466544,-0.11712297151173215,5.0,100.0,0.5,0.0,1.3419503490322606,0.0,5.0,-0.06772034615278244,0.0
0.21656155586242676,-0.1913434866291089,-2.0360385616633714,-1.0274526809065712,-4.0272760256737,-0.11712297151173215,-1.4569318746466544,0.0,0,-0.1913434866291089,0.0,-0.1913434866291089,-0.1913434866291089,-2.110259076780748,-0.1383659140213444,5.0,100.0,0.5,0.0,1.3577553141290348,0.0,5.0,-0.06772034615278244,0.0
0.22664976119995117,-0.1913434866291089,-2.0360385616633714,-1.0274526809065712,-4.0272760256737,-0.1383659140213444,-2.110259076780748,0.0,0,-0.1913434866291089,0.0,-0.1913434866291089,-0.1913434866291089,-2.089016134271136,-0.1594403377372731,5.0,100.0,0.5,0.0,1.3719797827161315,0.0,5.0,-0.06772034615278244,0.0
0.23672056198120117,-0.22703866095354175,-1.7806847504658292,-1.0980575910962829,-3.522187221726832,-0.1594403377372731,-2.089016134271136,0.0,0,-0.22703866095354175,0.0,-0.22703866095354175,-0.22703866095354175,-1.8482830736820979,-0.17805402835968187,5.0,100.0,0.5,0.0,1.3847818044445184,0.0,5.0,-0.1499449908733368,-8.164658055160984
0.24681711196899414,-0.2548336462883241,-2.7551311190059797,-1.1286569094747525,-3.033105909913709,-0.17805402835968187,-1.8482830736820979,0.0,0,-0.2548336462883241,0.0,-0.2548336462883241,-0.2548336462883241,-2.831910736934622,-0.2066465566761099,5.0,100.0,0.5,0.0,1.3963036240000668,0.0,5.0,-0.1499449908733368,0.0
0.256885290145874,-0.2548336462883241,-2.7551311190059797,-1.1286569094747525,-3.033105909913709,-0.2066465566761099,-2.831910736934622,0.0,0,-0.2548336462883241,0.0,-0.2548336462883241,-0.2548336462883241,-2.803318208618194,-0.2348708638869696,5.0,100.0,0.5,0.0,1.4066732616000603,0.0,5.0,-0.1499449908733368,0.0
0.2669525146484375,-0.2548336462883241,-2.7551311190059797,-1.1286569094747525,-3.033105909913709,-0.2348708638869696,-2.803318208618194,0.0,0,-0.2548336462883241,0.0,-0.2548336462883241,-0.2548336462883241,-2.775093901407334,-0.262808357208132,5.0,100.0,0.5,0.0,1.4160059354400545,0.0,5.0,-0.1499449908733368,0.0
0.2770252227783203,-0.2548336462883241,-2.7551311190059797,-1.1286569094747525,-3.033105909913709,-0.262808357208132,-2.775093901407334,0.0,0,-0.2548336462883241,0.0,-0.2548336462883241,-0.2548336462883241,-2.747156408086172,-0.29047966189392127,5.0,100.0,0.5,0.0,1.424405341896049,0.0,5.0,-0.27191007137298584,-12.108469631698542
0.2870945930480957,-0.3616419873109448,-2.654515488993755,-1.1978331742485742,-1.7192427534657824,-0.29047966189392127,-2.747156408086172,0.0,0,-0.3616419873109448,0.0,-0.3616419873109448,-0.3616419873109448,-2.7256778144107785,-0.31792552104333555,5.0,100.0,0.5,0.0,1.4319648077064442,0.0,5.0,-0.27191007137298584,0.0
0.29714488983154297,-0.38409780647951136,-2.2386987108289427,-1.2123770729520362,-1.4499318432098725,-0.31792552104333555,-2.7256778144107785,0.0,0,-0.38409780647951136,0.0,-0.38409780647951136,-0.38409780647951136,-2.3048709962651186,-0.3410901586033598,5.0,100.0,0.5,0.0,1.4387683269357998,0.0,5.0,-0.27191007137298584,0.0
0.3072388172149658,-0.4101190544793665,-2.5821194419131337,-1.179971837299608,3.2156101428485484,-0.3410901586033598,-2.3048709962651186,0.0,0,-0.4101190544793665,0.0,-0.4101190544793665,-0.4101190544793665,-2.6511483377891403,-0.3678506574076856,5.0,100.0,0.5,0.0,1.4448914942422197,0.0,5.0,-0.27191007137298584,0.0
0.317307710647583,-0.4345257763969421,-2.414083512929497,-1.1495772315048849,3.0063487009369227,-0.3678506574076856,-2.6511483377891403,0.0,0,-0.4345257763969421,0.0,-0.4345257763969421,-0.4345257763969421,-2.4807586319187536,-0.3928291517045207,5.0,100.0,0.5,0.0,1.4504023448179977,0.0,5.0,-0.27191007137298584,0.0
0.3273777961730957,-0.45712523525360976,-2.257472211301921,-1.1214332781529261,2.8113147757730346,-0.3928291517045207,-2.4807586319187536,0.0,0,-0.45712523525360976,0.0,-0.45712523525360976,-0.45712523525360976,-2.3217682948510103,-0.4162095570040942,5.0,100.0,0.5,0.0,1.455362110336198,0.0,5.0,-0.39098963141441345,-11.825079314345242
0.3374519348144531,-0.45712523525360976,-2.257472211301921,-1.1214332781529261,2.8113147757730346,-0.4162095570040942,-2.3217682948510103,0.0,0,-0.45712523525360976,0.0,-0.45712523525360976,-0.45712523525360976,-2.298387889551437,-0.43936383525505224,5.0,100.0,0.5,0.0,1.4598258993025781,0.0,5.0,-0.39098963141441345,0.0
0.3475215435028076,-0.48700730439850687,-1.4837048339455758,-1.048663285229731,3.613176508721368,-0.43936383525505224,-2.298387889551437,0.0,0,-0.48700730439850687,0.0,-0.48700730439850687,-0.48700730439850687,-1.5313483030890305,-0.45478391343273444,5.0,100.0,0.5,0.0,1.4638433093723204,0.0,5.0,-0.39098963141441345,0.0
0.35759449005126953,-0.48700730439850687,-1.4837048339455758,-1.048663285229731,3.613176508721368,-0.45478391343273444,-1.5313483030890305,0.0,0,-0.48700730439850687,0.0,-0.48700730439850687,-0.48700730439850687,-1.5159282249113484,-0.4700537774135712,5.0,100.0,0.5,0.0,1.4674589784350887,0.0,5.0,-0.39098963141441345,0.0
0.36766886711120605,-0.48700730439850687,-1.4837048339455758,-1.048663285229731,3.613176508721368,-0.4700537774135712,-1.5159282249113484,0.0,0,-0.48700730439850687,0.0,-0.48700730439850687,-0.48700730439850687,-1.5006583609305115,-0.48517197557973146,5.0,100.0,0.5,0.0,1.47071308059158,0.0,5.0,-0.39098963141441345,0.0
0.3779323101043701,-0.5126085340029508,-0.8481177462489846,-0.9314495025048559,3.883059164341198,-0.48517197557973146,-1.5006583609305115,0.0,0,-0.5126085340029508,0.0,-0.5126085340029508,-0.5126085340029508,-0.875554304672204,-0.49415817727315403,5.0,100.0,0.5,0.0,1.4736417725324222,0.0,5.0,-0.5006505846977234,-10.684616590782383
0.3879985809326172,-0.5126085340029508,-0.8481177462489846,-0.9314495025048559,3.883059164341198,-0.49415817727315403,-0.875554304672204,0.0,0,-0.5126085340029508,0.0,-0.5126085340029508,-0.5126085340029508,-0.8665681029787814,-0.5028812864888588,5.0,100.0,0.5,0.0,1.4762775952791802,0.0,5.0,-0.5006505846977234,0.0
0.3980684280395508,-0.5126085340029508,-0.8481177462489846,-0.9314495025048559,3.883059164341198,-0.5028812864888588,-0.8665681029787814,0.0,0,-0.5126085340029508,0.0,-0.5126085340029508,-0.5126085340029508,-0.8578449937630767,-0.5115196544175014,5.0,100.0,0.5,0.0,1.4786498357512623,0.0,5.0,-0.5006505846977234,0.0
0.40828943252563477,-0.5126085340029508,-0.8481177462489846,-0.9314495025048559,3.883059164341198,-0.5115196544175014,-0.8578449937630767,0.0,0,-0.5126085340029508,0.0,-0.5126085340029508,-0.5126085340029508,-0.8492066258344341,-0.5201993991497673,5.0,100.0,0.5,0.0,1.4807848521761362,0.0,5.0,-0.5006505846977234,0.0
0.41835784912109375,-0.5210023717719087,-0.2085446977513837,-0.797193933054758,3.335576398194654,-0.5201993991497673,-0.8492066258344341,0.0,0,-0.5210023717719087,0.0,-0.5210023717719087,-0.5210023717719087,-0.20934767037352506,-0.5223071987083768,5.0,100.0,0.5,0.0,1.4827063669585225,0.0,5.0,-0.5768187642097473,-7.565060383613545
0.42843198776245117,-0.5210023717719087,-0.2085446977513837,-0.797193933054758,3.335576398194654,-0.5223071987083768,-0.20934767037352506,0.0,0,-0.5210023717719087,0.0,-0.5210023717719087,-0.5210023717719087,-0.20723987081491554,-0.5243949618989833,5.0,100.0,0.5,0.0,1.4844357302626703,0.0,5.0,-0.5768187642097473,0.0
0.4385039806365967,-0.5210023717719087,-0.2085446977513837,-0.797193933054758,3.335576398194654,-0.5243949618989833,-0.20723987081491554,0.0,0,-0.5210023717719087,0.0,-0.5210023717719087,-0.5210023717719087,-0.2051521076243091,-0.5264612524650912,5.0,100.0,0.5,0.0,1.4859921572364034,0.0,5.0,-0.5768187642097473,0.0
0.44857335090637207,-0.5210023717719087,-0.2085446977513837,-0.797193933054758,3.335576398194654,-0.5264612524650912,-0.2051521076243091,0.0,0,-0.5210023717719087,0.0,-0.5210023717719087,-0.5210023717719087,-0.20308581705820114,-0.5285061987535902,5.0,100.0,0.5,0.0,1.4873929415127631,0.0,5.0,-0.5768187642097473,0.0
0.4586930274963379,-0.5210023717719087,-0.2085446977513837,-0.797193933054758,3.335576398194654,-0.5285061987535902,-0.20308581705820114,0.0,0,-0.5210023717719087,0.0,-0.5210023717719087,-0.5210023717719087,-0.2010408707697022,-0.5305406673471447,5.0,100.0,0.5,0.0,1.4886536473614869,0.0,5.0,-0.5768187642097473,0.0
0.4687614440917969,-0.48272437770586396,0.7609776546520843,-0.827501271953544,-0.6025187117734232,-0.5305406673471447,-0.2010408707697022,0.0,0,-0.48272437770586396,0.0,-0.48272437770586396,-0.48272437770586396,0.808793944293365,-0.5223973929761146,5.0,100.0,0.5,0.0,1.4897882826253381,0.0,5.0,-0.6261090636253357,-4.8955363485673695
0.4790074825286865,-0.48272437770586396,0.7609776546520843,-0.827501271953544,-0.6025187117734232,-0.5223973929761146,0.808793944293365,0.0,0,-0.48272437770586396,0.0,-0.48272437770586396,-0.48272437770586396,0.800650669922335,-0.514193895437569,5.0,100.0,0.5,0.0,1.4908094543628043,0.0,5.0,-0.6261090636253357,0.0
0.4891045093536377,-0.48272437770586396,0.7609776546520843,-0.827501271953544,-0.6025187117734232,-0.514193895437569,0.800650669922335,0.0,0,-0.48272437770586396,0.0,-0.48272437770586396,-0.48272437770586396,0.7924471723837894,-0.5061925350806532,5.0,100.0,0.5,0.0,1.4917285089265238,0.0,5.0,-0.6261090636253357,0.0
0.4991791248321533,-0.48272437770586396,0.7609776546520843,-0.827501271953544,-0.6025187117734232,-0.5061925350806532,0.7924471723837894,0.0,0,-0.48272437770586396,0.0,-0.48272437770586396,-0.48272437770586396,0.7844458120268736,-0.4982895451607505,5.0,100.0,0.5,0.0,1.4925556580338712,0.0,5.0,-0.6261090636253357,0.0
0.5092880725860596,-0.48272437770586396,0.7609776546520843,-0.827501271953544,-0.6025187117734232,-0.4982895451607505,0.7844458120268736,0.0,0,-0.48272437770586396,0.0,-0.48272437770586396,-0.48272437770586396,0.7765428221069709,-0.4904395143434002,5.0,100.0,0.5,0.0,1.4933000922304842,0.0,5.0,-0.6498880386352539,-2.3522700471698115
0.5193521976470947,-0.44363635999841444,0.7773501293114258,-1.088988080397352,-5.200233122036451,-0.4904395143434002,0.7765428221069709,0.0,0,-0.44363635999841444,0.0,-0.44363635999841444,-0.44363635999841444,0.8241532836564116,-0.4821451326272193,5.0,100.0,0.5,0.0,1.493970083007436,0.0,5.0,-0.6498880386352539,0.0
0.5294382572174072,-0.44363635999841444,0.7773501293114258,-1.088988080397352,-5.200233122036451,-0.4821451326272193,0.8241532836564116,0.0,0,-0.44363635999841444,0.0,-0.44363635999841444,-0.44363635999841444,0.8158589019402307,-0.47391633114128034,5.0,100.0,0.5,0.0,1.4945730747066923,0.0,5.0,-0.6498880386352539,0.0
0.5395088195800781,-0.44363635999841444,0.7773501293114258,-1.088988080397352,-5.200233122036451,-0.47391633114128034,0.8158589019402307,0.0,0,-0.44363635999841444,0.0,-0.44363635999841444,-0.44363635999841444,0.8076301004542916,-0.46578304184868524,5.0,100.0,0.5,0.0,1.4951157672360234,0.0,5.0,-0.6498880386352539,0.0
0.5495791435241699,-0.4257473098764522,0.5926941386527642,-1.2086603200461719,-3.9649413756309797,-0.46578304184868524,0.8076301004542916,0.0,0,-0.4257473098764522,0.0,-0.4257473098764522,-0.4257473098764522,0.6327298706249973,-0.45941124708238823,5.0,100.0,0.5,0.0,1.495604190512421,0.0,5.0,-0.6498880386352539,0.0
0.5596544742584229,-0.4257473098764522,0.5926941386527642,-1.2086603200461719,-3.9649413756309797,-0.45941124708238823,0.6327298706249973,0.0,0,-0.4257473098764522,0.0,-0.4257473098764522,-0.4257473098764522,0.6263580758587002,-0.4531004823100415,5.0,100.0,0.5,0.0,1.4960437714611792,0.0,5.0,-0.674574613571167,-2.450199957405523
0.5697314739227295,-0.4775696291775224,-2.577445555415633,-1.2920688650819447,-4.14842458974425,-0.4531004823100415,0.6263580758587002,0.0,0,-0.4775696291775224,0.0,-0.4775696291775224,-0.4775696291775224,-2.6019147022831137,-0.479319975891503,5.0,100.0,0.5,0.0,1.4964393943150611,0.0,5.0,-0.674574613571167,0.0
0.5798032283782959,-0.5010036643141634,-2.3295759222069155,-1.3297861807371716,-3.7494759177564605,-0.479319975891503,-2.6019147022831137,0.0,0,-0.5010036643141634,0.0,-0.5010036643141634,-0.5010036643141634,-2.351259610629576,-0.5030012853510547,5.0,100.0,0.5,0.0,1.496795454883555,0.0,5.0,-0.674574613571167,0.0
0.5898780822753906,-0.5010036643141634,-2.3295759222069155,-1.3297861807371716,-3.7494759177564605,-0.5030012853510547,-2.351259610629576,0.0,0,-0.5010036643141634,0.0,-0.5010036643141634,-0.5010036643141634,-2.327578301170024,-0.5264512966693906,5.0,100.0,0.5,0.0,1.4971159093951996,0.0,5.0,-0.674574613571167,0.0
0.5999505519866943,-0.5010036643141634,-2.3295759222069155,-1.3297861807371716,-3.7494759177564605,-0.5264512966693906,-2.327578301170024,0.0,0,-0.5010036643141634,0.0,-0.5010036643141634,-0.5010036643141634,-2.3041282898516884,-0.5496595590798797,5.0,100.0,0.5,0.0,1.4974043184556796,0.0,5.0,-0.7321741580963135,-5.7185125571046465
0.6100192070007324,-0.6664582488690612,-5.478887320719283,-1.4468444007235435,-3.8762830234933885,-0.5496595590798797,-2.3041282898516884,0.0,0,-0.6664582488690612,0.0,-0.6664582488690612,-0.6664582488690612,-5.595686010508465,-0.6060005910865686,5.0,100.0,0.5,0.0,1.4976638866101117,0.0,5.0,-0.7321741580963135,0.0
0.6200869083404541,-0.6664582488690612,-5.478887320719283,-1.4468444007235435,-3.8762830234933885,-0.6060005910865686,-5.595686010508465,0.0,0,-0.6664582488690612,0.0,-0.6664582488690612,-0.6664582488690612,-5.539344978501776,-0.6617690619478115,5.0,100.0,0.5,0.0,1.4978974979491007,0.0,5.0,-0.7321741580963135,0.0
0.6301898956298828,-0.7595143474296889,-4.6287512916823035,-1.5126810850661836,-3.2748164000506725,-0.6617690619478115,-5.539344978501776,0.0,0,-0.7595143474296889,0.0,-0.7595143474296889,-0.7595143474296889,-4.7264965771641805,-0.7095207967904293,5.0,100.0,0.5,0.0,1.4981077481541907,0.0,5.0,-0.7321741580963135,0.0
0.6402711868286133,-0.8277535164988687,-6.774659623734543,-1.545631474151428,-3.2712542307753587,-0.7095207967904293,-4.7264965771641805,0.0,0,-0.8277535164988687,0.0,-0.8277535164988687,-0.8277535164988687,-6.892892343442982,-0.7790100517061778,5.0,100.0,0.5,0.0,1.4982969733387717,0.0,5.0,-0.7321741580963135,0.0
0.6503419876098633,-0.8913797217810278,-6.335287420942471,-1.5763544188862824,-3.059096239511399,-0.7790100517061778,-6.892892343442982,0.0,0,-0.8913797217810278,0.0,-0.8913797217810278,-0.8913797217810278,-6.447657091017321,-0.8439431217756271,5.0,100.0,0.5,0.0,1.4984672760048947,0.0,5.0,-0.8152364492416382,-8.247833806818182
0.6604869365692139,-0.8913797217810278,-6.335287420942471,-1.5763544188862824,-3.059096239511399,-0.8439431217756271,-6.447657091017321,0.0,0,-0.8913797217810278,0.0,-0.8913797217810278,-0.8913797217810278,-6.3827240209478715,-0.9086955311897642,5.0,100.0,0.5,0.0,1.4986205484044053,0.0,5.0,-0.8152364492416382,0.0
0.670555591583252,-0.8913797217810278,-6.335287420942471,-1.5763544188862824,-3.059096239511399,-0.9086955311897642,-6.3827240209478715,0.0,0,-0.8913797217810278,0.0,-0.8913797217810278,-0.8913797217810278,-6.317971611533735,-0.9723090077347836,5.0,100.0,0.5,0.0,1.4987584935639648,0.0,5.0,-0.8152364492416382,0.0
0.6807184219360352,-1.097367169258745,-6.821206181158845,-1.6306866263938842,-1.7991930781459367,-0.9723090077347836,-6.317971611533735,0.0,0,-1.097367169258745,0.0,-1.097367169258745,-1.097367169258745,-6.946264342682807,-1.0429027138350562,5.0,100.0,0.5,0.0,1.4988826442075682,0.0,5.0,-0.8152364492416382,0.0
0.6909115314483643,-1.1575080061178111,-5.954885566603605,-1.6465496533303243,-1.5706883222761725,-1.0429027138350562,-6.946264342682807,0.0,0,-1.1575080061178111,0.0,-1.1575080061178111,-1.1575080061178111,-6.069490858886359,-1.1047696988437652,5.0,100.0,0.5,0.0,1.4989943797868115,0.0,5.0,-0.9121747016906738,-9.51017472458073
0.701054573059082,-1.1575080061178111,-5.954885566603605,-1.6465496533303243,-1.5706883222761725,-1.1047696988437652,-6.069490858886359,0.0,0,-1.1575080061178111,0.0,-1.1575080061178111,-1.1575080061178111,-6.007623873877651,-1.1657052777780477,5.0,100.0,0.5,0.0,1.4990949418081305,0.0,5.0,-0.9121747016906738,0.0
0.7111682891845703,-1.273971752763912,-5.794251330439802,-1.6007743192688708,2.2773935917832953,-1.1657052777780477,-6.007623873877651,0.0,0,-1.273971752763912,0.0,-1.273971752763912,-1.273971752763912,-5.902517805425666,-1.225401667287763,5.0,100.0,0.5,0.0,1.4991854476273176,0.0,5.0,-0.9121747016906738,0.0
0.7212347984313965,-1.273971752763912,-5.794251330439802,-1.6007743192688708,2.2773935917832953,-1.225401667287763,-5.902517805425666,0.0,0,-1.273971752763912,0.0,-1.273971752763912,-1.273971752763912,-5.842821415915951,-1.284218483098635,5.0,100.0,0.5,0.0,1.4992669028645857,0.0,5.0,-0.9121747016906738,0.0
0.7314751148223877,-1.3733302285229159,-4.9356268408822555,-1.5565779162798397,2.1954538975840037,-1.284218483098635,-5.842821415915951,0.0,0,-1.3733302285229159,0.0,-1.3733302285229159,-1.3733302285229159,-5.024738586306537,-1.3356733960044358,5.0,100.0,0.5,0.0,1.4993402125781272,0.0,5.0,-0.9121747016906738,0.0
0.7415828704833984,-1.3733302285229159,-4.9356268408822555,-1.5565779162798397,2.1954538975840037,-1.3356733960044358,-5.024738586306537,0.0,0,-1.3733302285229159,0.0,-1.3733302285229159,-1.3733302285229159,-4.9732836734007355,-1.3859421322080643,5.0,100.0,0.5,0.0,1.4994061913203147,0.0,5.0,-1.0120408535003662,-9.880150961198254
0.7518024444580078,-1.4601237437211225,-4.316063643012607,-1.5179706294305657,1.9198612562814288,-1.3859421322080643,-4.9732836734007355,0.0,0,-1.4601237437211225,0.0,-1.4601237437211225,-1.4601237437211225,-4.390245254525666,-1.4308085683533671,5.0,100.0,0.5,0.0,1.4994655721882832,0.0,5.0,-1.0120408535003662,0.0
0.7619035243988037,-1.4601237437211225,-4.316063643012607,-1.5179706294305657,1.9198612562814288,-1.4308085683533671,-4.390245254525666,0.0,0,-1.4601237437211225,0.0,-1.4601237437211225,-1.4601237437211225,-4.345378818380363,-1.4747015871708684,5.0,100.0,0.5,0.0,1.4995190149694548,0.0,5.0,-1.0120408535003662,0.0
0.7721152305603027,-1.528655767479123,-3.4091292444645975,-1.564437692907005,-2.3115065967014927,-1.4747015871708684,-4.345378818380363,0.0,0,-1.528655767479123,0.0,-1.528655767479123,-1.528655767479123,-3.463083424772852,-1.5100655775174066,5.0,100.0,0.5,0.0,1.4995671134725095,0.0,5.0,-1.0120408535003662,0.0
0.7821989059448242,-1.528655767479123,-3.4091292444645975,-1.564437692907005,-2.3115065967014927,-1.5100655775174066,-3.463083424772852,0.0,0,-1.528655767479123,0.0,-1.528655767479123,-1.528655767479123,-3.427719434426314,-1.544629587603377,5.0,100.0,0.5,0.0,1.4996104021252585,0.0,5.0,-1.0120408535003662,0.0
0.7924160957336426,-1.5887622176586675,-2.9809478836241836,-1.6051919284115455,-2.0211849429318947,-1.544629587603377,-3.427719434426314,0.0,0,-1.5887622176586675,0.0,-1.5887622176586675,-1.5887622176586675,-3.025080513679474,-1.5755374093380965,5.0,100.0,0.5,0.0,1.499649361912733,0.0,5.0,-1.0938693284988403,-8.00890231950343
0.8024837970733643,-1.6203457537541974,-3.1416532699242175,-1.6585504361965,-5.307636546897168,-1.5755374093380965,-3.025080513679474,0.0,0,-1.6203457537541974,0.0,-1.6203457537541974,-1.6203457537541974,-3.1864616143403186,-1.6076177532017621,5.0,100.0,0.5,0.0,1.4996844257214597,0.0,5.0,-1.0938693284988403,0.0
0.8127086162567139,-1.6203457537541974,-3.1416532699242175,-1.6585504361965,-5.307636546897168,-1.6076177532017621,-3.1864616143403186,0.0,0,-1.6203457537541974,0.0,-1.6203457537541974,-1.6203457537541974,-3.1543812704766525,-1.6398707313277305,5.0,100.0,0.5,0.0,1.4997159831493136,0.0,5.0,-1.0938693284988403,0.0
0.8227882385253906,-1.677607877739539,-2.8424057147616346,-1.7552913925990132,-4.802075581415753,-1.6398707313277305,-3.1543812704766525,0.0,0,-1.677607877739539,0.0,-1.677607877739539,-1.677607877739539,-2.880142861173443,-1.6689014834481848,5.0,100.0,0.5,0.0,1.4997443848343823,0.0,5.0,-1.0938693284988403,0.0
0.8328156471252441,-1.677607877739539,-2.8424057147616346,-1.7552913925990132,-4.802075581415753,-1.6689014834481848,-2.880142861173443,0.0,0,-1.677607877739539,0.0,-1.677607877739539,-1.677607877739539,-2.8511121090529885,-1.6974907495296492,5.0,100.0,0.5,0.0,1.499769946350944,0.0,5.0,-1.1592741012573242,-6.522599743211755
0.8428666591644287,-1.7802671956323237,-5.096155703202428,-1.9538515037625284,-9.856808555763577,-1.6974907495296492,-2.8511121090529885,0.0,0,-1.7802671956323237,0.0,-1.7802671956323237,-1.7802671956323237,-5.178932149305103,-1.7495442589124348,5.0,100.0,0.5,0.0,1.4997929517158495,0.0,5.0,-1.1592741012573242,0.0
0.8529369831085205,-1.7802671956323237,-5.096155703202428,-1.9538515037625284,-9.856808555763577,-1.7495442589124348,-5.178932149305103,0.0,0,-1.7802671956323237,0.0,-1.7802671956323237,-1.7802671956323237,-5.126878639922317,-1.8011735876384973,5.0,100.0,0.5,0.0,1.4998136565442648,0.0,5.0,-1.1592741012573242,0.0
0.8630170822143555,-1.7802671956323237,-5.096155703202428,-1.9538515037625284,-9.856808555763577,-1.8011735876384973,-5.126878639922317,0.0,0,-1.7802671956323237,0.0,-1.7802671956323237,-1.7802671956323237,-5.075249311196255,-1.8523326036821761,5.0,100.0,0.5,0.0,1.4998322908898385,0.0,5.0,-1.1592741012573242,0.0
0.8730597496032715,-1.7802671956323237,-5.096155703202428,-1.9538515037625284,-9.856808555763577,-1.8523326036821761,-5.075249311196255,0.0,0,-1.7802671956323237,0.0,-1.7802671956323237,-1.7802671956323237,-5.024090295152575,-1.902787871448274,5.0,100.0,0.5,0.0,1.4998490618008549,0.0,5.0,-1.1592741012573242,0.0
0.8831291198730469,-2.006222151808476,-5.618671380944666,-2.2542819088792667,-7.4706027597777735,-1.902787871448274,-5.024090295152575,0.0,0,-2.006222151808476,0.0,-2.006222151808476,-2.006222151808476,-5.722105661304868,-1.9604058720747306,5.0,100.0,0.5,0.0,1.4998641556207692,0.0,5.0,-1.2286685705184937,-6.891639437420088
0.8932194709777832,-2.006222151808476,-5.618671380944666,-2.2542819088792667,-7.4706027597777735,-1.9604058720747306,-5.722105661304868,0.0,0,-2.006222151808476,0.0,-2.006222151808476,-2.006222151808476,-5.664487660678412,-2.0175625413994225,5.0,100.0,0.5,0.0,1.4998777400586922,0.0,5.0,-1.2286685705184937,0.0
0.9033570289611816,-2.006222151808476,-5.618671380944666,-2.2542819088792667,-7.4706027597777735,-2.0175625413994225,-5.664487660678412,0.0,0,-2.006222151808476,0.0,-2.006222151808476,-2.006222151808476,-5.60733099135372,-2.074407184456378,5.0,100.0,0.5,0.0,1.499889966052823,0.0,5.0,-1.2286685705184937,0.0
0.9134433269500732,-2.1976264043373845,-6.3326388268717375,-2.316254948172168,-2.0503874373752584,-2.074407184456378,-5.60733099135372,0.0,0,-2.1976264043373845,0.0,-2.1976264043373845,-2.1976264043373845,-6.455858046752744,-2.13952289248991,5.0,100.0,0.5,0.0,1.4999009694475407,0.0,5.0,-1.2286685705184937,0.0
0.9236009120941162,-2.253050502372686,-5.529232359390541,-2.334200211978659,-1.790259776053572,-2.13952289248991,-6.455858046752744,0.0,0,-2.253050502372686,0.0,-2.253050502372686,-2.253050502372686,-5.6427599692733175,-2.196839707325201,5.0,100.0,0.5,0.0,1.4999108725027868,0.0,5.0,-1.2286685705184937,0.0
0.9337096214294434,-2.3195779380486963,-6.624006873961605,-2.3224322941652984,1.1717085995549,-2.196839707325201,-5.6427599692733175,0.0,0,-2.3195779380486963,0.0,-2.3195779380486963,-2.3195779380486963,-6.7467451046851,-2.265040592548004,5.0,100.0,0.5,0.0,1.4999197852525081,0.0,5.0,-1.329461932182312,-9.970942710912993
0.9437758922576904,-2.3819010674570134,-6.194657352713948,-2.3114080684861324,1.095761739016741,-2.265040592548004,-6.7467451046851,0.0,0,-2.3819010674570134,0.0,-2.3819010674570134,-2.3819010674570134,-6.311517827622957,-2.3285740403381663,5.0,100.0,0.5,0.0,1.4999278067272575,0.0,5.0,-1.329461932182312,0.0
0.953845739364624,-2.3819010674570134,-6.194657352713948,-2.3114080684861324,1.095761739016741,-2.3285740403381663,-6.311517827622957,0.0,0,-2.3819010674570134,0.0,-2.3819010674570134,-2.3819010674570134,-6.247984379832795,-2.391490287769592,5.0,100.0,0.5,0.0,1.4999350260545317,0.0,5.0,-1.329461932182312,0.0
0.9639108180999756,-2.3819010674570134,-6.194657352713948,-2.3114080684861324,1.095761739016741,-2.391490287769592,-6.247984379832795,0.0,0,-2.3819010674570134,0.0,-2.3819010674570134,-2.3819010674570134,-6.185068132401369,-2.4537434855057256,5.0,100.0,0.5,0.0,1.4999415234490785,0.0,5.0,-1.329461932182312,0.0
0.9741284847259521,-2.660296180254241,-9.218743715101196,-2.2146748023505034,3.20321423845743,-2.4537434855057256,-6.185068132401369,0.0,0,-2.660296180254241,0.0,-2.660296180254241,-2.660296180254241,-9.425296409849711,-2.5500480220725836,5.0,100.0,0.5,0.0,1.4999473711041706,0.0,5.0,-1.4666169881820679,-13.42332462198992
0.9841961860656738,-2.660296180254241,-9.218743715101196,-2.2146748023505034,3.20321423845743,-2.5500480220725836,-9.425296409849711,0.0,0,-2.660296180254241,0.0,-2.660296180254241,-2.660296180254241,-9.328991873282853,-2.643969526053486,5.0,100.0,0.5,0.0,1.4999526339937534,0.0,5.0,-1.4666169881820679,0.0
0.9943063259124756,-2.660296180254241,-9.218743715101196,-2.2146748023505034,3.20321423845743,-2.643969526053486,-9.328991873282853,0.0,0,-2.660296180254241,0.0,-2.660296180254241,-2.660296180254241,-9.235070369301951,-2.737337378982184,5.0,100.0,0.5,0.0,1.499957370594378,0.0,5.0,-1.4666169881820679,0.0
1.0043745040893555,-2.95046626609649,-9.615111249415282,-2.1214851856814425,3.0879424698882016,-2.737337378982184,-9.235070369301951,0.0,0,-2.95046626609649,0.0,-2.95046626609649,-2.95046626609649,-9.828240136529589,-2.836289851841926,5.0,100.0,0.5,0.0,1.4999616335349404,0.0,5.0,-1.4666169881820679,0.0
1.0144503116607666,-3.0347989437760696,-8.396042804770367,-2.0944013121566303,2.6964323639444094,-2.836289851841926,-9.828240136529589,0.0,0,-3.0347989437760696,0.0,-3.0347989437760696,-3.0347989437760696,-8.59455189670451,-2.9228869029156272,5.0,100.0,0.5,0.0,1.4999654701814462,0.0,5.0,-1.4666169881820679,0.0
1.024519681930542,-3.0347989437760696,-8.396042804770367,-2.0944013121566303,2.6964323639444094,-2.9228869029156272,-8.59455189670451,0.0,0,-3.0347989437760696,0.0,-3.0347989437760696,-3.0347989437760696,-8.50795484563081,-3.0085566504948136,5.0,100.0,0.5,0.0,1.4999689231633018,0.0,5.0,-1.58403480052948,-11.660889330870862
1.0345838069915771,-3.2696381126512124,-11.687215858869786,-1.991897794548481,5.1012816231556,-3.0085566504948136,-8.50795484563081,0.0,0,-3.2696381126512124,0.0,-3.2696381126512124,-3.2696381126512124,-11.948297321026185,-3.1288058090000526,5.0,100.0,0.5,0.0,1.4999720308469717,0.0,5.0,-1.58403480052948,0.0
1.0446548461914062,-3.2696381126512124,-11.687215858869786,-1.991897794548481,5.1012816231556,-3.1288058090000526,-11.948297321026185,0.0,0,-3.2696381126512124,0.0,-3.2696381126512124,-3.2696381126512124,-11.828048162520947,-3.2479265457022675,5.0,100.0,0.5,0.0,1.4999748277622746,0.0,5.0,-1.58403480052948,0.0
1.0547280311584473,-3.2696381126512124,-11.687215858869786,-1.991897794548481,5.1012816231556,-3.2479265457022675,-11.828048162520947,0.0,0,-3.2696381126512124,0.0,-3.2696381126512124,-3.2696381126512124,-11.70892742581873,-3.365872737428199,5.0,100.0,0.5,0.0,1.4999773449860472,0.0,5.0,-1.58403480052948,0.0
1.0647954940795898,-3.6290880793797733,-11.90645085646852,-1.8516088724785253,4.646942025158765,-3.365872737428199,-11.70892742581873,0.0,0,-3.6290880793797733,0.0,-3.6290880793797733,-3.6290880793797733,-12.169666198420096,-3.488390400643475,5.0,100.0,0.5,0.0,1.4999796104874425,0.0,5.0,-1.6587353944778442,-7.420001894567328
1.0748701095581055,-3.6290880793797733,-11.90645085646852,-1.8516088724785253,4.646942025158765,-3.488390400643475,-12.169666198420096,0.0,0,-3.6290880793797733,0.0,-3.6290880793797733,-3.6290880793797733,-12.047148535204819,-3.6097607897482265,5.0,100.0,0.5,0.0,1.4999816494386984,0.0,5.0,-1.6587353944778442,0.0
1.0849418640136719,-3.832589552034508,-10.054860356013675,-1.7721847387160088,3.9242889177238305,-3.6097607897482265,-12.047148535204819,0.0,0,-3.832589552034508,0.0,-3.832589552034508,-3.832589552034508,-10.277689118299957,-3.71327515091839,5.0,100.0,0.5,0.0,1.4999834844948285,0.0,5.0,-1.6587353944778442,0.0
1.0952553749084473,-3.832589552034508,-10.054860356013675,-1.7721847387160088,3.9242889177238305,-3.71327515091839,-10.277689118299957,0.0,0,-3.832589552034508,0.0,-3.832589552034508,-3.832589552034508,-10.174174757129792,-3.818206613121397,5.0,100.0,0.5,0.0,1.4999851360453458,0.0,5.0,-1.6587353944778442,0.0
1.1053228378295898,-4.09868953227047,-13.228685688083633,-1.835545809811598,-3.1498825878927836,-3.818206613121397,-10.174174757129792,0.0,0,-4.09868953227047,0.0,-4.09868953227047,-4.09868953227047,-13.509168607232706,-3.9542096671701756,5.0,100.0,0.5,0.0,1.4999866224408112,0.0,5.0,-1.6587353944778442,0.0
1.1153934001922607,-4.09868953227047,-13.228685688083633,-1.835545809811598,-3.1498825878927836,-3.9542096671701756,-13.509168607232706,0.0,0,-4.09868953227047,0.0,-4.09868953227047,-4.09868953227047,-13.373165553183927,-4.088884964859837,5.0,100.0,0.5,0.0,1.49998796019673,0.0,5.0,-1.7050423622131348,-4.598250432065153
1.1254956722259521,-4.09868953227047,-13.228685688083633,-1.835545809811598,-3.1498825878927836,-4.088884964859837,-13.373165553183927,0.0,0,-4.09868953227047,0.0,-4.09868953227047,-4.09868953227047,-13.238490255494266,-4.222623794736212,5.0,100.0,0.5,0.0,1.499989164177057,0.0,5.0,-1.7050423622131348,0.0
1.135566234588623,-4.499682248023236,-13.278950809681875,-2.019291310791584,-6.084767561009642,-4.222623794736212,-13.238490255494266,0.0,0,-4.499682248023236,0.0,-4.499682248023236,-4.499682248023236,-13.5560092629689,-4.359140431407885,5.0,100.0,0.5,0.0,1.4999902477593516,0.0,5.0,-1.7050423622131348,0.0
1.1456325054168701,-4.499682248023236,-13.278950809681875,-2.019291310791584,-6.084767561009642,-4.359140431407885,-13.5560092629689,0.0,0,-4.499682248023236,0.0,-4.499682248023236,-4.499682248023236,-13.419492626297226,-4.494224678561858,5.0,100.0,0.5,0.0,1.4999912229834167,0.0,5.0,-1.7050423622131348,0.0
1.1557159423828125,-4.7258339260317985,-11.21640440447958,-2.12292000962004,-5.139654077322255,-4.494224678561858,-13.419492626297226,0.0,0,-4.7258339260317985,0.0,-4.7258339260317985,-4.7258339260317985,-11.44801365194952,-4.609660002606539,5.0,100.0,0.5,0.0,1.4999921006850752,0.0,5.0,-1.7050423622131348,0.0
1.165930986404419,-4.8531076779508595,-12.704971958234138,-2.2094355912760784,-8.636329347698508,-4.609660002606539,-11.44801365194952,0.0,0,-4.8531076779508595,0.0,-4.8531076779508595,-4.8531076779508595,-12.948419633578458,-4.741928679173775,5.0,100.0,0.5,0.0,1.4999928906165678,0.0,5.0,-1.7143744230270386,-0.9135605088108297
1.1759989261627197,-4.8531076779508595,-12.704971958234138,-2.2094355912760784,-8.636329347698508,-4.741928679173775,-12.948419633578458,0.0,0,-4.8531076779508595,0.0,-4.8531076779508595,-4.8531076779508595,-12.816150957011223,-4.870960914942253,5.0,100.0,0.5,0.0,1.4999936015549111,0.0,5.0,-1.7143744230270386,0.0
1.1860642433166504,-5.084769757891775,-11.495955946907335,-2.3669101631460268,-7.8144888513335236,-4.870960914942253,-12.816150957011223,0.0,0,-5.084769757891775,0.0,-5.084769757891775,-5.084769757891775,-11.709764789856857,-4.988823411350093,5.0,100.0,0.5,0.0,1.49999424139942,0.0,5.0,-1.7143744230270386,0.0
1.1961333751678467,-5.084769757891775,-11.495955946907335,-2.3669101631460268,-7.8144888513335236,-4.988823411350093,-11.709764789856857,0.0,0,-5.084769757891775,0.0,-5.084769757891775,-5.084769757891775,-11.591902293449017,-5.105543803949015,5.0,100.0,0.5,0.0,1.499994817259478,0.0,5.0,-1.7143744230270386,0.0
1.20625901222229,-5.300616989770543,-10.74191870026155,-2.513232413287011,-7.281917406921353,-5.105543803949015,-11.591902293449017,0.0,0,-5.300616989770543,0.0,-5.300616989770543,-5.300616989770543,-10.936991886083078,-5.216287814254884,5.0,100.0,0.5,0.0,1.49999533553353,0.0,5.0,-1.7567552328109741,-4.185495643983988
1.2163238525390625,-5.300616989770543,-10.74191870026155,-2.513232413287011,-7.281917406921353,-5.216287814254884,-10.936991886083078,0.0,0,-5.300616989770543,0.0,-5.300616989770543,-5.300616989770543,-10.82624787577721,-5.325252270354379,5.0,100.0,0.5,0.0,1.4999958019801771,0.0,5.0,-1.7567552328109741,0.0
1.226576328277588,-5.300616989770543,-10.74191870026155,-2.513232413287011,-7.281917406921353,-5.325252270354379,-10.82624787577721,0.0,0,-5.300616989770543,0.0,-5.300616989770543,-5.300616989770543,-10.717283419677713,-5.435130958597525,5.0,100.0,0.5,0.0,1.4999962217821596,0.0,5.0,-1.7567552328109741,0.0
1.2366523742675781,-5.59455643144401,-9.738782058934804,-2.705040192037876,-6.354962586266868,-5.435130958597525,-10.717283419677713,0.0,0,-5.59455643144401,0.0,-5.59455643144401,-5.59455643144401,-9.898207531781289,-5.534865752906221,5.0,100.0,0.5,0.0,1.4999965996039437,0.0,5.0,-1.7567552328109741,0.0
1.2468516826629639,-5.59455643144401,-9.738782058934804,-2.705040192037876,-6.354962586266868,-5.534865752906221,-9.898207531781289,0.0,0,-5.59455643144401,0.0,-5.59455643144401,-5.59455643144401,-9.798472737472594,-5.634803398159484,5.0,100.0,0.5,0.0,1.4999969396435495,0.0,5.0,-1.8415608406066895,-8.314839056546436
1.2569193840026855,-5.760049061055288,-8.227853423291025,-2.8130310540489742,-5.369018461844609,-5.634803398159484,-9.798472737472594,0.0,0,-5.760049061055288,0.0,-5.760049061055288,-5.760049061055288,-8.35309908618683,-5.718899905020315,5.0,100.0,0.5,0.0,1.4999972456791948,0.0,5.0,-1.8415608406066895,0.0
1.2672655582427979,-5.842999557330559,-8.243368201899111,-2.8615873886814285,-4.8253809547041016,-5.718899905020315,-8.35309908618683,0.0,0,-5.842999557330559,0.0,-5.842999557330559,-5.842999557330559,-8.367467854209355,-5.8054711853885035,5.0,100.0,0.5,0.0,1.4999975211112755,0.0,5.0,-1.8415608406066895,0.0
1.2773363590240479,-5.842999557330559,-8.243368201899111,-2.8615873886814285,-4.8253809547041016,-5.8054711853885035,-8.367467854209355,0.0,0,-5.842999557330559,0.0,-5.842999557330559,-5.842999557330559,-8.280896573841167,-5.888866445073794,5.0,100.0,0.5,0.0,1.499997769000148,0.0,5.0,-1.8415608406066895,0.0
1.287416696548462,-5.993483737692368,-7.457099982611938,-2.949675592449257,-4.365126893777454,-5.888866445073794,-8.280896573841167,0.0,0,-5.993483737692368,0.0,-5.993483737692368,-5.993483737692368,-7.561717275230512,-5.96509110747231,5.0,100.0,0.5,0.0,1.4999979921001332,0.0,5.0,-1.9349167346954346,-9.261187322611164
1.2974915504455566,-6.061040406927961,-6.753902083270362,-2.98597675434402,-3.629167863370674,-5.96509110747231,-7.561717275230512,0.0,0,-6.061040406927961,0.0,-6.061040406927961,-6.061040406927961,-6.849851382726013,-6.034102359370087,5.0,100.0,0.5,0.0,1.49999819289012,0.0,5.0,-1.9349167346954346,0.0
1.3075692653656006,-6.124574024371221,-6.3170705901937865,-3.0201161540311885,-3.3944391396142883,-6.034102359370087,-6.849851382726013,0.0,0,-6.124574024371221,0.0,-6.124574024371221,-6.124574024371221,-6.40754225519492,-6.098675743556077,5.0,100.0,0.5,0.0,1.499998373601108,0.0,5.0,-1.9349167346954346,0.0
1.3176515102386475,-6.124574024371221,-6.3170705901937865,-3.0201161540311885,-3.3944391396142883,-6.098675743556077,-6.40754225519492,0.0,0,-6.124574024371221,0.0,-6.124574024371221,-6.124574024371221,-6.34296887100893,-6.162627108935703,5.0,100.0,0.5,0.0,1.499998536240997,0.0,5.0,-1.9349167346954346,0.0
1.3277294635772705,-6.239564314117284,-5.715791851756558,-3.08190548100112,-3.071345697103522,-6.162627108935703,-6.34296887100893,0.0,0,-6.239564314117284,0.0,-6.239564314117284,-6.239564314117284,-5.792729056938139,-6.221005962074811,5.0,100.0,0.5,0.0,1.4999986826168974,0.0,5.0,-1.9349167346954346,0.0
1.3377997875213623,-6.283851579081733,-4.406981081600228,-3.0947153976600608,-1.2747018904451055,-6.221005962074811,-5.792729056938139,0.0,0,-6.283851579081733,0.0,-6.283851579081733,-6.283851579081733,-4.46982669860715,-6.266018564903735,5.0,100.0,0.5,0.0,1.4999988143552079,0.0,5.0,-2.0587682723999023,-12.29866470950329
1.3478758335113525,-6.325306049777323,-4.121279296887712,-3.106705939753308,-1.1920637764316477,-6.266018564903735,-4.46982669860715,0.0,0,-6.325306049777323,0.0,-6.325306049777323,-6.325306049777323,-4.1805667817613,-6.308142148060988,5.0,100.0,0.5,0.0,1.499998932919687,0.0,5.0,-2.0587682723999023,0.0
1.357950210571289,-6.325306049777323,-4.121279296887712,-3.106705939753308,-1.1920637764316477,-6.308142148060988,-4.1805667817613,0.0,0,-6.325306049777323,0.0,-6.325306049777323,-6.325306049777323,-4.1384431986040475,-6.349834385284854,5.0,100.0,0.5,0.0,1.4999990396277183,0.0,5.0,-2.0587682723999023,0.0
1.3680789470672607,-6.376826842033314,-2.561932292911138,-2.3100271992082524,39.615792054145786,-6.349834385284854,-4.1384431986040475,0.0,0,-6.376826842033314,0.0,-6.376826842033314,-6.376826842033314,-2.5889247496595975,-6.376056921882055,5.0,100.0,0.5,0.0,1.4999991356649467,0.0,5.0,-2.0587682723999023,0.0
1.378171443939209,-6.400380949619678,-2.3146311715926924,-1.9458042137904312,35.79171371139846,-6.376056921882055,-2.5889247496595975,0.0,0,-6.400380949619678,0.0,-6.400380949619678,-6.400380949619678,-2.3389551993303153,-6.399662819914923,5.0,100.0,0.5,0.0,1.499999222098452,0.0,5.0,-2.0587682723999023,0.0
1.388244867324829,-6.400380949619678,-2.3146311715926924,-1.9458042137904312,35.79171371139846,-6.399662819914923,-2.3389551993303153,0.0,0,-6.400380949619678,0.0,-6.400380949619678,-6.400380949619678,-2.3153493012974478,-6.422986313712491,5.0,100.0,0.5,0.0,1.4999992998886067,0.0,5.0,-2.1654059886932373,-10.586045300702942
1.3984754085540771,-6.400380949619678,-2.3146311715926924,-1.9458042137904312,35.79171371139846,-6.422986313712491,-2.3153493012974478,0.0,0,-6.400380949619678,0.0,-6.400380949619678,-6.400380949619678,-2.292025807499879,-6.4464349782346195,5.0,100.0,0.5,0.0,1.4999993698997462,0.0,5.0,-2.1654059886932373,0.0
1.408548355102539,-6.131088915748321,8.929078032781815,-0.9255042043190912,33.830701452422836,-6.4464349782346195,-2.292025807499879,0.0,0,-6.131088915748321,0.0,-6.131088915748321,-6.131088915748321,9.244424095268114,-6.35331638845167,5.0,100.0,0.5,0.0,1.499999432909772,0.0,5.0,-2.1654059886932373,0.0
1.418626308441162,-6.131088915748321,8.929078032781815,-0.9255042043190912,33.830701452422836,-6.35331638845167,9.244424095268114,0.0,0,-6.131088915748321,0.0,-6.131088915748321,-6.131088915748321,9.151305505485166,-6.261089958579906,5.0,100.0,0.5,0.0,1.4999994896187947,0.0,5.0,-2.1654059886932373,0.0
1.4287316799163818,-5.5208121139491535,30.31690292538822,-0.41695330092166244,25.263435092838517,-6.261089958579906,9.151305505485166,0.0,0,-5.5208121139491535,0.0,-5.5208121139491535,-5.5208121139491535,31.057180770018974,-5.9472456099258135,5.0,100.0,0.5,0.0,1.499999540656915,0.0,5.0,-2.185506820678711,-1.9891235106759466
1.4388139247894287,-5.5208121139491535,30.31690292538822,-0.41695330092166244,25.263435092838517,-5.9472456099258135,31.057180770018974,0.0,0,-5.5208121139491535,0.0,-5.5208121139491535,-5.5208121139491535,30.74333642136488,-5.637283763911152,5.0,100.0,0.5,0.0,1.4999995865912235,0.0,5.0,-2.185506820678711,0.0
1.4488825798034668,-5.5208121139491535,30.31690292538822,-0.41695330092166244,25.263435092838517,-5.637283763911152,30.74333642136488,0.0,0,-5.5208121139491535,0.0,-5.5208121139491535,-5.5208121139491535,30.433374575350218,-5.3308606143989525,5.0,100.0,0.5,0.0,1.4999996279321013,0.0,5.0,-2.185506820678711,0.0
1.4589719772338867,-5.5208121139491535,30.31690292538822,-0.41695330092166244,25.263435092838517,-5.3308606143989525,30.433374575350218,0.0,0,-5.5208121139491535,0.0,-5.5208121139491535,-5.5208121139491535,30.12695142583802,-5.0268978280967165,5.0,100.0,0.5,0.0,1.4999996651388914,0.0,5.0,-2.185506820678711,0.0
1.4690494537353516,-5.5208121139491535,30.31690292538822,-0.41695330092166244,25.263435092838517,-5.0268978280967165,30.12695142583802,0.0,0,-5.5208121139491535,0.0,-5.5208121139491535,-5.5208121139491535,29.822988639535783,-4.726357360878342,5.0,100.0,0.5,0.0,1.4999996986250022,0.0,5.0,-2.010378837585449,17.37815841771553
1.479116678237915,-0.8883762164728268,92.07104365959763,0.8426490948119426,25.034972903673122,-4.726357360878342,29.822988639535783,0.0,0,-0.8883762164728268,0.0,-0.8883762164728268,-0.8883762164728268,95.90902480400315,-3.7608196763545116,5.0,100.0,0.5,0.0,1.4999997287625022,0.0,5.0,-2.010378837585449,0.0
1.4891865253448486,-0.8883762164728268,92.07104365959763,0.8426490948119426,25.034972903673122,-3.7608196763545116,95.90902480400315,0.0,0,-0.8883762164728268,0.0,-0.8883762164728268,-0.8883762164728268,94.94348711947931,-2.804753277262236,5.0,100.0,0.5,0.0,1.4999997558862521,0.0,5.0,-2.010378837585449,0.0
1.4992549419403076,-0.8883762164728268,92.07104365959763,0.8426490948119426,25.034972903673122,-2.804753277262236,94.94348711947931,0.0,0,-0.8883762164728268,0.0,-0.8883762164728268,-0.8883762164728268,93.98742072038705,-1.8584487707167057,5.0,100.0,0.5,0.0,1.4999997802976268,0.0,5.0,-2.010378837585449,0.0
1.509324073791504,4.328548764963296,172.91920656022518,3.128345958410571,75.76127498422788,-1.8584487707167057,93.98742072038705,0.0,0,4.328548764963296,0.0,4.328548764963296,4.328548764963296,100.0,-0.8515355855970768,5.0,100.0,0.5,0.0,1.499999802267864,0.0,5.0,-1.7889082431793213,21.99500390689745
1.5193922519683838,4.328548764963296,172.91920656022518,3.128345958410571,75.76127498422788,-0.8515355855970768,100.0,0.0,0,4.328548764963296,0.0,4.328548764963296,4.328548764963296,100.0,0.15528223209091163,5.0,100.0,0.5,0.0,1.4999998220410777,0.0,5.0,-1.7889082431793213,0.0
1.529461145401001,4.328548764963296,172.91920656022518,3.128345958410571,75.76127498422788,0.15528223209091163,100.0,1.0217395124927275,0,4.328548764963296,0.0,4.328548764963296,4.328548764963296,100.0,1.1621715753526303,3.9782604875072725,100.0,0.5,0.0,1.3549998398369698,101.47485613293941,5.0,-1.7889082431793213,0.0
1.539539098739624,4.328548764963296,172.91920656022518,3.128345958410571,75.76127498422788,1.1621715753526303,100.0,1.1627040205493682,0,4.328548764963296,0.0,4.328548764963296,4.328548764963296,100.0,2.169966909214935,3.837295979450632,100.0,0.5,0.0,1.2244998558532727,13.987414241779039,5.0,-1.7889082431793213,0.0
1.549616813659668,4.328548764963296,172.91920656022518,3.128345958410571,75.76127498422788,2.169966909214935,100.0,1.3037953672900908,0,4.328548764963296,0.0,4.328548764963296,4.328548764963296,100.0,3.1777384012193295,3.696204632709909,100.0,0.5,0.0,1.1070498702679454,14.000331211999338,5.0,-1.7889082431793213,0.0
1.5596845149993896,4.328548764963296,172.91920656022518,3.128345958410571,75.76127498422788,3.1777384012193295,100.0,1.444883376170706,0,4.328548764963296,0.0,4.328548764963296,4.328548764963296,100.0,4.1845085351914975,3.555116623829294,100.0,0.5,0.0,1.001344883241151,14.0139247400952,5.0,-1.423147201538086,36.33014422052241
1.5697543621063232,4.328548764963296,172.91920656022518,3.128345958410571,75.76127498422788,4.1845085351914975,100.0,1.5858311949268096,0,4.328548764963296,0.0,4.328548764963296,4.328548764963296,100.0,5.191493245884856,3.4141688050731904,100.0,0.5,0.0,0.9062103949170358,13.997016762951038,5.0,-1.423147201538086,0.0
1.579857587814331,20.618663235399538,231.22531179586935,6.283185307179586,44.780453409880664,5.191493245884856,100.0,1.7268090544238799,0,20.618663235399538,0.0,20.618663235399538,20.618663235399538,100.0,6.201815816685636,3.27319094557612,100.0,0.5,0.0,0.8205893554253323,13.953747404191052,5.0,-1.423147201538086,0.0
1.5899324417114258,20.618663235399538,231.22531179586935,6.283185307179586,44.780453409880664,6.201815816685636,100.0,1.8682542143359893,0,20.618663235399538,0.0,20.618663235399538,20.618663235399538,100.0,7.209301206395108,3.1317457856640107,100.0,0.5,0.0,0.7435304198827991,14.039425420640367,5.0,-1.423147201538086,0.0
1.6000027656555176,25.521444740045464,243.95567930981716,6.283185307179586,0.0,7.209301206395108,100.0,2.0093021688953154,0,25.521444740045464,0.0,25.521444740045464,25.521444740045464,100.0,8.216333600804287,2.9906978311046846,100.0,0.5,0.0,0.6741773778945193,14.006297646668877,5.0,-0.8325574398040771,58.646550499550166
1.6101970672607422,25.521444740045464,243.95567930981716,6.283185307179586,0.0,8.216333600804287,100.0,2.1502867041126006,0,25.521444740045464,0.0,25.521444740045464,25.521444740045464,100.0,9.235763761326748,2.8497132958873994,100.0,0.5,0.0,0.6117596401050673,13.82973946395996,5.0,-0.8325574398040771,0.0
1.6202671527862549,29.806363832102814,213.37623222078773,1.0616608087824382,-260.01639703810076,9.235763761326748,100.0,2.293006926585745,0,29.806363832102814,0.0,29.806363832102814,29.806363832102814,100.0,10.242772313878017,2.706993073414255,100.0,0.5,0.0,0.5555836760945606,14.172692189312688,5.0,-0.8325574398040771,0.0
1.6303431987762451,32.07177857701897,225.27948518803206,-1.6730417010078527,-271.94683663576876,10.242772313878017,100.0,2.433988123942923,0,32.07177857701897,0.0,32.07177857701897,32.07177857701897,100.0,11.25037691287704,2.566011876057077,100.0,0.5,0.0,0.5050253084851045,13.991718328522076,5.0,-0.8325574398040771,0.0
1.640413522720337,32.07177857701897,225.27948518803206,-1.6730417010078527,-271.94683663576876,11.25037691287704,100.0,2.575052767802786,0,32.07177857701897,0.0,32.07177857701897,32.07177857701897,100.0,12.25740930728622,2.424947232197214,100.0,0.5,0.0,0.4595227776365941,14.007954922108054,5.0,-0.8325574398040771,0.0
1.6504850387573242,36.17453680418731,203.83084482191197,-6.283185307179586,-229.03846972354458,12.25740930728622,100.0,2.7160373030200713,0,36.17453680418731,0.0,36.17453680418731,36.17453680418731,100.0,13.264560910984951,2.2839626969799287,100.0,0.5,0.0,0.4185704998729347,13.998342920720592,5.0,-0.3240537941455841,50.48928520701655
1.6605522632598877,38.03979931647701,185.12287963717662,-6.283185307179586,0.0,13.264560910984951,100.0,2.8570385275378936,0,38.03979931647701,0.0,38.03979931647701,38.03979931647701,100.0,14.271283361241299,2.1429614724621064,100.0,0.5,0.0,0.38171344988564126,14.005968028419183,5.0,-0.3240537941455841,0.0
1.6706500053405762,38.03979931647701,185.12287963717662,-6.283185307179586,0.0,14.271283361241299,100.0,2.9979796705737822,0,38.03979931647701,0.0,38.03979931647701,38.03979931647701,100.0,15.281057569310146,2.0020203294262178,100.0,0.5,0.0,0.34854210489707715,13.957688947654239,5.0,-0.3240537941455841,0.0
1.6807186603546143,38.03979931647701,185.12287963717662,-6.283185307179586,0.0,15.281057569310146,100.0,3.1393480597034205,0,38.03979931647701,0.0,38.03979931647701,38.03979931647701,100.0,16.287923070713955,1.8606519402965795,100.0,0.5,0.0,0.31868789440736944,14.040444223437715,5.0,-0.3240537941455841,0.0
1.6907877922058105,42.922606819092245,162.15472046056658,-6.283185307179586,0.0,16.287923070713955,100.0,3.280309229899954,0,42.922606819092245,0.0,42.922606819092245,42.922606819092245,100.0,17.294836255833584,1.719690770100046,100.0,0.5,0.0,0.2918191049666325,13.999337011341886,5.0,-0.5115498900413513,-18.620879999052875
1.7008581161499023,44.33581491041834,140.12492258531455,-6.283185307179586,0.0,17.294836255833584,100.0,3.421277075816702,0,44.33581491041834,0.0,44.33581491041834,44.33581491041834,100.0,18.301868650242763,1.5787229241832978,100.0,0.5,0.0,0.26763719446996925,13.998342724560821,5.0,-0.5115498900413513,0.0
1.7109487056732178,44.33581491041834,140.12492258531455,-6.283185307179586,0.0,18.301868650242763,100.0,3.5622616110339873,0,44.33581491041834,0.0,44.33581491041834,44.33581491041834,100.0,19.310927602574306,1.4377383889660127,100.0,0.5,0.0,0.24587347502297233,13.971882900550527,5.0,-0.5115498900413513,0.0
1.721017837524414,46.88540797756269,126.77852282034188,-6.283185307179586,0.0,19.310927602574306,100.0,3.7035298643604033,0,46.88540797756269,0.0,46.88540797756269,46.88540797756269,100.0,20.317840787693935,1.2964701356395967,100.0,0.5,0.0,0.2262861275206751,14.029834489617125,5.0,-0.5115498900413513,0.0
1.7310855388641357,48.026324301659706,113.18503043651442,-6.283185307179586,0.0,20.317840787693935,100.0,3.8444977102771514,0,48.026324301659706,0.0,48.026324301659706,48.026324301659706,100.0,21.324610921666103,1.1555022897228486,100.0,0.5,0.0,0.20865751476860758,14.001989248585028,5.0,-0.5115498900413513,0.0
1.7411525249481201,48.026324301659706,113.18503043651442,-6.283185307179586,0.0,21.324610921666103,100.0,3.985445529033255,0,48.026324301659706,0.0,48.026324301659706,48.026324301659706,100.0,22.33130953006454,1.0145544709667451,100.0,0.5,0.0,0.19279176329174683,14.000994694960212,5.0,-0.8332357406616211,-31.954534151193634
1.7512249946594238,48.026324301659706,113.18503043651442,-6.283185307179586,0.0,22.33130953006454,100.0,4.126383334209036,0,48.026324301659706,0.0,48.026324301659706,48.026324301659706,100.0,23.338556501194912,0.8736166657909639,100.0,0.5,0.0,0.17851258696257216,13.992378157028902,5.0,-0.8332357406616211,0.0
1.7612946033477783,50.0,65.38497773623496,-6.283185307179586,0.0,23.338556501194912,100.0,4.267397910167288,0,50.0,0.0,50.0,50.0,92.04642123504004,24.26542794419521,0.7326020898327119,100.0,0.5,0.0,0.16566132826631497,14.003977743577602,5.0,-0.8332357406616211,0.0
1.7713830471038818,50.0,65.38497773623496,-6.283185307179586,0.0,24.26542794419521,92.04642123504004,4.31762412453773,0,50.0,0.0,50.0,50.0,91.11954979203975,25.184682397353676,0.6823758754622702,100.0,0.5,0.0,0.15478510780582352,4.978588926568068,5.0,-0.8332357406616211,0.0
1.7815144062042236,50.0,65.38497773623496,-6.283185307179586,0.0,25.184682397353676,91.11954979203975,4.4370510335499125,0,50.0,0.0,50.0,50.0,90.20029533888129,26.09853398038877,0.5629489664500875,100.0,0.5,0.0,0.14430659702524118,11.787846806076947,5.0,-1.1102105379104614,-27.338365416294064
1.7915997505187988,50.0,0.0,-6.283185307179586,0.0,26.09853398038877,90.20029533888129,4.555797710643241,0,50.0,0.0,50.0,50.0,23.90146601961123,26.33958849481967,0.44420228935675876,100.0,0.5,0.0,0.13487593732271708,11.774181762115722,5.0,-1.1102105379104614,0.0
1.8016672134399414,50.0,0.0,-6.283185307179586,0.0,26.33958849481967,23.90146601961123,3.9265570494708664,0,50.0,0.0,50.0,50.0,23.66041150518033,26.577788810347048,1.0734429505291336,100.0,0.5,0.0,0.12638834359044537,62.5024066243058,5.0,-1.1102105379104614,0.0
1.811729907989502,50.0,0.0,-6.283185307179586,0.0,26.577788810347048,23.66041150518033,3.9574945485003905,0,50.0,0.0,50.0,50.0,23.422211189652952,26.81347936722382,1.0425054514996095,100.0,0.5,0.0,0.18079421583034813,3.074474622791291,5.0,-1.1102105379104614,0.0
1.8217971324920654,50.0,0.0,-6.283185307179586,0.0,26.81347936722382,23.422211189652952,3.9881092233078643,0,50.0,0.0,50.0,50.0,23.18652063277618,27.046903275867297,1.0118907766921357,100.0,0.5,0.0,0.23083734310312776,3.041024345854036,5.0,-1.1102105379104614,0.0
1.831852912902832,50.0,0.0,-6.283185307179586,0.0,27.046903275867297,23.18652063277618,4.018431664949183,0,50.0,0.0,50.0,50.0,22.953096724132703,27.277714576272263,0.9815683350508166,100.0,0.5,0.0,0.2767010575151945,3.0154240051675316,5.0,-1.3486886024475098,-23.715520307276478
1.8419272899627686,50.0,0.0,-6.283185307179586,0.0,27.277714576272263,22.953096724132703,4.048411007919444,0,50.0,0.0,50.0,50.0,22.722285423727737,27.506627447294395,0.9515889920805556,100.0,0.5,0.0,0.3192551365152864,2.975801162881028,5.0,-1.3486886024475098,0.0
1.851999044418335,50.0,0.0,-6.283185307179586,0.0,27.506627447294395,22.722285423727737,4.0781506968584935,0,50.0,0.0,50.0,50.0,22.493372552705605,27.733175172522824,0.9218493031415065,100.0,0.5,0.0,0.3582955564349034,2.952781371929964,5.0,-1.3486886024475098,0.0
1.8620829582214355,50.0,0.0,-6.283185307179586,0.0,27.733175172522824,22.493372552705605,4.107578249680252,0,50.0,0.0,50.0,50.0,22.266824827477176,27.957711914751844,0.8924217503197482,100.0,0.5,0.0,0.3945440643186268,2.9182669939830213,5.0,-1.3486886024475098,0.0
1.8721489906311035,50.0,0.0,-6.283185307179586,0.0,27.957711914751844,22.266824827477176,4.13674791634003,0,50.0,0.0,50.0,50.0,22.042288085248156,28.17959030100119,0.8632520836599697,100.0,0.5,0.0,0.427826195679714,2.8978315857360393,5.0,-1.5540205240249634,-20.398495973472286
1.8822200298309326,50.0,0.0,-6.283185307179586,0.0,28.17959030100119,22.042288085248156,4.165565522992648,0,50.0,0.0,50.0,50.0,21.82040969899881,28.39934450243614,0.8344344770073517,100.0,0.5,0.0,0.4589529484500562,2.8614332722592346,5.0,-1.5540205240249634,0.0
1.892289161682129,50.0,0.0,-6.283185307179586,0.0,28.39934450243614,21.82040969899881,4.194112327331048,0,50.0,0.0,50.0,50.0,21.60065549756386,28.61684435071338,0.8058876726689519,100.0,0.5,0.0,0.4878161549063167,2.835080994098639,5.0,-1.5540205240249634,0.0
1.9023635387420654,50.0,0.0,-6.283185307179586,0.0,28.61684435071338,21.60065549756386,4.222364764075512,0,50.0,0.0,50.0,50.0,21.38315564928662,28.832266323455602,0.777635235924488,100.0,0.5,0.0,0.514782118401354,2.804385479755101,5.0,-1.5540205240249634,0.0
1.9124369621276855,50.0,0.0,-6.283185307179586,0.0,28.832266323455602,21.38315564928662,4.250348841776651,0,50.0,0.0,50.0,50.0,21.167733676544398,29.045497866893484,0.7496511582233492,100.0,0.5,0.0,0.5399013403600839,2.7780106752076295,5.0,-1.5540205240249634,0.0
1.922508955001831,50.0,0.0,-6.283185307179586,0.0,29.045497866893484,21.167733676544398,4.278047038130532,0,50.0,0.0,50.0,50.0,20.954502133106516,29.2565514630594,0.7219529618694676,100.0,0.5,0.0,0.5634105154589827,2.75002144064081,5.0,-1.7308130264282227,-17.55288199786957
1.9325764179229736,50.0,0.0,-6.283185307179586,0.0,29.2565514630594,20.954502133106516,4.305462226159381,0,50.0,0.0,50.0,50.0,20.7434485369406,29.465385362061678,0.6945377738406187,100.0,0.5,0.0,0.5854347061941845,2.723147653345168,5.0,-1.7308130264282227,0.0
1.9426429271697998,50.0,0.0,-6.283185307179586,0.0,29.465385362061678,20.7434485369406,4.332588436058042,0,50.0,0.0,50.0,50.0,20.534614637938322,29.672097250194497,0.6674115639419584,100.0,0.5,0.0,0.6061731646954216,2.6946987514279317,5.0,-1.7308130264282227,0.0
1.9528894424438477,50.0,0.0,-6.283185307179586,0.0,29.672097250194497,20.534614637938322,4.3594397614066125,0,50.0,0.0,50.0,50.0,20.327902749805503,29.88038741620974,0.6405602385933875,100.0,0.5,0.0,0.627227581733736,2.6205324083768633,5.0,-1.7308130264282227,0.0
1.9629569053649902,50.0,0.0,-6.283185307179586,0.0,29.88038741620974,20.327902749805503,4.386533265767419,0,50.0,0.0,50.0,50.0,20.11961258379026,30.0829408698848,0.6134667342325812,100.0,0.5,0.0,0.6438996561879203,2.6911948494895834,5.0,-1.7308130264282227,0.0
1.9731531143188477,50.0,0.0,-6.283185307179586,0.0,30.0829408698848,20.11961258379026,4.4128078476217745,0,50.0,0.0,50.0,50.0,19.9170591301152,30.28601936652179,0.5871921523782255,100.0,0.5,0.0,0.6625874488783902,2.5768971559194593,5.0,-1.8830331563949585,-14.929090866576253
1.9832220077514648,50.0,0.0,-6.283185307179586,0.0,30.28601936652179,19.9170591301152,4.439213302614203,0,50.0,0.0,50.0,50.0,19.71398063347821,30.48451733665296,0.5607866973857973,100.0,0.5,0.0,0.6779377350728194,2.622478345722711,5.0,-1.8830331563949585,0.0
1.9932920932769775,50.0,0.0,-6.283185307179586,0.0,30.48451733665296,19.71398063347821,4.464972233466197,0,50.0,0.0,50.0,50.0,19.51548266334704,30.681039916144524,0.535027766533803,100.0,0.5,0.0,0.693831741512581,2.5579654499193407,5.0,-1.8830331563949585,0.0
2.0033631324768066,50.0,0.0,-6.283185307179586,0.0,30.681039916144524,19.51548266334704,4.490500414893704,0,50.0,0.0,50.0,50.0,19.318960083855476,30.875601920448965,0.5094995851062958,100.0,0.5,0.0,0.7088824335958276,2.534811047894683,5.0,-1.8830331563949585,0.0
2.013442277908325,50.0,0.0,-6.283185307179586,0.0,30.875601920448965,19.318960083855476,4.515773869701411,0,50.0,0.0,50.0,50.0,19.124398079551035,31.068359509983015,0.4842261302985893,100.0,0.5,0.0,0.7233080866757036,2.5074997656719704,5.0,-2.01409649848938,-13.003418095801301
2.0235273838043213,50.0,0.0,-6.283185307179586,0.0,31.068359509983015,19.124398079551035,4.540814312193133,0,50.0,0.0,50.0,50.0,18.931640490016985,31.259287109109763,0.4591856878068672,100.0,0.5,0.0,0.7370834084247553,2.482913193966903,5.0,-2.01409649848938,0.0
2.0335941314697266,50.0,0.0,-6.283185307179586,0.0,31.259287109109763,18.931640490016985,4.565616600175537,0,50.0,0.0,50.0,50.0,18.740712890890237,31.447945136852162,0.43438339982446283,100.0,0.5,0.0,0.750097595453641,2.4637836177853427,5.0,-2.01409649848938,0.0
2.0436646938323975,50.0,0.0,-6.283185307179586,0.0,31.447945136852162,18.740712890890237,4.590119448068205,0,50.0,0.0,50.0,50.0,18.552054863147838,31.634774762307185,0.40988055193179473,100.0,0.5,0.0,0.7627985378424906,2.4331161468692293,5.0,-2.01409649848938,0.0
2.0537917613983154,50.0,0.0,-6.283185307179586,0.0,31.634774762307185,18.552054863147838,4.614389015354485,0,50.0,0.0,50.0,50.0,18.365225237692815,31.820760639152603,0.38561098464551513,100.0,0.5,0.0,0.7754090809551497,2.3965049238890592,5.0,-2.01409649848938,0.0
2.063864231109619,50.0,0.0,-6.283185307179586,0.0,31.820760639152603,18.365225237692815,4.638558741858293,0,50.0,0.0,50.0,50.0,18.179239360847397,32.00387047698928,0.36144125814170724,100.0,0.5,0.0,0.7866593891705629,2.399582942074643,5.0,-2.1269428730010986,-11.203446398560844
2.074047565460205,50.0,0.0,-6.283185307179586,0.0,32.00387047698928,18.179239360847397,4.662334260386973,0,50.0,0.0,50.0,50.0,17.996129523010723,32.18713108093855,0.33766573961302715,100.0,0.5,0.0,0.7988737955756489,2.334747903795585,5.0,-2.1269428730010986,0.0
2.084117889404297,50.0,0.0,-6.283185307179586,0.0,32.18713108093855,17.996129523010723,4.686159646561505,0,50.0,0.0,50.0,50.0,17.81286891906145,32.366512441327146,0.31384035343849526,100.0,0.5,0.0,0.8088629499588711,2.3659006708031587,5.0,-2.1269428730010986,0.0
2.0941851139068604,50.0,0.0,-6.283185307179586,0.0,32.366512441327146,17.81286891906145,4.709440430976415,0,50.0,0.0,50.0,50.0,17.633487558672854,32.54403271934346,0.2905595690235847,100.0,0.5,0.0,0.8195728281451875,2.3125325564143746,5.0,-2.1269428730010986,0.0
2.104255437850952,50.0,0.0,-6.283185307179586,0.0,32.54403271934346,17.633487558672854,4.732499456294813,0,50.0,0.0,50.0,50.0,17.455967280656537,32.719819964617145,0.2675005437051867,100.0,0.5,0.0,0.829944219832758,2.289799756831714,5.0,-2.1269428730010986,0.0
2.1143391132354736,50.0,0.0,-6.283185307179586,0.0,32.719819964617145,17.455967280656537,4.7553344678529665,0,50.0,0.0,50.0,50.0,17.280180035382855,32.89406769068003,0.24466553214703346,100.0,0.5,0.0,0.8400919974461194,2.2645524263112606,5.0,-2.224104642868042,-9.635551142005959
2.1244122982025146,49.26311174515799,-36.42713772834487,-6.283185307179586,0.0,32.89406769068003,17.280180035382855,4.7779712770490335,0,49.26311174515799,0.0,49.26311174515799,49.26311174515799,-20.058093673866907,32.692018803016936,0.22202872295096654,100.0,0.5,0.0,0.849783018046262,2.2472345410248584,5.0,-2.224104642868042,0.0
2.1344823837280273,48.06150241146219,-119.39813874955881,-6.283185307179586,0.0,32.692018803016936,-20.058093673866907,4.376301695683702,0,48.06150241146219,0.0,48.06150241146219,48.06150241146219,-100.0,31.685010250465666,0.6236983043162976,100.0,0.5,0.0,0.7698047162416358,39.88740516132617,5.0,-2.224104642868042,0.0
2.144598960876465,46.935267980270886,-111.64136839864344,-6.283185307179586,0.0,31.685010250465666,-100.0,3.435901435065194,0,46.935267980270886,0.0,46.935267980270886,46.935267980270886,-96.39111066883822,30.709862142960784,1.564098564934806,100.0,0.5,0.0,0.6978242446174723,92.95636723965998,5.0,-2.224104642868042,0.0
2.154676914215088,45.512142651675305,-141.46609134544673,-6.283185307179586,0.0,30.709862142960784,-96.39111066883822,3.3354695933261285,0,45.512142651675305,0.0,45.512142651675305,45.512142651675305,-100.0,29.70206680909848,1.6645304066738715,100.0,0.5,0.0,0.6330418201557251,9.965499776047537,5.0,-2.224104642868042,0.0
2.1647465229034424,45.512142651675305,-141.46609134544673,-6.283185307179586,0.0,29.70206680909848,-100.0,3.158289353273788,0,45.512142651675305,0.0,45.512142651675305,45.512142651675305,-100.0,28.69510594026303,1.841710646726212,100.0,0.5,0.0,0.5747376381401526,17.59554373321871,5.0,-2.307762384414673,-8.307943648632651
2.174813747406006,42.93216573787084,-127.98286840616075,-6.283185307179586,0.0,28.69510594026303,-100.0,3.017314831636825,0,42.93216573787084,0.0,42.93216573787084,42.93216573787084,-100.0,27.688383490006682,1.982685168363175,100.0,0.5,0.0,0.5222638743261373,14.003315571343991,5.0,-2.307762384414673,0.0
2.184994697570801,42.93216573787084,-127.98286840616075,-6.283185307179586,0.0,27.688383490006682,-100.0,2.876373688600936,0,42.93216573787084,0.0,42.93216573787084,42.93216573787084,-100.0,26.67028847352719,2.123626311399064,100.0,0.5,0.0,0.4750374868935236,13.843613882253802,5.0,-2.307762384414673,0.0
2.1950745582580566,39.374882895446866,-176.5551859600303,-6.283185307179586,0.0,26.67028847352719,-100.0,2.733840386293807,0,39.374882895446866,0.0,39.374882895446866,39.374882895446866,-100.0,25.662302404801604,2.266159613706193,100.0,0.5,0.0,0.43253373820417124,14.140403992620275,5.0,-2.307762384414673,0.0
2.2051448822021484,39.374882895446866,-176.5551859600303,-6.283185307179586,0.0,25.662302404801604,-100.0,2.592722336672225,0,39.374882895446866,0.0,39.374882895446866,39.374882895446866,-100.0,24.655270010392424,2.407277663327775,100.0,0.5,0.0,0.39428036438375413,14.013258203513423,5.0,-2.379791736602783,-7.152635067948293
2.2154409885406494,36.28174797194771,-154.4231033551026,-6.283185307179586,0.0,24.655270010392424,-100.0,2.45173780145494,0,36.28174797194771,0.0,36.28174797194771,36.28174797194771,-100.0,23.625659376542327,2.54826219854506,100.0,0.5,0.0,0.35985232794537875,13.69299525298136,5.0,-2.379791736602783,0.0
2.2255120277404785,34.635055046161185,-163.8763044036946,-6.283185307179586,0.0,23.625659376542327,-100.0,2.307592312715926,0,34.635055046161185,0.0,34.635055046161185,34.635055046161185,-100.0,22.618555456559417,2.692407687284074,100.0,0.5,0.0,0.3288670951508409,14.31287138088587,5.0,-2.379791736602783,0.0
2.2355799674987793,33.0906434607801,-153.24292517826007,-6.283185307179586,0.0,22.618555456559417,-100.0,2.1665977639183187,0,33.0906434607801,0.0,33.0906434607801,33.0906434607801,-100.0,21.61176148072934,2.8334022360816813,100.0,0.5,0.0,0.3009803856357568,14.004309936535,5.0,-2.379791736602783,0.0
2.2456507682800293,33.0906434607801,-153.24292517826007,-6.283185307179586,0.0,21.61176148072934,-100.0,2.0256466073021078,0,33.0906434607801,0.0,33.0906434607801,33.0906434607801,-100.0,20.60468140260434,2.9743533926978922,100.0,0.5,0.0,0.2758823470721811,13.996022727272727,5.0,-2.379791736602783,0.0
2.2557380199432373,29.634687877967497,-171.31932779592506,-6.080191564130862,10.062846808228763,20.60468140260434,-100.0,1.8846553963646078,0,29.634687877967497,0.0,29.634687877967497,29.634687877967497,-100.0,19.595956236283538,3.1153446036353922,100.0,0.5,0.0,0.253294112364963,13.977167978444303,5.0,-2.4418094158172607,-6.148124512515068
2.2658298015594482,29.634687877967497,-171.31932779592506,-6.080191564130862,10.062846808228763,19.595956236283538,-100.0,1.7434338730796957,0,29.634687877967497,0.0,29.634687877967497,29.634687877967497,-100.0,18.586778074662444,3.2565661269203043,100.0,0.5,0.0,0.23296470112846673,13.993715743715743,5.0,-2.4418094158172607,0.0
2.27589750289917,29.634687877967497,-171.31932779592506,-6.080191564130862,10.062846808228763,18.586778074662444,-100.0,1.6021489304527425,0,29.634687877967497,0.0,29.634687877967497,29.634687877967497,-100.0,17.580007940690276,3.3978510695472575,100.0,0.5,0.0,0.21466823101562008,14.033485684514647,5.0,-2.4418094158172607,0.0
2.285978317260742,24.953737608057587,-155.2581802435963,-4.1392355948491595,64.3778024433963,17.580007940690276,-100.0,1.461201111696639,0,24.953737608057587,0.0,24.953737608057587,24.953737608057587,-100.0,16.57192650453305,3.538798888303361,100.0,0.5,0.0,0.19820140791405808,13.981788940920486,5.0,-2.4418094158172607,0.0
2.2960546016693115,24.953737608057587,-155.2581802435963,-4.1392355948491595,64.3778024433963,16.57192650453305,-100.0,1.3200697106346273,0,24.953737608057587,0.0,24.953737608057587,24.953737608057587,-100.0,15.564298063676116,3.6799302893653727,100.0,0.5,0.0,0.18338126712265226,14.006293921396967,5.0,-2.4418094158172607,0.0
2.306123733520508,22.31619370728196,-131.1892053838533,-3.0455780502772254,54.39760232701944,15.564298063676116,-100.0,1.1790017289146566,0,22.31619370728196,0.0,22.31619370728196,22.31619370728196,-100.0,14.557384878556487,3.8209982710853434,100.0,0.5,0.0,0.17004314041038704,14.009944829872374,5.0,-2.4952077865600586,-5.303175242109251
2.3162035942077637,22.31619370728196,-131.1892053838533,-3.0455780502772254,54.39760232701944,14.557384878556487,-100.0,1.0380338829979086,0,22.31619370728196,0.0,22.31619370728196,22.31619370728196,-100.0,13.549398809830901,3.9619661170020914,100.0,0.5,0.0,0.15803882636934835,13.985098632858698,5.0,-2.4952077865600586,0.0
2.326274871826172,19.860678785797724,-122.08746022642532,-1.9054529913790683,56.686673562237296,13.549398809830901,-100.0,0.8969158333763263,0,19.860678785797724,0.0,19.860678785797724,19.860678785797724,-100.0,12.54227104799008,4.103084166623674,100.0,0.5,0.0,0.14723494373241353,14.011931253255076,5.0,-2.4952077865600586,0.0
2.3363542556762695,19.860678785797724,-122.08746022642532,-1.9054529913790683,56.686673562237296,12.54227104799008,-100.0,0.7559179467186115,0,19.860678785797724,0.0,19.860678785797724,19.860678785797724,-100.0,11.534332662980315,4.244082053281389,100.0,0.5,0.0,0.13751144935917217,13.988740656637336,5.0,-2.4952077865600586,0.0
2.3464303016662598,17.715052741175263,-106.77354097958326,-0.9092130585262265,49.57623699738276,11.534332662980315,-100.0,0.6148065728172443,0,17.715052741175263,0.0,17.715052741175263,17.715052741175263,-100.0,10.526728063981292,4.385193427182756,100.0,0.5,0.0,0.12876030442325495,14.004637736027638,5.0,-2.541184663772583,-4.562988027069235
2.356502056121826,16.66726543399608,-104.01994115010712,-0.3541829767605101,55.10106492627686,10.526728063981292,-100.0,0.473741928957381,0,16.66726543399608,0.0,16.66726543399608,16.66726543399608,-97.87940378009233,9.540910742850963,4.526258071042619,100.0,0.5,0.0,0.12088427398092946,14.00596534419089,5.0,-2.541184663772583,0.0
2.366626024246216,16.66726543399608,-104.01994115010712,-0.3541829767605101,55.10106492627686,9.540910742850963,-97.87940378009233,0.35693346619821165,0,16.66726543399608,0.0,16.66726543399608,16.66726543399608,-96.893586458962,8.559963162082639,4.643066533801789,100.0,0.5,0.0,0.11379584658283652,11.537814157846478,5.0,-2.541184663772583,0.0
2.3766958713531494,14.773773746479185,-94.11371268834715,0.6488305536997165,49.85357361248845,8.559963162082639,-96.893586458962,0.22945897810194948,0,14.773773746479185,0.0,14.773773746479185,14.773773746479185,-87.89990210395061,7.674824587181425,4.77054102189805,100.0,0.5,0.0,0.10741626192455288,12.659029153331394,5.0,-2.541184663772583,0.0
2.386765956878662,14.773773746479185,-94.11371268834715,0.6488305536997165,49.85357361248845,7.674824587181425,-87.89990210395061,0.1954764211658936,0,14.773773746479185,0.0,14.773773746479185,14.773773746479185,-87.01476352904939,6.7985784764616355,4.8045235788341065,100.0,0.5,0.0,0.15404848751221975,3.3746045999272436,5.0,-2.541184663772583,0.0
2.39689040184021,13.11381422753123,-82.45644504377792,1.5260283305548803,43.57371939143646,6.7985784764616355,-87.01476352904939,0.08165335141413521,0,13.11381422753123,0.0,13.11381422753123,13.11381422753123,-76.14120929270833,6.027690993671913,4.918346648585865,100.0,0.5,0.0,0.14364363876099778,11.242400959662762,5.0,-2.452824354171753,8.727422583303897
2.406961679458618,12.36528743066079,-74.52404429882462,1.9215837851525994,39.38187963921933,6.027690993671913,-76.14120929270833,0.08246464618698468,0,12.36528743066079,0.0,12.36528743066079,12.36528743066079,-68.18644786183575,5.340966347442249,4.917535353813015,100.0,0.5,0.0,0.279279274884898,0.08055529830362244,5.0,-2.452824354171753,0.0
2.4171645641326904,11.636412938760138,-72.02038251217652,2.4190664509144653,49.15646284714608,5.340966347442249,-68.18644786183575,0.06587081002355755,0,11.636412938760138,0.0,11.636412938760138,11.636412938760138,-65.72493592085864,4.670382406030939,4.934129189976442,100.0,0.5,0.0,0.36505666412116705,1.6263867223350723,5.0,-2.452824354171753,0.0
2.427232503890991,11.636412938760138,-72.02038251217652,2.4190664509144653,49.15646284714608,4.670382406030939,-65.72493592085864,-0.0033958223642549523,0,11.636412938760138,0.0,11.636412938760138,11.636412938760138,-65.05435197944732,4.015419109286568,5.003395822364255,100.0,0.5,0.0,0.33355099770905033,6.879921220297706,5.0,-2.452824354171753,0.0
2.4373044967651367,11.636412938760138,-72.02038251217652,2.4190664509144653,49.15646284714608,4.015419109286568,-65.05435197944732,-0.08838484449435369,0,11.636412938760138,0.0,11.636412938760138,11.636412938760138,-64.39938868270295,3.366788925375057,5.088384844494354,100.0,0.5,0.0,0.30519589793814533,8.438153520567207,5.0,-2.452824354171753,0.0
2.447383165359497,11.636412938760138,-72.02038251217652,2.4190664509144653,49.15646284714608,3.366788925375057,-64.39938868270295,-0.17264343727452147,0,11.636412938760138,0.0,11.636412938760138,11.636412938760138,-63.75075849879144,2.7242661578266367,5.172643437274521,100.0,0.5,0.0,0.2796763081443308,8.36009161242942,5.0,-2.0217249393463135,42.77344877344877
2.457451820373535,9.142049076900015,-62.08052409586328,4.274094562114042,46.16853183157888,2.7242661578266367,-63.75075849879144,-0.2561103228921852,0,9.142049076900015,0.0,9.142049076900015,9.142049076900015,-55.66274117678991,2.163817219781847,5.2561103228921855,100.0,0.5,0.0,0.2567086773298977,8.289775099185658,5.0,-2.0217249393463135,0.0
2.4675188064575195,9.142049076900015,-62.08052409586328,4.274094562114042,46.16853183157888,2.163817219781847,-55.66274117678991,-0.2536930009984405,0,9.142049076900015,0.0,9.142049076900015,9.142049076900015,-55.102292238745115,1.6091032106187595,5.253693000998441,100.0,0.5,0.0,0.381037809596908,0.24012369477598147,5.0,-2.0217249393463135,0.0
2.477583646774292,9.142049076900015,-62.08052409586328,4.274094562114042,46.16853183157888,1.6091032106187595,-55.102292238745115,-0.32574847290082487,0,9.142049076900015,0.0,9.142049076900015,9.142049076900015,-54.54757822958203,1.0600905460713625,5.325748472900825,100.0,0.5,0.0,0.3479340286372172,7.159127182803704,5.0,-2.0217249393463135,0.0
2.4876601696014404,7.631345900214278,-49.957806083429496,5.525612723945275,41.38675459452029,1.0600905460713625,-54.54757822958203,-0.3970631058458295,0,7.631345900214278,0.0,7.631345900214278,7.631345900214278,-43.38655072928658,0.6229049772564723,5.397063105845829,100.0,0.5,0.0,0.31814062577349544,7.077305750041753,5.0,-2.0217249393463135,0.0
2.497725486755371,7.631345900214278,-49.957806083429496,5.525612723945275,41.38675459452029,0.6229049772564723,-43.38655072928658,-0.3466588104769597,0,7.631345900214278,0.0,7.631345900214278,7.631345900214278,-42.94936516047169,0.19060599535634454,5.34665881047696,100.0,0.5,0.0,0.2913265631961459,5.0077205316065125,5.0,-1.4044981002807617,61.32214510742118
2.507795810699463,6.779066795630513,-42.18652824622476,6.231669873223203,34.948762337672434,0.19060599535634454,-42.94936516047169,-0.4028088122548287,0,6.779066795630513,0.0,6.779066795630513,6.779066795630513,-35.59806744595059,-0.16787807560800644,5.402808812254829,100.0,0.5,0.0,0.26719390687653133,5.575789030184266,5.0,-1.4044981002807617,0.0
2.5178680419921875,6.779066795630513,-42.18652824622476,6.231669873223203,34.948762337672434,-0.16787807560800644,-35.59806744595059,0.0,0,6.779066795630513,0.0,6.779066795630513,6.779066795630513,-35.23958337498624,-0.5228193100201207,5.0,100.0,0.5,0.0,0.2454745161888782,39.99201374037014,5.0,-1.4044981002807617,0.0
2.528076410293579,6.041685378514598,-36.58778232050906,6.283185307179586,2.5561201299522445,-0.5228193100201207,-35.23958337498624,0.0,0,6.041685378514598,0.0,6.041685378514598,6.041685378514598,-30.023277631974345,-0.8293079857022472,5.0,100.0,0.5,0.0,0.37092706456999036,0.0,5.0,-1.4044981002807617,0.0
2.5382275581359863,6.041685378514598,-36.58778232050906,6.283185307179586,2.5561201299522445,-0.8293079857022472,-30.023277631974345,0.0,0,6.041685378514598,0.0,6.041685378514598,6.041685378514598,-29.71678895629222,-1.1309675037991838,5.0,100.0,0.5,0.0,0.48383435811299136,0.0,5.0,-1.4044981002807617,0.0
2.548314332962036,5.396055282331636,-31.984514202333695,6.283185307179586,0.0,-1.1309675037991838,-29.71678895629222,0.0,0,5.396055282331636,0.0,5.396055282331636,5.396055282331636,-25.457491416202878,-1.387751487350518,5.0,100.0,0.5,0.0,0.5854509223016923,0.0,5.0,-0.8165001273155212,58.293952537405154
2.55838680267334,5.122058437203936,-27.35145449476384,6.283185307179586,0.0,-1.387751487350518,-25.457491416202878,0.0,0,5.122058437203936,0.0,5.122058437203936,5.122058437203936,-20.841644570209386,-1.5976783210177095,5.0,100.0,0.5,0.0,0.676905830071523,0.0,5.0,-0.8165001273155212,0.0
2.568453550338745,5.122058437203936,-27.35145449476384,6.283185307179586,0.0,-1.5976783210177095,-20.841644570209386,0.0,0,5.122058437203936,0.0,5.122058437203936,5.122058437203936,-20.631717736542193,-1.8053726173753462,5.0,100.0,0.5,0.0,0.7592152470643708,0.0,5.0,-0.8165001273155212,0.0
2.578521490097046,5.122058437203936,-27.35145449476384,6.283185307179586,0.0,-1.8053726173753462,-20.631717736542193,0.0,0,5.122058437203936,0.0,5.122058437203936,5.122058437203936,-20.424023440184556,-2.011000454993247,5.0,100.0,0.5,0.0,0.8332937223579338,0.0,5.0,-0.8165001273155212,0.0
2.5887815952301025,5.122058437203936,-27.35145449476384,6.283185307179586,0.0,-2.011000454993247,-20.424023440184556,0.0,0,5.122058437203936,0.0,5.122058437203936,5.122058437203936,-20.218395602566655,-2.218443319497311,5.0,100.0,0.5,0.0,0.8999643501221404,0.0,5.0,-0.8165001273155212,0.0
2.5988543033599854,5.122058437203936,-27.35145449476384,6.283185307179586,0.0,-2.218443319497311,-20.218395602566655,0.0,0,5.122058437203936,0.0,5.122058437203936,5.122058437203936,-20.010952738062592,-2.420007805828695,5.0,100.0,0.5,0.0,0.9599679151099264,0.0,5.0,-0.31022825837135315,50.2617431594395
2.6093056201934814,4.152896720000895,-19.24240883839804,6.283185307179586,0.0,-2.420007805828695,-20.010952738062592,0.0,0,4.152896720000895,0.0,4.152896720000895,4.152896720000895,-12.66950431256845,-2.552420809522693,5.0,100.0,0.5,0.0,1.013971123598934,0.0,5.0,-0.31022825837135315,0.0
2.619415521621704,4.152896720000895,-19.24240883839804,6.283185307179586,0.0,-2.552420809522693,-12.66950431256845,0.0,0,4.152896720000895,0.0,4.152896720000895,4.152896720000895,-12.537091308874452,-2.6791695668520408,5.0,100.0,0.5,0.0,1.0625740112390405,0.0,5.0,-0.31022825837135315,0.0
2.6294920444488525,4.152896720000895,-19.24240883839804,6.283185307179586,0.0,-2.6791695668520408,-12.537091308874452,0.0,0,4.152896720000895,0.0,4.152896720000895,4.152896720000895,-12.410342551545103,-2.8042226668654164,5.0,100.0,0.5,0.0,1.1063166101151365,0.0,5.0,-0.31022825837135315,0.0
2.6395645141601562,4.152896720000895,-19.24240883839804,6.283185307179586,0.0,-2.8042226668654164,-12.410342551545103,0.0,0,4.152896720000895,0.0,4.152896720000895,4.152896720000895,-12.285289451531728,-2.9279658727605686,5.0,100.0,0.5,0.0,1.145684949103623,0.0,5.0,0.12567678093910217,43.27687764811703
2.649859666824341,4.152896720000895,-19.24240883839804,6.283185307179586,0.0,-2.9279658727605686,-12.285289451531728,0.0,0,4.152896720000895,0.0,4.152896720000895,4.152896720000895,-12.161546245636575,-3.0531708479919377,5.0,100.0,0.5,0.0,1.1811164541932606,0.0,5.0,0.12567678093910217,0.0
2.6599323749542236,3.46118635931357,-13.758054651417364,6.283185307179586,0.0,-3.0531708479919377,-12.161546245636575,0.0,0,3.46118635931357,0.0,3.46118635931357,3.46118635931357,-7.243697444111856,-3.1261344981276546,5.0,100.0,0.5,0.0,1.2130048087739347,0.0,5.0,0.12567678093910217,0.0
2.6700618267059326,3.3713738983030392,-8.901036470459431,6.283185307179586,0.0,-3.1261344981276546,-7.243697444111856,0.0,0,3.3713738983030392,0.0,3.3713738983030392,3.3713738983030392,-2.4035280740287366,-3.1504809197874066,5.0,100.0,0.5,0.0,1.2417043278965414,0.0,5.0,0.12567678093910217,0.0
2.6801724433898926,3.3713738983030392,-8.901036470459431,6.283185307179586,0.0,-3.1504809197874066,-2.4035280740287366,0.0,0,3.3713738983030392,0.0,3.3713738983030392,3.3713738983030392,-2.3791816523689846,-3.17453591349602,5.0,100.0,0.5,0.0,1.2675338951068875,0.0,5.0,0.12567678093910217,0.0
2.6904520988464355,3.2904882409371257,-4.030209865078949,6.283185307179586,0.0,-3.17453591349602,-2.3791816523689846,0.0,0,3.2904882409371257,0.0,3.2904882409371257,3.2904882409371257,2.434814289354196,-3.1495068615007913,5.0,100.0,0.5,0.0,1.290780505596199,0.0,5.0,0.5009952783584595,36.51080515353929
2.7005250453948975,3.2904882409371257,-4.030209865078949,6.283185307179586,0.0,-3.1495068615007913,2.434814289354196,0.0,0,3.2904882409371257,0.0,3.2904882409371257,3.2904882409371257,2.4097852373589683,-3.125233223611602,5.0,100.0,0.5,0.0,1.311702455036579,0.0,5.0,0.5009952783584595,0.0
2.710825204849243,3.218759866019253,-3.522098501855955,6.283185307179586,0.0,-3.125233223611602,2.4097852373589683,0.0,0,3.218759866019253,0.0,3.218759866019253,3.218759866019253,2.8218945877748998,-3.096167259394165,5.0,100.0,0.5,0.0,1.330532209532921,0.0,5.0,0.5009952783584595,0.0
2.7208995819091797,3.19953111246634,-1.9114838466569442,6.283185307179586,0.0,-3.096167259394165,2.8218945877748998,0.0,0,3.19953111246634,0.0,3.19953111246634,3.19953111246634,4.384214525203561,-3.051999029155614,5.0,100.0,0.5,0.0,1.347478988579629,0.0,5.0,0.5009952783584595,0.0
2.7309792041778564,3.19953111246634,-1.9114838466569442,6.283185307179586,0.0,-3.051999029155614,4.384214525203561,0.0,0,3.19953111246634,0.0,3.19953111246634,3.19953111246634,4.34004629496501,-3.008253001873796,5.0,100.0,0.5,0.0,1.3627310897216662,0.0,5.0,0.8241481781005859,32.06002081510041
2.7410473823547363,3.19953111246634,-1.9114838466569442,6.283185307179586,0.0,-3.008253001873796,4.34004629496501,0.0,0,3.19953111246634,0.0,3.19953111246634,3.19953111246634,4.296300267683192,-2.964997085277385,5.0,100.0,0.5,0.0,1.3764579807494997,0.0,5.0,0.8241481781005859,0.0
2.7511165142059326,3.19953111246634,-1.9114838466569442,6.283185307179586,0.0,-2.964997085277385,4.296300267683192,0.0,0,3.19953111246634,0.0,3.19953111246634,3.19953111246634,4.253044351086781,-2.9221726209373067,5.0,100.0,0.5,0.0,1.3888121826745499,0.0,5.0,0.8241481781005859,0.0
2.761185884475708,3.1342978705110722,-1.6209487702002316,6.283185307179586,0.0,-2.9221726209373067,4.253044351086781,0.0,0,3.1342978705110722,0.0,3.1342978705110722,3.1342978705110722,4.435521721248147,-2.8775097103864278,5.0,100.0,0.5,0.0,1.399930964407095,0.0,5.0,0.8241481781005859,0.0
2.7712604999542236,3.1342978705110722,-1.6209487702002316,6.283185307179586,0.0,-2.8775097103864278,4.435521721248147,0.0,0,3.1342978705110722,0.0,3.1342978705110722,3.1342978705110722,4.390858810697268,-2.8332734962482005,5.0,100.0,0.5,0.0,1.4099378679663856,0.0,5.0,0.8241481781005859,0.0
2.7813644409179688,3.1030847996847726,-1.5111690443483665,6.283185307179586,0.0,-2.8332734962482005,4.390858810697268,0.0,0,3.1030847996847726,0.0,3.1030847996847726,3.1030847996847726,4.425189251584606,-2.7885616452967903,5.0,100.0,0.5,0.0,1.4189440811697471,0.0,5.0,1.1023861169815063,27.537565775502017
2.7914388179779053,3.1030847996847726,-1.5111690443483665,6.283185307179586,0.0,-2.7885616452967903,4.425189251584606,0.0,0,3.1030847996847726,0.0,3.1030847996847726,3.1030847996847726,4.380477400633196,-2.7444310642602807,5.0,100.0,0.5,0.0,1.4270496730527724,0.0,5.0,1.1023861169815063,0.0
2.8017866611480713,3.1030847996847726,-1.5111690443483665,6.283185307179586,0.0,-2.7444310642602807,4.380477400633196,0.0,0,3.1030847996847726,0.0,3.1030847996847726,3.1030847996847726,4.336346819596687,-2.699559227439646,5.0,100.0,0.5,0.0,1.4343447057474954,0.0,5.0,1.1023861169815063,0.0
2.8118627071380615,3.1030847996847726,-1.5111690443483665,6.283185307179586,0.0,-2.699559227439646,4.336346819596687,0.0,0,3.1030847996847726,0.0,3.1030847996847726,3.1030847996847726,4.2914749827760525,-2.656318128148302,5.0,100.0,0.5,0.0,1.4409102351727459,0.0,5.0,1.1023861169815063,0.0
2.821963310241699,3.101324287031779,-0.043696927316037956,6.283185307179586,0.0,-2.656318128148302,4.2914749827760525,0.0,0,3.101324287031779,0.0,3.101324287031779,3.101324287031779,5.713945487864043,-2.598603832619566,5.0,100.0,0.5,0.0,1.4468192116554714,0.0,5.0,1.3419519662857056,23.717974743302253
2.83203125,3.100954259915537,-0.036843752107204655,6.283185307179586,0.0,-2.598603832619566,5.713945487864043,0.0,0,3.100954259915537,0.0,3.100954259915537,3.100954259915537,5.662714340427899,-2.541591965771672,5.0,100.0,0.5,0.0,1.4521372904899246,0.0,5.0,1.3419519662857056,0.0
2.84210205078125,3.100954259915537,-0.036843752107204655,6.283185307179586,0.0,-2.541591965771672,5.662714340427899,0.0,0,3.100954259915537,0.0,3.100954259915537,3.100954259915537,5.6057024735800045,-2.485138052921287,5.0,100.0,0.5,0.0,1.4569235614409322,0.0,5.0,1.3419519662857056,0.0
2.8521792888641357,2.711966842116438,-19.347446665691496,6.283185307179586,0.0,-2.485138052921287,5.6057024735800045,0.0,0,2.711966842116438,0.0,2.711966842116438,2.711966842116438,-14.150341770653771,-2.6277344158983675,5.0,100.0,0.5,0.0,1.4612312052968388,0.0,5.0,1.3419519662857056,0.0
2.8622493743896484,2.535229936170569,-17.484039614047404,6.283185307179586,0.0,-2.6277344158983675,-14.150341770653771,0.0,0,2.535229936170569,0.0,2.535229936170569,2.535229936170569,-12.321075261978468,-2.7518086975527694,5.0,100.0,0.5,0.0,1.465108084767155,0.0,5.0,1.3419519662857056,0.0
2.872318983078003,2.535229936170569,-17.484039614047404,6.283185307179586,0.0,-2.7518086975527694,-12.321075261978468,0.0,0,2.535229936170569,0.0,2.535229936170569,2.535229936170569,-12.197000980324066,-2.8746277245961083,5.0,100.0,0.5,0.0,1.4685972762904393,0.0,5.0,1.5482200384140015,20.484219249437672
2.882394313812256,2.2170244067963285,-15.817145350515455,6.283185307179586,0.0,-2.8746277245961083,-12.197000980324066,0.0,0,2.2170244067963285,0.0,2.2170244067963285,2.2170244067963285,-10.725493219123019,-2.9826906160667597,5.0,100.0,0.5,0.0,1.4717375486613955,0.0,5.0,1.5482200384140015,0.0
2.8924660682678223,2.2170244067963285,-15.817145350515455,6.283185307179586,0.0,-2.9826906160667597,-10.725493219123019,0.0,0,2.2170244067963285,0.0,2.2170244067963285,2.2170244067963285,-10.617430327652366,-3.0896267672759583,5.0,100.0,0.5,0.0,1.474563793795256,0.0,5.0,1.5482200384140015,0.0
2.9026529788970947,2.2170244067963285,-15.817145350515455,6.283185307179586,0.0,-3.0896267672759583,-10.617430327652366,0.0,0,2.2170244067963285,0.0,2.2170244067963285,2.2170244067963285,-10.510494176443167,-3.1966962321208734,5.0,100.0,0.5,0.0,1.4771074144157303,0.0,5.0,1.5482200384140015,0.0
2.9127440452575684,1.8129320053265912,-13.388045339574601,6.283185307179586,0.0,-3.1966962321208734,-10.510494176443167,0.0,0,1.8129320053265912,0.0,1.8129320053265912,1.8129320053265912,-8.378417102127138,-3.2812433950941657,5.0,100.0,0.5,0.0,1.4793966729741572,0.0,5.0,1.7258187532424927,17.599598346131128
2.922867774963379,1.8129320053265912,-13.388045339574601,6.283185307179586,0.0,-3.2812433950941657,-8.378417102127138,0.0,0,1.8129320053265912,0.0,1.8129320053265912,1.8129320053265912,-8.293869939153844,-3.3652082925733064,5.0,100.0,0.5,0.0,1.4814570056767415,0.0,5.0,1.7258187532424927,0.0
2.932934045791626,1.8129320053265912,-13.388045339574601,6.283185307179586,0.0,-3.3652082925733064,-8.293869939153844,0.0,0,1.8129320053265912,0.0,1.8129320053265912,1.8129320053265912,-8.209905041674704,-3.4478514201969945,5.0,100.0,0.5,0.0,1.4833113051090674,0.0,5.0,1.7258187532424927,0.0
2.943007707595825,1.4828933157643212,-10.949263968818265,6.283185307179586,0.0,-3.4478514201969945,-8.209905041674704,0.0,0,1.4828933157643212,0.0,1.4828933157643212,1.4828933157643212,-6.018519232856949,-3.508479947510864,5.0,100.0,0.5,0.0,1.4849801745981606,0.0,5.0,1.7258187532424927,0.0
2.9530625343322754,1.3861771207227493,-9.559944470757307,6.283185307179586,0.0,-3.508479947510864,-6.018519232856949,0.0,0,1.3861771207227493,0.0,1.3861771207227493,1.3861771207227493,-4.665287402523694,-3.5553886040189835,5.0,100.0,0.5,0.0,1.4864821571383446,0.0,5.0,1.8787330389022827,15.208047803096768
2.963134288787842,1.3861771207227493,-9.559944470757307,6.283185307179586,0.0,-3.5553886040189835,-4.665287402523694,0.0,0,1.3861771207227493,0.0,1.3861771207227493,1.3861771207227493,-4.618378746015574,-3.601903780731659,5.0,100.0,0.5,0.0,1.48783394142451,0.0,5.0,1.8787330389022827,0.0
2.973212718963623,1.2123454289441549,-8.64880559131833,6.283185307179586,0.0,-3.601903780731659,-4.618378746015574,0.0,0,1.2123454289441549,0.0,1.2123454289441549,1.2123454289441549,-3.8345563816425168,-3.6405500894791394,5.0,100.0,0.5,0.0,1.489050547282059,0.0,5.0,1.8787330389022827,0.0
2.983509063720703,1.133341362199552,-7.815998517859104,6.283185307179586,0.0,-3.6405500894791394,-3.8345563816425168,0.0,0,1.133341362199552,0.0,1.133341362199552,1.133341362199552,-3.042107066180412,-3.6718726726204824,5.0,100.0,0.5,0.0,1.4901454925538533,0.0,5.0,1.8787330389022827,0.0
2.9935758113861084,1.0602454577368348,-7.309248884767972,6.283185307179586,0.0,-3.6718726726204824,-3.042107066180412,0.0,0,1.0602454577368348,0.0,1.0602454577368348,1.0602454577368348,-2.5771307544106543,-3.69781599762589,5.0,100.0,0.5,0.0,1.4911309432984678,0.0,5.0,1.8787330389022827,0.0
3.003643751144409,1.0602454577368348,-7.309248884767972,6.283185307179586,0.0,-3.69781599762589,-2.5771307544106543,0.0,0,1.0602454577368348,0.0,1.0602454577368348,1.0602454577368348,-2.551187429405247,-3.7235011989772766,5.0,100.0,0.5,0.0,1.4920178489686213,0.0,5.0,2.0103936195373535,13.077211802595434
3.0137128829956055,0.9269567002039022,-6.614061743571836,6.283185307179586,0.0,-3.7235011989772766,-2.551187429405247,0.0,0,0.9269567002039022,0.0,0.9269567002039022,0.9269567002039022,-1.963603844390657,-3.743272984989962,5.0,100.0,0.5,0.0,1.4928160640717594,0.0,5.0,2.0103936195373535,0.0
3.02378249168396,0.9269567002039022,-6.614061743571836,6.283185307179586,0.0,-3.743272984989962,-1.963603844390657,0.0,0,0.9269567002039022,0.0,0.9269567002039022,0.9269567002039022,-1.9438320583779714,-3.7628466131737066,5.0,100.0,0.5,0.0,1.4935344576645835,0.0,5.0,2.0103936195373535,0.0
3.034005641937256,0.9269567002039022,-6.614061743571836,6.283185307179586,0.0,-3.7628466131737066,-1.9438320583779714,0.0,0,0.9269567002039022,0.0,0.9269567002039022,0.9269567002039022,-1.924258430194227,-3.782518596231753,5.0,100.0,0.5,0.0,1.4941810118981254,0.0,5.0,2.0103936195373535,0.0
3.0440754890441895,0.7581058622163197,-5.598025034776968,6.283185307179586,0.0,-3.782518596231753,-1.924258430194227,0.0,0,0.7581058622163197,0.0,0.7581058622163197,0.7581058622163197,-1.0574005763288952,-3.7931664583661684,5.0,100.0,0.5,0.0,1.494762910708313,0.0,5.0,2.1237549781799316,11.25750544559144
3.05415415763855,0.7581058622163197,-5.598025034776968,6.283185307179586,0.0,-3.7931664583661684,-1.0574005763288952,0.0,0,0.7581058622163197,0.0,0.7581058622163197,0.7581058622163197,-1.0467527141944801,-3.8037163320727814,5.0,100.0,0.5,0.0,1.4952866196374819,0.0,5.0,2.1237549781799316,0.0
3.0642242431640625,0.6629660029455186,-4.729820456795922,6.283185307179586,0.0,-3.8037163320727814,-1.0467527141944801,0.0,0,0.6629660029455186,0.0,0.6629660029455186,0.6629660029455186,-0.2631381217776223,-3.8063661554641044,5.0,100.0,0.5,0.0,1.4957579576737339,0.0,5.0,2.1237549781799316,0.0
3.0746572017669678,0.6629660029455186,-4.729820456795922,6.283185307179586,0.0,-3.8063661554641044,-0.2631381217776223,0.0,0,0.6629660029455186,0.0,0.6629660029455186,0.6629660029455186,-0.2604882983862993,-3.80908381909771,5.0,100.0,0.5,0.0,1.4961821619063604,0.0,5.0,2.1237549781799316,0.0
3.084730386734009,0.542232850793919,-4.003854826228395,6.283185307179586,0.0,-3.80908381909771,-0.2604882983862993,0.0,0,0.542232850793919,0.0,0.542232850793919,0.542232850793919,0.3474618436632344,-3.805583771677501,5.0,100.0,0.5,0.0,1.4965639457157245,0.0,5.0,2.1237549781799316,0.0
3.095200300216675,0.542232850793919,-4.003854826228395,6.283185307179586,0.0,-3.805583771677501,0.3474618436632344,0.0,0,0.542232850793919,0.0,0.542232850793919,0.542232850793919,0.3439617962430255,-3.801982521429494,5.0,100.0,0.5,0.0,1.4969075511441523,0.0,5.0,2.221360206604004,9.322448421915562
3.1052699089050293,0.47407810432806896,-3.3826187236945278,6.283185307179586,0.0,-3.801982521429494,0.3439617962430255,0.0,0,0.47407810432806896,0.0,0.47407810432806896,0.47407810432806896,0.8934419020630355,-3.79298591108994,5.0,100.0,0.5,0.0,1.4972167960297371,0.0,5.0,2.221360206604004,0.0
3.1153385639190674,0.44352314471689747,-3.0575400051765516,6.283185307179586,0.0,-3.79298591108994,0.8934419020630355,0.0,0,0.44352314471689747,0.0,0.44352314471689747,0.44352314471689747,1.1789690506302866,-3.781115278446916,5.0,100.0,0.5,0.0,1.4974951164267636,0.0,5.0,2.221360206604004,0.0
3.125412702560425,0.4147271573167837,-2.8597605042441314,6.283185307179586,0.0,-3.781115278446916,1.1789690506302866,0.0,0,0.4147271573167837,0.0,0.4147271573167837,0.4147271573167837,1.3360819315195682,-3.7676554038325754,5.0,100.0,0.5,0.0,1.4977456047840874,0.0,5.0,2.221360206604004,0.0
3.135512351989746,0.4147271573167837,-2.8597605042441314,6.283185307179586,0.0,-3.7676554038325754,1.3360819315195682,0.0,0,0.4147271573167837,0.0,0.4147271573167837,0.4147271573167837,1.322622056905228,-3.7542973847303447,5.0,100.0,0.5,0.0,1.4979710443056788,0.0,5.0,2.221360206604004,0.0
3.1455774307250977,1.5760556447011234,57.75664864292931,6.283185307179586,0.0,-3.7542973847303447,1.322622056905228,0.0,0,1.5760556447011234,0.0,1.5760556447011234,1.5760556447011234,63.08700167236077,-3.119321745720778,5.0,100.0,0.5,0.0,1.498173939875111,0.0,5.0,2.3053994178771973,8.34958309645632
3.155649185180664,1.5760556447011234,57.75664864292931,6.283185307179586,0.0,-3.119321745720778,63.08700167236077,0.0,0,1.5760556447011234,0.0,1.5760556447011234,1.5760556447011234,62.45202603335121,-2.4903202742602235,5.0,100.0,0.5,0.0,1.4983565458875998,0.0,5.0,2.3053994178771973,0.0
3.1657140254974365,2.5930318346176415,50.506273178279685,6.283185307179586,0.0,-2.4903202742602235,62.45202603335121,0.0,0,2.5930318346176415,0.0,2.5930318346176415,2.5930318346176415,55.589625287157546,-1.9308195724757664,5.0,100.0,0.5,0.0,1.4985208912988397,0.0,5.0,2.3053994178771973,0.0
3.175884246826172,2.5930318346176415,50.506273178279685,6.283185307179586,0.0,-1.9308195724757664,55.589625287157546,0.0,0,2.5930318346176415,0.0,2.5930318346176415,2.5930318346176415,55.030124585373095,-1.371151025694641,5.0,100.0,0.5,0.0,1.4986688021689556,0.0,5.0,2.3053994178771973,0.0
3.186624050140381,4.0148070839488135,70.70951450591365,6.283185307179586,0.0,-1.371151025694641,55.030124585373095,0.0,0,4.0148070839488135,0.0,4.0148070839488135,4.0148070839488135,76.0954726155571,-0.5539006167017819,5.0,100.0,0.5,0.0,1.4988019219520603,0.0,5.0,2.377758264541626,6.737446166141278
3.196694850921631,4.657677906865608,63.909261786712825,6.283185307179586,0.0,-0.5539006167017819,76.0954726155571,0.0,0,4.657677906865608,0.0,4.657677906865608,4.657677906865608,69.12084031028022,0.14220159589564452,5.0,100.0,0.5,0.0,1.4989217297568542,0.0,5.0,2.377758264541626,0.0
3.2067596912384033,4.657677906865608,63.909261786712825,6.283185307179586,0.0,0.14220159589564452,69.12084031028022,0.7111166265281924,0,4.657677906865608,0.0,4.657677906865608,4.657677906865608,68.42473809768279,0.8308856585657989,4.2888833734718075,100.0,0.5,0.0,1.3540295567811687,70.65354284291611,5.0,2.377758264541626,0.0
3.2168288230895996,6.7372783070523035,103.22701456726381,6.283185307179586,0.0,0.8308856585657989,68.42473809768279,0.8005713731760398,0,6.7372783070523035,0.0,6.7372783070523035,6.7372783070523035,100.0,1.8377988436854278,4.19942862682396,100.0,0.5,0.0,1.2236266011030517,8.884057530463211,5.0,2.377758264541626,0.0
3.2269046306610107,6.7372783070523035,103.22701456726381,6.283185307179586,0.0,1.8377988436854278,100.0,1.25729183811596,0,6.7372783070523035,0.0,6.7372783070523035,6.7372783070523035,100.0,2.845379600826541,3.74270816188404,100.0,0.5,0.0,1.1062639409927464,45.328422729688526,5.0,2.377758264541626,0.0
3.2370500564575195,8.550532628410698,90.27109617911931,6.283185307179586,0.0,2.845379600826541,100.0,1.3983531441157158,0,8.550532628410698,0.0,8.550532628410698,8.550532628410698,95.97624920670347,3.8190995153803864,3.601646855884284,100.0,0.5,0.0,1.0006375468934716,13.903931567692055,5.0,2.440058708190918,6.1407421333396
3.247123956680298,8.550532628410698,90.27109617911931,6.283185307179586,0.0,3.8190995153803864,95.97624920670347,1.4944364242202888,0,8.550532628410698,0.0,8.550532628410698,8.550532628410698,95.00252929214962,4.776145516381076,3.5055635757797114,100.0,0.5,0.0,0.9055737922041245,9.537843137190992,5.0,2.440058708190918,0.0
3.2572035789489746,11.964588795209517,169.68147594683023,6.283185307179586,0.0,4.776145516381076,95.00252929214962,1.618685665214847,0,11.964588795209517,0.0,11.964588795209517,11.964588795209517,100.0,5.784107743248752,3.381314334785153,100.0,0.5,0.0,0.8200164129837121,12.326775516248532,5.0,2.440058708190918,0.0
3.2672722339630127,13.506862135607404,153.35727556777272,6.283185307179586,0.0,5.784107743248752,100.0,1.8097750840548255,0,13.506862135607404,0.0,13.506862135607404,13.506862135607404,100.0,6.79097324465256,3.1902249159451745,100.0,0.5,0.0,0.7430147716853409,18.97864397713048,5.0,2.440058708190918,0.0
3.277348518371582,13.506862135607404,153.35727556777272,6.283185307179586,0.0,6.79097324465256,100.0,1.9507362542513584,0,13.506862135607404,0.0,13.506862135607404,13.506862135607404,100.0,7.798601685509492,3.0492637457486413,100.0,0.5,0.0,0.6737132945168068,13.989399711331403,5.0,2.4937005043029785,5.323569079336536
3.287416696548462,17.109651099695753,179.08712076739016,6.283185307179586,0.0,7.798601685509492,100.0,2.0918042359713294,0,17.109651099695753,0.0,17.109651099695753,17.109651099695753,100.0,8.80541950319748,2.9081957640286706,100.0,0.5,0.0,0.6113419650651262,14.011271874778018,5.0,2.4937005043029785,0.0
3.2975478172302246,18.73795269563315,161.8578480162724,6.283185307179586,0.0,8.80541950319748,100.0,2.2327587304476477,0,18.73795269563315,0.0,18.73795269563315,18.73795269563315,100.0,9.81853157137375,2.7672412695523523,100.0,0.5,0.0,0.5552077685586135,13.913020968159461,5.0,2.4937005043029785,0.0
3.307631254196167,18.73795269563315,161.8578480162724,6.283185307179586,0.0,9.81853157137375,100.0,2.3745944199923255,0,18.73795269563315,0.0,18.73795269563315,18.73795269563315,100.0,10.826875267967988,2.6254055800076745,100.0,0.5,0.0,0.5046869917027522,14.066204809306505,5.0,2.4937005043029785,0.0
3.3177032470703125,21.97220630177119,160.6195204333473,6.283185307179586,0.0,10.826875267967988,100.0,2.515762537515519,0,21.97220630177119,0.0,21.97220630177119,21.97220630177119,100.0,11.83407455538254,2.484237462484481,100.0,0.5,0.0,0.45921829253247703,14.015907207953603,5.0,2.4937005043029785,0.0
3.3277735710144043,23.43022819487642,145.16550094568413,6.283185307179586,0.0,11.83407455538254,100.0,2.656770437753556,0,23.43022819487642,0.0,23.43022819487642,23.43022819487642,100.0,12.841106949791719,2.343229562246444,100.0,0.5,0.0,0.41829646327922937,14.002320185614849,5.0,2.539886713027954,4.58636772574459
3.337845802307129,23.43022819487642,145.16550094568413,6.283185307179586,0.0,12.841106949791719,100.0,2.797754972970841,0,23.43022819487642,0.0,23.43022819487642,23.43022819487642,100.0,13.84833007906418,2.202245027029159,100.0,0.5,0.0,0.38146681695130646,13.997348861430668,5.0,2.539886713027954,0.0
3.3479816913604736,23.43022819487642,145.16550094568413,6.283185307179586,0.0,13.84833007906418,100.0,2.9387662110689856,0,23.43022819487642,0.0,23.43022819487642,23.43022819487642,100.0,14.861918984398653,2.0612337889310144,100.0,0.5,0.0,0.34832013525617583,13.912073953849411,5.0,2.539886713027954,0.0
3.358051300048828,27.673162255209835,140.61659714117377,6.283185307179586,0.0,14.861918984398653,100.0,3.0806686578158113,0,27.673162255209835,0.0,27.673162255209835,27.673162255209835,100.0,15.868879853234102,1.9193313421841887,100.0,0.5,0.0,0.31848812173055824,14.092151059547724,5.0,2.539886713027954,0.0
3.3681235313415527,27.673162255209835,140.61659714117377,6.283185307179586,0.0,15.868879853234102,100.0,3.2216431794527747,0,27.673162255209835,0.0,27.673162255209835,27.673162255209835,100.0,16.876102982506563,1.7783568205472253,100.0,0.5,0.0,0.29163930955750245,13.996354684467212,5.0,2.579653739929199,3.948184443497609
3.3781933784484863,30.16733875274325,123.7441975432979,4.027245535883624,-111.92449972209295,16.876102982506563,100.0,3.362654417550919,0,30.16733875274325,0.0,30.16733875274325,30.16733875274325,100.0,17.883087693199922,1.6373455824490808,100.0,0.5,0.0,0.2674753786017522,14.003314707832182,5.0,2.579653739929199,0.0
3.3882625102996826,30.16733875274325,123.7441975432979,4.027245535883624,-111.92449972209295,17.883087693199922,100.0,3.5036322770479895,0,30.16733875274325,0.0,30.16733875274325,30.16733875274325,100.0,18.89000087831955,1.4963677229520105,100.0,0.5,0.0,0.24572784074157697,14.000994482987238,5.0,2.579653739929199,0.0
3.398332118988037,32.34139968792248,108.20781389184751,0.2084067965977492,-190.07203749307823,18.89000087831955,100.0,3.6446001229647376,0,32.34139968792248,0.0,32.34139968792248,32.34139968792248,100.0,19.896961747155,1.3553998770352624,100.0,0.5,0.0,0.22615505666741928,13.999337042737066,5.0,2.579653739929199,0.0
3.4084079265594482,32.34139968792248,108.20781389184751,0.2084067965977492,-190.07203749307823,19.896961747155,100.0,3.7855746446017005,0,32.34139968792248,0.0,32.34139968792248,32.34139968792248,100.0,20.904542504296113,1.2144253553982995,100.0,0.5,0.0,0.20853955100067736,13.991386857859492,5.0,2.6138927936553955,3.398144861692814
3.4185402393341064,34.3427844841141,99.10997020243303,-3.486397374003122,-182.96927804632833,20.904542504296113,100.0,3.9266359506014563,0,34.3427844841141,0.0,34.3427844841141,34.3427844841141,100.0,21.917773781761934,1.0733640493985437,100.0,0.5,0.0,0.19268559590060963,13.921925737681773,5.0,2.6138927936553955,0.0
3.428611993789673,34.3427844841141,99.10997020243303,-3.486397374003122,-182.96927804632833,21.917773781761934,100.0,4.068488329446671,0,34.3427844841141,0.0,34.3427844841141,34.3427844841141,100.0,22.924949227318574,0.9315116705533288,100.0,0.5,0.0,0.17841703631054867,14.084177634693685,5.0,2.6138927936553955,0.0
3.4387471675872803,36.167057789644794,90.78410619556297,-6.283185307179586,-139.1808409201592,22.924949227318574,100.0,4.209492891824601,0,36.167057789644794,0.0,36.167057789644794,36.167057789644794,100.0,23.938466607079317,0.7905071081753992,100.0,0.5,0.0,0.16557533267949381,13.912397083039284,5.0,2.6138927936553955,0.0
3.4489035606384277,36.167057789644794,90.78410619556297,-6.283185307179586,-139.1808409201592,23.938466607079317,100.0,4.351385324991105,0,36.167057789644794,0.0,36.167057789644794,36.167057789644794,100.0,24.954105912194063,0.6486146750088952,100.0,0.5,0.0,0.15401779941154445,13.970750487100636,5.0,2.6138927936553955,0.0
3.4589791297912598,37.766532920234916,79.38802364516484,-6.283185307179586,0.0,24.954105912194063,100.0,4.493574827707169,0,37.766532920234916,0.0,37.766532920234916,37.766532920234916,92.20045065320569,25.883077928672712,0.5064251722928308,100.0,0.5,0.0,0.14361601947039002,14.112304779933744,5.0,2.2795534133911133,-33.183175579744436
3.469190835952759,37.766532920234916,79.38802364516484,-6.283185307179586,0.0,25.883077928672712,92.20045065320569,4.5456354165462365,0,37.766532920234916,0.0,37.766532920234916,37.766532920234916,91.27147863672704,26.815115449436504,0.4543645834537635,100.0,0.5,0.0,0.13425441752335102,5.098128365204063,5.0,2.2795534133911133,0.0
3.479273796081543,39.109924780779856,66.74793705282273,-6.283185307179586,0.0,26.815115449436504,91.27147863672704,4.666830949288381,0,39.109924780779856,0.0,39.109924780779856,39.109924780779856,79.0427463841661,27.612100309697652,0.33316905071161873,100.0,0.5,0.0,0.12582897577101593,12.019836555354777,5.0,2.2795534133911133,0.0
3.4894816875457764,39.715139323792116,60.33020673577559,-6.283185307179586,0.0,27.612100309697652,79.0427463841661,4.656121507199333,0,39.715139323792116,0.0,39.715139323792116,39.715139323792116,72.43324574987005,28.35149102071447,0.34387849280066707,100.0,0.5,0.0,0.2455517727722929,1.0491336165330796,5.0,2.2795534133911133,0.0
3.49955153465271,39.715139323792116,60.33020673577559,-6.283185307179586,0.0,28.35149102071447,72.43324574987005,4.693541200398727,0,39.715139323792116,0.0,39.715139323792116,39.715139323792116,71.69385503885323,29.07343717946238,0.3064587996012733,100.0,0.5,0.0,0.2673694765263926,3.716014036958756,5.0,1.5699316263198853,-70.46996637939199
3.5096209049224854,40.78621882278594,53.2386028814786,-6.283185307179586,0.0,29.07343717946238,71.69385503885323,4.787219755513266,0,40.78621882278594,0.0,40.78621882278594,40.78621882278594,64.95138452480217,29.727456719777173,0.21278024448673438,100.0,0.5,0.0,0.24563252887375334,9.303318142518613,5.0,1.5699316263198853,0.0
3.5197737216949463,40.78621882278594,53.2386028814786,-6.283185307179586,0.0,29.727456719777173,64.95138452480217,4.811357786016826,0,40.78621882278594,0.0,40.78621882278594,40.78621882278594,64.29736498448736,30.38025608541672,0.18864221398317405,100.0,0.5,0.0,0.31057297850106924,2.3774713012682027,5.0,1.5699316263198853,0.0
3.529853582382202,40.78621882278594,53.2386028814786,-6.283185307179586,0.0,30.38025608541672,64.29736498448736,4.896209501803215,0,40.78621882278594,0.0,40.78621882278594,40.78621882278594,63.64456561884782,31.021784440355617,0.10379049819678521,100.0,0.5,0.0,0.28451568065096233,8.417945289032447,5.0,1.5699316263198853,0.0
3.539921283721924,40.78621882278594,53.2386028814786,-6.283185307179586,0.0,31.021784440355617,63.64456561884782,4.979495477838265,0,40.78621882278594,0.0,40.78621882278594,40.78621882278594,63.00303726390892,31.656080203024008,0.02050452216173504,100.0,0.5,0.0,0.2610641125858661,8.27259105377401,5.0,1.5699316263198853,0.0
3.5500009059906006,42.55191424413575,43.84294964745723,-6.283185307179586,0.0,31.656080203024008,63.00303726390892,5.06188160106245,1,-43.792949647457235,-1.6906053410261369e-06,-43.79295133806257,-43.79295133806257,-31.60608189362935,31.33750283614336,-0.06188160106245011,0.001,0.0,319204.76573332923,0.2399577013272795,8.173532799954884,5.0,0.9589399099349976,-60.616529082006764
3.560077667236328,42.55191424413575,43.84294964745723,-6.283185307179586,0.0,31.33750283614336,-31.60608189362935,4.071189578123778,1,324160.9227836818,2.0571245649132624e-05,324160.922804253,324160.922804253,100.0,32.34517896071611,0.9288104218762223,510.37279031045694,0.0,0.5616133594885468,0.22096193119455157,98.31452773168733,5.0,0.9589399099349976,0.0
3.5701467990875244,42.55191424413575,43.84294964745723,-6.283185307179586,0.0,32.34517896071611,100.0,5.5283250545002565,1,-43.27153952745377,5.165563839678252e-05,-43.271487871815374,-43.271487871815374,-31.773717185074247,32.02524521297698,-0.5283250545002565,0.001,0.0,16463145.079963136,0.20386573807509642,144.71311905637228,5.0,0.9589399099349976,0.0
3.5802245140075684,42.55191424413575,43.84294964745723,-6.283185307179586,0.0,32.02524521297698,-31.773717185074247,4.1657971579660344,1,16468101.237013489,6.653475066758168e-05,16468101.237080025,16468101.237080025,100.0,33.03301670498137,0.8342028420339656,26573.355220798097,0.0,0.5570850763469934,0.1884791642675868,135.2020678640392,5.0,0.9589399099349976,0.0
3.5902974605560303,43.868006271594844,32.717461208747,-6.283185307179586,0.0,33.03301670498137,100.0,5.624622338697392,1,-32.16018797400004,7.381347189140668e-05,-32.160114160528146,-32.160114160528146,-32.47566965676252,32.705891020403286,-0.6246223386973924,0.001,0.0,886765378.7015431,0.17463124784082812,144.82606193856085,5.0,0.43287020921707153,-52.225999431939215
3.6003715991973877,43.868006271594844,32.717461208747,-6.283185307179586,0.0,32.705891020403286,-32.47566965676252,4.254068046288836,0,43.868006271594844,0.0,43.868006271594844,43.868006271594844,43.879576459938555,33.14793995718475,0.7459319537111639,0.001,0.0,886765378.7015431,0.16216812305674533,136.04679677347417,5.0,0.43287020921707153,0.0
3.6104445457458496,43.868006271594844,32.717461208747,-6.283185307179586,0.0,33.14793995718475,43.879576459938555,5.07950735860525,0,43.868006271594844,0.0,43.868006271594844,43.868006271594844,43.437527523157094,33.58548385012285,-0.07950735860524993,0.001,0.0,886765378.7015431,0.1509513107510708,81.94616226197031,5.0,0.43287020921707153,0.0
3.6205215454101562,43.868006271594844,32.717461208747,-6.283185307179586,0.0,33.58548385012285,43.437527523157094,5.13634301424877,0,43.868006271594844,0.0,43.868006271594844,43.868006271594844,42.99998363021899,34.01879467072975,-0.13634301424877027,0.001,0.0,886765378.7015431,0.14085617967596373,5.64013670108929,5.0,0.43287020921707153,0.0
3.6306233406066895,44.76411118948109,22.26660687992062,-6.283185307179586,0.0,34.01879467072975,42.99998363021899,5.192631090204355,0,44.76411118948109,0.0,44.76411118948109,44.76411118948109,33.01192339867197,34.35227435994677,-0.19263109020435465,0.001,0.0,886765378.7015431,0.13177056170836737,5.572086432211739,5.0,0.43287020921707153,0.0
3.6407718658447266,44.76411118948109,22.26660687992062,-6.283185307179586,0.0,34.35227435994677,33.01192339867197,5.139437644379267,0,44.76411118948109,0.0,44.76411118948109,44.76411118948109,32.67844370945494,34.68391237067195,-0.1394376443792673,0.001,0.0,886765378.7015431,0.12359350553753064,5.241495151011303,5.0,-0.020080842077732086,-44.632204253394725
3.6508400440216064,44.76411118948109,22.26660687992062,-6.283185307179586,0.0,34.68391237067195,32.67844370945494,5.182532168988622,1,886770356.4349362,5.3637798818878254e-05,886770356.4349898,886770356.4349898,100.0,35.690730188359936,-0.18253216898862235,50000.0,5000.0,-164236781424.90836,0.1394254434488826,4.280270357979499,5.0,-0.020080842077732086,0.0
3.66090726852417,44.76411118948109,22.26660687992062,-6.283185307179586,0.0,35.690730188359936,100.0,5.996702226370392,1,-164236781447.17487,-3.5239102637872383e-06,-164236781447.17487,-164236781447.17487,-100.0,34.68400773810359,-0.9967022263703917,0.001,0.0,-2.422958895742531e+30,0.13048289910399435,80.87333874142297,5.0,-0.020080842077732086,0.0
3.6711373329162598,44.76411118948109,22.26660687992062,-6.283185307179586,0.0,34.68400773810359,-100.0,3.855761083334503,1,-2.422958895742531e+30,-2.6533464617026403e-05,-2.422958895742531e+30,-2.422958895742531e+30,-100.0,33.661001298894604,1.144238916665497,0.001,5000.0,-1.0415250970339915e+61,0.12243460919359493,209.2793418476741,5.0,-0.020080842077732086,0.0
3.6812117099761963,44.76411118948109,22.26660687992062,-6.283185307179586,0.0,33.661001298894604,-100.0,3.7125401818452453,1,-1.0415250970339915e+61,4.581602562267721e-05,-1.0415250970339915e+61,-1.0415250970339915e+61,-100.0,32.65356359290095,1.2874598181547547,0.001,5000.0,-1.839309081151997e+122,0.11519114827423545,14.216353094308365,5.0,-0.41007620096206665,-38.71161031238907
3.6913182735443115,45.2052467432942,7.309078267003132,-6.283185307179586,0.0,32.65356359290095,-100.0,3.571498903006134,1,-1.839309081151997e+122,0.00017901176616904173,-1.839309081151997e+122,-1.839309081151997e+122,-100.0,31.642907236089428,1.428501096993866,0.001,5000.0,-5.5823046059837e+244,0.10867203344681191,13.955414012738853,5.0,-0.41007620096206665,0.0
3.701389789581299,45.2052467432942,7.309078267003132,-6.283185307179586,0.0,31.642907236089428,-100.0,3.4300070130525206,0,45.2052467432942,0.0,45.2052467432942,45.2052467432942,20.8714177742079,31.85311405491702,1.5699929869474794,0.001,5000.0,-5.5823046059837e+244,0.10280483010213072,14.048718130814573,5.0,-0.41007620096206665,0.0
3.7114810943603516,45.2052467432942,7.309078267003132,-6.283185307179586,0.0,31.85311405491702,20.8714177742079,4.668150145430463,0,45.2052467432942,0.0,45.2052467432942,45.2052467432942,20.661210955380305,32.061612631772064,0.331849854569537,0.001,5000.0,-5.5823046059837e+244,0.09752434709191765,122.69405785345492,5.0,-0.41007620096206665,0.0
3.7215487957000732,45.36766647808217,5.377414400285376,-0.9184899448411654,177.6150547976279,32.061612631772064,20.661210955380305,4.695237878001892,0,45.36766647808217,0.0,45.36766647808217,45.36766647808217,18.68346824659548,32.249712210068964,0.3047621219981078,0.001,5000.0,-5.5823046059837e+244,0.16718727150832502,2.6905578202400267,5.0,-0.41007620096206665,0.0
3.7316184043884277,45.36766647808217,5.377414400285376,-0.9184899448411654,177.6150547976279,32.249712210068964,18.68346824659548,4.701794391875611,0,45.36766647808217,0.0,45.36766647808217,45.36766647808217,18.495368668298582,32.43595333510558,0.29820560812438934,0.001,5000.0,-5.5823046059837e+244,0.29559915328817943,0.651119033185578,5.0,-0.7458660006523132,-33.34685687226234
3.7416999340057373,44.791495718302656,-28.658246832842437,1.7800117911387519,134.22119660872698,32.43595333510558,18.495368668298582,4.725987153597768,0,44.791495718302656,0.0,44.791495718302656,44.791495718302656,-16.30270444964536,32.271597137354235,0.2740128464022318,0.001,5000.0,-5.5823046059837e+244,0.35482631452692615,2.3997114168686853,5.0,-0.7458660006523132,0.0
3.751767873764038,44.791495718302656,-28.658246832842437,1.7800117911387519,134.22119660872698,32.271597137354235,-16.30270444964536,4.35499655473314,0,44.791495718302656,0.0,44.791495718302656,44.791495718302656,-16.138348251894016,32.10911721935569,0.6450034452668598,0.001,5000.0,-5.5823046059837e+244,0.32434368307423356,36.84871063702531,5.0,-0.7458660006523132,0.0
3.761834144592285,44.791495718302656,-28.658246832842437,1.7800117911387519,134.22119660872698,32.10911721935569,-16.138348251894016,4.333892928190856,0,44.791495718302656,0.0,44.791495718302656,44.791495718302656,-15.97586833389547,31.94829980199028,0.6661070718091437,0.001,5000.0,-5.5823046059837e+244,0.39046753009926927,2.0964691793374777,5.0,-0.7458660006523132,0.0
3.7719011306762695,44.791495718302656,-28.658246832842437,1.7800117911387519,134.22119660872698,31.94829980199028,-15.97586833389547,4.313003288939686,0,44.791495718302656,0.0,44.791495718302656,44.791495718302656,-15.815050916530062,31.789089904496066,0.6869967110603143,0.001,5000.0,-5.5823046059837e+244,0.4506687185806871,2.07506388475137,5.0,-1.0349843502044678,-28.719454575596817
3.781966209411621,44.791495718302656,-28.658246832842437,1.7800117911387519,134.22119660872698,31.789089904496066,-15.815050916530062,4.292322077464148,0,44.791495718302656,0.0,44.791495718302656,44.791495718302656,-15.655841019035847,31.631512631971322,0.7076779225358516,0.001,5000.0,-5.5823046059837e+244,0.5055043757141524,2.054749100262739,5.0,-1.0349843502044678,0.0
3.7921102046966553,43.64657255121456,-22.75116106470394,6.283185307179586,89.48410593029017,31.631512631971322,-15.655841019035847,4.271853358285627,0,43.64657255121456,0.0,43.64657255121456,43.64657255121456,-10.736101145460701,31.52260567257212,0.7281466417143729,0.001,5000.0,-5.5823046059837e+244,0.5560465235702222,2.017816314319429,5.0,-1.0349843502044678,0.0
3.8023533821105957,43.64657255121456,-22.75116106470394,6.283185307179586,89.48410593029017,31.52260567257212,-10.736101145460701,4.30580378270549,0,43.64657255121456,0.0,43.64657255121456,43.64657255121456,-10.627194186061498,31.413749437111896,0.6941962172945102,0.001,5000.0,-5.5823046059837e+244,0.5597542736827175,3.3144426819804935,5.0,-1.0349843502044678,0.0
3.812431573867798,42.49562551938608,-57.39551219130566,6.283185307179586,0.0,31.413749437111896,-10.627194186061498,4.291652979335051,0,42.49562551938608,0.0,42.49562551938608,42.49562551938608,-46.31363610903148,30.946991731431794,0.7083470206649487,0.001,5000.0,-5.5823046059837e+244,0.6246466894058358,1.404101421301689,5.0,-1.0349843502044678,0.0
3.8224990367889404,41.97333439342539,-51.88403578185343,6.283185307179586,0.0,30.946991731431794,-46.31363610903148,3.8694424813101365,0,41.97333439342539,0.0,41.97333439342539,41.97333439342539,-40.85769311985983,30.535658420904184,1.1305575186898635,0.001,5000.0,-5.5823046059837e+244,0.5671820204652522,41.93812297418397,5.0,-0.64372718334198,38.863531947141574
3.8325753211975098,41.97333439342539,-51.88403578185343,6.283185307179586,0.0,30.535658420904184,-40.85769311985983,3.8664152477279883,0,41.97333439342539,0.0,41.97333439342539,41.97333439342539,-40.44635980933222,30.128109396174025,1.1335847522720117,0.001,5000.0,-5.5823046059837e+244,0.660463818418727,0.30043153402594336,5.0,-0.64372718334198,0.0
3.842607259750366,40.192792438026984,-88.49653681990951,6.283185307179586,0.0,30.128109396174025,-40.44635980933222,3.8134717173710415,0,40.192792438026984,0.0,40.192792438026984,40.192792438026984,-78.43185377805655,29.34128585848594,1.1865282826289585,0.001,5000.0,-5.5823046059837e+244,0.5994174365768543,5.277497472497166,5.0,-0.64372718334198,0.0
3.8526804447174072,40.192792438026984,-88.49653681990951,6.283185307179586,0.0,29.34128585848594,-78.43185377805655,3.323461482407466,0,40.192792438026984,0.0,40.192792438026984,40.192792438026984,-77.64503024036847,28.559153107103214,1.676538517592534,0.001,5000.0,-5.5823046059837e+244,0.5444756929191689,48.64501511357786,5.0,-0.64372718334198,0.0
3.862760305404663,40.192792438026984,-88.49653681990951,6.283185307179586,0.0,28.559153107103214,-77.64503024036847,3.2218311325907654,0,40.192792438026984,0.0,40.192792438026984,40.192792438026984,-76.86289748898574,27.78438580839541,1.7781688674092346,0.001,5000.0,-5.5823046059837e+244,0.495028123627252,10.082515321386694,5.0,-0.16146910190582275,47.84372486872605
3.8728320598602295,37.098494933331345,-102.56380908119924,6.283185307179586,0.0,27.78438580839541,-76.86289748898574,3.1211850382855,0,37.098494933331345,0.0,37.098494933331345,37.098494933331345,-93.2496999562633,26.845197727380683,1.8788149617144998,0.001,5000.0,-5.5823046059837e+244,0.45052531126452683,9.992905878443114,5.0,-0.16146910190582275,0.0
3.883039951324463,36.19590189643807,-89.55267031777461,6.283185307179586,0.0,26.845197727380683,-93.2496999562633,2.825830682270663,0,36.19590189643807,0.0,36.19590189643807,36.19590189643807,-80.20196614871722,26.026504761716456,2.174169317729337,0.001,5000.0,-5.5823046059837e+244,0.41047278013807414,28.93392401846213,5.0,-0.16146910190582275,0.0
3.8931124210357666,36.19590189643807,-89.55267031777461,6.283185307179586,0.0,26.026504761716456,-80.20196614871722,2.841691005153132,0,36.19590189643807,0.0,36.19590189643807,36.19590189643807,-79.38327318305299,25.226919146996007,2.158308994846868,0.001,5000.0,-5.5823046059837e+244,0.48479882368793514,1.5746210549206348,5.0,-0.16146910190582275,0.0
3.9031810760498047,33.911894477483656,-113.53862463229854,6.283185307179586,0.0,25.226919146996007,-79.38327318305299,2.737935948748911,0,33.911894477483656,0.0,33.911894477483656,33.911894477483656,-100.0,24.2200536455922,2.262064051251089,0.001,5000.0,-5.5823046059837e+244,0.4413189413191416,10.304758307794021,5.0,0.25375989079475403,41.23976758779096
3.9132487773895264,33.911894477483656,-113.53862463229854,6.283185307179586,0.0,24.2200536455922,-100.0,2.390807510382908,0,33.911894477483656,0.0,33.911894477483656,33.911894477483656,-100.0,23.21328351162003,2.609192489617092,0.001,5000.0,-5.5823046059837e+244,0.4021870471872275,34.47941358733229,5.0,0.25375989079475403,0.0
3.9233133792877197,31.912930206076226,-99.28315459716359,6.283185307179586,0.0,23.21328351162003,-100.0,2.2498596916268045,0,31.912930206076226,0.0,31.912930206076226,31.912930206076226,-90.5835079027074,22.30159656603743,2.7501403083731955,0.001,5000.0,-5.5823046059837e+244,0.36696834246850474,14.00431136589757,5.0,0.25375989079475403,0.0
3.933417797088623,31.912930206076226,-99.28315459716359,6.283185307179586,0.0,22.30159656603743,-90.5835079027074,2.216388440218166,0,31.912930206076226,0.0,31.912930206076226,31.912930206076226,-89.6718209571248,21.39551502211884,2.783611559781834,0.001,5000.0,-5.5823046059837e+244,0.38964533647332183,3.3125363646034214,5.0,0.25375989079475403,0.0
3.943486213684082,29.978849102492465,-96.15167017217168,6.283185307179586,0.0,21.39551502211884,-89.6718209571248,2.0986538935253902,0,29.978849102492465,0.0,29.978849102492465,29.978849102492465,-87.56833609179805,20.51384053377545,2.9013461064746098,0.001,5000.0,-5.5823046059837e+244,0.3556808028259897,11.693452051425453,5.0,0.25375989079475403,0.0
3.9535837173461914,29.103225890275144,-86.89735807060265,6.283185307179586,0.0,20.51384053377545,-87.56833609179805,1.9962543138105828,0,29.103225890275144,0.0,29.103225890275144,29.103225890275144,-78.30797271410296,19.723125492522435,3.003745686189417,0.001,5000.0,-5.5823046059837e+244,0.32511272254339074,10.141078739991867,5.0,0.6112760305404663,35.40638871836041
3.963656425476074,29.103225890275144,-86.89735807060265,6.283185307179586,0.0,19.723125492522435,-78.30797271410296,1.9781578418121115,0,29.103225890275144,0.0,29.103225890275144,29.103225890275144,-77.51725767284994,18.942316780954897,3.0218421581878885,0.001,5000.0,-5.5823046059837e+244,0.4008226141631283,1.7965845694252083,5.0,0.6112760305404663,0.0
3.973723888397217,29.103225890275144,-86.89735807060265,6.283185307179586,0.0,18.942316780954897,-77.51725767284994,1.8767517726051863,0,29.103225890275144,0.0,29.103225890275144,29.103225890275144,-76.7364489612824,18.169775426337036,3.1232482273948134,0.001,5000.0,-5.5823046059837e+244,0.3657403527468155,10.072653855418062,5.0,0.6112760305404663,0.0
3.9838619232177734,26.4713487451165,-87.27915398288617,6.283185307179586,0.0,18.169775426337036,-76.7364489612824,1.7764040700743613,0,26.4713487451165,0.0,26.4713487451165,26.4713487451165,-78.97758066410671,17.369097963521,3.2235959299256387,0.001,5000.0,-5.5823046059837e+244,0.33416631747213393,9.898141435394608,5.0,0.6112760305404663,0.0
3.9939494132995605,26.4713487451165,-87.27915398288617,6.283185307179586,0.0,17.369097963521,-78.97758066410671,1.6418979082518732,0,26.4713487451165,0.0,26.4713487451165,26.4713487451165,-78.17690320129067,16.58048922785315,3.358102091748127,0.001,5000.0,-5.5823046059837e+244,0.30574968572492056,13.333957280943254,5.0,0.6112760305404663,0.0
4.004018783569336,24.941006820724514,-75.93421572039526,6.283185307179586,0.0,16.58048922785315,-78.17690320129067,1.5394994598865344,0,24.941006820724514,0.0,24.941006820724514,24.941006820724514,-67.5736981275239,15.900064640909083,3.4605005401134656,0.001,5000.0,-5.5823046059837e+244,0.28017471715242853,10.169300127208746,5.0,0.919100821018219,30.570411280011367
4.014091730117798,24.250300415291132,-68.61916765283048,6.283185307179586,0.0,15.900064640909083,-67.5736981275239,1.550272068452033,0,24.250300415291132,0.0,24.250300415291132,24.250300415291132,-60.268931878448434,15.292978911564578,3.449727931547967,0.001,5000.0,-5.5823046059837e+244,0.383807994285825,1.0694595184905042,5.0,0.919100821018219,0.0
4.024241924285889,24.250300415291132,-68.61916765283048,6.283185307179586,0.0,15.292978911564578,-60.268931878448434,1.538327728834557,0,24.250300415291132,0.0,24.250300415291132,24.250300415291132,-59.66184614910393,14.687399588724412,3.461672271165443,0.001,5000.0,-5.5823046059837e+244,0.47362049286267593,1.1767597170727564,5.0,0.919100821018219,0.0
4.034314870834351,22.936849888070608,-65.41680480826415,6.283185307179586,0.0,14.687399588724412,-59.66184614910393,1.4596174809303784,0,22.936849888070608,0.0,22.936849888070608,22.936849888070608,-57.16735450891795,14.11155588243911,3.5403825190696216,0.001,5000.0,-5.5823046059837e+244,0.43125844357640836,7.814024181057252,5.0,0.919100821018219,0.0
4.044424772262573,22.34157649547032,-59.129841839596544,6.283185307179586,0.0,14.11155588243911,-57.16735450891795,1.403944278452296,0,22.34157649547032,0.0,22.34157649547032,22.34157649547032,-50.89982122656534,13.59696370712438,3.596055721547704,0.001,5000.0,-5.5823046059837e+244,0.39313259921876753,5.506799732257119,5.0,0.919100821018219,0.0
4.054501533508301,22.34157649547032,-59.129841839596544,6.283185307179586,0.0,13.59696370712438,-50.89982122656534,1.3945767067317598,0,22.34157649547032,0.0,22.34157649547032,22.34157649547032,-50.385229051250604,13.089243783663632,3.60542329326824,0.001,5000.0,-5.5823046059837e+244,0.48997598683572074,0.9296212832776921,5.0,1.1841412782669067,26.302147166686385
4.064571857452393,21.10667062842026,-61.363503670167844,6.283185307179586,0.0,13.089243783663632,-50.385229051250604,1.3286418392004025,0,21.10667062842026,0.0,21.10667062842026,21.10667062842026,-53.34607682541122,12.552031508885332,3.6713581607995973,0.001,5000.0,-5.5823046059837e+244,0.4459783881521487,6.547442554719501,5.0,1.1841412782669067,0.0
4.0747222900390625,21.10667062842026,-61.363503670167844,6.283185307179586,0.0,12.552031508885332,-53.34607682541122,1.2238236429898344,0,21.10667062842026,0.0,21.10667062842026,21.10667062842026,-52.80886455063292,12.01599868928555,3.776176357010166,0.001,5000.0,-5.5823046059837e+244,0.40638054933693385,10.326475774857204,5.0,1.1841412782669067,0.0
4.084802865982056,20.02758722467157,-53.6618787175787,6.283185307179586,0.0,12.01599868928555,-52.80886455063292,1.1541511709936478,0,20.02758722467157,0.0,20.02758722467157,20.02758722467157,-45.65029018219268,11.55581747228428,3.845848829006352,0.001,5000.0,-5.5823046059837e+244,0.3707424944032405,6.911556679915167,5.0,1.1841412782669067,0.0
4.094877481460571,20.02758722467157,-53.6618787175787,6.283185307179586,0.0,11.55581747228428,-45.65029018219268,1.1613115442978725,0,20.02758722467157,0.0,20.02758722467157,20.02758722467157,-45.19010896519141,11.100544501027755,3.8386884557021275,0.001,5000.0,-5.5823046059837e+244,0.4768779222381835,0.7107341535261944,5.0,1.4123435020446777,22.65120929572132
4.104946136474609,18.970566878180954,-52.514891289897214,6.283185307179586,0.0,11.100544501027755,-45.19010896519141,1.1021751404919717,0,18.970566878180954,0.0,18.970566878180954,18.970566878180954,-44.644868912744016,10.651030717798383,3.8978248595080283,0.001,5000.0,-5.5823046059837e+244,0.4341901300143651,5.873317113700953,5.0,1.4123435020446777,0.0
4.115021228790283,18.970566878180954,-52.514891289897214,6.283185307179586,0.0,10.651030717798383,-44.644868912744016,1.0446956113643335,0,18.970566878180954,0.0,18.970566878180954,18.970566878180954,-44.195355129514645,10.205758434944535,3.9553043886356667,0.001,5000.0,-5.5823046059837e+244,0.3957711170129286,5.705111906341271,5.0,1.4123435020446777,0.0
4.125093936920166,18.970566878180954,-52.514891289897214,6.283185307179586,0.0,10.205758434944535,-44.195355129514645,0.9868526295970885,0,18.970566878180954,0.0,18.970566878180954,18.970566878180954,-43.750082846660796,9.765076619771929,4.013147370402912,0.001,5000.0,-5.5823046059837e+244,0.36119400531163576,5.742545204466077,5.0,1.4123435020446777,0.0
4.1351706981658936,17.5954603597327,-45.562817142129234,6.283185307179586,0.0,9.765076619771929,-43.750082846660796,0.9296098983014622,0,17.5954603597327,0.0,17.5954603597327,17.5954603597327,-37.73243340216846,9.384855897157962,4.070390101698537,0.001,5000.0,-5.5823046059837e+244,0.3300746047804722,5.6806676172760096,5.0,1.4123435020446777,0.0
4.14525032043457,17.194829658876568,-39.78235637973661,6.283185307179586,0.0,9.384855897157962,-37.73243340216846,0.9365554915804303,0,17.194829658876568,0.0,17.194829658876568,17.194829658876568,-31.972382618018006,9.062586357338734,4.06344450841957,0.001,5000.0,-5.5823046059837e+244,0.4409747993578895,0.6890727741407568,5.0,1.6088279485702515,19.49323509236701
4.1553192138671875,17.194829658876568,-39.78235637973661,6.283185307179586,0.0,9.062586357338734,-31.972382618018006,0.949038263847243,0,17.194829658876568,0.0,17.194829658876568,17.194829658876568,-31.65011307819878,8.743904741624068,4.0509617361527575,0.001,5000.0,-5.5823046059837e+244,0.5230413733295203,1.2397362580455966,5.0,1.6088279485702515,0.0
4.165415287017822,17.194829658876568,-39.78235637973661,6.283185307179586,0.0,8.743904741624068,-31.65011307819878,0.9076455330453816,0,17.194829658876568,0.0,17.194829658876568,17.194829658876568,-31.33143146248411,8.427580317664729,4.092354466954618,0.001,5000.0,-5.5823046059837e+244,0.5047409672994871,4.0998842009438965,5.0,1.6088279485702515,0.0
4.1754961013793945,16.116676057337866,-35.72441768284976,6.283185307179586,0.0,8.427580317664729,-31.33143146248411,0.8665469298482211,0,16.116676057337866,0.0,16.116676057337866,16.116676057337866,-28.035321943176626,8.14496144158865,4.133453070151779,0.001,5000.0,-5.5823046059837e+244,0.4890107847714413,4.076913007527155,5.0,1.6088279485702515,0.0
4.185566663742065,16.116676057337866,-35.72441768284976,6.283185307179586,0.0,8.14496144158865,-28.035321943176626,0.8599413823906449,0,16.116676057337866,0.0,16.116676057337866,16.116676057337866,-27.752703067100548,7.865476114618726,4.1400586176093555,0.001,5000.0,-5.5823046059837e+244,0.5850854120117212,0.6559263742868409,5.0,1.7780029773712158,16.798965411112952
4.195637464523315,16.116676057337866,-35.72441768284976,6.283185307179586,0.0,7.865476114618726,-27.752703067100548,0.8236396253756163,0,16.116676057337866,0.0,16.116676057337866,16.116676057337866,-27.47321774013062,7.588798811937967,4.176360374624384,0.001,5000.0,-5.5823046059837e+244,0.5765380046752452,3.60465446626805,5.0,1.7780029773712158,0.0
4.205709457397461,15.233870390858668,-29.168415507124156,6.283185307179586,0.0,7.588798811937967,-27.47321774013062,0.7876996562700092,0,15.233870390858668,0.0,15.233870390858668,15.233870390858668,-21.523343928203456,7.372015845265318,4.212300343729991,0.001,5000.0,-5.5823046059837e+244,0.5700165136406263,3.5683076382891348,5.0,1.7780029773712158,0.0
4.215780735015869,14.978015771708726,-25.462251518983415,6.283185307179586,0.0,7.372015845265318,-21.523343928203456,0.8168487790551102,0,14.978015771708726,0.0,14.978015771708726,14.978015771708726,-17.856251592540005,7.192180578252703,4.18315122094489,0.001,5000.0,-5.5823046059837e+244,0.5858657587901133,2.89428252199329,5.0,1.7780029773712158,0.0
4.225854873657227,14.978015771708726,-25.462251518983415,6.283185307179586,0.0,7.192180578252703,-17.856251592540005,0.8283427650299784,0,14.978015771708726,0.0,14.978015771708726,14.978015771708726,-17.67641632552739,7.014105909506986,4.171657234970022,0.001,5000.0,-5.5823046059837e+244,0.6566266774504836,1.1409398246398794,5.0,1.7780029773712158,0.0
4.236233472824097,14.514566080432477,-23.0395744212249,6.283185307179586,0.0,7.014105909506986,-17.67641632552739,0.8052106640757043,0,14.514566080432477,0.0,14.514566080432477,14.514566080432477,-15.539114250299408,6.852831671294929,4.194789335924296,0.001,5000.0,-5.5823046059837e+244,0.6852573653149358,2.228826894877573,5.0,1.9236643314361572,14.034779812087937
4.246293067932129,14.315344387533466,-19.79476330545306,6.283185307179586,0.0,6.852831671294929,-15.539114250299408,0.804005291478296,0,14.315344387533466,0.0,14.315344387533466,14.315344387533466,-12.332250589214523,6.7287742235966395,4.195994708521704,0.001,5000.0,-5.5823046059837e+244,0.7667316287834423,0.11982317225131904,5.0,1.9236643314361572,0.0
4.256369113922119,14.315344387533466,-19.79476330545306,6.283185307179586,0.0,6.7287742235966395,-12.332250589214523,0.8187058854113844,0,14.315344387533466,0.0,14.315344387533466,14.315344387533466,-12.208193141516233,6.605763908048038,4.181294114588615,0.001,5000.0,-5.5823046059837e+244,0.8091584969773529,1.4589645529300201,5.0,1.9236643314361572,0.0
4.266473770141602,13.968425493143895,-17.25340668769867,6.283185307179586,0.0,6.605763908048038,-12.208193141516233,0.8027250157115631,0,13.968425493143895,0.0,13.968425493143895,13.968425493143895,-9.890745102602814,6.505821329031708,4.197274984288437,0.001,5000.0,-5.5823046059837e+244,0.8433931790709508,1.5815352202689725,5.0,1.9236643314361572,0.0
4.276552438735962,13.968425493143895,-17.25340668769867,6.283185307179586,0.0,6.505821329031708,-9.890745102602814,0.8119075350384111,0,13.968425493143895,0.0,13.968425493143895,13.968425493143895,-9.790802523586484,6.407143075123653,4.1880924649615885,0.001,5000.0,-5.5823046059837e+244,0.895807803166826,0.9110845585285133,5.0,2.0490798950195312,12.443663804319542
4.286621809005737,13.968425493143895,-17.25340668769867,6.283185307179586,0.0,6.407143075123653,-9.790802523586484,0.7990920052814466,0,13.968425493143895,0.0,13.968425493143895,13.968425493143895,-9.692124269678429,6.3095494871515845,4.200907994718554,0.001,5000.0,-5.5823046059837e+244,0.9313281366465346,1.272724054594756,5.0,2.0490798950195312,0.0
4.296724081039429,13.968425493143895,-17.25340668769867,6.283185307179586,0.0,6.3095494871515845,-9.692124269678429,0.7864156855044376,0,13.968425493143895,0.0,13.968425493143895,13.968425493143895,-9.59453068170636,6.212622928169388,4.213584314495562,0.001,5000.0,-5.5823046059837e+244,0.9638740252791621,1.254798894222316,5.0,2.0490798950195312,0.0
4.306798219680786,13.428582038188612,-13.416212278725403,6.283185307179586,0.0,6.212622928169388,-9.59453068170636,0.7738219031266508,0,13.428582038188612,0.0,13.428582038188612,13.428582038188612,-6.20025316870618,6.150160718136326,4.226178096873349,0.001,5000.0,-5.5823046059837e+244,0.9933164086948214,1.250110091406279,5.0,2.0490798950195312,0.0
4.316953420639038,13.428582038188612,-13.416212278725403,6.283185307179586,0.0,6.150160718136326,-6.20025316870618,0.7990199688520239,0,13.428582038188612,0.0,13.428582038188612,13.428582038188612,-6.137790958673118,6.087830217511258,4.200980031147976,0.001,5000.0,-5.5823046059837e+244,0.9801429881260164,2.4812966113582955,5.0,2.1570639610290527,10.633375592806498
4.327076196670532,13.428582038188612,-13.416212278725403,6.283185307179586,0.0,6.087830217511258,-6.137790958673118,0.790918320864845,0,13.428582038188612,0.0,13.428582038188612,13.428582038188612,-6.07546045804805,6.026329692006239,4.209081679135155,0.001,5000.0,-5.5823046059837e+244,1.0224511135073302,0.8003385594991782,5.0,2.1570639610290527,0.0
4.3371422290802,13.103116589294295,-10.78406631243217,6.283185307179586,0.0,6.026329692006239,-6.07546045804805,0.7829315523003929,0,13.103116589294295,0.0,13.103116589294295,13.103116589294295,-3.7072794151441135,5.989012097261703,4.217068447699607,0.001,5000.0,-5.5823046059837e+244,1.0607507907041072,0.7934375968014169,5.0,2.1570639610290527,0.0
4.347274303436279,13.008438387485011,-9.416417541531956,6.283185307179586,0.0,5.989012097261703,-3.7072794151441135,0.8013888994651974,0,13.008438387485011,0.0,13.008438387485011,13.008438387485011,-2.3969912513086484,5.964725603672573,4.198611100534802,0.001,5000.0,-5.5823046059837e+244,1.062088404131229,1.8216750604214,5.0,2.1570639610290527,0.0
4.357361793518066,13.008438387485011,-9.416417541531956,6.283185307179586,0.0,5.964725603672573,-2.3969912513086484,0.8110916720010738,0,13.008438387485011,0.0,13.008438387485011,13.008438387485011,-2.372704757719518,5.9407909679620685,4.188908327998926,0.001,5000.0,-5.5823046059837e+244,1.090997346430594,0.961861915819343,5.0,2.1570639610290527,0.0
4.367452383041382,12.81720921013792,-9.50042408603638,6.283185307179586,0.0,5.9407909679620685,-2.372704757719518,0.8079836879374944,0,12.81720921013792,0.0,12.81720921013792,12.81720921013792,-2.6240058438605294,5.914313202084891,4.192016312062505,0.001,5000.0,-5.5823046059837e+244,1.1318976117875348,0.3080081749830403,5.0,2.25003981590271,9.214115256479928
4.377524137496948,12.81720921013792,-9.50042408603638,6.283185307179586,0.0,5.914313202084891,-2.6240058438605294,0.8017637898532795,0,12.81720921013792,0.0,12.81720921013792,12.81720921013792,-2.597528077983352,5.8881515370920035,4.198236210146721,0.001,5000.0,-5.5823046059837e+244,1.1649198528651903,0.6175585506631754,5.0,2.25003981590271,0.0
4.387601375579834,12.81720921013792,-9.50042408603638,6.283185307179586,0.0,5.8881515370920035,-2.597528077983352,0.7983659344130472,0,12.81720921013792,0.0,12.81720921013792,12.81720921013792,-2.5713664129904643,5.862239265549962,4.201634065586953,0.001,5000.0,-5.5823046059837e+244,1.1984278675786713,0.33718122091437996,5.0,2.25003981590271,0.0
4.39766788482666,12.542168830100865,-9.107871199675813,6.283185307179586,0.0,5.862239265549962,-2.5713664129904643,0.7949998330470902,0,12.542168830100865,0.0,12.542168830100865,12.542168830100865,-2.4279416351249106,5.8377983686292225,4.20500016695291,0.001,5000.0,-5.5823046059837e+244,1.228585080820804,0.33438615943438643,5.0,2.25003981590271,0.0
4.407752275466919,12.542168830100865,-9.107871199675813,6.283185307179586,0.0,5.8377983686292225,-2.4279416351249106,0.7930123552568421,0,12.542168830100865,0.0,12.542168830100865,12.542168830100865,-2.403500738204171,5.813560528281021,4.206987644743158,0.001,5000.0,-5.5823046059837e+244,1.2557265727387237,0.19708456972241023,5.0,2.25003981590271,0.0
4.417823314666748,12.387385185561703,-7.694336704298491,6.283185307179586,0.0,5.813560528281021,-2.403500738204171,0.7898634665773014,0,12.387385185561703,0.0,12.387385185561703,12.387385185561703,-1.1205120470178098,5.8022758075316245,4.210136533422698,0.001,5000.0,-5.5823046059837e+244,1.2801539154648514,0.31266770162051366,5.0,2.330092668533325,7.948817499585711
4.427900791168213,12.387385185561703,-7.694336704298491,6.283185307179586,0.0,5.8022758075316245,-1.1205120470178098,0.8011134925842495,0,12.387385185561703,0.0,12.387385185561703,12.387385185561703,-1.109227326268413,5.791097595216372,4.19888650741575,0.001,5000.0,-5.5823046059837e+244,1.2822782449747385,1.1163534844574172,5.0,2.330092668533325,0.0
4.438028573989868,12.1862481423593,-9.993483674714025,6.283185307179586,0.0,5.791097595216372,-1.109227326268413,0.7996613900676081,0,12.1862481423593,0.0,12.1862481423593,12.1862481423593,-3.598333127571096,5.754654458780364,4.200338609932392,0.001,5000.0,-5.5823046059837e+244,1.3040504204772647,0.14337812551988324,5.0,2.330092668533325,0.0
4.4481041431427,12.1862481423593,-9.993483674714025,6.283185307179586,0.0,5.754654458780364,-3.598333127571096,0.7696682929535401,0,12.1862481423593,0.0,12.1862481423593,12.1862481423593,-3.5618899911350885,5.718766389859902,4.23033170704646,0.001,5000.0,-5.5823046059837e+244,1.2438369215556941,2.976814178843437,5.0,2.330092668533325,0.0
4.458191394805908,12.1862481423593,-9.993483674714025,6.283185307179586,0.0,5.718766389859902,-3.5618899911350885,0.7650083946690355,0,12.1862481423593,0.0,12.1862481423593,12.1862481423593,-3.5260019222146264,5.683198721105568,4.234991605330965,0.001,5000.0,-5.5823046059837e+244,1.2694532294001246,0.46195915796381243,5.0,2.330092668533325,0.0
4.4682698249816895,11.923188967579584,-8.70328418299701,6.283185307179586,0.0,5.683198721105568,-3.5260019222146264,0.7603878017326333,0,11.923188967579584,0.0,11.923188967579584,11.923188967579584,-2.4632939365229936,5.658372585163896,4.239612198267366,0.001,5000.0,-5.5823046059837e+244,1.2925079064601124,0.4584635559122661,5.0,2.3990187644958496,6.83897142316427
4.478299617767334,11.846873081292271,-7.598623789161359,6.283185307179586,0.0,5.658372585163896,-2.4632939365229936,0.7675392225577156,0,11.846873081292271,0.0,11.846873081292271,11.846873081292271,-1.4101232930329841,5.644229340732564,4.232460777442284,0.001,5000.0,-5.5823046059837e+244,1.3063932088011843,0.7130178038491433,5.0,2.3990187644958496,0.0
4.488370418548584,11.846873081292271,-7.598623789161359,6.283185307179586,0.0,5.644229340732564,-1.4101232930329841,0.7760908747722293,0,11.846873081292271,0.0,11.846873081292271,11.846873081292271,-1.3959800486016523,5.630170703768497,4.22390912522777,0.001,5000.0,-5.5823046059837e+244,1.3145033975062834,0.8491531508035912,5.0,2.3990187644958496,0.0
4.498557806015015,11.846873081292271,-7.598623789161359,6.283185307179586,0.0,5.630170703768497,-1.3959800486016523,0.7742640980415731,0,11.846873081292271,0.0,11.846873081292271,11.846873081292271,-1.3819214116375855,5.6160925348999875,4.225735901958426,0.001,5000.0,-5.5823046059837e+244,1.333053057755655,0.17931748808766626,5.0,2.3990187644958496,0.0
4.508643627166748,11.622507107109433,-7.434970633149291,6.283185307179586,0.0,5.6160925348999875,-1.3819214116375855,0.7724337407696225,0,11.622507107109433,0.0,11.622507107109433,11.622507107109433,-1.4285560609398456,5.601684373964123,4.227566259230377,0.001,5000.0,-5.5823046059837e+244,1.3497477519800896,0.1814782598674293,5.0,2.4583654403686523,5.884168971467744
4.518766164779663,11.556977057337578,-6.491260447741916,6.283185307179586,0.0,5.601684373964123,-1.4285560609398456,0.7699502517455789,0,11.556977057337578,0.0,11.556977057337578,11.556977057337578,-0.5359677643684613,5.5962590201099935,4.230049748254421,0.001,5000.0,-5.5823046059837e+244,1.3647729767820809,0.24534253356342162,5.0,2.4583654403686523,0.0
4.528835296630859,11.556977057337578,-6.491260447741916,6.283185307179586,0.0,5.5962590201099935,-0.5359677643684613,0.7781165851717146,0,11.556977057337578,0.0,11.556977057337578,11.556977057337578,-0.5305424105143315,5.590916918625873,4.2218834148282856,0.001,5000.0,-5.5823046059837e+244,1.3682737119827784,0.8110265658270713,5.0,2.4583654403686523,0.0
4.538911581039429,11.415596406430256,-7.04217549370814,6.283185307179586,0.0,5.590916918625873,-0.5305424105143315,0.777422944502479,0,11.415596406430256,0.0,11.415596406430256,11.415596406430256,-1.217496005903758,5.578649082604088,4.222577055497521,0.001,5000.0,-5.5823046059837e+244,1.3814463407845006,0.06883893319304314,5.0,2.4583654403686523,0.0
4.5489888191223145,11.415596406430256,-7.04217549370814,6.283185307179586,0.0,5.578649082604088,-1.217496005903758,0.7688359115055349,0,11.415596406430256,0.0,11.415596406430256,11.415596406430256,-1.2052281698819733,5.566503711391987,4.231164088494465,0.001,5000.0,-5.5823046059837e+244,1.381955563837324,0.8521216752363435,5.0,2.509463310241699,5.070622471431613
4.559075593948364,11.415596406430256,-7.04217549370814,6.283185307179586,0.0,5.566503711391987,-1.2052281698819733,0.7672582378960585,0,11.415596406430256,0.0,11.415596406430256,11.415596406430256,-1.193082798669872,5.554469353852971,4.232741762103942,0.001,5000.0,-5.5823046059837e+244,1.3937600074535919,0.15641011489637965,5.0,2.509463310241699,0.0
4.569148063659668,11.216642687614085,-6.585011234310609,6.283185307179586,0.0,5.554469353852971,-1.193082798669872,0.7656948815527173,0,11.216642687614085,0.0,11.216642687614085,11.216642687614085,-0.9228379005494949,5.545174097051242,4.234305118447283,0.001,5000.0,-5.5823046059837e+244,1.404384006708233,0.15521082595927807,5.0,2.509463310241699,0.0
4.579345941543579,11.216642687614085,-6.585011234310609,6.283185307179586,0.0,5.545174097051242,-0.9228379005494949,0.767095994581679,0,11.216642687614085,0.0,11.216642687614085,11.216642687614085,-0.9135426437477658,5.535857900728556,4.232904005418321,0.001,5000.0,-5.5823046059837e+244,1.4139456060374096,0.13739260706114384,5.0,2.509463310241699,0.0
4.589421510696411,11.216642687614085,-6.585011234310609,6.283185307179586,0.0,5.535857900728556,-0.9135426437477658,0.7658846796645202,0,11.216642687614085,0.0,11.216642687614085,11.216642687614085,-0.9042264474250796,5.526747304627705,4.23411532033548,0.001,5000.0,-5.5823046059837e+244,1.4225510454336687,0.12022297686461529,5.0,2.509463310241699,0.0
4.5994908809661865,11.216642687614085,-6.585011234310609,6.283185307179586,0.0,5.526747304627705,-0.9042264474250796,0.7647023581736279,0,11.216642687614085,0.0,11.216642687614085,11.216642687614085,-0.8951158513242286,5.517734051686376,4.235297641826373,0.001,5000.0,-5.5823046059837e+244,1.4302959408903018,0.1174176198924048,5.0,2.5534591674804688,4.369275938817067
4.609560489654541,10.998009464967279,-5.424257948635328,6.283185307179586,0.0,5.517734051686376,-0.8951158513242286,0.7635316087228504,0,10.998009464967279,0.0,10.998009464967279,10.998009464967279,0.05601746464557422,5.518298125635071,4.23646839127715,0.001,5000.0,-5.5823046059837e+244,1.4372663468012719,0.11626563524076305,5.0,2.5534591674804688,0.0
4.61979341506958,10.998009464967279,-5.424257948635328,6.283185307179586,0.0,5.518298125635071,0.05601746464557422,0.7731219122353657,0,10.998009464967279,0.0,10.998009464967279,10.998009464967279,0.05545339069687927,5.518865576046083,4.226878087764634,0.001,5000.0,-5.5823046059837e+244,1.4294521382594652,0.9372005681210881,5.0,2.5534591674804688,0.0
4.630017042160034,10.998009464967279,-5.424257948635328,6.283185307179586,0.0,5.518865576046083,0.05545339069687927,0.7731957145534205,0,10.998009464967279,0.0,10.998009464967279,10.998009464967279,0.05488594028586746,5.519426709432074,4.22680428544658,0.001,5000.0,-5.5823046059837e+244,1.4365069244335187,0.0072187998840128696,5.0,2.5534591674804688,0.0
4.64008641242981,10.855194360924973,-4.707643405047525,6.283185307179586,0.0,5.519426709432074,0.05488594028586746,0.7732685987233491,0,10.855194360924973,0.0,10.855194360924973,10.855194360924973,0.6281242464453731,5.5257515250449565,4.226731401276651,0.001,5000.0,-5.5823046059837e+244,1.442856231990167,0.0072382053669571,5.0,2.5913398265838623,3.7619690296917176
4.65015435218811,10.855194360924973,-4.707643405047525,6.283185307179586,0.0,5.5257515250449565,0.6281242464453731,0.7798864559707477,0,10.855194360924973,0.0,10.855194360924973,10.855194360924973,0.6217994308324908,5.532011764256324,4.220113544029252,0.001,5000.0,-5.5823046059837e+244,1.4435014117180762,0.6573199091643688,5.0,2.5913398265838623,0.0
4.660243511199951,10.855194360924973,-4.707643405047525,6.283185307179586,0.0,5.532011764256324,0.6217994308324908,0.7806996413042103,0,10.855194360924973,0.0,10.855194360924973,10.855194360924973,0.6155391916211235,5.538222037038609,4.21930035869579,0.001,5000.0,-5.5823046059837e+244,1.4491512705462686,0.0805999124910482,5.0,2.5913398265838623,0.0
4.670353889465332,10.855194360924973,-4.707643405047525,6.283185307179586,0.0,5.538222037038609,0.6155391916211235,0.7815064771016166,0,10.855194360924973,0.0,10.855194360924973,10.855194360924973,0.6093289188388384,5.544382582896105,4.218493522898384,0.001,5000.0,-5.5823046059837e+244,1.454236143491642,0.07980273103816105,5.0,2.5913398265838623,0.0
4.680429935455322,10.643516652151742,-5.283444975770299,6.283185307179586,0.0,5.544382582896105,0.6093289188388384,0.7823068507938432,0,10.643516652151742,0.0,10.643516652151742,10.643516652151742,-0.18431090651466153,5.542525457725607,4.2176931492061565,0.001,5000.0,-5.5823046059837e+244,1.4588125291424778,0.07943331074726526,5.0,2.5913398265838623,0.0
4.690499544143677,10.643516652151742,-5.283444975770299,6.283185307179586,0.0,5.542525457725607,-0.18431090651466153,0.7741104550164385,0,10.643516652151742,0.0,10.643516652151742,10.643516652151742,-0.18245378134416335,5.540688219543761,4.225889544983562,0.001,5000.0,-5.5823046059837e+244,1.4528143486603151,0.8139736141766716,5.0,2.6239547729492188,3.2389487391973484
4.700571298599243,10.643516652151742,-5.283444975770299,6.283185307179586,0.0,5.540688219543761,-0.18245378134416335,0.773871812922685,0,10.643516652151742,0.0,10.643516652151742,10.643516652151742,-0.18061654316231746,5.538869094070417,4.226128187077315,0.001,5000.0,-5.5823046059837e+244,1.4575329137942838,0.023694192983583814,5.0,2.6239547729492188,0.0
4.710646152496338,10.643516652151742,-5.283444975770299,6.283185307179586,0.0,5.538869094070417,-0.18061654316231746,0.7736355077382353,0,10.643516652151742,0.0,10.643516652151742,10.643516652151742,-0.1787974176889735,5.537067736210022,4.226364492261765,0.001,5000.0,-5.5823046059837e+244,1.4617796224148556,0.02345494901100933,5.0,2.6239547729492188,0.0
4.7207207679748535,10.643516652151742,-5.283444975770299,6.283185307179586,0.0,5.537067736210022,-0.1787974176889735,0.7734015088925135,0,10.643516652151742,0.0,10.643516652151742,10.643516652151742,-0.17699605982857847,5.535284568966037,4.226598491107486,0.001,5000.0,-5.5823046059837e+244,1.4656016601733701,0.023226578346423984,5.0,2.6239547729492188,0.0
4.730922698974609,10.643516652151742,-5.283444975770299,6.283185307179586,0.0,5.535284568966037,-0.17699605982857847,0.7731698790569594,0,10.643516652151742,0.0,10.643516652151742,10.643516652151742,-0.17521289258459305,5.5334970591256205,4.22683012094304,0.001,5000.0,-5.5823046059837e+244,1.4690414941560332,0.022704509132591557,5.0,2.6520373821258545,2.7526758588455245
4.741700887680054,10.251340676840124,-6.497980421794256,6.283185307179586,0.0,5.5334970591256205,-0.17521289258459305,0.772937459351741,0,10.251340676840124,0.0,10.251340676840124,10.251340676840124,-1.7801368040797518,5.514310408729742,4.227062540648259,0.001,5000.0,-5.5823046059837e+244,1.47213734474043,0.021563892743970733,5.0,2.6520373821258545,0.0
4.751769065856934,10.251340676840124,-6.497980421794256,6.283185307179586,0.0,5.514310408729742,-1.7801368040797518,0.7542020891813663,0,10.251340676840124,0.0,10.251340676840124,10.251340676840124,-1.760950153683873,5.496580848821848,4.2457979108186334,0.001,5000.0,-5.5823046059837e+244,1.4310739965631813,1.8608500804443155,5.0,2.6520373821258545,0.0
4.761844635009766,10.251340676840124,-6.497980421794256,6.283185307179586,0.0,5.496580848821848,-1.760950153683873,0.7519118172982201,0,10.251340676840124,0.0,10.251340676840124,10.251340676840124,-1.7432205937759795,5.479016909180617,4.24808818270178,0.001,5000.0,-5.5823046059837e+244,1.4379665969068633,0.22730943020747227,5.0,2.6520373821258545,0.0
4.7719879150390625,10.107062713994834,-4.781114297810355,6.283185307179586,0.0,5.479016909180617,-1.7432205937759795,0.7496301613475266,0,10.107062713994834,0.0,10.107062713994834,10.107062713994834,-0.15306849299613745,5.477464292592495,4.250369838652474,0.001,5000.0,-5.5823046059837e+244,1.4441699372161771,0.22494261659969966,5.0,2.6520373821258545,0.0
4.782058954238892,10.107062713994834,-4.781114297810355,6.283185307179586,0.0,5.477464292592495,-0.15306849299613745,0.7653143160329879,0,10.107062713994834,0.0,10.107062713994834,10.107062713994834,-0.15151587640801534,5.475938370261793,4.234685683967012,0.001,5000.0,-5.5823046059837e+244,1.415682707118589,1.5573521633921859,5.0,2.6762166023254395,2.4008664567600198
4.792256116867065,10.0316390669156,-3.7218488039603104,6.283185307179586,0.0,5.475938370261793,-0.15151587640801534,0.7651162130725709,0,10.0316390669156,0.0,10.0316390669156,10.0316390669156,0.833851892693497,5.484441293619399,4.234883786927429,0.001,5000.0,-5.5823046059837e+244,1.4241144364067302,0.019427263018210683,5.0,2.6762166023254395,0.0
4.802325010299683,9.997808421439494,-3.3620663817796435,6.283185307179586,0.0,5.484441293619399,0.833851892693497,0.7761603000336509,0,9.997808421439494,0.0,9.997808421439494,9.997808421439494,1.1513007460404512,5.4960336181401725,4.223839699966349,0.001,5000.0,-5.5823046059837e+244,1.4124710915905674,1.0968521054462366,5.0,2.6762166023254395,0.0
4.812517881393433,9.997808421439494,-3.3620663817796435,6.283185307179586,0.0,5.4960336181401725,1.1513007460404512,0.7809577140000288,0,9.997808421439494,0.0,9.997808421439494,9.997808421439494,1.139708421519678,5.507650519165184,4.219042285999971,0.001,5000.0,-5.5823046059837e+244,1.4212239824315107,0.4706636552403319,5.0,2.6762166023254395,0.0
4.822588920593262,9.997808421439494,-3.3620663817796435,6.283185307179586,0.0,5.507650519165184,1.139708421519678,0.7824681568983226,0,9.997808421439494,0.0,9.997808421439494,9.997808421439494,1.1280915204946669,5.51901157308908,4.2175318431016775,0.001,5000.0,-5.5823046059837e+244,1.4291015841883596,0.1499788520651831,5.0,2.6762166023254395,0.0
4.83266544342041,10.74833965148225,24.855948299959294,6.283185307179586,0.0,5.51901157308908,1.1280915204946669,0.783942535437418,0,10.74833965148225,0.0,10.74833965148225,10.74833965148225,30.085276378352464,5.822166547276618,4.216057464562582,0.001,5000.0,-5.5823046059837e+244,1.4361914257695236,0.14631818578558348,5.0,2.6970343589782715,2.065966307022525
4.842736005783081,10.74833965148225,24.855948299959294,6.283185307179586,0.0,5.822166547276618,30.085276378352464,1.1159560804022512,0,10.74833965148225,0.0,10.74833965148225,10.74833965148225,29.782121404164926,6.122089258169897,3.8840439195977488,0.001,5000.0,-5.5823046059837e+244,1.2975722831925711,32.96871942281257,5.0,2.6970343589782715,0.0
4.8528008460998535,11.170650429045237,20.99890676659181,6.283185307179586,0.0,6.122089258169897,29.782121404164926,1.154913710185435,0,11.170650429045237,0.0,11.170650429045237,11.170650429045237,26.047467937467147,6.384252863616754,3.845086289814565,0.001,5000.0,-5.5823046059837e+244,1.2092047233567738,3.870665460858147,5.0,2.6970343589782715,0.0
4.863149642944336,12.080293978357775,89.02862157171317,6.283185307179586,0.0,6.384252863616754,26.047467937467147,1.154270080281017,0,12.080293978357775,0.0,12.080293978357775,12.080293978357775,94.7246626864542,7.364539153920993,3.845729919718983,0.001,5000.0,-5.5823046059837e+244,1.2382842510210965,0.062193694019712725,5.0,2.6970343589782715,0.0
4.873223781585693,12.080293978357775,89.02862157171317,6.283185307179586,0.0,7.364539153920993,94.7246626864542,1.978282108413481,0,12.080293978357775,0.0,12.080293978357775,12.080293978357775,93.74437639614996,8.308932998583401,3.021717891586519,0.001,5000.0,-5.5823046059837e+244,1.1194558259189868,81.79478737265362,5.0,2.6970343589782715,0.0
4.883290767669678,12.080293978357775,89.02862157171317,6.283185307179586,0.0,8.308932998583401,93.74437639614996,2.1006943837631757,0,12.080293978357775,0.0,12.080293978357775,12.080293978357775,92.79998255148755,9.24314913152322,2.8993056162368243,0.001,5000.0,-5.5823046059837e+244,1.012510243327088,12.159773970924741,5.0,2.714959144592285,1.7805513452065176
4.893356084823608,16.20798339787806,137.10924402511768,6.283185307179586,0.0,9.24314913152322,92.79998255148755,2.2220407039281262,0,16.20798339787806,0.0,16.20798339787806,16.20798339787806,100.0,10.249680846916286,2.7779592960718738,0.001,5000.0,-5.5823046059837e+244,0.9162592189943792,12.055886397733913,5.0,2.714959144592285,0.0
4.90342378616333,16.20798339787806,137.10924402511768,6.283185307179586,0.0,10.249680846916286,100.0,2.43495531856828,0,16.20798339787806,0.0,16.20798339787806,16.20798339787806,100.0,11.256450980888454,2.56504468143172,0.001,5000.0,-5.5823046059837e+244,0.8296332970949414,21.148284743023567,5.0,2.714959144592285,0.0
4.913500785827637,16.20798339787806,137.10924402511768,6.283185307179586,0.0,11.256450980888454,100.0,2.5759031373243837,0,16.20798339787806,0.0,16.20798339787806,16.20798339787806,100.0,12.264150947319118,2.4240968626756163,0.001,5000.0,-5.5823046059837e+244,0.7516699673854472,13.987081815170587,5.0,2.714959144592285,0.0
4.923570156097412,19.591601644003322,112.1536553200267,6.283185307179586,0.0,12.264150947319118,100.0,2.7169811326246767,0,19.591601644003322,0.0,19.591601644003322,19.591601644003322,100.0,13.271087974296657,2.2830188673753233,0.001,5000.0,-5.5823046059837e+244,0.6815029706469026,14.010607567362788,5.0,2.714959144592285,0.0
4.9337158203125,21.01833323654964,139.57517436076392,6.283185307179586,0.0,13.271087974296657,100.0,2.857952316401532,0,21.01833323654964,0.0,21.01833323654964,21.01833323654964,100.0,14.285654395805446,2.142047683598468,0.001,5000.0,-5.5823046059837e+244,0.6183526735822124,13.894722000281995,5.0,2.7303926944732666,1.521196597264652
4.943864583969116,22.32658023457252,130.46400572518016,6.283185307179586,0.0,14.285654395805446,100.0,2.9999916154127626,0,22.32658023457252,0.0,22.32658023457252,22.32658023457252,100.0,15.300530761467067,2.0000083845872374,0.001,5000.0,-5.5823046059837e+244,0.5615174062239912,13.995724387436278,5.0,2.7303926944732666,0.0
4.953934192657471,22.32658023457252,130.46400572518016,6.283185307179586,0.0,15.300530761467067,100.0,3.1420743066053896,0,22.32658023457252,0.0,22.32658023457252,22.32658023457252,100.0,16.307491630302515,1.8579256933946104,0.001,5000.0,-5.5823046059837e+244,0.510365665601592,14.110050905646975,5.0,2.7303926944732666,0.0
4.964114665985107,25.42337210349784,153.87305892458454,6.283185307179586,0.0,16.307491630302515,100.0,3.2830488282423524,0,25.42337210349784,0.0,25.42337210349784,25.42337210349784,100.0,17.325538963066187,1.7169511717576476,0.001,5000.0,-5.5823046059837e+244,0.4643290990414328,13.847540983606557,5.0,2.7303926944732666,0.0
4.974184036254883,26.82283174448052,139.06416096122186,6.283185307179586,0.0,17.325538963066187,100.0,3.4255754548292665,0,26.82283174448052,0.0,26.82283174448052,26.82283174448052,100.0,18.332475990043726,1.5744245451707335,0.001,5000.0,-5.5823046059837e+244,0.42289618913728955,14.154472699720603,5.0,2.7303926944732666,0.0
4.984257698059082,26.82283174448052,139.06416096122186,6.283185307179586,0.0,18.332475990043726,100.0,3.566546638606122,0,26.82283174448052,0.0,26.82283174448052,26.82283174448052,100.0,19.339842170463648,1.433453361393878,0.001,5000.0,-5.5823046059837e+244,0.3856065702235606,13.99403578528827,5.0,2.743680953979492,1.3191091545962321
4.994352102279663,30.360389923490768,176.37137209760715,6.283185307179586,0.0,19.339842170463648,100.0,3.707577903864911,0,30.360389923490768,0.0,30.360389923490768,30.360389923490768,100.0,20.349282592521753,1.292422096135089,0.001,5000.0,-5.5823046059837e+244,0.35204591320120454,13.971232197264934,5.0,2.743680953979492,0.0
5.004419803619385,30.360389923490768,176.37137209760715,6.283185307179586,0.0,20.349282592521753,100.0,3.848899562953046,0,30.360389923490768,0.0,30.360389923490768,30.360389923490768,100.0,21.35605272649392,1.1511004370469542,0.001,5000.0,-5.5823046059837e+244,0.3218413218810841,14.037132640253866,5.0,2.743680953979492,0.0
5.0144970417022705,33.47006359695725,154.24452137316916,6.283185307179586,0.0,21.35605272649392,100.0,3.9898473817091493,0,33.47006359695725,0.0,33.47006359695725,33.47006359695725,100.0,22.363776534782495,1.0101526182908507,0.001,5000.0,-5.5823046059837e+244,0.2946571896929757,13.986750893131758,5.0,2.743680953979492,0.0
5.024760484695435,34.97424193944127,149.6615167499484,3.457788090188435,-281.1190807452225,22.363776534782495,100.0,4.130928714869549,0,34.97424193944127,0.0,34.97424193944127,34.97424193944127,100.0,23.3901208340989,0.8690712851304507,0.001,5000.0,-5.5823046059837e+244,0.27019147072367816,13.746004460137478,5.0,2.743680953979492,0.0
5.034832954406738,34.97424193944127,149.6615167499484,3.457788090188435,-281.1190807452225,23.3901208340989,100.0,4.274616916773846,0,34.97424193944127,0.0,34.97424193944127,34.97424193944127,100.0,24.397367805229273,0.7253830832261539,0.001,5000.0,-5.5823046059837e+244,0.24817232365131037,14.265438966080431,5.0,2.755122184753418,1.1358913058915425
5.04506254196167,37.69462668219265,135.4333061289877,-1.889124088233066,-266.1939623924559,24.397367805229273,100.0,4.415631492732098,0,37.69462668219265,0.0,37.69462668219265,37.69462668219265,100.0,25.420326560722437,0.5843685072679019,0.001,5000.0,-5.5823046059837e+244,0.22835509128617934,13.784971798816017,5.0,2.755122184753418,0.0
5.055134296417236,37.69462668219265,135.4333061289877,-1.889124088233066,-266.1939623924559,25.420326560722437,100.0,4.558845718501141,0,37.69462668219265,0.0,37.69462668219265,37.69462668219265,100.0,26.427502006279077,0.44115428149885894,0.001,5000.0,-5.5823046059837e+244,0.21051958215756142,14.219392103020548,5.0,2.755122184753418,0.0
5.065401554107666,40.05226661099363,116.76024398915655,-6.025279412273606,-204.83980565159084,26.427502006279077,100.0,4.699850280879071,0,40.05226661099363,0.0,40.05226661099363,40.05226661099363,100.0,27.454227775322046,0.30014971912092925,0.001,5000.0,-5.5823046059837e+244,0.19446762394180528,13.733420026007803,5.0,2.755122184753418,0.0
5.075477123260498,40.05226661099363,116.76024398915655,-6.025279412273606,-204.83980565159084,27.454227775322046,100.0,4.843591888545086,0,40.05226661099363,0.0,40.05226661099363,40.05226661099363,100.0,28.46178469060525,0.15640811145491362,0.001,5000.0,-5.5823046059837e+244,0.18002086154762476,14.26635115948888,5.0,2.7649731636047363,0.977709417889257
5.085700988769531,42.101598877884136,102.09429072059027,-6.283185307179586,-12.84843841015457,28.46178469060525,100.0,4.984649856684735,0,42.101598877884136,0.0,42.101598877884136,42.101598877884136,100.0,29.484171241508566,0.015350143315265186,0.001,5000.0,-5.5823046059837e+244,0.16701877539286228,13.796931113287627,5.0,2.7649731636047363,0.0
5.0957701206207275,43.00997601647713,90.24396281079953,-6.283185307179586,0.0,29.484171241508566,100.0,5.1277839738112,1,-5.5823046059837e+244,0.0002672052736551156,-5.5823046059837e+244,-5.5823046059837e+244,-100.0,28.477258056388937,-0.12778397381119966,0.001,0.0,-inf,0.15531689785357605,14.215139819572371,5.0,2.7649731636047363,0.0
5.105844736099243,43.00997601647713,90.24396281079953,-6.283185307179586,0.0,28.477258056388937,-100.0,2.9868161278944516,1,-inf,0.00033138515007862353,-inf,-inf,-100.0,27.469796508537375,2.0131838721055484,0.001,5000.0,-inf,0.14478520806821846,212.5111226808027,5.0,2.7649731636047363,0.0
5.11592173576355,43.00997601647713,90.24396281079953,-6.283185307179586,0.0,27.469796508537375,-100.0,2.845771511195233,1,-inf,0.000468791236687571,-inf,-inf,-100.0,26.46209654210671,2.154228488804767,0.001,5000.0,-inf,0.1353066872613966,13.996687644915536,5.0,2.7649731636047363,0.0
5.125995397567749,45.48298179345466,81.55088034845207,-6.283185307179586,0.0,26.46209654210671,-100.0,2.70469351589494,1,-inf,0.0006647148750190726,-inf,-inf,-100.0,25.45473036168679,2.29530648410506,0.001,5000.0,-inf,0.12677601853525694,14.004638833664679,5.0,1.9878826141357422,-77.14082173624917
5.13606858253479,45.48298179345466,81.55088034845207,-6.283185307179586,0.0,25.45473036168679,-100.0,2.563662250636151,1,-inf,0.0008580465461127015,-inf,-inf,-100.0,24.447411864982687,2.436337749363849,0.001,5000.0,-inf,0.11909841668173125,14.000662721893491,5.0,1.9878826141357422,0.0
5.146143436431885,46.86817046408439,68.86463169221354,-6.283185307179586,0.0,24.447411864982687,-100.0,2.4226376610975766,0,46.86817046408439,0.0,46.86817046408439,46.86817046408439,91.28539029131524,25.367098835106958,2.5773623389024234,0.001,5000.0,-inf,0.11218857501355814,13.99768085760939,5.0,1.9878826141357422,0.0
5.156212329864502,47.50601383177799,63.365916354588435,-6.283185307179586,0.0,25.367098835106958,91.28539029131524,4.464247739828127,0,47.50601383177799,0.0,47.50601383177799,47.50601383177799,85.50483135125947,26.228037869956694,0.5357522601718729,0.001,5000.0,-inf,0.10596971751220233,202.76409641172245,5.0,1.9878826141357422,0.0
5.166347980499268,47.50601383177799,63.365916354588435,-6.283185307179586,0.0,26.228037869956694,85.50483135125947,4.526973615306532,0,47.50601383177799,0.0,47.50601383177799,47.50601383177799,84.64389231640973,27.085958790842547,0.47302638469346814,0.001,5000.0,-inf,0.1003727457609821,6.188638276782442,5.0,1.9878826141357422,0.0
5.176415205001831,48.659462342297466,57.33280046295909,-6.283185307179586,0.0,27.085958790842547,84.64389231640973,4.638473153882054,0,48.659462342297466,0.0,48.659462342297466,48.659462342297466,78.90630401441402,27.88032626802318,0.36152684611794594,0.001,5000.0,-inf,0.09533547118488389,11.07549936401343,5.0,1.3187999725341797,-66.46148016577857
5.186485052108765,48.659462342297466,57.33280046295909,-6.283185307179586,0.0,27.88032626802318,78.90630401441402,4.692308717667386,0,48.659462342297466,0.0,48.659462342297466,48.659462342297466,78.11193653723338,28.66690152617962,0.30769128233261434,0.001,5000.0,-inf,0.0908019240663955,5.34621461613485,5.0,1.3187999725341797,0.0
5.196553468704224,49.59612005448094,46.397637840185034,-6.283185307179586,0.0,28.66690152617962,78.11193653723338,4.794485579037481,0,49.59612005448094,0.0,49.59612005448094,49.59612005448094,67.32685636848636,29.344776364160168,0.20551442096251904,0.001,5000.0,-inf,0.08672173165975597,10.148255229742746,5.0,1.3187999725341797,0.0
5.206686019897461,49.59612005448094,46.397637840185034,-6.283185307179586,0.0,29.344776364160168,67.32685636848636,4.781537254667287,0,49.59612005448094,0.0,49.59612005448094,49.59612005448094,66.64898153050581,30.020100581495146,0.2184627453327126,0.001,5000.0,-inf,0.2029840915343798,1.277893802188294,5.0,1.3187999725341797,0.0
5.216757535934448,50.0,20.105098342100746,-6.283185307179586,0.0,30.020100581495146,66.64898153050581,4.86930389671438,0,50.0,0.0,50.0,50.0,40.0849977606056,30.423817279283686,0.13069610328562042,0.001,5000.0,-inf,0.18768568238094183,8.71434267937142,5.0,0.7427133917808533,-57.19958928106432
5.226956129074097,50.0,0.0,-6.283185307179586,0.0,30.423817279283686,40.0849977606056,4.660184396705772,0,50.0,0.0,50.0,50.0,19.576182720716314,30.623466802079687,0.33981560329422766,0.001,5000.0,-inf,0.17391711414284766,20.504739932768405,5.0,0.7427133917808533,0.0
5.237023830413818,50.0,0.0,-6.283185307179586,0.0,30.623466802079687,19.576182720716314,4.48304717949832,0,50.0,0.0,50.0,50.0,19.376533197920313,30.81854395131555,0.5169528205016798,0.001,5000.0,-inf,0.16152540272856292,17.594603895187564,5.0,0.7427133917808533,0.0
5.2470481395721436,50.0,0.0,-6.283185307179586,0.0,30.81854395131555,19.376533197920313,4.50836148516338,0,50.0,0.0,50.0,50.0,19.18145604868445,31.010824796854386,0.4916385148366196,0.001,5000.0,-inf,0.23011346018202217,2.5252917947005518,5.0,0.7427133917808533,0.0
5.257128000259399,50.0,0.0,-6.283185307179586,0.0,31.010824796854386,19.18145604868445,4.533330032046459,0,50.0,0.0,50.0,50.0,18.989175203145614,31.202233037467984,0.4666699679535409,0.001,5000.0,-inf,0.2933964409765397,2.4770726161569736,5.0,0.7427133917808533,0.0
5.2671849727630615,50.0,0.0,-6.283185307179586,0.0,31.202233037467984,18.989175203145614,4.558204377276974,0,50.0,0.0,50.0,50.0,18.797766962532016,31.391281662940415,0.44179562272302597,0.001,5000.0,-inf,0.35047129160190726,2.4733432672165754,5.0,0.2466970980167389,-49.32063735716656
5.2773497104644775,50.0,0.0,-6.283185307179586,0.0,31.391281662940415,18.797766962532016,4.582757102436979,0,50.0,0.0,50.0,50.0,18.608718337059585,31.580434403796154,0.41724289756302113,0.001,5000.0,-inf,0.4037031258372392,2.4154804463458492,5.0,0.2466970980167389,0.0
5.287420272827148,50.0,0.0,-6.283185307179586,0.0,31.580434403796154,18.608718337059585,4.607347999902058,0,50.0,0.0,50.0,50.0,18.419565596203846,31.76592978782603,0.3926520000979421,0.001,5000.0,-inf,0.45076178783362286,2.44185940958287,5.0,0.2466970980167389,0.0
5.297742128372192,50.0,0.0,-6.283185307179586,0.0,31.76592978782603,18.419565596203846,4.631425826257683,0,50.0,0.0,50.0,50.0,18.23407021217397,31.954139226554275,0.36857417374231716,0.001,5000.0,-inf,0.49663183647613673,2.332703286783155,5.0,0.2466970980167389,0.0
5.307990074157715,50.0,0.0,-6.283185307179586,0.0,31.954139226554275,18.23407021217397,4.655920193839338,0,50.0,0.0,50.0,50.0,18.045860773445725,32.13907222941363,0.3440798061606616,0.001,5000.0,-inf,0.5360630649906688,2.390173415657546,5.0,0.2466970980167389,0.0
5.318061113357544,50.0,0.0,-6.283185307179586,0.0,32.13907222941363,18.045860773445725,4.679928719852366,0,50.0,0.0,50.0,50.0,17.860927770586372,32.31895033313652,0.3200712801476344,0.001,5000.0,-inf,0.571752752009596,2.383917442545013,5.0,-0.18037773668766022,-42.406232984541084
5.328170537948608,50.0,0.0,-6.283185307179586,0.0,32.31895033313652,17.860927770586372,4.703262324344976,0,50.0,0.0,50.0,50.0,17.68104966686348,32.49769557143454,0.29673767565502374,0.001,5000.0,-inf,0.6063163442342958,2.3081041143760896,5.0,-0.18037773668766022,0.0
5.338520050048828,50.0,0.0,-6.283185307179586,0.0,32.49769557143454,17.68104966686348,4.726487876669471,0,50.0,0.0,50.0,50.0,17.50230442856546,32.678835882899705,0.2735121233305291,0.001,5000.0,-inf,0.6394852713050705,2.2441205053522806,5.0,-0.18037773668766022,0.0
5.348594903945923,50.0,0.0,-6.283185307179586,0.0,32.678835882899705,17.50230442856546,4.750060067891614,0,50.0,0.0,50.0,50.0,17.321164117100295,32.85334408070708,0.2499399321083864,0.001,5000.0,-inf,0.6662573442586484,2.3397055146318495,5.0,-0.18037773668766022,0.0
5.358663320541382,50.0,0.0,-6.283185307179586,0.0,32.85334408070708,17.321164117100295,4.7726798124699945,0,50.0,0.0,50.0,50.0,17.146655919292918,33.02598375572151,0.2273201875300055,0.001,5000.0,-inf,0.6933521489503577,2.2466039584201116,5.0,-0.5480934381484985,-36.52170110111295
5.368728399276733,50.0,0.0,-6.283185307179586,0.0,33.02598375572151,17.146655919292918,4.795104284993941,0,50.0,0.0,50.0,50.0,16.974016244278488,33.19682856567531,0.2048957150060593,0.001,5000.0,-inf,0.7183386080560364,2.227948048253686,5.0,-0.5480934381484985,0.0
5.378798246383667,50.0,0.0,-6.283185307179586,0.0,33.19682856567531,16.974016244278488,4.817296161637328,0,50.0,0.0,50.0,50.0,16.80317143432469,33.366033932930556,0.1827038383626718,0.001,5000.0,-inf,0.741604692736297,2.2037947952662846,5.0,-0.5480934381484985,0.0
5.388864278793335,50.0,0.0,-6.283185307179586,0.0,33.366033932930556,16.80317143432469,4.839276464953525,0,50.0,0.0,50.0,50.0,16.633966067069444,33.53347197446299,0.16072353504647463,0.001,5000.0,-inf,0.763194522176025,2.183611419240621,5.0,-0.5480934381484985,0.0
5.398950576782227,50.0,0.0,-6.283185307179586,0.0,33.53347197446299,16.633966067069444,4.861025737095514,0,50.0,0.0,50.0,50.0,16.46652802553701,33.69955828297099,0.1389742629044859,0.001,5000.0,-inf,0.7835048033725257,2.156318618183003,5.0,-0.5480934381484985,0.0
5.409038066864014,50.0,0.0,-6.283185307179586,0.0,33.69955828297099,16.46652802553701,4.88260343987131,0,50.0,0.0,50.0,50.0,16.30044171702901,33.86398882712027,0.11739656012869037,0.001,5000.0,-inf,0.8023403072565873,2.1390556620971455,5.0,-0.8647000193595886,-31.386061214842826
5.419105291366577,49.81677613215978,-9.103468475653347,-6.283185307179586,0.0,33.86398882712027,16.30044171702901,4.903962852967128,0,49.81677613215978,0.0,49.81677613215978,49.81677613215978,6.849318829386167,33.93294245746533,0.09603714703287203,0.001,5000.0,-inf,0.8198521937264327,2.1216784318636654,5.0,-0.8647000193595886,0.0
5.429182529449463,49.38267784838213,-43.452345187383735,-6.283185307179586,0.0,33.93294245746533,6.849318829386167,4.819105132339009,0,49.38267784838213,0.0,49.38267784838213,49.38267784838213,-28.002609796466935,33.650753491604185,0.1808948676609914,0.001,5000.0,-inf,0.7428669743537895,8.420731943629866,5.0,-0.8647000193595886,0.0
5.4392523765563965,49.38267784838213,-43.452345187383735,-6.283185307179586,0.0,33.650753491604185,-28.002609796466935,4.431079390859916,0,49.38267784838213,0.0,49.38267784838213,49.38267784838213,-27.72042083060579,33.37161309210013,0.5689206091400836,0.001,5000.0,-inf,0.6735802769184105,38.53342929227963,5.0,-0.8647000193595886,0.0
5.449320077896118,49.38267784838213,-43.452345187383735,-6.283185307179586,0.0,33.37161309210013,-27.72042083060579,4.39482162458796,0,49.38267784838213,0.0,49.38267784838213,49.38267784838213,-27.44128043110173,33.09534247634024,0.6051783754120397,0.001,5000.0,-inf,0.6562884199214544,3.6013947025725375,5.0,-1.1373014450073242,-27.076828806214035
5.459388494491577,49.38267784838213,-43.452345187383735,-6.283185307179586,0.0,33.09534247634024,-27.44128043110173,4.358935142376617,0,49.38267784838213,0.0,49.38267784838213,49.38267784838213,-27.165009815341847,32.82183384069965,0.641064857623383,0.001,5000.0,-inf,0.6419222226878001,3.5642627488744116,5.0,-1.1373014450073242,0.0
5.46963906288147,47.19759964357542,-54.31170074984644,-6.283185307179586,0.0,32.82183384069965,-27.165009815341847,4.323406639544533,0,47.19759964357542,0.0,47.19759964357542,47.19759964357542,-39.93593494697066,32.412467808311426,0.6765933604554668,0.001,5000.0,-inf,0.6321587862254121,3.466003199111974,5.0,-1.1373014450073242,0.0
5.479718923568726,47.19759964357542,-54.31170074984644,-6.283185307179586,0.0,32.412467808311426,-39.93593494697066,4.138386143693893,0,47.19759964357542,0.0,47.19759964357542,47.19759964357542,-39.52656891458244,32.01404550020722,0.8616138563061071,0.001,5000.0,-inf,0.5739429076028709,18.35546160717924,5.0,-1.1373014450073242,0.0
5.4900171756744385,44.57019821565231,-86.8437170497384,-6.283185307179586,0.0,32.01404550020722,-39.52656891458244,4.086700680883187,0,44.57019821565231,0.0,44.57019821565231,44.57019821565231,-74.28756433429331,31.2490134343733,0.9132993191168133,0.001,5000.0,-inf,0.5215486168425838,5.0188577906375,5.0,-1.1373014450073242,0.0
5.500085115432739,43.81230494258473,-75.82555606231577,-6.283185307179586,0.0,31.2490134343733,-74.28756433429331,3.631986237469329,0,43.81230494258473,0.0,43.81230494258473,43.81230494258473,-63.262264554104334,30.61209276586889,1.368013762530671,0.001,5000.0,-inf,0.47439375515832544,45.16459715990615,5.0,-1.372014045715332,-23.312872975277067
5.5101542472839355,43.81230494258473,-75.82555606231577,-6.283185307179586,0.0,30.61209276586889,-63.262264554104334,3.6530703416806016,0,43.81230494258473,0.0,43.81230494258473,43.81230494258473,-62.62534388559993,29.981509921058276,1.3469296583193984,0.001,5000.0,-inf,0.5255942627180508,2.093934663172342,5.0,-1.372014045715332,0.0
5.520293474197388,43.81230494258473,-75.82555606231577,-6.283185307179586,0.0,29.981509921058276,-62.62534388559993,3.5711579500921595,0,43.81230494258473,0.0,43.81230494258473,43.81230494258473,-61.994761040789314,29.35293097142047,1.4288420499078405,0.001,5000.0,-inf,0.4780348364462457,8.07876106212451,5.0,-1.372014045715332,0.0
5.530367374420166,40.54676040331429,-108.14681934512058,-6.283185307179586,0.0,29.35293097142047,-61.994761040789314,3.4894627255909736,0,40.54676040331429,0.0,40.54676040331429,40.54676040331429,-96.95298991322676,28.376236224734587,1.5105372744090264,0.001,5000.0,-inf,0.4352313528016212,8.1095923817533,5.0,-1.372014045715332,0.0
5.540434122085571,40.54676040331429,-108.14681934512058,-6.283185307179586,0.0,28.376236224734587,-96.95298991322676,3.0031431723305753,0,40.54676040331429,0.0,40.54676040331429,40.54676040331429,-95.97629516654088,27.410067079432565,1.9968568276694247,0.001,5000.0,-inf,0.39670821752145907,48.309500687262904,5.0,-1.574103832244873,-20.07498282926367
5.550503969192505,40.54676040331429,-108.14681934512058,-6.283185307179586,0.0,27.410067079432565,-95.97629516654088,2.877646439455151,0,40.54676040331429,0.0,40.54676040331429,40.54676040331429,-95.01012602123885,26.453329636788197,2.122353560544849,0.001,5000.0,-inf,0.36203739576931315,12.462625454264705,5.0,-1.574103832244873,0.0
5.560614824295044,37.39086300596544,-104.42240637801436,-6.283185307179586,0.0,26.453329636788197,-95.01012602123885,2.753364888937959,0,37.39086300596544,0.0,37.39086300596544,37.39086300596544,-93.48487300883711,25.50811763151658,2.246635111062041,0.001,5000.0,-inf,0.33083365619238186,12.2918931442289,5.0,-1.574103832244873,0.0
5.570686340332031,36.475233462344455,-91.1696101350219,-6.283185307179586,0.0,25.50811763151658,-93.48487300883711,2.6362877383239502,0,36.475233462344455,0.0,36.475233462344455,36.475233462344455,-80.20249430419402,24.700356923925508,2.3637122616760498,0.001,5000.0,-inf,0.3027502905731437,11.624580667304407,5.0,-1.574103832244873,0.0
5.580761671066284,36.475233462344455,-91.1696101350219,-6.283185307179586,0.0,24.700356923925508,-80.20249430419402,2.6560250263076313,0,36.475233462344455,0.0,36.475233462344455,36.475233462344455,-79.39473359660295,23.900428724381825,2.3439749736923687,0.001,5000.0,-inf,0.37546395052003745,1.958971720559058,5.0,-1.574103832244873,0.0
5.590829133987427,34.34425414789045,-106.02328607306684,-6.283185307179586,0.0,23.900428724381825,-79.39473359660295,2.5521126854474265,0,34.34425414789045,0.0,34.34425414789045,34.34425414789045,-95.57946064955821,22.938186048269593,2.4478873145525735,0.001,5000.0,-inf,0.3429175554680337,10.321601546898123,5.0,-1.7481050491333008,-17.283522000663098
5.600903034210205,34.34425414789045,-106.02328607306684,-6.283185307179586,0.0,22.938186048269593,-95.57946064955821,2.255551440262161,0,34.34425414789045,0.0,34.34425414789045,34.34425414789045,-94.61721797344597,21.98502163504823,2.744448559737839,0.001,5000.0,-inf,0.31362579992123035,29.43857280963576,5.0,-1.7481050491333008,0.0
5.610972166061401,34.34425414789045,-106.02328607306684,-6.283185307179586,0.0,21.98502163504823,-94.61721797344597,2.1317308491722926,0,34.34425414789045,0.0,34.34425414789045,34.34425414789045,-93.66405356022462,21.04190593003282,2.8682691508277074,0.001,5000.0,-inf,0.2872632199291073,12.297047344271055,5.0,-1.7481050491333008,0.0
5.621045112609863,34.34425414789045,-106.02328607306684,-6.283185307179586,0.0,21.04190593003282,-93.66405356022462,2.0092262946023487,0,34.34425414789045,0.0,34.34425414789045,34.34425414789045,-92.7209378552092,20.107932879094037,2.9907737053976513,0.001,5000.0,-inf,0.2635368979361966,12.161739763093424,5.0,-1.7481050491333008,0.0
5.631120920181274,34.34425414789045,-106.02328607306684,-6.283185307179586,0.0,20.107932879094037,-92.7209378552092,1.8879012245210733,0,34.34425414789045,0.0,34.34425414789045,34.34425414789045,-91.78696480427043,19.18310508416232,3.112098775478927,0.001,5000.0,-inf,0.24218320814257696,12.041225402668502,5.0,-1.8979218006134033,-14.86895719457656
5.641197919845581,34.34425414789045,-106.02328607306684,-6.283185307179586,0.0,19.18310508416232,-91.78696480427043,1.7677650637400206,0,34.34425414789045,0.0,34.34425414789045,34.34425414789045,-90.86213700933871,18.26748736002103,3.2322349362599794,0.001,5000.0,-inf,0.22296488732831926,11.921818476047237,5.0,-1.8979218006134033,0.0
5.6512696743011475,28.936119479208262,-89.5460627021392,-6.283185307179586,0.0,18.26748736002103,-90.86213700933871,1.648826860309557,0,28.936119479208262,0.0,28.936119479208262,28.936119479208262,-78.87743058295196,17.47305324710355,3.351173139690443,0.001,5000.0,-inf,0.20566839859548736,11.809084897292092,5.0,-1.8979218006134033,0.0
5.661398649215698,28.936119479208262,-89.5460627021392,-6.283185307179586,0.0,17.47305324710355,-78.87743058295196,1.6574531487649775,0,28.936119479208262,0.0,28.936119479208262,28.936119479208262,-78.08299647003449,16.68215253460561,3.3425468512350225,0.001,5000.0,-inf,0.3237707829919202,0.8516447644695382,5.0,-1.8979218006134033,0.0
5.671468257904053,28.936119479208262,-89.5460627021392,-6.283185307179586,0.0,16.68215253460561,-78.08299647003449,1.554671390144441,0,28.936119479208262,0.0,28.936119479208262,28.936119479208262,-77.29209575753654,15.90385137562439,3.445328609855559,0.001,5000.0,-inf,0.2963937046927282,10.207125400950662,5.0,-1.8979218006134033,0.0
5.681613445281982,28.936119479208262,-89.5460627021392,-6.283185307179586,0.0,15.90385137562439,-77.29209575753654,1.4536182350120492,0,28.936119479208262,0.0,28.936119479208262,28.936119479208262,-76.51379459855532,15.12760459242562,3.5463817649879505,0.001,5000.0,-inf,0.2717543342234554,9.960698739998374,5.0,-2.0269155502319336,-12.71477251363038
5.691684007644653,26.121273937154843,-69.91696128446202,-3.3783116780577815,72.1531373673183,15.12760459242562,-76.51379459855532,1.3527266969540337,0,26.121273937154843,0.0,26.121273937154843,26.121273937154843,-58.92329193973279,14.534213906332678,3.6472733030459663,0.001,5000.0,-inf,0.24957890080110987,10.01846117670605,5.0,-2.0269155502319336,0.0
5.701756715774536,26.121273937154843,-69.91696128446202,-3.3783116780577815,72.1531373673183,14.534213906332678,-58.92329193973279,1.4455570274892469,0,26.121273937154843,0.0,26.121273937154843,26.121273937154843,-58.329901253639854,13.946673835759878,3.554442972510753,0.001,5000.0,-inf,0.22962101072099889,9.216025058823298,5.0,-2.0269155502319336,0.0
5.711858749389648,26.121273937154843,-69.91696128446202,-3.3783116780577815,72.1531373673183,13.946673835759878,-58.329901253639854,1.3692353244699844,0,26.121273937154843,0.0,26.121273937154843,26.121273937154843,-57.742361183067054,13.363358562072579,3.6307646755300156,0.001,5000.0,-inf,0.211658909648899,7.5550830582356925,5.0,-2.0269155502319336,0.0
5.721923351287842,26.121273937154843,-69.91696128446202,-3.3783116780577815,72.1531373673183,13.363358562072579,-57.742361183067054,1.2934465868594907,0,26.121273937154843,0.0,26.121273937154843,26.121273937154843,-57.159045909379756,12.788075520114113,3.7065534131405093,0.001,5000.0,-inf,0.19549301868400912,7.530227064827887,5.0,-2.1379802227020264,-11.035177903065334
5.731987714767456,26.121273937154843,-69.91696128446202,-3.3783116780577815,72.1531373673183,12.788075520114113,-57.159045909379756,1.2187401137221783,0,26.121273937154843,0.0,26.121273937154843,26.121273937154843,-56.583762867421285,12.218595963572085,3.7812598862778217,0.001,5000.0,-inf,0.18094371681560822,7.422871132251246,5.0,-2.1379802227020264,0.0
5.742053985595703,23.189032385602804,-58.28359343478389,-0.6100835783742271,55.023530040116256,12.218595963572085,-56.583762867421285,1.1447658062258792,0,23.189032385602804,0.0,23.189032385602804,23.189032385602804,-47.313157012753166,11.742328911342334,3.8552341937741206,0.001,5000.0,-inf,0.16784934513404742,7.348730106557334,5.0,-2.1379802227020264,0.0
5.75211763381958,23.189032385602804,-58.28359343478389,-0.6100835783742271,55.023530040116256,11.742328911342334,-47.313157012753166,1.1707944774603953,0,23.189032385602804,0.0,23.189032385602804,23.189032385602804,-46.83688996052342,11.270978926879192,3.8292055225396044,0.001,5000.0,-inf,0.23383580138284063,2.586405114276616,5.0,-2.1379802227020264,0.0
5.762202501296997,23.189032385602804,-58.28359343478389,-0.6100835783742271,55.023530040116256,11.270978926879192,-46.83688996052342,1.1095681501578527,0,23.189032385602804,0.0,23.189032385602804,23.189032385602804,-46.365539976060276,10.803388600701744,3.8904318498421473,0.001,5000.0,-inf,0.21545222124455657,6.071108761681452,5.0,-2.1379802227020264,0.0
5.772385120391846,23.189032385602804,-58.28359343478389,-0.6100835783742271,55.023530040116256,10.803388600701744,-46.365539976060276,1.0488190043376415,0,23.189032385602804,0.0,23.189032385602804,23.189032385602804,-45.89794964988283,10.336027262182446,3.9511809956623587,0.001,5000.0,-inf,0.19890699912010093,5.965964675133931,5.0,-2.233607769012451,-9.391252429230374
5.782453536987305,23.189032385602804,-58.28359343478389,-0.6100835783742271,55.023530040116256,10.336027262182446,-45.89794964988283,0.9880643202067143,0,23.189032385602804,0.0,23.189032385602804,23.189032385602804,-45.43058831136353,9.87861317288685,4.011935679793286,0.001,5000.0,-inf,0.18401629920809084,6.034184576582632,5.0,-2.233607769012451,0.0
5.7925498485565186,20.905173604260288,-45.41238668243773,1.424237743989593,40.45056869637458,9.87861317288685,-45.43058831136353,0.9286999610905238,0,20.905173604260288,0.0,20.905173604260288,20.905173604260288,-34.38582625106429,9.531443157491251,4.0713000389094764,0.001,5000.0,-inf,0.17061466928728178,5.879806571858087,5.0,-2.233607769012451,0.0
5.8026440143585205,20.905173604260288,-45.41238668243773,1.424237743989593,40.45056869637458,9.531443157491251,-34.38582625106429,0.9905437795381326,0,20.905173604260288,0.0,20.905173604260288,20.905173604260288,-34.03865623566869,9.187851317771065,4.009456220461868,0.001,5000.0,-inf,0.1585532023585536,6.1266893828258135,5.0,-2.233607769012451,0.0
5.812757730484009,20.905173604260288,-45.41238668243773,1.424237743989593,40.45056869637458,9.187851317771065,-34.03865623566869,0.9459126221312624,0,20.905173604260288,0.0,20.905173604260288,20.905173604260288,-33.695064395948506,8.847069001640394,4.054087377868738,0.001,5000.0,-inf,0.1666144670917461,4.412933569926102,5.0,-2.007953643798828,22.31169259783121
5.822899341583252,19.685125252765534,-40.40660181980861,2.3029431413110952,29.10171475006448,8.847069001640394,-33.695064395948506,0.9016390162701702,0,19.685125252765534,0.0,19.685125252765534,19.685125252765534,-29.56854556868347,8.547196311712556,4.09836098372983,0.001,5000.0,-inf,0.17539674120678286,4.365539698558958,5.0,-2.007953643798828,0.0
5.832969903945923,19.330410853361787,-35.28053175899314,2.558416178000058,25.40980743838424,8.547196311712556,-29.56854556868347,0.9009220279529233,0,19.330410853361787,0.0,19.330410853361787,19.330410853361787,-24.497317217343912,8.300494550957163,4.099077972047077,0.001,5000.0,-inf,0.3078570670861046,0.07119645273282543,5.0,-2.007953643798828,0.0
5.843035697937012,19.330410853361787,-35.28053175899314,2.558416178000058,25.40980743838424,8.300494550957163,-24.497317217343912,0.9170960649605637,0,19.330410853361787,0.0,19.330410853361787,19.330410853361787,-24.25061545658852,8.056392851614028,4.082903935039436,0.001,5000.0,-inf,0.3914067829386493,1.606831713619324,5.0,-2.007953643798828,0.0
5.85314154624939,18.627495973656476,-34.9362913603373,2.9022802825847034,17.090741557736152,8.056392851614028,-24.25061545658852,0.8853888446600787,0,18.627495973656476,0.0,18.627495973656476,18.627495973656476,-24.365188238294852,7.810161955175285,4.114611155339921,0.001,5000.0,-inf,0.41727960702573036,3.13751199507409,5.0,-2.007953643798828,0.0
5.863215446472168,18.627495973656476,-34.9362913603373,2.9022802825847034,17.090741557736152,7.810161955175285,-24.365188238294852,0.8497707913415915,0,18.627495973656476,0.0,18.627495973656476,18.627495973656476,-24.11895734185611,7.567189985435981,4.150229208658408,0.001,5000.0,-inf,0.42773540022695955,3.53567660298545,5.0,-1.5309125185012817,47.354164201358486
5.8732898235321045,18.627495973656476,-34.9362913603373,2.9022802825847034,17.090741557736152,7.567189985435981,-24.11895734185611,0.8182170245424764,0,18.627495973656476,0.0,18.627495973656476,18.627495973656476,-23.875985372116805,7.326654306119747,4.181782975457524,0.001,5000.0,-inf,0.450150355485104,3.1320811809394358,5.0,-1.5309125185012817,0.0
5.883358955383301,17.704122204861694,-30.590017076078205,3.15903342660907,8.505854644640314,7.326654306119747,-23.875985372116805,0.7869717491355966,0,17.704122204861694,0.0,17.704122204861694,17.704122204861694,-20.212549177336257,7.123131483404359,4.2130282508644035,0.001,5000.0,-inf,0.4712584457443443,3.1030754059663583,5.0,-1.5309125185012817,0.0
5.893447160720825,17.704122204861694,-30.590017076078205,3.15903342660907,8.505854644640314,7.123131483404359,-20.212549177336257,0.7951129159032477,0,17.704122204861694,0.0,17.704122204861694,17.704122204861694,-20.00902635462087,6.921276316935006,4.204887084096752,0.001,5000.0,-inf,0.5642404266659209,0.8069985190893112,5.0,-1.5309125185012817,0.0
5.9035210609436035,17.704122204861694,-30.590017076078205,3.15903342660907,8.505854644640314,6.921276316935006,-20.00902635462087,0.7688884208246922,0,17.704122204861694,0.0,17.704122204861694,17.704122204861694,-19.807171188151518,6.721740850690078,4.231111579175308,0.001,5000.0,-inf,0.5900462287290126,2.6032117152856764,5.0,-0.962535560131073,56.420745272525025
5.913591384887695,17.704122204861694,-30.590017076078205,3.15903342660907,8.505854644640314,6.721740850690078,-19.807171188151518,0.7429720072150958,0,17.704122204861694,0.0,17.704122204861694,17.704122204861694,-19.60763572190659,6.5242856071927315,4.257027992784904,0.001,5000.0,-inf,0.6142274363935644,2.573543190216976,5.0,-0.962535560131073,0.0
5.923660516738892,16.706765680233264,-24.75803402307662,3.3380285798480713,4.443313884679322,6.5242856071927315,-19.60763572190659,0.7173236277879166,0,16.706765680233264,0.0,16.706765680233264,16.706765680233264,-14.575553950036085,6.377522432665592,4.282676372212084,0.001,5000.0,-inf,0.6368384417097869,2.54722848068893,5.0,-0.962535560131073,0.0
5.933730125427246,16.706765680233264,-24.75803402307662,3.3380285798480713,4.443313884679322,6.377522432665592,-14.575553950036085,0.7470976010728221,0,16.706765680233264,0.0,16.706765680233264,16.706765680233264,-14.428790775508947,6.232230155710078,4.252902398927178,0.001,5000.0,-inf,0.6439905481827345,2.956815324843667,5.0,-0.962535560131073,0.0
5.943796396255493,16.299133636397055,-20.192898452703183,3.4111861301822133,3.624010936538242,6.232230155710078,-14.428790775508947,0.7282243140443215,0,16.299133636397055,0.0,16.299133636397055,16.299133636397055,-10.125994972016205,6.130299147916294,4.271775685955679,0.001,5000.0,-inf,0.6852890452665726,1.8749035616586054,5.0,-0.962535560131073,0.0
5.953867673873901,16.11629423008498,-18.281778708219115,3.418159473685992,0.6972518964258799,6.130299147916294,-10.125994972016205,0.7569819309881192,0,16.11629423008498,0.0,16.11629423008498,16.11629423008498,-8.29578362605043,6.046750007956095,4.243018069011881,0.001,5000.0,-inf,0.690863627907576,2.855409018934667,5.0,-0.43596601486206055,52.28428459826713
5.963976860046387,15.944081138355662,-17.098618963465515,3.424727538353772,0.6521271638180322,6.046750007956095,-8.29578362605043,0.763587164853349,0,15.944081138355662,0.0,15.944081138355662,15.944081138355662,-7.2012878330659476,5.973950848569977,4.236412835146651,0.001,5000.0,-inf,0.7668347216801018,0.6533892790705148,5.0,-0.43596601486206055,0.0
5.974104166030884,15.944081138355662,-17.098618963465515,3.424727538353772,0.6521271638180322,5.973950848569977,-7.2012878330659476,0.7643402404691374,0,15.944081138355662,0.0,15.944081138355662,15.944081138355662,-7.128488673679831,5.9017584625646,4.235659759530862,0.001,5000.0,-inf,0.8401512495120916,0.07436090278512608,5.0,-0.43596601486206055,0.0
5.984181880950928,15.643979310495899,-14.926103367716344,3.353670347063013,-3.534157021932828,5.9017584625646,-7.128488673679831,0.7549612980222458,0,15.643979310495899,0.0,15.643979310495899,15.643979310495899,-5.183882519785044,5.849516772351207,4.245038701977754,0.001,5000.0,-inf,0.892259250287321,0.9306616153863914,5.0,-0.43596601486206055,0.0
5.994251489639282,15.643979310495899,-14.926103367716344,3.353670347063013,-3.534157021932828,5.849516772351207,-5.183882519785044,0.7670935229313187,0,15.643979310495899,0.0,15.643979310495899,15.643979310495899,-5.131640829571651,5.797843157268238,4.232906477068681,0.001,5000.0,-inf,0.9303219498988766,1.2048357870255553,5.0,0.017415352165699005,45.02472549425832
6.00432276725769,15.643979310495899,-14.926103367716344,3.353670347063013,-3.534157021932828,5.797843157268238,-5.131640829571651,0.7603816337218369,0,15.643979310495899,0.0,15.643979310495899,15.643979310495899,-5.079967214488683,5.74668139715871,4.2396183662781635,0.001,5000.0,-inf,0.9819267299836195,0.6664387045804306,5.0,0.017415352165699005,0.0
6.014395475387573,15.304144249786798,-11.24970643530481,3.0898496194179264,-8.733371216503935,5.74668139715871,-5.079967214488683,0.7537357234573328,0,15.304144249786798,0.0,15.304144249786798,15.304144249786798,-1.6922435826767224,5.72963592146574,4.246264276542667,0.001,5000.0,-inf,1.0285851459999784,0.6597937891983213,5.0,0.017415352165699005,0.0
6.024470090866089,15.304144249786798,-11.24970643530481,3.0898496194179264,-8.733371216503935,5.72963592146574,-1.6922435826767224,0.7852265931784365,0,15.304144249786798,0.0,15.304144249786798,15.304144249786798,-1.6751981069837516,5.7127589446875415,4.214773406821563,0.001,5000.0,-inf,0.9911186823853391,3.125763934937149,5.0,0.017415352165699005,0.0
6.0345447063446045,15.304144249786798,-11.24970643530481,3.0898496194179264,-8.733371216503935,5.7127589446875415,-1.6751981069837516,0.7830342711864183,0,15.304144249786798,0.0,15.304144249786798,15.304144249786798,-1.6583211302055538,5.696051996960822,4.216965728813582,0.001,5000.0,-inf,1.0420068141468053,0.2176085029441882,5.0,0.017415352165699005,0.0
6.044717073440552,15.046267622688246,-8.541117601203133,2.80964981416727,-9.280482358587205,5.696051996960822,-1.6583211302055538,0.7808640682724597,0,15.046267622688246,0.0,15.046267622688246,15.046267622688246,0.8090980245242907,5.704282439082889,4.21913593172754,0.001,5000.0,-inf,1.087806132732125,0.21334296073755177,5.0,0.4077811539173126,38.37511938663104
6.0547873973846436,15.046267622688246,-8.541117601203133,2.80964981416727,-9.280482358587205,5.704282439082889,0.8090980245242907,0.8066905217168475,0,15.046267622688246,0.0,15.046267622688246,15.046267622688246,0.8008675824022227,5.712347435074001,4.193309478283153,0.001,5000.0,-inf,1.0624991973834597,2.564609995445089,5.0,0.4077811539173126,0.0
6.064961194992065,14.901157819286448,-7.215842043550803,2.651978531156396,-7.840483870411997,5.712347435074001,0.8008675824022227,0.8077373167343824,0,14.901157819286448,0.0,14.901157819286448,14.901157819286448,1.9729683406616436,5.732420015657743,4.192262683265618,0.001,5000.0,-inf,1.1062492776451136,0.10289127599425224,5.0,0.4077811539173126,0.0
6.075191974639893,14.901157819286448,-7.215842043550803,2.651978531156396,-7.840483870411997,5.732420015657743,1.9729683406616436,0.8222684855987005,0,14.901157819286448,0.0,14.901157819286448,14.901157819286448,1.9528957600779018,5.752399661854276,4.1777315144013,0.001,5000.0,-inf,1.1159690024800069,1.4203383676046848,5.0,0.4077811539173126,0.0
6.0856359004974365,14.741732059137483,-7.912250372678918,2.454511375141479,-9.800232894050438,5.752399661854276,1.9528957600779018,0.8248649102603777,0,14.741732059137483,0.0,14.741732059137483,14.741732059137483,1.0770820246042883,5.763648626661736,4.175135089739622,0.001,5000.0,-inf,1.1543721022320064,0.2486061943652853,5.0,0.4077811539173126,0.0
6.095719337463379,14.741732059137483,-7.912250372678918,2.454511375141479,-9.800232894050438,5.763648626661736,1.0770820246042883,0.817681627978686,0,14.741732059137483,0.0,14.741732059137483,14.741732059137483,1.0658330597968293,5.774395887136414,4.182318372021314,0.001,5000.0,-inf,1.182091397587359,0.7123843096311049,5.0,0.7438899874687195,33.33276487834866
6.1058409214019775,14.741732059137483,-7.912250372678918,2.454511375141479,-9.800232894050438,5.774395887136414,1.0658330597968293,0.8190737547970663,0,14.741732059137483,0.0,14.741732059137483,14.741732059137483,1.0550857993221507,5.785075026616676,4.180926245202934,0.001,5000.0,-inf,1.2138822578286232,0.13754041134524703,5.0,0.7438899874687195,0.0
6.115952968597412,14.503741618797912,-7.884211549649493,2.172749709244393,-9.334276525328658,5.785075026616676,1.0550857993221507,0.8204613617195562,0,14.503741618797912,0.0,14.503741618797912,14.503741618797912,0.8344550425317436,5.793513075389225,4.179538638280444,0.001,5000.0,-inf,1.242494032045761,0.13722314539001862,5.0,0.7438899874687195,0.0
6.126058578491211,14.434314410625378,-6.883481868071502,2.0905534420104424,-8.149492540762772,5.793513075389225,0.8344550425317436,0.8194363809798091,0,14.434314410625378,0.0,14.434314410625378,14.434314410625378,1.757319467164649,5.81127186038317,4.180563619020191,0.001,5000.0,-inf,1.268244628841185,0.10142690550286047,5.0,0.7438899874687195,0.0
6.136133193969727,14.434314410625378,-6.883481868071502,2.0905534420104424,-8.149492540762772,5.81127186038317,1.757319467164649,0.8311512551252903,0,14.434314410625378,0.0,14.434314410625378,14.434314410625378,1.7395606821707048,5.828797265357583,4.16884874487471,0.001,5000.0,-inf,1.2700629211963288,1.1628110442987618,5.0,1.0090957880020142,26.324161065884134
6.146326780319214,14.276193341056176,-7.871062255407508,1.9281738669198485,-8.083045150319588,5.828797265357583,1.7395606821707048,0.8334272239717687,0,14.276193341056176,0.0,14.276193341056176,14.276193341056176,0.5763338202910857,5.83467217392085,4.166572776028231,0.001,5000.0,-inf,1.293056629076696,0.22327459330276594,5.0,1.0090957880020142,0.0
6.156397104263306,14.276193341056176,-7.871062255407508,1.9281738669198485,-8.083045150319588,5.83467217392085,0.5763338202910857,0.8226174425518299,0,14.276193341056176,0.0,14.276193341056176,14.276193341056176,0.5704589117278198,5.840416879958743,4.17738255744817,0.001,5000.0,-inf,1.2952737977947222,1.0734293633404774,5.0,1.0090957880020142,0.0
6.166475057601929,14.137649671289248,-6.883616668184162,1.7858989487856802,-7.069005748010643,5.840416879958743,0.5704589117278198,0.8233629523115022,0,14.137649671289248,0.0,14.137649671289248,14.137649671289248,1.4136161231463422,5.854663237286537,4.176637047688498,0.001,5000.0,-inf,1.3157464180152498,0.07397432143441708,5.0,1.0090957880020142,0.0
6.176547050476074,14.137649671289248,-6.883616668184162,1.7858989487856802,-7.069005748010643,5.854663237286537,1.4136161231463422,0.8337890144515786,0,14.137649671289248,0.0,14.137649671289248,14.137649671289248,1.39936976581855,5.868757679596156,4.166210985548421,0.001,5000.0,-inf,1.3169279301303554,1.0351538439666423,5.0,1.0090957880020142,0.0
6.186616659164429,13.998518514405239,-6.912560623587188,1.6518506871398084,-6.660023217416805,5.868757679596156,1.39936976581855,0.8356197728016473,0,13.998518514405239,0.0,13.998518514405239,13.998518514405239,1.2172002112218951,5.881014409418543,4.164380227198353,0.001,5000.0,-inf,1.3352351371173197,0.1818102775121751,5.0,1.1594079732894897,14.927311471528354
6.196688413619995,13.998518514405239,-6.912560623587188,1.6518506871398084,-6.660023217416805,5.881014409418543,1.2172002112218951,0.835514019430815,0,13.998518514405239,0.0,13.998518514405239,13.998518514405239,1.2049434813995088,5.893150304296034,4.164485980569185,0.001,5000.0,-inf,1.351711623405588,0.010499994941184084,5.0,1.1594079732894897,0.0
6.20677375793457,13.998518514405239,-6.912560623587188,1.6518506871398084,-6.660023217416805,5.893150304296034,1.2049434813995088,0.83709047741544,0,13.998518514405239,0.0,13.998518514405239,13.998518514405239,1.192807586522017,5.905180179507146,4.16290952258456,0.001,5000.0,-inf,1.3665404610650294,0.15631176640609465,5.0,1.1594079732894897,0.0
6.216851711273193,13.837244041440695,-5.337895780979597,1.2011581662824535,-14.917114044033735,5.905180179507146,1.192807586522017,0.8386533009962206,0,13.837244041440695,0.0,13.837244041440695,13.837244041440695,2.594168080953952,5.931324084379545,4.161346699003779,0.001,5000.0,-inf,1.3798864149585266,0.155073508307607,5.0,1.1594079732894897,0.0
6.226940155029297,13.837244041440695,-5.337895780979597,1.2011581662824535,-14.917114044033735,5.931324084379545,2.594168080953952,0.8563270526226759,0,13.837244041440695,0.0,13.837244041440695,13.837244041440695,2.5680241760815523,5.957231451844258,4.143672947377324,0.001,5000.0,-inf,1.3515593898671843,1.7518808702048534,5.0,1.1594079732894897,0.0
6.237009286880493,13.746784104127045,-4.5100976738985565,0.9483616980313995,-12.603775740808656,5.957231451844258,2.5680241760815523,0.8596926450190118,0,13.746784104127045,0.0,13.746784104127045,13.746784104127045,3.27945497838423,5.990252716421671,4.140307354980989,0.001,5000.0,-inf,1.3664034508804659,0.33424851775438497,5.0,1.2464836835861206,8.647787275353396
6.247074604034424,13.716277128385848,-3.0378805883002764,0.7732324274052602,-17.439349484907368,5.990252716421671,3.27945497838423,0.8714299300828764,0,13.716277128385848,0.0,13.716277128385848,13.716277128385848,4.6881438236639,6.0374403708700894,4.1285700699171235,0.001,5000.0,-inf,1.358299503476272,1.1661117960183727,5.0,1.2464836835861206,0.0
6.257147789001465,13.716277128385848,-3.0378805883002764,0.7732324274052602,-17.439349484907368,6.0374403708700894,4.6881438236639,0.8921230901584516,0,13.716277128385848,0.0,13.716277128385848,13.716277128385848,4.640956169215482,6.084189580786527,4.107876909841549,0.001,5000.0,-inf,1.3223871410773327,2.0542817533165767,5.0,1.2464836835861206,0.0
6.267333269119263,13.66092092858244,-2.7486768114150815,0.45545294711696516,-15.779137507885842,6.084189580786527,4.640956169215482,0.8981961030022686,0,13.66092092858244,0.0,13.66092092858244,13.66092092858244,4.828054536380832,6.133365634274478,4.1018038969977315,0.001,5000.0,-inf,1.3370472901406312,0.5962421774507395,5.0,1.2464836835861206,0.0
6.277472734451294,13.66092092858244,-2.7486768114150815,0.45545294711696516,-15.779137507885842,6.133365634274478,4.828054536380832,0.9069517341622353,0,13.66092092858244,0.0,13.66092092858244,13.66092092858244,4.778878482892881,6.1818209069777605,4.093048265837765,0.001,5000.0,-inf,1.34162913872495,0.86352000556746,5.0,1.2401835918426514,-0.6213435854025583
6.287541389465332,13.676411759153252,0.7712050306410511,0.02944925490017647,-21.20842965827067,6.1818209069777605,4.778878482892881,0.9132437118058153,0,13.676411759153252,0.0,13.676411759153252,13.676411759153252,8.265795882816542,6.265046354138296,4.086756288194184,0.001,5000.0,-inf,1.3534414288770664,0.6249074613051616,5.0,1.2401835918426514,0.0
6.297638177871704,13.676411759153252,0.7712050306410511,0.02944925490017647,-21.20842965827067,6.265046354138296,8.265795882816542,0.959764448407527,0,13.676411759153252,0.0,13.676411759153252,13.676411759153252,8.182570435656007,6.347664036447351,4.040235551592473,0.001,5000.0,-inf,1.2357451974779254,4.607478608975549,5.0,1.2401835918426514,0.0
6.307713270187378,13.690011288557452,0.6743738171755098,-0.3445429408130647,-18.54553471086188,6.347664036447351,8.182570435656007,0.9704986694591893,0,13.690011288557452,0.0,13.690011288557452,13.690011288557452,8.01672106928561,6.428433241289411,4.0295013305408105,0.001,5000.0,-inf,1.2439515370408678,1.065421607597887,5.0,1.2401835918426514,0.0
6.31794285774231,13.709583944329047,1.9454397931991954,-0.5229494075072249,-17.732853615839204,6.428433241289411,8.01672106928561,0.9801478644733738,0,13.709583944329047,0.0,13.709583944329047,13.709583944329047,9.226590496238831,6.522817456604185,4.019852135526627,0.001,5000.0,-inf,1.2552734532079088,0.9432633488270649,5.0,1.2401835918426514,0.0
6.328022003173828,13.709583944329047,1.9454397931991954,-0.5229494075072249,-17.732853615839204,6.522817456604185,9.226590496238831,1.0054603488869744,0,13.709583944329047,0.0,13.709583944329047,13.709583944329047,9.132206280924057,6.614862291820246,3.9945396511130253,0.001,5000.0,-inf,1.2149352297965421,2.511372078673045,5.0,1.1311134099960327,-10.821371969248965
6.338210821151733,13.709583944329047,1.9454397931991954,-0.5229494075072249,-17.732853615839204,6.614862291820246,9.132206280924057,1.017402783664075,0,13.709583944329047,0.0,13.709583944329047,13.709583944329047,9.040161445707996,6.706970851281442,3.982597216335925,0.001,5000.0,-inf,1.2217847678856284,1.1721118978666765,5.0,1.1311134099960327,0.0
6.348280906677246,13.709583944329047,1.9454397931991954,-0.5229494075072249,-17.732853615839204,6.706970851281442,9.040161445707996,1.0293775336364819,0,13.709583944329047,0.0,13.709583944329047,13.709583944329047,8.948052886246801,6.797078509132757,3.970622466363518,0.001,5000.0,-inf,1.2274006417706536,1.189140841164515,5.0,1.1311134099960327,0.0
6.358352184295654,14.024125665008425,7.8264178089103575,-1.487454099378267,-23.99877727168549,6.797078509132757,8.948052886246801,1.041071520141054,0,14.024125665008425,0.0,14.024125665008425,14.024125665008425,15.053464964786025,6.948686133912098,3.9589284798589457,0.001,5000.0,-inf,1.233357743216267,1.1611224461927283,5.0,1.1311134099960327,0.0
6.368424654006958,14.024125665008425,7.8264178089103575,-1.487454099378267,-23.99877727168549,6.948686133912098,15.053464964786025,1.123350708395554,0,14.024125665008425,0.0,14.024125665008425,14.024125665008425,14.901857340006686,7.098784640611484,3.876649291604446,0.001,5000.0,-inf,1.1150219688946403,8.168720344938157,5.0,1.1311134099960327,0.0
6.378490686416626,14.267550873695978,12.05615178833863,-2.099404639513046,-30.30815353347578,7.098784640611484,14.901857340006686,1.1428484230856748,0,14.267550873695978,0.0,14.267550873695978,14.267550873695978,19.22491802142312,7.2923032884883385,3.857151576914325,0.001,5000.0,-inf,1.1072170471577283,1.9369811159552859,5.0,0.926011323928833,-20.37566319279962
6.3885650634765625,14.377253765782578,10.893164751193105,-2.3751885011299017,-27.38450174988221,7.2923032884883385,19.22491802142312,1.2131716406025987,0,14.377253765782578,0.0,14.377253765782578,14.377253765782578,17.978115228487344,7.473421600127107,3.7868283593974015,0.001,5000.0,-inf,1.0014953424419555,6.980403562279118,5.0,0.926011323928833,0.0
6.3986358642578125,14.377253765782578,10.893164751193105,-2.3751885011299017,-27.38450174988221,7.473421600127107,17.978115228487344,1.2260601763026684,0,14.377253765782578,0.0,14.377253765782578,14.377253765782578,17.796996916848578,7.65265161058121,3.7739398236973316,0.001,5000.0,-inf,1.0262191597237647,1.279792538848128,5.0,0.926011323928833,0.0
6.4087183475494385,14.377253765782578,10.893164751193105,-2.3751885011299017,-27.38450174988221,7.65265161058121,17.796996916848578,1.2493411946498552,0,14.377253765782578,0.0,14.377253765782578,14.377253765782578,17.617766906394472,7.830282451050693,3.750658805350145,0.001,5000.0,-inf,1.0153054399213224,2.309055980933076,5.0,0.926011323928833,0.0
6.4188408851623535,14.940157999229594,18.635237996477798,-3.5677208862755743,-39.47940607874056,7.830282451050693,17.617766906394472,1.272417212211042,0,14.940157999229594,0.0,14.940157999229594,14.940157999229594,25.7451135446567,8.090888331255249,3.727582787788958,0.001,5000.0,-inf,1.0064300620693705,2.279667257718542,5.0,0.5905630588531494,-33.13875214923334
6.428910255432129,14.940157999229594,18.635237996477798,-3.5677208862755743,-39.47940607874056,8.090888331255249,25.7451135446567,1.3901755018223019,0,14.940157999229594,0.0,14.940157999229594,14.940157999229594,25.484507664452146,8.347501275071545,3.609824498177698,0.001,5000.0,-inf,0.9107870558624335,11.69470249442785,5.0,0.5905630588531494,0.0
6.438976287841797,15.256389305767211,15.744201245604504,-4.23766801375358,-33.35464320220201,8.347501275071545,25.484507664452146,1.423495255154538,0,15.256389305767211,0.0,15.256389305767211,15.256389305767211,22.65308927630017,8.575528005905884,3.576504744845462,0.001,5000.0,-inf,0.8791601091652919,3.310117827579604,5.0,0.5905630588531494,0.0
6.449046611785889,15.577369302583614,31.980608702924968,-4.953346066679761,-71.30606266718516,8.575528005905884,22.65308927630017,1.4271048135898254,0,15.577369302583614,0.0,15.577369302583614,15.577369302583614,38.9824499996027,8.968093905536243,3.5728951864101743,0.001,5000.0,-inf,0.9412440982487628,0.35843518593115853,5.0,0.5905630588531494,0.0
6.459122180938721,15.880428598513925,29.901033077501832,-5.629066949550359,-66.6693044602028,8.968093905536243,38.9824499996027,1.645357646771101,0,15.880428598513925,0.0,15.880428598513925,15.880428598513925,36.813367770479516,9.339009538256347,3.3546423532288987,0.001,5000.0,-inf,0.8521196884238865,21.66158852871645,5.0,0.17835228145122528,-40.91190990298154
6.469219207763672,15.880428598513925,29.901033077501832,-5.629066949550359,-66.6693044602028,9.339009538256347,36.813367770479516,1.6755950130606838,0,15.880428598513925,0.0,15.880428598513925,15.880428598513925,36.44245213775941,9.706969955058304,3.3244049869393164,0.001,5000.0,-inf,0.8365235798738238,2.9946801978243687,5.0,0.17835228145122528,0.0
6.479290008544922,16.72761254882143,42.16221352560058,-6.283185307179586,-32.553824768951536,9.706969955058304,36.44245213775941,1.7234003150857566,0,16.72761254882143,0.0,16.72761254882143,16.72761254882143,49.182856119363706,10.202280700889299,3.2765996849142436,0.001,5000.0,-inf,0.766025969475768,4.746921626538141,5.0,0.17835228145122528,0.0
6.489375829696655,16.72761254882143,42.16221352560058,-6.283185307179586,-32.553824768951536,10.202280700889299,49.182856119363706,1.920147859318139,0,16.72761254882143,0.0,16.72761254882143,16.72761254882143,48.68754537353271,10.693334575843654,3.079852140681861,0.001,5000.0,-inf,0.6944233725281912,19.50734018306167,5.0,0.17835228145122528,0.0
6.4996178150177,16.72761254882143,42.16221352560058,-6.283185307179586,-32.553824768951536,10.693334575843654,48.68754537353271,1.9839422943534386,0,16.72761254882143,0.0,16.72761254882143,16.72761254882143,48.196491498578354,11.18696233429796,3.0160577056465616,0.001,5000.0,-inf,0.6299810352753721,6.228717678809479,5.0,0.17835228145122528,0.0
6.509687900543213,18.01036949109257,42.46365574608026,-6.283185307179586,0.0,11.18696233429796,48.196491498578354,2.048139641787498,0,18.01036949109257,0.0,18.01036949109257,18.01036949109257,49.28706290287487,11.683287273031233,2.951860358212502,0.001,5000.0,-inf,0.5719829317478349,6.3750548365666555,5.0,-0.23922331631183624,-41.46693657219973
6.519718170166016,18.01036949109257,42.46365574608026,-6.283185307179586,0.0,11.683287273031233,49.28706290287487,2.1285308472531215,0,18.01036949109257,0.0,18.01036949109257,18.01036949109257,48.7907379641416,12.17267152990709,2.8714691527468785,0.001,5000.0,-inf,0.5197846385730515,8.014859868060034,5.0,-0.23922331631183624,0.0
6.5297911167144775,18.730945216475043,35.8757139650849,-6.283185307179586,0.0,12.17267152990709,48.7907379641416,2.192081393828409,0,18.730945216475043,0.0,18.730945216475043,18.730945216475043,42.43398765165285,12.600106819360281,2.807918606171591,0.001,5000.0,-inf,0.4728061747157463,6.309032443440426,5.0,-0.23922331631183624,0.0
6.539859294891357,18.730945216475043,35.8757139650849,-6.283185307179586,0.0,12.600106819360281,42.43398765165285,2.188354831226968,0,18.730945216475043,0.0,18.730945216475043,18.730945216475043,42.006552362199656,13.023036273139342,2.811645168773032,0.001,5000.0,-inf,0.5755255572441718,0.3701327624493574,5.0,-0.23922331631183624,0.0
6.549926280975342,19.79400758837249,52.79756022662803,-6.283185307179586,0.0,13.023036273139342,42.006552362199656,2.2432906018615046,0,19.79400758837249,0.0,19.79400758837249,19.79400758837249,59.56853154186118,13.622711851214643,2.7567093981384954,0.001,5000.0,-inf,0.5229730015197546,5.45702260599468,5.0,-0.5987600088119507,-35.714432254168244
6.559995651245117,19.79400758837249,52.79756022662803,-6.283185307179586,0.0,13.622711851214643,59.56853154186118,2.502864974588662,0,19.79400758837249,0.0,19.79400758837249,19.79400758837249,58.96885596378588,14.216491096299055,2.497135025411338,0.001,5000.0,-inf,0.47567570136777915,25.778610357224203,5.0,-0.5987600088119507,0.0
6.570173263549805,19.79400758837249,52.79756022662803,-6.283185307179586,0.0,14.216491096299055,58.96885596378588,2.5799973131197267,0,19.79400758837249,0.0,19.79400758837249,19.79400758837249,58.375076718701465,14.810609995398389,2.4200026868802733,0.001,5000.0,-inf,0.4331081312310012,7.57862809291133,5.0,-0.5987600088119507,0.0
6.58026647567749,21.44454436376058,54.674677569380265,-6.283185307179586,0.0,14.810609995398389,58.375076718701465,2.657236166542789,0,21.44454436376058,0.0,21.44454436376058,21.44454436376058,61.308611937742455,15.429410820939978,2.342763833457211,0.001,5000.0,-inf,0.39479731810790114,7.652554255864415,5.0,-0.5987600088119507,0.0
6.590517044067383,21.44454436376058,54.674677569380265,-6.283185307179586,0.0,15.429410820939978,61.308611937742455,2.7732036343090214,0,21.44454436376058,0.0,21.44454436376058,21.44454436376058,60.68981111220087,16.051515880315257,2.2267963656909786,0.001,5000.0,-inf,0.360317586297111,11.31327194310321,5.0,-0.5987600088119507,0.0
6.600586652755737,21.44454436376058,54.674677569380265,-6.283185307179586,0.0,16.051515880315257,60.68981111220087,2.854110334366145,0,21.44454436376058,0.0,21.44454436376058,21.44454436376058,60.067706052825585,16.656374175074312,2.145889665633855,0.001,5000.0,-inf,0.32928582766739994,8.034741225912002,5.0,-0.9083244800567627,-30.742452941872855
6.610777854919434,23.536996687408767,69.37411982551998,-6.283185307179586,0.0,16.656374175074312,60.067706052825585,2.9325694450386597,0,23.536996687408767,0.0,23.536996687408767,23.536996687408767,76.25474233785444,17.433501670179957,2.0674305549613403,0.001,5000.0,-inf,0.30135724490065996,7.6987100650408555,5.0,-0.9083244800567627,0.0
6.6208555698394775,23.536996687408767,69.37411982551998,-6.283185307179586,0.0,17.433501670179957,76.25474233785444,3.2032376572037387,0,23.536996687408767,0.0,23.536996687408767,23.536996687408767,75.47761484274879,18.194143555410058,1.7967623427962613,0.001,5000.0,-inf,0.276221520410594,26.85809375563272,5.0,-0.9083244800567627,0.0
6.630942344665527,23.536996687408767,69.37411982551998,-6.283185307179586,0.0,18.194143555410058,75.47761484274879,3.301956246184896,0,23.536996687408767,0.0,23.536996687408767,23.536996687408767,74.71697295751869,18.947796837316602,1.6980437538151039,0.001,5000.0,-inf,0.2535993683695346,9.786932957619891,5.0,-0.9083244800567627,0.0
6.641018390655518,25.595529391844508,68.20101388920556,-6.283185307179586,0.0,18.947796837316602,74.71697295751869,3.3998612867995113,0,25.595529391844508,0.0,25.595529391844508,25.595529391844508,74.84874644373346,19.701976248776777,1.6001387132004887,0.001,5000.0,-inf,0.23323943153258117,9.716613115092583,5.0,-1.1748626232147217,-26.452652501064787
6.651088714599609,25.595529391844508,68.20101388920556,-6.283185307179586,0.0,19.701976248776777,74.84874644373346,3.506764139266084,0,25.595529391844508,0.0,25.595529391844508,25.595529391844508,74.09456703227329,20.448132541288995,1.493235860733916,0.001,5000.0,-inf,0.21491548837932306,10.61563193598077,5.0,-1.1748626232147217,0.0
6.661159038543701,26.75763328115031,57.608729465315456,-6.283185307179586,0.0,20.448132541288995,74.09456703227329,3.6036842261031925,0,26.75763328115031,0.0,26.75763328115031,26.75763328115031,63.91823020517677,21.091809825388157,1.3963157738968075,0.001,5000.0,-inf,0.19842393954139076,9.62432662297532,5.0,-1.1748626232147217,0.0
6.671319246292114,26.75763328115031,57.608729465315456,-6.283185307179586,0.0,21.091809825388157,63.91823020517677,3.59203567760611,0,26.75763328115031,0.0,26.75763328115031,26.75763328115031,63.27455292107761,21.734692428254263,1.40796432239389,0.001,5000.0,-inf,0.3077502902100447,1.1464872358443556,5.0,-1.1748626232147217,0.0
6.681395530700684,26.75763328115031,57.608729465315456,-6.283185307179586,0.0,21.734692428254263,63.27455292107761,3.675602469166373,0,26.75763328115031,0.0,26.75763328115031,26.75763328115031,62.631670318211505,22.365786951364313,1.324397530833627,0.001,5000.0,-inf,0.2819752611890402,8.293413342838345,5.0,-1.1748626232147217,0.0
6.691465377807617,28.493291912044313,57.52390235151198,-6.283185307179586,0.0,22.365786951364313,62.631670318211505,3.7575268763731193,0,28.493291912044313,0.0,28.493291912044313,28.493291912044313,63.65140731219198,23.00674689113924,1.2424731236268807,0.001,5000.0,-inf,0.2587777350701362,8.135615798013196,5.0,-1.404354453086853,-22.79000142058907
6.701534986495972,28.493291912044313,57.52390235151198,-6.283185307179586,0.0,23.00674689113924,63.65140731219198,3.8574586378814137,0,28.493291912044313,0.0,28.493291912044313,28.493291912044313,63.01044737241705,23.64123743945763,1.1425413621185863,0.001,5000.0,-inf,0.23789996156312257,9.924095821505512,5.0,-1.404354453086853,0.0
6.7116005420684814,29.618598784704936,55.9565509635911,-6.283185307179586,0.0,23.64123743945763,63.01044737241705,3.939877715248239,0,29.618598784704936,0.0,29.618598784704936,29.618598784704936,61.9339123088384,24.264636675625187,1.060122284751761,0.001,5000.0,-inf,0.21910996540681033,8.188229330522155,5.0,-1.404354453086853,0.0
6.721665859222412,29.618598784704936,55.9565509635911,-6.283185307179586,0.0,24.264636675625187,61.9339123088384,4.01638825767591,0,29.618598784704936,0.0,29.618598784704936,29.618598784704936,61.310513072670844,24.88174643457183,0.98361174232409,0.001,5000.0,-inf,0.2021989688661293,7.601404035022633,5.0,-1.404354453086853,0.0
6.731721878051758,29.618598784704936,55.9565509635911,-6.283185307179586,0.0,24.88174643457183,61.310513072670844,4.096549631566765,0,29.618598784704936,0.0,29.618598784704936,29.618598784704936,60.693403313724204,25.492080441111714,0.9034503684332353,0.001,5000.0,-inf,0.18697907197951638,7.971482079660183,5.0,-1.6019490957260132,-19.649390677604437
6.741792917251587,31.047372701687006,47.36722750556111,-6.283185307179586,0.0,25.492080441111714,60.693403313724204,4.175825294892882,0,31.047372701687006,0.0,31.047372701687006,31.047372701687006,52.9225197661364,26.025065212230203,0.8241747051071178,0.001,5000.0,-inf,0.17328116478156474,7.871646783726432,5.0,-1.6019490957260132,0.0
6.751845598220825,31.552810564539854,50.18488388407883,-6.283185307179586,0.0,26.025065212230203,52.9225197661364,4.172734327373593,0,31.552810564539854,0.0,31.552810564539854,31.552810564539854,55.71262923638848,26.585126499901072,0.8272656726264067,0.001,5000.0,-inf,0.3059530483034083,0.30747693364063416,5.0,-1.6019490957260132,0.0
6.761922121047974,31.552810564539854,50.18488388407883,-6.283185307179586,0.0,26.585126499901072,55.71262923638848,4.279044002350036,0,31.552810564539854,0.0,31.552810564539854,31.552810564539854,55.15256794871761,27.14087260981218,0.7209559976499644,0.001,5000.0,-inf,0.28035774347306747,10.550234123423996,5.0,-1.6019490957260132,0.0
6.772071599960327,31.552810564539854,50.18488388407883,-6.283185307179586,0.0,27.14087260981218,55.15256794871761,4.3512478448608825,0,31.552810564539854,0.0,31.552810564539854,31.552810564539854,54.596821838806505,27.695001901746668,0.6487521551391175,0.001,5000.0,-inf,0.2573219691257607,7.114044290782596,5.0,-1.6019490957260132,0.0
6.7821431159973145,31.552810564539854,50.18488388407883,-6.283185307179586,0.0,27.695001901746668,54.596821838806505,4.423268484632599,0,31.552810564539854,0.0,31.552810564539854,31.552810564539854,54.04269254687202,28.239293746414464,0.5767315153674009,0.001,5000.0,-inf,0.23658977221318467,7.1509234068856475,5.0,-1.7720801830291748,-16.892301683119097
6.792216539382935,33.47950604737111,47.864166614867095,-6.283185307179586,0.0,28.239293746414464,54.04269254687202,4.493928049966746,0,33.47950604737111,0.0,33.47950604737111,33.47950604737111,53.104378915823744,28.774236638863954,0.5060719500332542,0.001,5000.0,-inf,0.2179307949918662,7.0144540370469946,5.0,-1.7720801830291748,0.0
6.802345514297485,33.47950604737111,47.864166614867095,-6.283185307179586,0.0,28.774236638863954,53.104378915823744,4.559436918599192,0,33.47950604737111,0.0,33.47950604737111,33.47950604737111,52.56943602337425,29.306711137616794,0.4405630814008079,0.001,5000.0,-inf,0.2011377154926796,6.467472689495907,5.0,-1.7720801830291748,0.0
6.8124306201934814,33.47950604737111,47.864166614867095,-6.283185307179586,0.0,29.306711137616794,52.56943602337425,4.6286339195000945,0,33.47950604737111,0.0,33.47950604737111,33.47950604737111,52.03696152462141,29.831509405098476,0.3713660804999055,0.001,5000.0,-inf,0.18602394394341162,6.861306327816989,5.0,-1.7720801830291748,0.0
6.82257604598999,33.47950604737111,47.864166614867095,-6.283185307179586,0.0,29.831509405098476,52.03696152462141,4.696780931960001,0,33.47950604737111,0.0,33.47950604737111,33.47950604737111,51.51216325713973,30.354122235041434,0.3032190680399989,0.001,5000.0,-inf,0.17242154954907046,6.717018469876065,5.0,-1.9185644388198853,-14.438453223039504
6.832648277282715,33.47950604737111,47.864166614867095,-6.283185307179586,0.0,30.354122235041434,51.51216325713973,4.764698745477199,0,33.47950604737111,0.0,33.47950604737111,33.47950604737111,50.989550427196775,30.867700780456204,0.23530125452280082,0.001,5000.0,-inf,0.16017939459416342,6.743075247513087,5.0,-1.9185644388198853,0.0
6.843028545379639,33.47950604737111,47.864166614867095,-6.283185307179586,0.0,30.867700780456204,50.989550427196775,4.8313736135358365,0,33.47950604737111,0.0,33.47950604737111,33.47950604737111,50.475971881782,31.39165490104189,0.1686263864641635,0.001,5000.0,-inf,0.14916145513474707,6.42323179286634,5.0,-1.9185644388198853,0.0
6.85312294960022,35.648564915809224,35.92588815971512,-6.283185307179586,0.0,31.39165490104189,50.475971881782,4.899591404963685,0,35.648564915809224,0.0,35.648564915809224,35.648564915809224,40.18279817448246,31.797276308529142,0.10040859503631516,0.001,5000.0,-inf,0.13924530962127238,6.7579809503528665,5.0,-1.9185644388198853,0.0
6.863370895385742,35.648564915809224,35.92588815971512,-6.283185307179586,0.0,31.797276308529142,40.18279817448246,4.853446664938906,0,35.648564915809224,0.0,35.648564915809224,35.648564915809224,39.777176766995204,32.204910659538456,0.14655333506109436,0.001,5000.0,-inf,0.14634075652424808,4.502828273151978,5.0,-1.9185644388198853,0.0
6.873439311981201,35.648564915809224,35.92588815971512,-6.283185307179586,0.0,32.204910659538456,39.777176766995204,4.906459260005336,0,35.648564915809224,0.0,35.648564915809224,35.648564915809224,39.36954241598589,32.601299613755195,0.09354073999466372,0.001,5000.0,-inf,0.13670668087182328,5.265236550734318,5.0,-2.044689416885376,-12.52679374852001
6.883577823638916,36.43386959542507,25.999562377603468,-6.283185307179586,0.0,32.601299613755195,39.36954241598589,4.957877370085587,0,36.43386959542507,0.0,36.43386959542507,36.43386959542507,29.832132359273345,32.90375303545418,0.04212262991441307,0.001,5000.0,-inf,0.12803601278464094,5.0715639352374104,5.0,-2.044689416885376,0.0
6.893650531768799,36.43386959542507,25.999562377603468,-6.283185307179586,0.0,32.90375303545418,29.832132359273345,4.904846748556319,0,36.43386959542507,0.0,36.43386959542507,36.43386959542507,29.52967893757436,33.20119687256151,0.09515325144368081,0.001,5000.0,-inf,0.12023241150617685,5.264782901029488,5.0,-2.044689416885376,0.0
6.9037275314331055,36.43386959542507,25.999562377603468,-6.283185307179586,0.0,33.20119687256151,29.52967893757436,4.943464351534356,0,36.43386959542507,0.0,36.43386959542507,36.43386959542507,29.23223510046703,33.495770095855846,0.05653564846564407,0.001,5000.0,-inf,0.1508366031595847,3.8322520853923105,5.0,-2.044689416885376,0.0
6.913802623748779,36.43386959542507,25.999562377603468,-6.283185307179586,0.0,33.495770095855846,29.23223510046703,4.981730164424489,0,36.43386959542507,0.0,36.43386959542507,36.43386959542507,28.937661877172694,33.787319710668115,0.018269835575511095,0.001,5000.0,-inf,0.17948209577241414,3.798060771175548,5.0,-2.15328311920166,-10.778432486156467
6.923877239227295,37.15684019172952,17.958995694153682,-6.283185307179586,0.0,33.787319710668115,28.937661877172694,5.019601378265263,1,-inf,0.0009836825515281043,-inf,-inf,-100.0,32.77985816281655,-0.019601378265263314,0.001,0.0,-inf,0.20651931555644032,3.759072881891695,5.0,-2.15328311920166,0.0
6.933976411819458,37.30921753309836,15.143155844394816,-6.283185307179586,0.0,32.77985816281655,-100.0,3.5891801427943175,1,-inf,0.001016387393246563,-inf,-inf,-100.0,31.769940903600244,1.4108198572056825,0.001,5000.0,-inf,0.1908673840007963,141.6374680615862,5.0,-2.15328311920166,0.0
6.944044828414917,37.41439870599538,10.478156288308627,-6.283185307179586,0.0,31.769940903600244,-100.0,3.4477917265040343,1,-inf,0.0010655929150728343,-inf,-inf,-100.0,30.763099244054345,1.5522082734959657,0.001,5000.0,-inf,0.17678064560071668,14.04276580629884,5.0,-2.15328311920166,0.0
6.954116344451904,37.41439870599538,10.478156288308627,-6.283185307179586,0.0,30.763099244054345,-100.0,3.3068338941676085,1,-inf,0.0011635540231548268,-inf,-inf,-100.0,29.755947640355615,1.6931661058323915,0.001,5000.0,-inf,0.164102581040645,13.995691593873541,5.0,-2.15328311920166,0.0
6.9641947746276855,37.41439870599538,10.478156288308627,-6.283185307179586,0.0,29.755947640355615,-100.0,3.1658326696497863,1,-inf,0.0012662590863618045,-inf,-inf,-100.0,28.74810462277749,1.8341673303502137,0.001,5000.0,-inf,0.15269232293658053,13.990395533686602,5.0,-2.24678373336792,-9.277299394398183
6.974263668060303,37.60450865634171,6.278030447578439,-6.283185307179586,0.0,28.74810462277749,-100.0,3.0247346471888488,0,37.60450865634171,0.0,37.60450865634171,37.60450865634171,15.134434481142657,28.900491630731043,1.9752653528111512,0.001,5000.0,-inf,0.1424230906429225,14.013260087137715,5.0,-2.24678373336792,0.0
6.984338045120239,37.60450865634171,6.278030447578439,-6.283185307179586,0.0,28.900491630731043,15.134434481142657,4.197413173113773,0,37.60450865634171,0.0,37.60450865634171,37.60450865634171,14.982047473189104,29.05142642610582,0.8025868268862268,0.001,5000.0,-inf,0.13318078157863025,116.40208808427438,5.0,-2.24678373336792,0.0
6.994410514831543,37.71085910188649,5.303239717879506,-3.384317135261775,144.55409892699691,29.05142642610582,14.982047473189104,4.217020174386707,0,37.71085910188649,0.0,37.71085910188649,37.71085910188649,13.962672393660178,29.192065020879816,0.7829798256132934,0.001,5000.0,-inf,0.22325025514317676,1.94659322240798,5.0,-2.24678373336792,0.0
7.004480361938477,37.718645534409546,0.7713794954220496,-1.7959706193356069,157.35292515317659,29.192065020879816,13.962672393660178,4.226515826859777,0,37.718645534409546,0.0,37.718645534409546,37.718645534409546,9.29796000895178,29.285694056576343,0.7734841731402229,0.001,5000.0,-inf,0.3366514678731721,0.9429788131075258,5.0,-2.24678373336792,0.0
7.014549255371094,37.718645534409546,0.7713794954220496,-1.7959706193356069,157.35292515317659,29.285694056576343,9.29796000895178,4.192976768010206,0,37.718645534409546,0.0,37.718645534409546,37.718645534409546,9.204330973255253,29.378371484264584,0.8070232319897936,0.001,5000.0,-inf,0.36176657060752593,3.330957773465382,5.0,-2.327289342880249,-7.995477363136958
7.024696588516235,37.73269229376537,0.6978463856293663,1.0694136521909672,142.3529802620164,29.378371484264584,9.204330973255253,4.205015317529595,0,37.73269229376537,0.0,37.73269229376537,37.73269229376537,9.052167195130151,29.47022684047909,0.794984682470405,0.001,5000.0,-inf,0.4534733630350183,1.1863757055372266,5.0,-2.327289342880249,0.0
7.034769058227539,37.73269229376537,0.6978463856293663,1.0694136521909672,142.3529802620164,29.47022684047909,9.052167195130151,4.2163534296183744,0,37.73269229376537,0.0,37.73269229376537,37.73269229376537,8.960311838915645,29.560479310080403,0.7836465703816256,0.001,5000.0,-inf,0.5379660764469187,1.1256536295220005,5.0,-2.327289342880249,0.0
7.044844627380371,37.61100983337353,-6.052526331190524,3.7856906070298613,135.1085254113727,29.560479310080403,8.960311838915645,4.228070221800413,0,37.61100983337353,0.0,37.61100983337353,37.61100983337353,1.9980041921026022,29.58061033948558,0.7719297781995866,0.001,5000.0,-inf,0.6128096365160476,1.1628913468124598,5.0,-2.327289342880249,0.0
7.054925441741943,37.61100983337353,-6.052526331190524,3.7856906070298613,135.1085254113727,29.58061033948558,1.9980041921026022,4.161265489449008,0,37.61100983337353,0.0,37.61100983337353,37.61100983337353,1.9778731626974242,29.60054891166947,0.8387345105509922,0.001,5000.0,-inf,0.5565286728644429,6.62691821863748,5.0,-2.327289342880249,0.0
7.065004110336304,37.61100983337353,-6.052526331190524,3.7856906070298613,135.1085254113727,29.60054891166947,1.9778731626974242,4.163855579260701,0,37.61100983337353,0.0,37.61100983337353,37.61100983337353,1.9579345905135348,29.620282285536693,0.8361444207392994,0.001,5000.0,-inf,0.6508758055779986,0.2569872982173617,5.0,-2.253441095352173,7.327182835379556
7.075075149536133,37.43774856718968,-5.743656711770116,6.283185307179586,82.79260860245323,29.620282285536693,1.9579345905135348,4.1664188658802725,0,37.43774856718968,0.0,37.43774856718968,37.43774856718968,2.0738095698828705,29.641167703007962,0.8335811341197275,0.001,5000.0,-inf,0.7357882250201988,0.25452056820664987,5.0,-2.253441095352173,0.0
7.085141897201538,37.43774856718968,-5.743656711770116,6.283185307179586,82.79260860245323,29.641167703007962,2.0738095698828705,4.170501574119944,0,37.43774856718968,0.0,37.43774856718968,37.43774856718968,2.0529241524116006,29.661833972426507,0.8294984258800557,0.001,5000.0,-inf,0.812209402518179,0.40556378041560387,5.0,-2.253441095352173,0.0
7.0952863693237305,37.34004389161153,-4.852497413869657,6.283185307179586,0.0,29.661833972426507,2.0529241524116006,4.173185997663827,0,37.34004389161153,0.0,37.34004389161153,37.34004389161153,2.825712505315365,29.69049933416201,0.8268140023361727,0.001,5000.0,-inf,0.8809884622663611,0.26461934258860564,5.0,-2.253441095352173,0.0
7.105408430099487,37.29069356073013,-4.9028918995963755,6.283185307179586,0.0,29.69049933416201,2.825712505315365,4.184927031835835,0,37.29069356073013,0.0,37.29069356073013,37.29069356073013,2.697302326971749,29.717801592246207,0.8150729681641646,0.001,5000.0,-inf,0.9216247203681794,1.1599450380824476,5.0,-1.5474478006362915,69.7479802143446
7.115651369094849,37.29069356073013,-4.9028918995963755,6.283185307179586,0.0,29.717801592246207,2.697302326971749,4.187465246184187,0,37.29069356073013,0.0,37.29069356073013,37.29069356073013,2.6700000688875507,29.74515024006943,0.8125347538158127,0.001,5000.0,-inf,0.9794622483313615,0.24780137317046946,5.0,-1.5474478006362915,0.0
7.125776052474976,37.20136415008007,-4.43580499144301,6.283185307179586,0.0,29.74515024006943,2.6700000688875507,4.191021034298596,0,37.20136415008007,0.0,37.20136415008007,37.20136415008007,3.0204089185676253,29.77573092404844,0.8089789657014039,0.001,5000.0,-inf,1.0315160234982255,0.35119993197893307,5.0,-1.5474478006362915,0.0
7.135889530181885,37.20136415008007,-4.43580499144301,6.283185307179586,0.0,29.77573092404844,3.0204089185676253,4.198806418552458,0,37.20136415008007,0.0,37.20136415008007,37.20136415008007,2.989828234588618,29.80596848524644,0.8011935814475422,0.001,5000.0,-inf,1.0696707728302286,0.7698028788398935,5.0,-1.5474478006362915,0.0
7.145968914031982,37.129661800035755,-3.5541493269704856,6.283185307179586,0.0,29.80596848524644,2.989828234588618,4.2027338702803885,0,37.129661800035755,0.0,37.129661800035755,37.129661800035755,3.7695439878188313,29.843963166039494,0.7972661297196115,0.001,5000.0,-inf,1.1127036955472058,0.3896519654713397,5.0,-1.5474478006362915,0.0
7.156040191650391,37.097432119711165,-3.211867446876762,6.283185307179586,0.0,29.843963166039494,3.7695439878188313,4.215850283123718,0,37.097432119711165,0.0,37.097432119711165,37.097432119711165,4.041601506794909,29.884667256837403,0.7841497168762821,0.001,5000.0,-inf,1.125579555843281,1.302358383940817,5.0,-0.9395813345909119,60.35644027271436
7.166317462921143,37.097432119711165,-3.211867446876762,6.283185307179586,0.0,29.884667256837403,4.041601506794909,4.224269431025186,0,37.097432119711165,0.0,37.097432119711165,37.097432119711165,4.000897415997,29.925785564908054,0.7757305689748142,0.001,5000.0,-inf,1.152736244111785,0.8192007080155543,5.0,-0.9395813345909119,0.0
7.176527738571167,37.07536303752576,-1.097957911495839,6.283185307179586,0.0,29.925785564908054,4.000897415997,4.229618953247098,0,37.07536303752576,0.0,37.07536303752576,37.07536303752576,6.051619561121869,29.987574268756187,0.7703810467529024,0.001,5000.0,-inf,1.186691376238191,0.523935141937032,5.0,-0.9395813345909119,0.0
7.186593770980835,37.06537338135705,-0.9923654688800048,6.283185307179586,0.0,29.987574268756187,6.051619561121869,4.258776593237085,0,37.06537338135705,0.0,37.06537338135705,37.06537338135705,6.085433643720856,30.048830441040767,0.7412234067629146,0.001,5000.0,-inf,1.1407972747958444,2.8966368081611953,5.0,-0.9395813345909119,0.0
7.196859121322632,37.06537338135705,-0.9923654688800048,6.283185307179586,0.0,30.048830441040767,6.085433643720856,4.2676905981829165,0,37.06537338135705,0.0,37.06537338135705,37.06537338135705,6.024177471436277,30.110670733306222,0.7323094018170835,0.001,5000.0,-inf,1.1648482156084772,0.868358570241533,5.0,-0.9395813345909119,0.0
7.206926584243774,37.174862118202505,5.428431822710614,6.283185307179586,0.0,30.110670733306222,6.024177471436277,4.2757356773772335,0,37.174862118202505,0.0,37.174862118202505,37.174862118202505,12.492623207606897,30.23643975423661,0.7242643226227665,0.001,5000.0,-inf,1.1887251846372564,0.7991168437701988,5.0,-0.4162023663520813,51.987176147397335
7.217045068740845,37.174862118202505,5.428431822710614,6.283185307179586,0.0,30.23643975423661,12.492623207606897,4.358027797669195,0,37.174862118202505,0.0,37.174862118202505,37.174862118202505,12.366854186676509,30.361573576602026,0.6419722023308054,0.001,5000.0,-inf,1.0748526661735307,8.13285036072228,5.0,-0.4162023663520813,0.0
7.227132558822632,37.270373598638635,4.7461576717197,6.283185307179586,0.0,30.361573576602026,12.366854186676509,4.374288842591049,0,37.270373598638635,0.0,37.270373598638635,37.270373598638635,11.654957693756309,30.47914284674144,0.6257111574089507,0.001,5000.0,-inf,1.0815362535954764,1.6120010815390005,5.0,-0.4162023663520813,0.0
7.237213611602783,37.270373598638635,4.7461576717197,6.283185307179586,0.0,30.47914284674144,11.654957693756309,4.383629575481366,0,37.270373598638635,0.0,37.270373598638635,37.270373598638635,11.537388423616896,30.595451868385027,0.6163704245186343,0.001,5000.0,-inf,1.1096378128407536,0.9265632364019909,5.0,-0.4162023663520813,0.0
7.247289180755615,37.41754904663328,7.2886610490328945,6.283185307179586,0.0,30.595451868385027,11.537388423616896,4.398737145810073,0,37.41754904663328,0.0,37.41754904663328,37.41754904663328,14.110758227281151,30.73762578870289,0.601262854189927,0.001,5000.0,-inf,1.1164703049662754,1.499425997633189,5.0,0.03443203121423721,44.72545329507809
7.257399320602417,37.41754904663328,7.2886610490328945,6.283185307179586,0.0,30.73762578870289,14.110758227281151,4.444375192691216,0,37.41754904663328,0.0,37.41754904663328,37.41754904663328,13.968584306963288,30.878850129508127,0.5556248073087842,0.001,5000.0,-inf,1.0254804837875433,4.514086607375659,5.0,0.03443203121423721,0.0
7.267481803894043,37.41754904663328,7.2886610490328945,6.283185307179586,0.0,30.878850129508127,13.968584306963288,4.462724861200771,0,37.41754904663328,0.0,37.41754904663328,37.41754904663328,13.82735996615805,31.018264255334213,0.5372751387992292,0.001,5000.0,-inf,1.0304005436686015,1.8199552609023755,5.0,0.03443203121423721,0.0
7.277557611465454,37.672347402043236,8.453380803250859,6.283185307179586,0.0,31.018264255334213,13.82735996615805,4.480830595408371,0,37.672347402043236,0.0,37.672347402043236,37.672347402043236,15.107463949959882,31.170484154986035,0.5191694045916293,0.001,5000.0,-inf,1.0355698404795723,1.7969511703431758,5.0,0.03443203121423721,0.0
7.287652969360352,37.672347402043236,8.453380803250859,6.283185307179586,0.0,31.170484154986035,15.107463949959882,4.514942421197643,0,37.672347402043236,0.0,37.672347402043236,37.672347402043236,14.95524405030806,31.32146269607943,0.48505757880235656,0.001,5000.0,-inf,0.9892463187826729,3.3789615132430346,5.0,0.03443203121423721,0.0
7.2977283000946045,37.8158214289675,7.143562262874602,6.283185307179586,0.0,31.32146269607943,14.95524405030806,4.534557217954202,0,37.8158214289675,0.0,37.8158214289675,37.8158214289675,13.637920995762677,31.45886926063935,0.46544278204579825,0.001,5000.0,-inf,0.9937021188344517,1.94681418148133,5.0,0.42243266105651855,38.50996459334106
7.307795286178589,37.87172081650583,5.568304392474962,6.283185307179586,0.0,31.45886926063935,13.637920995762677,4.540620906447137,0,37.87172081650583,0.0,37.87172081650583,37.87172081650583,11.98115594834144,31.57948339084135,0.45937909355286344,0.001,5000.0,-inf,1.0410344764712518,0.6023340493716954,5.0,0.42243266105651855,0.0
7.317862510681152,37.92414679438644,5.2073433757681284,6.283185307179586,0.0,31.57948339084135,11.98115594834144,4.540939234201204,0,37.92414679438644,0.0,37.92414679438644,37.92414679438644,11.552006779313217,31.69578003654383,0.45906076579879596,0.001,5000.0,-inf,1.0869310288241265,0.03162021011714049,5.0,0.42243266105651855,0.0
7.327936172485352,37.92414679438644,5.2073433757681284,6.283185307179586,0.0,31.69578003654383,11.552006779313217,4.552929272909268,0,37.92414679438644,0.0,37.92414679438644,37.92414679438644,11.435710133610737,31.810979512920678,0.4470707270907317,0.001,5000.0,-inf,1.1059969760829755,1.190236374926364,5.0,0.42243266105651855,0.0
7.338019132614136,38.01898476117574,4.711349798131418,6.283185307179586,0.0,31.810979512920678,11.435710133610737,4.567894233145003,0,38.01898476117574,0.0,38.01898476117574,38.01898476117574,10.919355046386478,31.921078934485433,0.43210576685499724,0.001,5000.0,-inf,1.1136847080375512,1.4841832204625567,5.0,0.42243266105651855,0.0
7.348088026046753,38.02876075494266,0.9643568701184311,6.283185307179586,0.0,31.921078934485433,10.919355046386478,4.578144601291826,0,38.02876075494266,0.0,38.02876075494266,38.02876075494266,7.072038690575658,31.992286538412184,0.4218553987081739,0.001,5000.0,-inf,1.1356243752578559,1.0180233027015941,5.0,0.7565051317214966,33.1786678348172
7.358160018920898,38.037812289932646,0.9016289314042221,6.283185307179586,0.0,31.992286538412184,7.072038690575658,4.549640502283463,0,38.037812289932646,0.0,38.037812289932646,38.037812289932646,6.947154682924683,32.062258230874185,0.45035949771653705,0.001,5000.0,-inf,1.0969830108866045,2.8300356607213537,5.0,0.7565051317214966,0.0
7.368231773376465,38.06175491981388,2.386980777290524,6.283185307179586,0.0,32.062258230874185,6.947154682924683,4.558187699151633,0,38.06175491981388,0.0,38.06175491981388,38.06175491981388,8.386477466230218,32.146724772661194,0.4418123008483672,0.001,5000.0,-inf,1.1260510640369257,0.8486303856867784,5.0,0.7565051317214966,0.0
7.378317594528198,38.06175491981388,2.386980777290524,6.283185307179586,0.0,32.146724772661194,8.386477466230218,4.58440624283487,0,38.06175491981388,0.0,38.06175491981388,38.06175491981388,8.30201092444321,32.23045737004487,0.41559375716513003,0.001,5000.0,-inf,1.095793959306387,2.599544775660743,5.0,0.7565051317214966,0.0
7.388709783554077,38.105214617035834,2.1599580753725554,6.283185307179586,0.0,32.23045737004487,8.30201092444321,4.595284141050715,0,38.105214617035834,0.0,38.105214617035834,38.105214617035834,8.034715322363523,32.313955650443994,0.4047158589492854,0.001,5000.0,-inf,1.1185974529592477,1.046737909477607,5.0,1.0441445112228394,27.678420666238413
7.398778200149536,38.12611756786641,2.079932868676792,6.283185307179586,0.0,32.313955650443994,8.034715322363523,4.604300944285795,0,38.12611756786641,0.0,38.12611756786641,38.12611756786641,7.892094786099207,32.39341654856129,0.39569905571420527,0.001,5000.0,-inf,1.1439921028429696,0.8955532530454551,5.0,1.0441445112228394,0.0
7.408864259719849,38.12611756786641,2.079932868676792,6.283185307179586,0.0,32.39341654856129,7.892094786099207,4.613999264659574,0,38.12611756786641,0.0,38.12611756786641,38.12611756786641,7.81263388798191,32.472215239356515,0.386000735340426,0.001,5000.0,-inf,1.164720502919298,0.9615569198426598,5.0,1.0441445112228394,0.0
7.4189453125,38.12611756786641,2.079932868676792,6.283185307179586,0.0,32.472215239356515,7.81263388798191,4.6242364723897325,0,38.12611756786641,0.0,38.12611756786641,38.12611756786641,7.733835197186686,32.55018044017235,0.37576352761026754,0.001,5000.0,-inf,1.181638221076164,1.0154899446925372,5.0,1.0441445112228394,0.0
7.429023742675781,38.18106433211952,1.8217445129035241,6.283185307179586,0.0,32.55018044017235,7.733835197186686,4.634363613595996,0,38.18106433211952,0.0,38.18106433211952,38.18106433211952,7.452628404850695,32.62529123517668,0.3656363864040042,0.001,5000.0,-inf,1.197207551535262,1.004833196205412,5.0,1.0441445112228394,0.0
7.439094543457031,38.15573411709043,-2.5143207245856627,6.283185307179586,0.0,32.62529123517668,7.452628404850695,4.642067056973243,0,38.15573411709043,0.0,38.15573411709043,38.15573411709043,3.016122157328087,32.655666000555044,0.35793294302675704,0.001,5000.0,-inf,1.218950208688189,0.7649285835928326,5.0,1.2918050289154053,24.591938920454545
7.449218273162842,38.13210509220935,-2.3511888777475716,5.840398876730511,-44.05914064287053,32.655666000555044,3.016122157328087,4.601954461650988,0,38.13210509220935,0.0,38.13210509220935,38.13210509220935,3.125250213906735,32.687305188983665,0.39804553834901224,0.001,5000.0,-inf,1.1354942849649232,3.9622349161724895,5.0,1.2918050289154053,0.0
7.459307670593262,38.13210509220935,-2.3511888777475716,5.840398876730511,-44.05914064287053,32.687305188983665,3.125250213906735,4.607475228596781,0,38.13210509220935,0.0,38.13210509220935,38.13210509220935,3.0936110254781144,32.718517860114844,0.3925247714032194,0.001,5000.0,-inf,1.1704244508719055,0.5471850012714851,5.0,1.2918050289154053,0.0
7.469372987747192,38.13210509220935,-2.3511888777475716,5.840398876730511,-44.05914064287053,32.718517860114844,3.0936110254781144,4.6115286106708595,0,38.13210509220935,0.0,38.13210509220935,38.13210509220935,3.0623983543469353,32.74934187080302,0.3884713893291405,0.001,5000.0,-inf,1.2033820057847149,0.40270783444672625,5.0,1.2918050289154053,0.0
7.479451656341553,37.67303233973182,-15.21525627821029,0.20298533609713498,-186.84335174344315,32.74934187080302,3.0623983543469353,4.615531845455893,0,37.67303233973182,0.0,37.67303233973182,37.67303233973182,-10.291565809281494,32.64561658969422,0.3844681545441073,0.001,5000.0,-inf,1.2330438052062433,0.39719877159898215,5.0,1.505043387413025,21.15739360821328
7.489521265029907,37.53946525034274,-13.286083035929595,-1.4372185623946616,-163.1531037390252,32.64561658969422,-10.291565809281494,4.4674706644643765,0,37.53946525034274,0.0,37.53946525034274,37.53946525034274,-8.39223437528108,32.561110073514186,0.5325293355356235,0.001,5000.0,-inf,1.114739424685619,14.703767104947092,5.0,1.505043387413025,0.0
7.499597549438477,37.53946525034274,-13.286083035929595,-1.4372185623946616,-163.1531037390252,32.561110073514186,-8.39223437528108,4.474633066539176,0,37.53946525034274,0.0,37.53946525034274,37.53946525034274,-8.307727859101044,32.47739904481689,0.5253669334608242,0.001,5000.0,-inf,1.146472464986692,0.7108177761147858,5.0,1.505043387413025,0.0
7.509702205657959,37.12474277216716,-20.618165482560823,-4.540185045924855,-154.26575556191622,32.47739904481689,-8.307727859101044,4.463758587683355,0,37.12474277216716,0.0,37.12474277216716,37.12474277216716,-15.970821755210554,32.31601938143786,0.5362414123166452,0.001,5000.0,-inf,1.1632592592830227,1.0761849408448312,5.0,1.505043387413025,0.0
7.5199339389801025,36.937267063262105,-18.634739810017205,-5.942884132233261,-139.4257029765076,32.31601938143786,-15.970821755210554,4.364534495849195,0,36.937267063262105,0.0,36.937267063262105,36.937267063262105,-14.013492128192961,32.172637067070234,0.6354655041508046,0.001,5000.0,-inf,1.0519333333547203,9.697681586307398,5.0,1.505043387413025,0.0
7.53000283241272,36.937267063262105,-18.634739810017205,-5.942884132233261,-139.4257029765076,32.172637067070234,-14.013492128192961,4.364034268107903,0,36.937267063262105,0.0,36.937267063262105,36.937267063262105,-13.870109813825334,32.03298040945613,0.6359657318920968,0.001,5000.0,-inf,1.0967400000192482,0.049680508055808356,5.0,1.6886433362960815,18.234372040159123
7.540068626403809,36.27954899622893,-32.63268769212892,-6.283185307179586,-16.88404579393723,32.03298040945613,-13.870109813825334,4.345916159185605,0,36.27954899622893,0.0,36.27954899622893,36.27954899622893,-28.386119105356116,31.747251582335103,0.654083840814395,0.001,5000.0,-inf,1.095178136337419,1.7999681831694454,5.0,1.6886433362960815,0.0
7.550138711929321,36.27954899622893,-32.63268769212892,-6.283185307179586,-16.88404579393723,31.747251582335103,-28.386119105356116,4.1607540304733535,0,36.27954899622893,0.0,36.27954899622893,36.27954899622893,-28.10039027823509,31.46427824893299,0.8392459695266465,0.001,5000.0,-inf,0.990660322703677,18.387344203099452,5.0,1.6886433362960815,0.0
7.56021785736084,35.70607155036688,-28.53511216799553,-6.283185307179586,0.0,31.46427824893299,-28.10039027823509,4.123995052068268,0,35.70607155036688,0.0,35.70607155036688,35.70607155036688,-24.29331886656164,31.21942235506266,0.8760049479317322,0.001,5000.0,-inf,0.940189886079526,3.647033238565689,5.0,1.6886433362960815,0.0
7.57030177116394,35.319031081637384,-38.32578761843329,-6.283185307179586,0.0,31.21942235506266,-24.29331886656164,4.1277859410431565,0,35.319031081637384,0.0,35.319031081637384,35.319031081637384,-34.22617889185857,30.874288517307658,0.8722140589568435,0.001,5000.0,-inf,0.9961708974715735,0.3759342898908117,5.0,1.0611519813537598,-62.226965362335974
7.58036732673645,34.958065633487344,-35.83344354068582,-6.283185307179586,0.0,30.874288517307658,-34.22617889185857,3.980138603504487,0,34.958065633487344,0.0,34.958065633487344,34.958065633487344,-31.749666424506135,30.554710485503144,1.019861396495513,0.001,5000.0,-inf,0.9015538077244162,14.668573083229708,5.0,1.0611519813537598,0.0
7.590450763702393,34.958065633487344,-35.83344354068582,-6.283185307179586,0.0,30.554710485503144,-31.749666424506135,3.9601628037253787,0,34.958065633487344,0.0,34.958065633487344,34.958065633487344,-31.43008839270162,30.23778717036134,1.0398371962746213,0.001,5000.0,-inf,0.9136756824320071,1.9810506919989896,5.0,1.0611519813537598,0.0
7.600520849227905,34.053083924610235,-45.10502651650657,-6.283185307179586,0.0,30.23778717036134,-31.43008839270162,3.918989319923572,0,34.053083924610235,0.0,34.053083924610235,34.053083924610235,-41.28972976225768,29.821996060330097,1.081010680076428,0.001,5000.0,-inf,0.8566724649210044,4.088692563483515,5.0,1.0611519813537598,0.0
7.61060094833374,34.053083924610235,-45.10502651650657,-6.283185307179586,0.0,29.821996060330097,-41.28972976225768,3.762182150823637,0,34.053083924610235,0.0,34.053083924610235,34.053083924610235,-40.87393865222643,29.409982707869837,1.2378178491763632,0.001,5000.0,-inf,0.7760052184289039,15.55611382919497,5.0,0.5208756327629089,-53.59831713143641
7.6206700801849365,34.053083924610235,-45.10502651650657,-6.283185307179586,0.0,29.409982707869837,-40.87393865222643,3.7086581925795135,0,34.053083924610235,0.0,34.053083924610235,34.053083924610235,-40.46192529976617,29.002566247073236,1.2913418074204865,0.001,5000.0,-inf,0.7034046965860136,5.315647767365795,5.0,0.5208756327629089,0.0
7.6307373046875,34.053083924610235,-45.10502651650657,-6.283185307179586,0.0,29.002566247073236,-40.46192529976617,3.655740021592592,0,34.053083924610235,0.0,34.053083924610235,34.053083924610235,-40.05450883896957,28.599328514251418,1.344259978407408,0.001,5000.0,-inf,0.6380642269274123,5.256480668872206,5.0,0.5208756327629089,0.0
7.6408164501190186,31.55138491583605,-62.18891077425887,-6.283185307179586,0.0,28.599328514251418,-40.05450883896957,3.6033609036055037,0,31.55138491583605,0.0,31.55138491583605,31.55138491583605,-59.236854372674244,28.002271644123546,1.3966390963944963,0.001,5000.0,-inf,0.5792578042346711,5.196781646119842,5.0,0.5208756327629089,0.0
7.650890827178955,31.024750505962892,-52.44716525473954,-6.283185307179586,0.0,28.002271644123546,-59.236854372674244,3.3279494864505543,0,31.024750505962892,0.0,31.024750505962892,31.024750505962892,-49.42468639290019,27.504348717332356,1.6720505135494457,0.001,5000.0,-inf,0.526332023811204,27.337811113919596,5.0,0.5208756327629089,0.0
7.660964727401733,31.024750505962892,-52.44716525473954,-6.283185307179586,0.0,27.504348717332356,-49.42468639290019,3.356361956497528,0,31.024750505962892,0.0,31.024750505962892,31.024750505962892,-48.926763466109,27.011465383951297,1.643638043502472,0.001,5000.0,-inf,0.5489302430972065,2.8204041551582573,5.0,0.055692657828330994,-46.177048079426314
7.671034097671509,29.483039337038516,-76.59984034997511,-6.283185307179586,0.0,27.011465383951297,-48.926763466109,3.292337519092092,0,29.483039337038516,0.0,29.483039337038516,29.483039337038516,-74.1282663968879,26.265040422144484,1.7076624809079082,0.001,5000.0,-inf,0.49903721878748586,6.358335793611085,5.0,0.055692657828330994,0.0
7.6811041831970215,29.483039337038516,-76.59984034997511,-6.283185307179586,0.0,26.265040422144484,-74.1282663968879,2.9358229951313493,0,29.483039337038516,0.0,29.483039337038516,29.483039337038516,-73.38184143508107,25.526079002873605,2.0641770048686507,0.001,5000.0,-inf,0.4541334969087373,35.40332632304942,5.0,0.055692657828330994,0.0
7.691179990768433,28.137094021335677,-66.98908085050397,-6.283185307179586,0.0,25.526079002873605,-73.38184143508107,2.839832646051494,0,28.137094021335677,0.0,28.137094021335677,28.137094021335677,-64.3780658320419,24.877417999730312,2.160167353948506,0.001,5000.0,-inf,0.41372014721786354,9.526814441376997,5.0,0.055692657828330994,0.0
7.701253414154053,27.490792579849668,-63.95170145396185,-6.283185307179586,0.0,24.877417999730312,-64.3780658320419,2.839057861641825,0,27.490792579849668,0.0,27.490792579849668,27.490792579849668,-61.3383268738425,24.259531063364538,2.160942138358175,0.001,5000.0,-inf,0.5223481324960773,0.0769137144354579,5.0,-0.3448343873023987,-39.760767496627295
7.711320638656616,27.490792579849668,-63.95170145396185,-6.283185307179586,0.0,24.259531063364538,-61.3383268738425,2.7829510801326105,0,27.490792579849668,0.0,27.490792579849668,27.490792579849668,-60.720439937476726,23.648244762619534,2.2170489198673895,0.001,5000.0,-inf,0.47511331924646955,5.57321250707458,5.0,-0.3448343873023987,0.0
7.7213873863220215,27.490792579849668,-63.95170145396185,-6.283185307179586,0.0,23.648244762619534,-60.720439937476726,2.703549867391968,0,27.490792579849668,0.0,27.490792579849668,27.490792579849668,-60.10915363673172,23.043141080577477,2.296450132608032,0.001,5000.0,-inf,0.4326019873218226,7.887474225017851,5.0,-0.3448343873023987,0.0
7.731458902359009,27.490792579849668,-63.95170145396185,-6.283185307179586,0.0,23.043141080577477,-60.10915363673172,2.62494821491353,0,27.490792579849668,0.0,27.490792579849668,27.490792579849668,-59.50404995468966,22.443845087193125,2.37505178508647,0.001,5000.0,-inf,0.39434178858964036,7.804351617946686,5.0,-0.3448343873023987,0.0
7.741536617279053,25.19162706484227,-57.24784277980171,-4.3109379981424745,49.107775466213084,22.443845087193125,-59.50404995468966,2.547097812660141,0,25.19162706484227,0.0,25.19162706484227,25.19162706484227,-54.50006080215256,21.89460901130397,2.452902187339859,0.001,5000.0,-inf,0.3599076097306763,7.72500540757999,5.0,-0.3448343873023987,0.0
7.751603841781616,25.19162706484227,-57.24784277980171,-4.3109379981424745,49.107775466213084,21.89460901130397,-54.50006080215256,2.5202446535610306,0,25.19162706484227,0.0,25.19162706484227,25.19162706484227,-53.950824726263406,21.351473946686223,2.4797553464389694,0.001,5000.0,-inf,0.4040789021478064,2.6673845499593822,5.0,-0.6896921992301941,-34.255500296033155
7.7616753578186035,25.19162706484227,-57.24784277980171,-4.3109379981424745,49.107775466213084,21.351473946686223,-53.950824726263406,2.4496981052734377,0,25.19162706484227,0.0,25.19162706484227,25.19162706484227,-53.40768966164566,20.813577543760516,2.5503018947265623,0.001,5000.0,-inf,0.36867101193302576,7.004560984514451,5.0,-0.6896921992301941,0.0
7.771729469299316,23.719523421908107,-48.79098371360752,0.2246551195453632,150.3264060236791,20.813577543760516,-53.40768966164566,2.3798239595100164,0,23.719523421908107,0.0,23.719523421908107,23.719523421908107,-45.885037835459926,20.35224425806607,2.6201760404899836,0.001,5000.0,-inf,0.3368039107397232,6.94980813545414,5.0,-0.6896921992301941,0.0
7.781799077987671,23.719523421908107,-48.79098371360752,0.2246551195453632,150.3264060236791,20.35224425806607,-45.885037835459926,2.3904638177746507,0,23.719523421908107,0.0,23.719523421908107,23.719523421908107,-45.423704549765475,19.894845328074503,2.6095361822253493,0.001,5000.0,-inf,0.4351876396745673,1.0566307583470764,5.0,-0.6896921992301941,0.0
7.7918701171875,23.719523421908107,-48.79098371360752,0.2246551195453632,150.3264060236791,19.894845328074503,-45.423704549765475,2.3310413004327755,0,23.719523421908107,0.0,23.719523421908107,23.719523421908107,-44.96630561977391,19.44198790150626,2.6689586995672245,0.001,5000.0,-inf,0.39666887570711057,5.900336217823833,5.0,-0.9866180419921875,-29.483138420018467
7.801941156387329,22.375732805768248,-44.50866959195372,5.02612507635162,159.03299018196134,19.44198790150626,-44.96630561977391,2.2722152500131374,0,22.375732805768248,0.0,22.375732805768248,22.375732805768248,-41.574924687691734,19.023285205246573,2.7277847499868626,0.001,5000.0,-inf,0.3620019881363995,5.841110262050842,5.0,-0.9866180419921875,0.0
7.8120386600494385,22.375732805768248,-44.50866959195372,5.02612507635162,159.03299018196134,19.023285205246573,-41.574924687691734,2.247510681857603,0,22.375732805768248,0.0,22.375732805768248,22.375732805768248,-41.15622199143205,18.607710102969502,2.752489318142397,0.001,5000.0,-inf,0.41307796145793635,2.4466015544255475,5.0,-0.9866180419921875,0.0
7.822105884552002,22.375732805768248,-44.50866959195372,5.02612507635162,159.03299018196134,18.607710102969502,-41.15622199143205,2.19351719450141,0,22.375732805768248,0.0,22.375732805768248,22.375732805768248,-40.740646889154974,18.197564864356714,2.80648280549859,0.001,5000.0,-inf,0.37677016531214275,5.363294256768014,5.0,-0.9866180419921875,0.0
7.832153558731079,22.375732805768248,-44.50866959195372,5.02612507635162,159.03299018196134,18.197564864356714,-40.740646889154974,2.140252612118391,0,22.375732805768248,0.0,22.375732805768248,22.375732805768248,-40.33050165054219,17.792337124293333,2.859747387881609,0.001,5000.0,-inf,0.3440931487809285,5.3011852727007245,5.0,-0.8182629942893982,16.755623709750136
7.842226505279541,20.535812725504535,-45.74582922239529,6.283185307179586,31.25421764703974,17.792337124293333,-40.33050165054219,2.0876221808956448,0,20.535812725504535,0.0,20.535812725504535,20.535812725504535,-43.002353621184085,17.359176714809088,2.9123778191043552,0.001,5000.0,-inf,0.31468383390283566,5.224929068126796,5.0,-0.8182629942893982,0.0
7.852298736572266,20.535812725504535,-45.74582922239529,6.283185307179586,31.25421764703974,17.359176714809088,-43.002353621184085,2.000261203861432,0,20.535812725504535,0.0,20.535812725504535,20.535812725504535,-42.56919321169984,16.930409954836165,2.999738796138568,0.001,5000.0,-inf,0.2882154505125521,8.67344826536258,5.0,-0.8182629942893982,0.0
7.862370252609253,20.535812725504535,-45.74582922239529,6.283185307179586,31.25421764703974,16.930409954836165,-42.56919321169984,1.9445654615600652,0,20.535812725504535,0.0,20.535812725504535,20.535812725504535,-42.14042645172692,16.505991974022113,3.055434538439935,0.001,5000.0,-inf,0.2643939054612969,5.530025678043494,5.0,-0.8182629942893982,0.0
7.872467517852783,20.535812725504535,-45.74582922239529,6.283185307179586,31.25421764703974,16.505991974022113,-42.14042645172692,1.8894346118458265,0,20.535812725504535,0.0,20.535812725504535,20.535812725504535,-41.71600847091287,16.08477437158995,3.1105653881541735,0.001,5000.0,-inf,0.2429545149151672,5.4599783589485495,5.0,-0.8182629942893982,0.0
7.8826682567596436,20.535812725504535,-45.74582922239529,6.283185307179586,31.25421764703974,16.08477437158995,-41.71600847091287,1.8347083273134648,0,20.535812725504535,0.0,20.535812725504535,20.535812725504535,-41.2947908684807,15.66353699172718,3.165291672686535,0.001,5000.0,-inf,0.2236590634236505,5.364933367283462,5.0,-0.31174612045288086,49.65491994858011
7.892813682556152,20.535812725504535,-45.74582922239529,6.283185307179586,31.25421764703974,15.66353699172718,-41.2947908684807,1.7799472701569985,0,20.535812725504535,0.0,20.535812725504535,20.535812725504535,-40.87355348861793,15.248857387768773,3.2200527298430015,0.001,5000.0,-inf,0.20629315708128546,5.397610534523892,5.0,-0.31174612045288086,0.0
7.902884244918823,20.535812725504535,-45.74582922239529,6.283185307179586,31.25421764703974,15.248857387768773,-40.87355348861793,1.726104499401449,0,20.535812725504535,0.0,20.535812725504535,20.535812725504535,-40.458873884659525,14.841413775189872,3.273895500598551,0.001,5000.0,-inf,0.19066384137315692,5.346550551648583,5.0,-0.31174612045288086,0.0
7.912956476211548,17.673409268948998,-40.627906937404745,6.283185307179586,0.0,14.841413775189872,-40.458873884659525,1.673209189679987,0,17.673409268948998,0.0,17.673409268948998,17.673409268948998,-37.79591144364562,14.460724613210138,3.326790810320013,0.001,5000.0,-inf,0.17659745723584125,5.2515980008987055,5.0,-0.31174612045288086,0.0
7.923034429550171,17.673409268948998,-40.627906937404745,6.283185307179586,0.0,14.460724613210138,-37.79591144364562,1.6465423314129632,0,17.673409268948998,0.0,17.673409268948998,17.673409268948998,-37.41522228166588,14.0836557489013,3.353457668587037,0.001,5000.0,-inf,0.2397869242818202,2.6460589140480435,5.0,0.12436990439891815,43.27426514076177
7.933104753494263,17.026067702469344,-32.158942089233136,6.283185307179586,0.0,14.0836557489013,-37.41522228166588,1.5975595820295232,0,17.026067702469344,0.0,17.026067702469344,17.026067702469344,-29.216530135665092,13.789435825912832,3.402440417970477,0.001,5000.0,-inf,0.22518823436772914,4.864068887493729,5.0,0.12436990439891815,0.0
7.943176746368408,17.026067702469344,-32.158942089233136,6.283185307179586,0.0,13.789435825912832,-29.216530135665092,1.6383557142711458,0,17.026067702469344,0.0,17.026067702469344,17.026067702469344,-28.922310212676624,13.498130523546928,3.361644285728854,0.001,5000.0,-inf,0.23826593021078074,4.05045284993648,5.0,0.12436990439891815,0.0
7.953250169754028,17.026067702469344,-32.158942089233136,6.283185307179586,0.0,13.498130523546928,-28.922310212676624,1.6005151711698038,0,17.026067702469344,0.0,17.026067702469344,17.026067702469344,-28.631004910310722,13.209718289129599,3.399484828830196,0.001,5000.0,-inf,0.25950854008899493,3.7564730134702407,5.0,0.12436990439891815,0.0
7.963322877883911,16.060277409013835,-31.97324333434593,6.283185307179586,0.0,13.209718289129599,-28.631004910310722,1.5630505113750368,0,16.060277409013835,0.0,16.060277409013835,16.060277409013835,-29.122684214461692,12.916373991078581,3.436949488624963,0.001,5000.0,-inf,0.279820730730754,3.7194227522209418,5.0,0.12436990439891815,0.0
7.973391056060791,16.060277409013835,-31.97324333434593,6.283185307179586,0.0,12.916373991078581,-29.122684214461692,1.5170655166063847,0,16.060277409013835,0.0,16.060277409013835,16.060277409013835,-28.829339916410675,12.626115060078323,3.482934483393615,0.001,5000.0,-inf,0.27077927830946963,4.5673600487375206,5.0,0.4998701214790344,37.295746110492786
7.983534336090088,16.060277409013835,-31.97324333434593,6.283185307179586,0.0,12.626115060078323,-28.829339916410675,1.4793627092468586,0,16.060277409013835,0.0,16.060277409013835,16.060277409013835,-28.53908098541042,12.336635169864524,3.5206372907531414,0.001,5000.0,-inf,0.29004171350505226,3.717023216418048,5.0,0.4998701214790344,0.0
7.993601083755493,16.060277409013835,-31.97324333434593,6.283185307179586,0.0,12.336635169864524,-28.53908098541042,1.4417381139269292,0,16.060277409013835,0.0,16.060277409013835,16.060277409013835,-28.249601095196617,12.052253563990822,3.558261886073071,0.001,5000.0,-inf,0.30671769465663046,3.7375125085560335,5.0,0.4998701214790344,0.0
8.003742694854736,16.060277409013835,-31.97324333434593,6.283185307179586,0.0,12.052253563990822,-28.249601095196617,1.404819488006749,0,16.060277409013835,0.0,16.060277409013835,16.060277409013835,-27.96521948932292,11.768641183625132,3.595180511993251,0.001,5000.0,-inf,0.32485810254313036,3.6403117373466682,5.0,0.4998701214790344,0.0
8.013819456100464,14.827484494827415,-24.52350875821688,6.283185307179586,0.0,11.768641183625132,-27.96521948932292,1.3679575708142895,0,14.827484494827415,0.0,14.827484494827415,14.827484494827415,-21.464665447014596,11.552346874696148,3.6320424291857103,0.001,5000.0,-inf,0.3406109185461078,3.658111598911675,5.0,0.8231793642044067,32.08463858984976
8.023887157440186,14.827484494827415,-24.52350875821688,6.283185307179586,0.0,11.552346874696148,-21.464665447014596,1.402681907987315,0,14.827484494827415,0.0,14.827484494827415,14.827484494827415,-21.248371138085616,11.33842462012234,3.597318092012685,0.001,5000.0,-inf,0.3615238200879571,3.449082963558137,5.0,0.8231793642044067,0.0
8.033955335617065,14.387380311184609,-21.861633381926833,6.283185307179586,0.0,11.33842462012234,-21.248371138085616,1.3748957354362716,0,14.387380311184609,0.0,14.387380311184609,14.387380311184609,-18.812677690864565,11.149015229146503,3.6251042645637286,0.001,5000.0,-inf,0.402555614156412,2.7598014320853252,5.0,0.8231793642044067,0.0
8.044021368026733,14.18891013549467,-19.758473612708332,6.283185307179586,0.0,11.149015229146503,-18.812677690864565,1.3727353551718648,0,14.18891013549467,0.0,14.18891013549467,14.18891013549467,-16.718578706360166,10.980725474044695,3.627264644828135,0.001,5000.0,-inf,0.5123000527407708,0.21462083336149843,5.0,0.8231793642044067,0.0
8.054092645645142,14.18891013549467,-19.758473612708332,6.283185307179586,0.0,10.980725474044695,-16.718578706360166,1.370115779302656,0,14.18891013549467,0.0,14.18891013549467,14.18891013549467,-16.55028895125836,10.814042919351696,3.629884220697344,0.001,5000.0,-inf,0.6110700474666938,0.2601036301909573,5.0,0.8231793642044067,0.0
8.064353227615356,13.847392590332593,-16.97089515720023,6.283185307179586,0.0,10.814042919351696,-16.55028895125836,1.3484631191966538,0,13.847392590332593,0.0,13.847392590332593,13.847392590332593,-13.937545486219332,10.671035591426744,3.651536880803346,0.001,5000.0,-inf,0.6480763708921979,2.110276022242889,5.0,1.1015516519546509,27.130263035598105
8.074423551559448,13.847392590332593,-16.97089515720023,6.283185307179586,0.0,10.671035591426744,-13.937545486219332,1.354569527937551,0,13.847392590332593,0.0,13.847392590332593,13.847392590332593,-13.79453815829438,10.532120123513584,3.645430472062449,0.001,5000.0,-inf,0.7298410435288225,0.6063765947151749,5.0,1.1015516519546509,0.0
8.084593534469604,13.847392590332593,-16.97089515720023,6.283185307179586,0.0,10.532120123513584,-13.79453815829438,1.336551435708958,0,13.847392590332593,0.0,13.847392590332593,13.847392590332593,-13.65562269038122,10.393242674124865,3.663448564291042,0.001,5000.0,-inf,0.7658801498511111,1.771693461805043,5.0,1.1015516519546509,0.0
8.094660758972168,13.431568091251535,-13.780008689418816,6.283185307179586,0.0,10.393242674124865,-13.65562269038122,1.318497747473669,0,13.431568091251535,0.0,13.431568091251535,13.431568091251535,-10.741683272292146,10.285103737087269,3.681502252526331,0.001,5000.0,-inf,0.7976187042595727,1.7933133636477423,5.0,1.1015516519546509,0.0
8.104733943939209,13.431568091251535,-13.780008689418816,6.283185307179586,0.0,10.285103737087269,-10.741683272292146,1.3324976904692962,0,13.431568091251535,0.0,13.431568091251535,13.431568091251535,-10.63354433525455,10.177990078143019,3.667502309530704,0.001,5000.0,-inf,0.8391847630832248,1.3898228853569536,5.0,1.1015516519546509,0.0
8.114830493927002,13.197137719028305,-11.64145540576802,6.283185307179586,0.0,10.177990078143019,-10.63354433525455,1.3185831675874773,0,13.197137719028305,0.0,13.197137719028305,13.197137719028305,-8.622307764882734,10.090934516784744,3.6814168324125225,0.001,5000.0,-inf,0.8769704619567859,1.3781462874587864,5.0,1.3412328958511353,23.73892509681685
8.124895095825195,13.197137719028305,-11.64145540576802,6.283185307179586,0.0,10.090934516784744,-8.622307764882734,1.3265077547010369,0,13.197137719028305,0.0,13.197137719028305,13.197137719028305,-8.53525220352446,10.005030601255593,3.673492245298963,0.001,5000.0,-inf,0.9300136468736453,0.7873721378867541,5.0,1.3412328958511353,0.0
8.13492202758789,12.998212128837638,-9.906255846115432,6.283185307179586,0.0,10.005030601255593,-8.53525220352446,1.3153517621405384,0,12.998212128837638,0.0,12.998212128837638,12.998212128837638,-6.913074318533386,9.935713676793217,3.6846482378594616,0.001,5000.0,-inf,0.9672728579690043,1.1126028205361669,5.0,1.3412328958511353,0.0
8.144987344741821,12.908488021722157,-8.955551410473008,6.283185307179586,0.0,9.935713676793217,-6.913074318533386,1.3218691715657167,0,12.908488021722157,0.0,12.908488021722157,12.908488021722157,-5.982777065544068,9.875495128167254,3.6781308284342833,0.001,5000.0,-inf,1.0157924212237437,0.6475115811560056,5.0,1.3412328958511353,0.0
8.155053615570068,12.908488021722157,-8.955551410473008,6.283185307179586,0.0,9.875495128167254,-5.982777065544068,1.3227415472879749,0,12.908488021722157,0.0,12.908488021722157,12.908488021722157,-5.922558516918105,9.815877050139814,3.6772584527120253,0.001,5000.0,-inf,1.0642131791013694,0.08666324770541596,5.0,1.5476007461547852,20.50092371094953
8.165136814117432,12.743371483119448,-8.198077089947445,6.283185307179586,0.0,9.815877050139814,-5.922558516918105,1.3149972018503933,0,12.743371483119448,0.0,12.743371483119448,12.743371483119448,-5.270582656967811,9.76273271874932,3.6850027981496067,0.001,5000.0,-inf,1.0991548709450951,0.7680445248801275,5.0,1.5476007461547852,0.0
8.17526388168335,12.743371483119448,-8.198077089947445,6.283185307179586,0.0,9.76273271874932,-5.270582656967811,1.3140767540552267,0,12.743371483119448,0.0,12.743371483119448,12.743371483119448,-5.217438325577316,9.709895368305189,3.6859232459447733,0.001,5000.0,-inf,1.1392393838505857,0.0908898641364106,5.0,1.5476007461547852,0.0
8.18538212776184,12.599170832864374,-7.168593049358893,6.283185307179586,0.0,9.709895368305189,-5.217438325577316,1.3072109683069535,0,12.599170832864374,0.0,12.599170832864374,12.599170832864374,-4.279317584799708,9.66659617993417,3.6927890316930467,0.001,5000.0,-inf,1.1695620088679888,0.6785549288891213,5.0,1.5476007461547852,0.0
8.195508241653442,12.538822510778806,-6.0003605328273135,6.283185307179586,0.0,9.66659617993417,-4.279317584799708,1.3105302893427868,0,12.538822510778806,0.0,12.538822510778806,12.538822510778806,-3.1281342019826788,9.634920336736679,3.689469710657213,0.001,5000.0,-inf,1.20260580798119,0.3277981140016917,5.0,1.7252858877182007,17.547219344509323
8.20557427406311,12.538822510778806,-6.0003605328273135,6.283185307179586,0.0,9.634920336736679,-3.1281342019826788,1.3176075051233083,0,12.538822510778806,0.0,12.538822510778806,12.538822510778806,-3.0964583587851866,9.603751286541959,3.6823924948766917,0.001,5000.0,-inf,1.2258015712207566,0.7030789781407921,5.0,1.7252858877182007,0.0
8.215639352798462,12.538822510778806,-6.0003605328273135,6.283185307179586,0.0,9.603751286541959,-3.0964583587851866,1.3135605965280226,0,12.538822510778806,0.0,12.538822510778806,12.538822510778806,-3.065289308590467,9.572898908304365,3.6864394034719776,0.001,5000.0,-inf,1.253221414098681,0.4020742114089697,5.0,1.7252858877182007,0.0
8.225667715072632,12.416621499038722,-4.049619508603973,6.283185307179586,0.0,9.572898908304365,-3.065289308590467,1.3095529540767066,0,12.416621499038722,0.0,12.416621499038722,12.416621499038722,-1.205896917869616,9.560805737146662,3.6904470459232934,0.001,5000.0,-inf,1.277899272688813,0.3996308012962907,5.0,1.7252858877182007,0.0
8.235718250274658,12.416621499038722,-4.049619508603973,6.283185307179586,0.0,9.560805737146662,-1.205896917869616,1.3264538340218368,0,12.416621499038722,0.0,12.416621499038722,12.416621499038722,-1.1938037467119127,9.548807370566022,3.673546165978163,0.001,5000.0,-inf,1.2620358884064233,1.6815900452468155,5.0,1.7252858877182007,0.0
8.245807647705078,12.347838465250538,-3.4215345922569327,6.283185307179586,0.0,9.548807370566022,-1.1938037467119127,1.324894994412124,0,12.347838465250538,0.0,12.347838465250538,12.347838465250538,-0.6225034975724171,9.542526685377187,3.6751050055878762,0.001,5000.0,-inf,1.2858322995657812,0.15450274612167153,5.0,1.8782745599746704,15.163311120563353
8.255882024765015,12.347838465250538,-3.4215345922569327,6.283185307179586,0.0,9.542526685377187,-0.6225034975724171,1.329728700977082,0,12.347838465250538,0.0,12.347838465250538,12.347838465250538,-0.6162228123835813,9.5363186244123,3.670271299022918,0.001,5000.0,-inf,1.307249069609203,0.47980203006104466,5.0,1.8782745599746704,0.0
8.265964031219482,12.29274177953657,-2.729779924362559,6.283185307179586,0.0,9.5363186244123,-0.6162228123835813,1.3289223792938862,0,12.29274177953657,0.0,12.29274177953657,12.29274177953657,0.02664323076171149,9.536587241636807,3.6710776207061135,0.001,5000.0,-inf,1.3265241626482829,0.07997631094933538,5.0,1.8782745599746704,0.0
8.276072978973389,12.26796737656134,-2.4667389316704385,6.283185307179586,0.0,9.536587241636807,0.02664323076171149,1.3353886461367703,0,12.26796737656134,0.0,12.26796737656134,12.26796737656134,0.264641203254095,9.539262485734033,3.6646113538632297,0.001,5000.0,-inf,1.3393716631119372,0.6396577567022672,5.0,1.8782745599746704,0.0
8.286139488220215,12.26796737656134,-2.4667389316704385,6.283185307179586,0.0,9.539262485734033,0.264641203254095,1.3381431600353058,0,12.26796737656134,0.0,12.26796737656134,12.26796737656134,0.26196595915686904,9.54189956848424,3.6618568399646945,0.001,5000.0,-inf,1.3554344968007435,0.27363148743978816,5.0,1.8782745599746704,0.0
8.296356201171875,12.242481903042568,-1.2660344836279775,6.283185307179586,0.0,9.54189956848424,0.26196595915686904,1.3384855991793623,0,12.242481903042568,0.0,12.242481903042568,12.242481903042568,1.4345478509303509,9.556555932092616,3.6615144008206375,0.001,5000.0,-inf,1.3698910471206691,0.03351754577785924,5.0,2.0099987983703613,12.893015495192756
8.306424856185913,12.242481903042568,-1.2660344836279775,6.283185307179586,0.0,9.556555932092616,1.4345478509303509,1.35226330900227,0,12.242481903042568,0.0,12.242481903042568,12.242481903042568,1.419891487321975,9.57085232963583,3.6477366909977302,0.001,5000.0,-inf,1.3549209253250283,1.3683763922488483,5.0,2.0099987983703613,0.0
8.31649112701416,12.220194082467062,-1.107028267149058,6.283185307179586,0.0,9.57085232963583,1.419891487321975,1.354118241022236,0,12.220194082467062,0.0,12.220194082467062,12.220194082467062,1.5423134856821736,9.586377674884764,3.645881758977764,0.001,5000.0,-inf,1.3694288327925257,0.18427201608374882,5.0,2.0099987983703613,0.0
8.326558589935303,12.220194082467062,-1.107028267149058,6.283185307179586,0.0,9.586377674884764,1.5423134856821736,1.3575160093406888,0,12.220194082467062,0.0,12.220194082467062,12.220194082467062,1.52678814043324,9.601748557877016,3.6424839906593114,0.001,5000.0,-inf,1.3824859495132733,0.3374999585364365,5.0,2.0099987983703613,0.0
8.33662748336792,12.22358977778102,0.16880092963697044,6.283185307179586,0.0,9.601748557877016,1.52678814043324,1.3595126795071146,0,12.22358977778102,0.0,12.22358977778102,12.22358977778102,2.790642149540975,9.629847236289313,3.6404873204928854,0.001,5000.0,-inf,1.394237354561946,0.1983008539903481,5.0,2.1234147548675537,11.263994127675696
8.34677767753601,12.22358977778102,0.16880092963697044,6.283185307179586,0.0,9.629847236289313,2.790642149540975,1.3760850345759137,0,12.22358977778102,0.0,12.22358977778102,12.22358977778102,2.762543471128678,9.657887588919062,3.6239149654240865,0.001,5000.0,-inf,1.3683150856199993,1.632713108178521,5.0,2.1234147548675537,0.0
8.356850385665894,12.271651992563505,2.381846041366288,6.283185307179586,0.0,9.657887588919062,2.762543471128678,1.3797296971599555,0,12.271651992563505,0.0,12.271651992563505,12.271651992563505,4.9956104450107315,9.708206914862249,3.6202703028400443,0.001,5000.0,-inf,1.3814835770579994,0.36183542072753755,5.0,2.1234147548675537,0.0
8.366921424865723,12.271651992563505,2.381846041366288,6.283185307179586,0.0,9.708206914862249,4.9956104450107315,1.4091050725308223,0,12.271651992563505,0.0,12.271651992563505,12.271651992563505,4.945291119067544,9.758011135576945,3.5908949274691775,0.001,5000.0,-inf,1.3154600144258035,2.916816704612295,5.0,2.1234147548675537,0.0
8.377103328704834,12.271651992563505,2.381846041366288,6.283185307179586,0.0,9.758011135576945,4.945291119067544,1.4155744701714479,0,12.271651992563505,0.0,12.271651992563505,12.271651992563505,4.895486898352848,9.807856512421603,3.584425529828552,0.001,5000.0,-inf,1.3295517065769331,0.6353819229538356,5.0,2.1234147548675537,0.0
8.387177228927612,12.271651992563505,2.381846041366288,6.283185307179586,0.0,9.807856512421603,4.895486898352848,1.422054780722553,0,12.271651992563505,0.0,12.271651992563505,12.271651992563505,4.84564152150819,9.856671021624628,3.577945219277447,0.001,5000.0,-inf,1.3419798254290833,0.6432772221083072,5.0,2.221067190170288,9.693607554493171
8.39724612236023,12.378339551016897,2.6536678774531355,6.283185307179586,0.0,9.856671021624628,4.84564152150819,1.42839035824253,0,12.378339551016897,0.0,12.378339551016897,12.378339551016897,5.175336406845404,9.908780932383099,3.57160964175747,0.001,5000.0,-inf,1.3536179964638695,0.6292228200025887,5.0,2.221067190170288,0.0
8.407311916351318,12.378339551016897,2.6536678774531355,6.283185307179586,0.0,9.908780932383099,5.175336406845404,1.438982694602088,0,12.378339551016897,0.0,12.378339551016897,12.378339551016897,5.123226496086933,9.960350274862398,3.561017305397912,0.001,5000.0,-inf,1.3504595390697869,1.0523100680319324,5.0,2.221067190170288,0.0
8.41737699508667,12.378339551016897,2.6536678774531355,6.283185307179586,0.0,9.960350274862398,5.123226496086933,1.4456813034416052,0,12.378339551016897,0.0,12.378339551016897,12.378339551016897,5.071657153607634,10.011396903432168,3.554318696558395,0.001,5000.0,-inf,1.360079850358452,0.6655297008248532,5.0,2.221067190170288,0.0
8.42744779586792,12.484328200440064,3.514079413700619,6.283185307179586,0.0,10.011396903432168,5.071657153607634,1.45231213801658,0,12.484328200440064,0.0,12.484328200440064,12.484328200440064,5.987010710708516,10.071690895574923,3.54768786198342,0.001,5000.0,-inf,1.368967163527218,0.6584217798568937,5.0,2.305147171020508,8.348887310606061
8.437516927719116,12.484328200440064,3.514079413700619,6.283185307179586,0.0,10.071690895574923,5.987010710708516,1.4699068324875744,0,12.484328200440064,0.0,12.484328200440064,12.484328200440064,5.9267167185657605,10.131367787658851,3.5300931675124256,0.001,5000.0,-inf,1.3418767880675941,1.747389420559032,5.0,2.305147171020508,0.0
8.447600841522217,12.484328200440064,3.514079413700619,6.283185307179586,0.0,10.131367787658851,5.9267167185657605,1.477658657457897,0,12.484328200440064,0.0,12.484328200440064,12.484328200440064,5.867039826481832,10.190530511548452,3.522341342542103,0.001,5000.0,-inf,1.349029974245417,0.7687317763405558,5.0,2.305147171020508,0.0
8.457670211791992,12.484328200440064,3.514079413700619,6.283185307179586,0.0,10.190530511548452,5.867039826481832,1.4853446698816017,0,12.484328200440064,0.0,12.484328200440064,12.484328200440064,5.807877102592231,10.249012176575803,3.5146553301183983,0.001,5000.0,-inf,1.3556426669985877,0.7633061668985839,5.0,2.305147171020508,0.0
8.46772050857544,12.621461345373632,3.4026354765908255,6.283185307179586,0.0,10.249012176575803,5.807877102592231,1.492940475746535,0,12.621461345373632,0.0,12.621461345373632,12.621461345373632,5.775084645388654,10.307053491211489,3.507059524253465,0.001,5000.0,-inf,1.3618366241458695,0.7557792599163301,5.0,2.305147171020508,0.0
8.477795124053955,12.621461345373632,3.4026354765908255,6.283185307179586,0.0,10.307053491211489,5.775084645388654,1.500738335223495,0,12.621461345373632,0.0,12.621461345373632,12.621461345373632,5.7170433307529684,10.364650504442837,3.4992616647765047,0.001,5000.0,-inf,1.3668237303092123,0.7740106303401093,5.0,2.305147171020508,0.0
8.487890720367432,12.68774120046663,3.2938135229382155,6.283185307179586,0.0,10.364650504442837,5.7170433307529684,1.5082215039295268,0,12.68774120046663,0.0,12.68774120046663,12.68774120046663,5.616904218962009,10.421356501968939,3.491778496070473,0.001,5000.0,-inf,1.3723683591713804,0.741230975731713,5.0,2.3775408267974854,7.170815227659173
8.497958183288574,12.68774120046663,3.2938135229382155,6.283185307179586,0.0,10.421356501968939,5.616904218962009,1.5151589524652718,0,12.68774120046663,0.0,12.68774120046663,12.68774120046663,5.560198221435908,10.477333591397448,3.4848410475347285,0.001,5000.0,-inf,1.3790384295796025,0.689096010592271,5.0,2.3775408267974854,0.0
8.50820016860962,12.74580926972221,2.879923556236924,6.283185307179586,0.0,10.477333591397448,5.560198221435908,1.5224286850100022,0,12.74580926972221,0.0,12.74580926972221,12.74580926972221,5.148399234561686,10.530063420784709,3.477571314989998,0.001,5000.0,-inf,1.3843744544913577,0.709797204043319,5.0,2.3775408267974854,0.0
8.518266439437866,12.74580926972221,2.879923556236924,6.283185307179586,0.0,10.530063420784709,5.148399234561686,1.5256928712554763,0,12.74580926972221,0.0,12.74580926972221,12.74580926972221,5.095669405174426,10.581357809068408,3.474307128744524,0.001,5000.0,-inf,1.395937009042222,0.32426966263558293,5.0,2.3775408267974854,0.0
8.528501510620117,12.779367538316604,1.6717371395142668,6.283185307179586,0.0,10.581357809068408,5.095669405174426,1.5323467873213215,0,12.779367538316604,0.0,12.779367538316604,12.779367538316604,3.869746868762464,10.620964943727484,3.4676532126786785,0.001,5000.0,-inf,1.401506449439826,0.650109407874369,5.0,2.4398720264434814,6.08996249621468
8.538571834564209,12.779367538316604,1.6717371395142668,6.283185307179586,0.0,10.620964943727484,3.869746868762464,1.5256325608094727,0,12.779367538316604,0.0,12.779367538316604,12.779367538316604,3.830139734103387,10.659535691601041,3.4743674391905275,0.001,5000.0,-inf,1.4059832672242174,0.6667339153263206,5.0,2.4398720264434814,0.0
8.548712730407715,12.779367538316604,1.6717371395142668,6.283185307179586,0.0,10.659535691601041,3.830139734103387,1.5306363941651797,0,12.779367538316604,0.0,12.779367538316604,12.779367538316604,3.79156898622983,10.697985597773865,3.46936360583482,0.001,5000.0,-inf,1.4153849405017955,0.49343109651514544,5.0,2.4398720264434814,0.0
8.558802604675293,12.815946196538885,0.9084138344268265,6.283185307179586,0.0,10.697985597773865,3.79156898622983,1.5356336735506395,0,12.815946196538885,0.0,12.815946196538885,12.815946196538885,3.0263744331918465,10.728521335291385,3.4643663264493605,0.001,5000.0,-inf,1.4238464464516158,0.4952766756982884,5.0,2.4398720264434814,0.0
8.568914890289307,12.823684126821073,0.7658509588536117,6.283185307179586,0.0,10.728521335291385,3.0263744331918465,1.5322567312727124,0,12.823684126821073,0.0,12.823684126821073,12.823684126821073,2.8610137503832997,10.757452723480881,3.4677432687272876,0.001,5000.0,-inf,1.4314618018064542,0.3339445113424482,5.0,2.4398720264434814,0.0
8.579000473022461,12.823684126821073,0.7658509588536117,6.283185307179586,0.0,10.757452723480881,2.8610137503832997,1.5346535187911565,0,12.823684126821073,0.0,12.823684126821073,12.823684126821073,2.832082362193803,10.786015924451894,3.4653464812088437,0.001,5000.0,-inf,1.4383156216258088,0.23764492165287848,5.0,2.493539810180664,5.3212377665358614
8.58906888961792,12.825514124105078,0.09085229070940261,6.283185307179586,0.0,10.786015924451894,2.832082362193803,1.5383630530452033,0,12.825514124105078,0.0,12.825514124105078,12.825514124105078,2.1303504903625874,10.807465180683202,3.4616369469547967,0.001,5000.0,-inf,1.4444840594632282,0.3684327340725851,5.0,2.493539810180664,0.0
8.599140167236328,12.825514124105078,0.09085229070940261,6.283185307179586,0.0,10.807465180683202,2.1303504903625874,1.5343486301992744,0,12.825514124105078,0.0,12.825514124105078,12.825514124105078,2.1089012341312787,10.828704510481941,3.4656513698007254,0.001,5000.0,-inf,1.4500356535169057,0.39860115052248873,5.0,2.493539810180664,0.0
8.609208822250366,12.825514124105078,0.09085229070940261,6.283185307179586,0.0,10.828704510481941,2.1089012341312787,1.5371076438087847,0,12.825514124105078,0.0,12.825514124105078,12.825514124105078,2.0876619043325397,10.849724457982616,3.4628923561912153,0.001,5000.0,-inf,1.4550320881652152,0.27402007573639636,5.0,2.493539810180664,0.0
8.619282960891724,12.828681697304738,0.10499178085857967,6.283185307179586,0.0,10.849724457982616,2.0876619043325397,1.5398380431608918,0,12.828681697304738,0.0,12.828681697304738,12.828681697304738,2.083949020180702,10.870718449333436,3.460161956839108,0.001,5000.0,-inf,1.4595288793486936,0.27103055152506395,5.0,2.539748430252075,4.586855682302267
8.629451513290405,12.828681697304738,0.10499178085857967,6.283185307179586,0.0,10.870718449333436,2.083949020180702,1.5427400731084882,0,12.828681697304738,0.0,12.828681697304738,12.828681697304738,2.0629550288298812,10.891695715640218,3.4572599268915116,0.001,5000.0,-inf,1.4635759914138244,0.2853926334659605,5.0,2.539748430252075,0.0
8.639520406723022,12.830466924415619,0.08870312047855974,6.283185307179586,0.0,10.891695715640218,2.0629550288298812,1.5454669504779293,0,12.830466924415619,0.0,12.830466924415619,12.830466924415619,2.027474329253961,10.912110138598843,3.4545330495220705,0.001,5000.0,-inf,1.467218392272442,0.2708219515570256,5.0,2.539748430252075,0.0
8.64958906173706,12.830466924415619,0.08870312047855974,6.283185307179586,0.0,10.912110138598843,2.027474329253961,1.5479701626963778,0,12.830466924415619,0.0,12.830466924415619,12.830466924415619,2.007059906295336,10.932318532387837,3.4520298373036225,0.001,5000.0,-inf,1.4704965530451979,0.24861435960994235,5.0,2.539748430252075,0.0
8.659656047821045,12.857239861345077,1.3328487074927302,6.283185307179586,0.0,10.932318532387837,2.007059906295336,1.5505951935972506,0,12.857239861345077,0.0,12.857239861345077,12.857239861345077,3.25777003644997,10.9651144580096,3.4494048064027494,0.001,5000.0,-inf,1.4734468977406783,0.2607563851756014,5.0,2.539748430252075,0.0
8.669726371765137,12.857239861345077,1.3328487074927302,6.283185307179586,0.0,10.9651144580096,3.25777003644997,1.567693724485844,0,12.857239861345077,0.0,12.857239861345077,12.857239861345077,3.2249741108282075,10.99759099201695,3.432306275514156,0.001,5000.0,-inf,1.4375027988378015,1.6979126971009686,5.0,2.5795347690582275,3.9508499455466644
8.679818868637085,12.857239861345077,1.3328487074927302,6.283185307179586,0.0,10.99759099201695,3.2249741108282075,1.571912479990655,0,12.857239861345077,0.0,12.857239861345077,12.857239861345077,3.192497576820858,11.029811263824715,3.428087520009345,0.001,5000.0,-inf,1.4437525189540215,0.41800909708844,5.0,2.5795347690582275,0.0
8.68988585472107,12.944845170875151,2.9013644453648344,6.283185307179586,0.0,11.029811263824715,3.192497576820858,1.5760985527036688,0,12.944845170875151,0.0,12.944845170875151,12.944845170875151,4.81639835241527,11.078297879013405,3.4239014472963314,0.001,5000.0,-inf,1.4493772670586194,0.41582184360754226,5.0,2.5795347690582275,0.0
8.699988603591919,12.944845170875151,2.9013644453648344,6.283185307179586,0.0,11.078297879013405,4.81639835241527,1.5991256865860297,0,12.944845170875151,0.0,12.944845170875151,12.944845170875151,4.76791173722658,11.126466893932982,3.4008743134139703,0.001,5000.0,-inf,1.3971067368834307,2.2792939007722137,5.0,2.5795347690582275,0.0
8.710061311721802,12.994245814094102,2.450781423571061,6.283185307179586,0.0,11.126466893932982,4.76791173722658,1.6053844825228833,0,12.994245814094102,0.0,12.994245814094102,12.994245814094102,4.318560343732181,11.169966491816682,3.3946155174771167,0.001,5000.0,-inf,1.4034855166824127,0.6213617883243927,5.0,2.613790988922119,3.400894716909676
8.720144748687744,12.994245814094102,2.450781423571061,6.283185307179586,0.0,11.169966491816682,4.318560343732181,1.6069809122916576,0,12.994245814094102,0.0,12.994245814094102,12.994245814094102,4.275060745848481,11.21307379737302,3.3930190877083426,0.001,5000.0,-inf,1.4131369650141714,0.1583219862598781,5.0,2.613790988922119,0.0
8.73026990890503,13.148307090898976,7.662514283739984,6.283185307179586,0.0,11.21307379737302,4.275060745848481,1.612580939090708,0,13.148307090898976,0.0,13.148307090898976,13.148307090898976,9.59774757726594,11.310252529317898,3.3874190609092922,0.001,5000.0,-inf,1.4201129028178636,0.5530803146690244,5.0,2.613790988922119,0.0
8.740419387817383,13.148307090898976,7.662514283739984,6.283185307179586,0.0,11.310252529317898,9.59774757726594,1.6794128298771653,0,13.148307090898976,0.0,13.148307090898976,13.148307090898976,9.500568845321062,11.406678352468846,3.3205871701228347,0.001,5000.0,-inf,1.2831016125360772,6.584760790537966,5.0,2.613790988922119,0.0
8.750489234924316,13.360450078606458,10.540688052045757,6.283185307179586,0.0,11.406678352468846,9.500568845321062,1.6919406577988494,0,13.360450078606458,0.0,13.360450078606458,13.360450078606458,12.49445977818337,11.532495652118882,3.3080593422011506,0.001,5000.0,-inf,1.2808151160830687,1.244093161360714,5.0,2.613790988922119,0.0
8.760738134384155,13.360450078606458,10.540688052045757,6.283185307179586,0.0,11.532495652118882,12.49445977818337,1.7394939890784775,0,13.360450078606458,0.0,13.360450078606458,13.360450078606458,12.368642478533333,11.659260625336064,3.2605060109215227,0.001,5000.0,-inf,1.169338516027231,4.639847572509582,5.0,2.6432857513427734,2.877846790890269
8.770820617675781,13.360450078606458,10.540688052045757,6.283185307179586,0.0,11.659260625336064,12.368642478533333,1.7559829123323825,0,13.360450078606458,0.0,13.360450078606458,13.360450078606458,12.241877505316152,11.782689150741543,3.2440170876676175,0.001,5000.0,-inf,1.1658194571857763,1.6354029832709809,5.0,2.6432857513427734,0.0
8.780895471572876,13.360450078606458,10.540688052045757,6.283185307179586,0.0,11.782689150741543,12.241877505316152,1.7719952561569778,0,13.360450078606458,0.0,13.360450078606458,13.360450078606458,12.118448979910672,11.90478075367354,3.228004743843022,0.001,5000.0,-inf,1.164136634167885,1.589337571358016,5.0,2.6432857513427734,0.0
8.790962934494019,13.889150179781367,13.1222495364124,6.283185307179586,0.0,11.90478075367354,12.118448979910672,1.7878537953134026,0,13.889150179781367,0.0,13.889150179781367,13.889150179781367,15.106618962520228,12.056866079942543,3.212146204686597,0.001,5000.0,-inf,1.1630767682449912,1.5752269743274054,5.0,2.6432857513427734,0.0
8.801034212112427,13.889150179781367,13.1222495364124,6.283185307179586,0.0,12.056866079942543,15.106618962520228,1.8390274408171585,0,13.889150179781367,0.0,13.889150179781367,13.889150179781367,14.954533636251226,12.207477339847053,3.1609725591828415,0.001,5000.0,-inf,1.051769091420492,5.081147342241974,5.0,2.6686809062957764,2.5215425405994036
8.811145782470703,13.889150179781367,13.1222495364124,6.283185307179586,0.0,12.207477339847053,14.954533636251226,1.8585921639410998,0,13.889150179781367,0.0,13.889150179781367,13.889150179781367,14.803922376346716,12.357168242533943,3.1414078360589004,0.001,5000.0,-inf,1.0503570075132078,1.9348847340935023,5.0,2.6686809062957764,0.0
8.821212530136108,13.889150179781367,13.1222495364124,6.283185307179586,0.0,12.357168242533943,14.803922376346716,1.8780427777182194,0,13.889150179781367,0.0,13.889150179781367,13.889150179781367,14.654231473659825,12.504688693009717,3.1219572222817806,0.001,5000.0,-inf,1.0491737797987786,1.9321646298895767,5.0,2.6686809062957764,0.0
8.831273078918457,13.889150179781367,13.1222495364124,6.283185307179586,0.0,12.504688693009717,14.654231473659825,1.8971987317579588,0,13.889150179781367,0.0,13.889150179781367,13.889150179781367,14.506711023184051,12.650634166929894,3.1028012682420414,0.001,5000.0,-inf,1.0490142586194589,1.9040665130861292,5.0,2.6686809062957764,0.0
8.84134578704834,15.021774125743882,22.538045104119732,6.283185307179586,0.0,12.650634166929894,14.506711023184051,1.916155893602026,0,15.021774125743882,0.0,15.021774125743882,15.021774125743882,24.90918506293372,12.901537117822063,3.083844106397974,0.001,5000.0,-inf,1.0495806815239155,1.882032279663374,5.0,2.6686809062957764,0.0
8.851418733596802,15.021774125743882,22.538045104119732,6.283185307179586,0.0,12.901537117822063,24.90918506293372,2.055307047124426,0,15.021774125743882,0.0,15.021774125743882,15.021774125743882,24.65828211204155,13.149918675513552,2.944692952875574,0.001,5000.0,-inf,0.949622613371524,13.814344477351346,5.0,2.690547227859497,2.170796941939454
8.861573934555054,15.021774125743882,22.538045104119732,6.283185307179586,0.0,13.149918675513552,24.65828211204155,2.087571435692313,0,15.021774125743882,0.0,15.021774125743882,15.021774125743882,24.40990055435006,13.397806121013923,2.912428564307687,0.001,5000.0,-inf,0.9183972902883923,3.177129502461426,5.0,2.690547227859497,0.0
8.871641397476196,15.021774125743882,22.538045104119732,6.283185307179586,0.0,13.397806121013923,24.40990055435006,2.1197918624854504,0,15.021774125743882,0.0,15.021774125743882,15.021774125743882,24.162013108849692,13.641056292087429,2.8802081375145496,0.001,5000.0,-inf,0.8895430129711174,3.200451498606627,5.0,2.690547227859497,0.0
8.881708860397339,16.81567685218751,44.568150151242875,6.283185307179586,0.0,13.641056292087429,24.162013108849692,2.151368011980737,0,16.81567685218751,0.0,16.81567685218751,16.81567685218751,47.742770711342956,14.121704865976486,2.848631988019263,0.001,5000.0,-inf,0.8656362565292638,3.1364555044919893,5.0,2.690547227859497,0.0
8.891778469085693,16.81567685218751,44.568150151242875,6.283185307179586,0.0,14.121704865976486,47.742770711342956,2.454466388350138,0,16.81567685218751,0.0,16.81567685218751,16.81567685218751,47.2621221374539,14.597615941681862,2.545533611649862,0.001,5000.0,-inf,0.7840726308763374,30.10031330412415,5.0,2.7093734741210938,1.8696105126080265
8.901848316192627,16.81567685218751,44.568150151242875,6.283185307179586,0.0,14.597615941681862,47.2621221374539,2.51628745321,0,16.81567685218751,0.0,16.81567685218751,16.81567685218751,46.786211061748524,15.068745933786396,2.48371254679,0.001,5000.0,-inf,0.7106653677887037,6.139225770100834,5.0,2.7093734741210938,0.0
8.911916255950928,18.530465956887497,56.77526070207494,6.283185307179586,0.0,15.068745933786396,46.786211061748524,2.577486541347581,0,18.530465956887497,0.0,18.530465956887497,18.530465956887497,60.23698072517604,15.675208226949394,2.422513458652419,0.001,5000.0,-inf,0.6445988310098334,6.0786108783700055,5.0,2.7093734741210938,0.0
8.921989679336548,18.530465956887497,56.77526070207494,6.283185307179586,0.0,15.675208226949394,60.23698072517604,2.796898959024676,0,18.530465956887497,0.0,18.530465956887497,18.530465956887497,59.63051843201304,16.275891685819087,2.203101040975324,0.001,5000.0,-inf,0.5851389479088501,21.781315971520428,5.0,2.7093734741210938,0.0
8.932153940200806,18.530465956887497,56.77526070207494,6.283185307179586,0.0,16.275891685819087,59.63051843201304,2.8749300203348027,0,18.530465956887497,0.0,18.530465956887497,18.530465956887497,59.02983497314335,16.875886327260204,2.1250699796651973,0.001,5000.0,-inf,0.5316250531179652,7.677003015981203,5.0,2.725583553314209,1.5948114092700318
8.942225933074951,18.530465956887497,56.77526070207494,6.283185307179586,0.0,16.875886327260204,59.02983497314335,2.9529224355478627,0,18.530465956887497,0.0,18.530465956887497,18.530465956887497,58.42984033170223,17.464391262718568,2.0470775644521373,0.001,5000.0,-inf,0.48346254780616865,7.743493883247684,5.0,2.725583553314209,0.0
8.952291488647461,20.33848238659665,44.95527541064112,6.283185307179586,0.0,17.464391262718568,58.42984033170223,3.0293131800976223,0,20.33848238659665,0.0,20.33848238659665,20.33848238659665,47.8293665345192,17.94582040956971,1.9706868199023777,0.001,5000.0,-inf,0.4401162930255518,7.589322218675323,5.0,2.725583553314209,0.0
8.962357521057129,20.33848238659665,44.95527541064112,6.283185307179586,0.0,17.94582040956971,47.8293665345192,2.9907085226849515,0,20.33848238659665,0.0,20.33848238659665,20.33848238659665,47.34793738766806,18.422426281844906,2.0092914773150485,0.001,5000.0,-inf,0.43863899707914034,3.8351413786024375,5.0,2.725583553314209,0.0
8.972422361373901,21.531745024146016,59.282979410166114,6.283185307179586,0.0,18.422426281844906,47.34793738766806,3.0526190533349675,0,21.531745024146016,0.0,21.531745024146016,21.531745024146016,62.39229815246722,19.05039479974594,1.9473809466650325,0.001,5000.0,-inf,0.3997750973712263,6.151168692348335,5.0,2.725583553314209,0.0
8.982491254806519,22.070480540039455,53.578520634843954,6.283185307179586,0.0,19.05039479974594,62.39229815246722,3.290978253489104,0,22.070480540039455,0.0,22.070480540039455,22.070480540039455,56.598606375137464,19.62028013577185,1.7090217465108961,0.001,5000.0,-inf,0.3647975876341037,23.672829765185043,5.0,2.7395408153533936,1.3861763591589316
8.992558717727661,22.868444302951552,79.26165401973333,6.283185307179586,0.0,19.62028013577185,56.598606375137464,3.3128252827594338,0,22.868444302951552,0.0,22.868444302951552,22.868444302951552,82.50981818691304,20.450944670998812,1.6871747172405662,0.001,5000.0,-inf,0.42450468621916243,2.170063047806132,5.0,2.7395408153533936,0.0
9.002624273300171,22.868444302951552,79.26165401973333,6.283185307179586,0.0,20.450944670998812,82.50981818691304,3.6882304358089644,0,22.868444302951552,0.0,22.868444302951552,22.868444302951552,81.67915365168606,21.27309073119542,1.3117695641910356,0.001,5000.0,-inf,0.3870542175972462,37.29601911640197,5.0,2.7395408153533936,0.0
9.012813329696655,22.868444302951552,79.26165401973333,6.283185307179586,0.0,21.27309073119542,81.67915365168606,3.7950242388842197,0,22.868444302951552,0.0,22.868444302951552,22.868444302951552,80.85700759148946,22.09694734159607,1.2049757611157803,0.001,5000.0,-inf,0.35334879583752155,10.481226025218918,5.0,2.7395408153533936,0.0
9.022907495498657,25.485612964391365,86.72076366399105,6.283185307179586,0.0,22.09694734159607,80.85700759148946,3.9021427037383445,0,25.485612964391365,0.0,25.485612964391365,25.485612964391365,90.10942928678634,23.006526861140664,1.0978572962616555,0.001,5000.0,-inf,0.3230139162537694,10.611918503744038,5.0,2.7515573501586914,1.1904435731494165
9.033275127410889,25.485612964391365,86.72076366399105,6.283185307179586,0.0,23.006526861140664,90.10942928678634,4.122008053427557,0,25.485612964391365,0.0,25.485612964391365,25.485612964391365,89.19984976724174,23.931318070153768,0.8779919465724433,0.001,5000.0,-inf,0.2957125246283925,21.20690159049929,5.0,2.7515573501586914,0.0
9.043342351913452,25.485612964391365,86.72076366399105,6.283185307179586,0.0,23.931318070153768,89.19984976724174,4.242383027493945,0,25.485612964391365,0.0,25.485612964391365,25.485612964391365,88.27505855822865,24.820002902636393,0.7576169725060549,0.001,5000.0,-inf,0.2711412721655532,11.95711628718885,5.0,2.7515573501586914,0.0
9.05351448059082,28.034210758631048,84.50004681884117,6.161365471980204,-4.038998150699651,24.820002902636393,88.27505855822865,4.357550991951382,0,28.034210758631048,0.0,28.034210758631048,28.034210758631048,87.71425467483583,25.712243588028265,0.6424490080486178,0.001,5000.0,-inf,0.2490271449489979,11.321913840283278,5.0,2.7515573501586914,0.0
9.063582181930542,28.034210758631048,84.50004681884117,6.161365471980204,-4.038998150699651,25.712243588028265,87.71425467483583,4.476856649072316,0,28.034210758631048,0.0,28.034210758631048,28.034210758631048,86.82201398944395,26.58634169458712,0.5231433509276844,0.001,5000.0,-inf,0.22912443045409814,11.850337340681545,5.0,2.7619035243988037,1.0276600279442063
9.073925256729126,28.034210758631048,84.50004681884117,6.161365471980204,-4.038998150699651,26.58634169458712,86.82201398944395,4.590307977136637,0,28.034210758631048,0.0,28.034210758631048,28.034210758631048,85.9479158828851,27.475307417346205,0.40969202286336337,0.001,5000.0,-inf,0.21121198740868832,10.968820227409845,5.0,2.7619035243988037,0.0
9.083993911743164,28.034210758631048,84.50004681884117,6.161365471980204,-4.038998150699651,27.475307417346205,85.9479158828851,4.70602219725732,0,28.034210758631048,0.0,28.034210758631048,28.034210758631048,85.05895016012602,28.331736642364774,0.29397780274268026,0.001,5000.0,-inf,0.1950907886678195,11.492520099193996,5.0,2.7619035243988037,0.0
9.094062805175781,28.034210758631048,84.50004681884117,6.161365471980204,-4.038998150699651,28.331736642364774,85.05895016012602,4.817032631532329,0,28.034210758631048,0.0,28.034210758631048,28.034210758631048,84.20252093510744,29.179562852418087,0.18296736846767114,0.001,5000.0,-inf,0.18058170980103758,11.025087813066108,5.0,2.7619035243988037,0.0
9.104135751724243,28.034210758631048,84.50004681884117,6.161365471980204,-4.038998150699651,29.179562852418087,84.20252093510744,4.927164008689608,0,28.034210758631048,0.0,28.034210758631048,28.034210758631048,83.35469472505413,30.01919023694692,0.07283599131039242,0.001,5000.0,-inf,0.16752353882093382,10.933382464349044,5.0,2.7619035243988037,0.0
9.114264488220215,32.61498372438707,75.89602400686688,-1.980341983537043,-134.8949684082062,30.01919023694692,83.35469472505413,5.036233580423111,1,-inf,0.001322523821660724,-inf,-inf,-100.0,29.00631658734975,-0.036233580423110645,0.001,0.0,-inf,0.15577118493884046,10.768329472968455,5.0,2.7708120346069336,0.8795282819009957
9.12432861328125,32.61498372438707,75.89602400686688,-1.980341983537043,-134.8949684082062,29.00631658734975,-100.0,3.060884322228966,1,-inf,0.001335313888658765,-inf,-inf,-100.0,27.999904081246235,1.939115677771034,0.001,5000.0,-inf,0.14519406644495642,196.27630282954453,5.0,2.7708120346069336,0.0
9.134398698806763,32.61498372438707,75.89602400686688,-1.980341983537043,-134.8949684082062,27.999904081246235,-100.0,2.9199865713744733,1,-inf,0.001408245979264085,-inf,-inf,-100.0,26.992895528694966,2.0800134286255267,0.001,5000.0,-inf,0.13567465980046078,13.991713426616517,5.0,2.7708120346069336,0.0
9.14447546005249,32.61498372438707,75.89602400686688,-1.980341983537043,-134.8949684082062,26.992895528694966,-100.0,2.7790053740172955,1,-inf,0.0015402740304013198,-inf,-inf,-100.0,25.985219404122212,2.2209946259827045,0.001,5000.0,-inf,0.12710719382041472,13.990725186324381,5.0,2.7708120346069336,0.0
9.15455937385559,34.9026310607043,56.82644477198381,-6.204646363334101,-104.93409352380127,25.985219404122212,-100.0,2.63793071657711,1,-inf,0.0016738395209704529,-inf,-inf,-100.0,24.976828023812153,2.36206928342289,0.001,5000.0,-inf,0.11939647443837326,13.990069748197186,5.0,2.7708120346069336,0.0
9.16463041305542,34.9026310607043,56.82644477198381,-6.204646363334101,-104.93409352380127,24.976828023812153,-100.0,2.4967559233337018,0,34.9026310607043,0.0,34.9026310607043,34.9026310607043,66.75224780887595,25.649092528172048,2.5032440766662982,0.001,5000.0,-inf,0.11245682699453594,14.017897303567624,5.0,2.778482437133789,0.7616296962666603
9.174703121185303,34.9026310607043,56.82644477198381,-6.204646363334101,-104.93409352380127,25.649092528172048,66.75224780887595,4.258395432032846,0,34.9026310607043,0.0,34.9026310607043,34.9026310607043,66.07998330451606,26.314696913225966,0.7416045679671539,0.001,5000.0,-inf,0.10621114429508235,174.892341362783,5.0,2.778482437133789,0.0
9.184773921966553,36.312204711936,46.65988259348829,-6.283185307179586,-2.599805902759845,26.314696913225966,66.07998330451606,4.344857400896796,0,36.312204711936,0.0,36.312204711936,36.312204711936,56.65739039219832,26.885282204651304,0.655142599103204,0.001,5000.0,-inf,0.10059002986557412,8.585411502223966,5.0,2.778482437133789,0.0
9.194843292236328,36.72178339458665,40.738398040180236,-6.283185307179586,0.0,26.885282204651304,56.65739039219832,4.330513412573167,0,36.72178339458665,0.0,36.72178339458665,36.72178339458665,50.574899230115584,27.394539591355915,0.6694865874268334,0.001,5000.0,-inf,0.21074103723268628,1.4245169200585306,5.0,2.778482437133789,0.0
9.204965591430664,36.72178339458665,40.738398040180236,-6.283185307179586,0.0,27.394539591355915,50.574899230115584,4.340984535090985,0,36.72178339458665,0.0,36.72178339458665,36.72178339458665,50.06564184341097,27.901318997451387,0.6590154649090154,0.001,5000.0,-inf,0.3224454163107427,1.0344608785795684,5.0,2.778482437133789,0.0
9.215073585510254,36.72178339458665,40.738398040180236,-6.283185307179586,0.0,27.901318997451387,50.06564184341097,4.406841078077304,0,36.72178339458665,0.0,36.72178339458665,36.72178339458665,49.5588624373155,28.40225968555898,0.5931589219226963,0.001,5000.0,-inf,0.29520087467966843,6.515292991642853,5.0,2.117051839828491,-65.43638550806679
9.225253105163574,37.928782083118335,39.91264133793122,-6.283185307179586,0.0,28.40225968555898,49.5588624373155,4.471904980351413,0,37.928782083118335,0.0,37.928782083118335,37.928782083118335,49.439163735490574,28.905526624448125,0.5280950196485872,0.001,5000.0,-inf,0.2706807872117016,6.391647591434907,5.0,2.117051839828491,0.0
9.23546290397644,37.928782083118335,39.91264133793122,-6.283185307179586,0.0,28.905526624448125,49.439163735490574,4.541165364777644,0,37.928782083118335,0.0,37.928782083118335,37.928782083118335,48.935896796601426,29.40515228546861,0.458834635222356,0.001,5000.0,-inf,0.24861270849053144,6.783716868049392,5.0,2.117051839828491,0.0
9.245567560195923,37.928782083118335,39.91264133793122,-6.283185307179586,0.0,29.40515228546861,48.935896796601426,4.60608028793162,0,37.928782083118335,0.0,37.928782083118335,37.928782083118335,48.436271135580945,29.89458415384729,0.3939197120683797,0.001,5000.0,-inf,0.2287514376414783,6.424258455108664,5.0,2.117051839828491,0.0
9.255713701248169,38.97807554365015,34.74837755068832,-6.283185307179586,0.0,29.89458415384729,48.436271135580945,4.669604492894431,0,38.97807554365015,0.0,38.97807554365015,38.97807554365015,43.83186894049118,30.339308478701078,0.3303955071055693,0.001,5000.0,-inf,0.21087629387733048,6.260922712950832,5.0,1.4300159215927124,-67.71401212519973
9.265787124633789,38.97807554365015,34.74837755068832,-6.283185307179586,0.0,30.339308478701078,43.83186894049118,4.685821876423063,0,38.97807554365015,0.0,38.97807554365015,38.97807554365015,43.38714461563739,30.77636555590752,0.3141781235769372,0.001,5000.0,-inf,0.30402464676729246,1.6099177913818794,5.0,1.4300159215927124,0.0
9.275861263275146,38.97807554365015,34.74837755068832,-6.283185307179586,0.0,30.77636555590752,43.38714461563739,4.742562623983427,0,38.97807554365015,0.0,38.97807554365015,38.97807554365015,42.95008753843095,31.20905069242811,0.2574373760165729,0.001,5000.0,-inf,0.2786221820905632,5.632317519179869,5.0,1.4300159215927124,0.0
9.285928010940552,39.90045675214546,30.608145766612218,-6.283185307179586,0.0,31.20905069242811,42.95008753843095,4.798767972324246,0,39.90045675214546,0.0,39.90045675214546,39.90045675214546,39.29955182632956,31.604669364027288,0.2012320276757542,0.001,5000.0,-inf,0.2557599638815069,5.5832678248179715,5.0,1.4300159215927124,0.0
9.296006202697754,39.90045675214546,30.608145766612218,-6.283185307179586,0.0,31.604669364027288,39.29955182632956,4.817649229227116,0,39.90045675214546,0.0,39.90045675214546,39.90045675214546,38.90393315473039,31.996750662470035,0.1823507707728842,0.001,5000.0,-inf,0.33592749775104996,1.873476647175021,5.0,1.4300159215927124,0.0
9.306077480316162,39.90045675214546,30.608145766612218,-6.283185307179586,0.0,31.996750662470035,38.90393315473039,4.868584424293109,0,39.90045675214546,0.0,39.90045675214546,39.90045675214546,38.51185185628764,32.38461421411371,0.13141557570689066,0.001,5000.0,-inf,0.30733474797594496,5.0574710573854675,5.0,0.8384712934494019,-58.73580796363809
9.316150665283203,39.90045675214546,30.608145766612218,-6.283185307179586,0.0,32.38461421411371,38.51185185628764,4.918964508538797,0,39.90045675214546,0.0,39.90045675214546,39.90045675214546,38.123988304643966,32.7686441999877,0.08103549146120326,0.001,5000.0,-inf,0.2816012731783505,5.001405653775708,5.0,0.8384712934494019,0.0
9.326660871505737,40.86622616930581,24.003333369717037,-6.283185307179586,0.0,32.7686441999877,38.123988304643966,4.968850071044717,0,40.86622616930581,0.0,40.86622616930581,40.86622616930581,32.100915339035154,33.106031440133066,0.03114992895528257,0.001,5000.0,-inf,0.26661294762677556,4.746392358978136,5.0,0.8384712934494019,0.0
9.336738109588623,40.86622616930581,24.003333369717037,-6.283185307179586,0.0,33.106031440133066,32.100915339035154,4.95585355500898,0,40.86622616930581,0.0,40.86622616930581,40.86622616930581,31.763528098889783,33.42612007513801,0.04414644499101961,0.001,5000.0,-inf,0.3645060770761067,1.289690283075591,5.0,0.8384712934494019,0.0
9.346811056137085,40.86622616930581,24.003333369717037,-6.283185307179586,0.0,33.42612007513801,31.763528098889783,4.9972920915082195,0,40.86622616930581,0.0,40.86622616930581,40.86622616930581,31.44343946388484,33.74284816015752,0.0027079084917804863,0.001,5000.0,-inf,0.3616093664391898,4.113844573668126,5.0,0.8384712934494019,0.0
9.356878995895386,41.3339443762467,15.508046278982363,-6.283185307179586,0.0,33.74284816015752,31.44343946388484,5.038433137060902,1,-inf,0.0017447604490964546,-inf,-inf,-100.0,32.73605418432744,-0.03843313706090168,0.001,0.0,-inf,0.3598885194185826,4.086342046173084,5.0,0.3291454613208771,-50.588883560670645
9.367399454116821,41.3339443762467,15.508046278982363,-6.283185307179586,0.0,32.73605418432744,-100.0,3.5830475858058426,1,-inf,0.0017295826341495574,-inf,-inf,-100.0,31.68400836218389,1.4169524141941574,0.001,5000.0,-inf,0.32889966747672433,138.33860851133798,5.0,0.3291454613208771,0.0
9.377493619918823,41.53145347151545,9.790845023957853,-6.283185307179586,0.0,31.68400836218389,-100.0,3.435761170705745,1,-inf,0.0017365624575071755,-inf,-inf,-100.0,30.674591781983693,1.564238829294255,0.001,5000.0,-inf,0.3010097007290519,14.591241910340592,5.0,0.3291454613208771,0.0
9.387563943862915,41.53145347151545,9.790845023957853,-6.283185307179586,0.0,30.674591781983693,-100.0,3.2944428494777176,1,-inf,0.0017956064104738614,-inf,-inf,-100.0,29.667559387574514,1.7055571505222824,0.001,5000.0,-inf,0.27590873065614674,14.03314550878356,5.0,0.3291454613208771,0.0
9.397632122039795,41.53145347151545,9.790845023957853,-6.283185307179586,0.0,29.667559387574514,-100.0,3.1534583142604324,1,-inf,0.001861832090750021,-inf,-inf,-100.0,28.660741569886525,1.8465416857395676,0.001,5000.0,-inf,0.25331785759053205,14.002983731558881,5.0,0.3291454613208771,0.0
9.407711505889893,41.53145347151545,9.790845023957853,-6.283185307179586,0.0,28.660741569886525,-100.0,3.012503819784114,0,41.53145347151545,0.0,41.53145347151545,41.53145347151545,22.661556925586776,28.889156100780355,1.987496180215886,0.001,5000.0,-inf,0.23298607183147885,13.984435613586905,5.0,-0.10938892513513565,-43.50805495434762
9.417799711227417,41.420467998112635,-2.7588858829805223,-6.283185307179586,0.0,28.889156100780355,22.661556925586776,4.271097423365118,0,41.420467998112635,0.0,41.420467998112635,41.420467998112635,9.772426014351758,28.9877423410589,0.7289025766348818,0.001,5000.0,-inf,0.21468746464833097,124.75892009250632,5.0,-0.10938892513513565,0.0
9.4280264377594,41.420467998112635,-2.7588858829805223,-6.283185307179586,0.0,28.9877423410589,9.772426014351758,4.156008187891764,0,41.420467998112635,0.0,41.420467998112635,41.420467998112635,9.673839774073212,29.086674054942563,0.8439918121082357,0.001,5000.0,-inf,0.19821871818349787,11.253770706924751,5.0,-0.10938892513513565,0.0
9.438100337982178,41.375018575681544,-2.2505542224056216,-6.283185307179586,0.0,29.086674054942563,9.673839774073212,4.168872765432691,0,41.375018575681544,0.0,41.375018575681544,41.375018575681544,10.03779029833336,29.187793752865144,0.8311272345673091,0.001,5000.0,-inf,0.3033595177308015,1.2770205438245499,5.0,-0.10938892513513565,0.0
9.448332071304321,41.264326589852296,-11.022169862104287,-5.51118721011896,76.87181773167876,29.187793752865144,10.03779029833336,4.186669028384454,0,41.264326589852296,0.0,41.264326589852296,41.264326589852296,1.0543629748828653,29.19858171364889,0.8133309716155459,0.001,5000.0,-inf,0.3830899071845566,1.7393204446844248,5.0,-0.48697128891944885,-36.903069293953166
9.458404302597046,41.16080053898988,-10.308376165904956,-4.218044811621031,128.76177704791823,29.19858171364889,1.0543629748828653,4.098345069659673,0,41.16080053898988,0.0,41.16080053898988,41.16080053898988,1.6538426594360374,29.215239599436504,0.9016549303403272,0.001,5000.0,-inf,0.34978091646610093,8.769055848487076,5.0,-0.48697128891944885,0.0
9.46847915649414,41.16080053898988,-10.308376165904956,-4.218044811621031,128.76177704791823,29.215239599436504,1.6538426594360374,4.106671970515471,0,41.16080053898988,0.0,41.16080053898988,41.16080053898988,1.6371847736484213,29.231733996833558,0.8933280294845289,0.001,5000.0,-inf,0.4542821601710234,0.8265033856420939,5.0,-0.48697128891944885,0.0
9.478568315505981,40.49024130206667,-33.33328540893113,-1.6500203038937475,127.65567773843954,29.231733996833558,1.6371847736484213,4.108814607293183,0,40.49024130206667,0.0,40.49024130206667,40.49024130206667,-22.07477810369802,29.009018050394246,0.8911853927068174,0.001,5000.0,-inf,0.5588539441539211,0.21237020600001447,5.0,-0.48697128891944885,0.0
9.48863434791565,40.49024130206667,-33.33328540893113,-1.6500203038937475,127.65567773843954,29.009018050394246,-22.07477810369802,3.840514746018215,0,40.49024130206667,0.0,40.49024130206667,40.49024130206667,-21.852062157258707,28.789054484501197,1.159485253981785,0.001,5000.0,-inf,0.507968549738529,26.65398345203794,5.0,-0.48697128891944885,0.0
9.498715162277222,40.49024130206667,-33.33328540893113,-1.6500203038937475,127.65567773843954,28.789054484501197,-21.852062157258707,3.811947006257581,0,40.49024130206667,0.0,40.49024130206667,40.49024130206667,-21.632098591365658,28.57098531435041,1.188052993742419,0.001,5000.0,-inf,0.5319691454970449,2.833872218650624,5.0,-0.812073290348053,-32.24957724327137
9.508783102035522,39.63876970327735,-28.21468934078429,1.6108399049040445,108.05311405074708,28.57098531435041,-21.632098591365658,3.783616958095401,0,39.63876970327735,0.0,39.63876970327735,39.63876970327735,-17.14690495185735,28.3983513082538,1.216383041904599,0.001,5000.0,-inf,0.554213639084177,2.813887333684384,5.0,-0.812073290348053,0.0
9.518985986709595,39.22830472727651,-40.6962672726039,2.7508078622134535,113.02411505329717,28.3983513082538,-17.14690495185735,3.8043001336369593,0,39.22830472727651,0.0,39.22830472727651,39.22830472727651,-29.86631385358119,28.093628752366065,1.1956998663630407,0.001,5000.0,-inf,0.5995828519624031,2.027188996276573,5.0,-0.812073290348053,0.0
9.529056072235107,38.846225029212874,-38.05557706791805,3.8119425226530192,105.69023178790131,28.093628752366065,-29.86631385358119,3.6344448867954373,0,38.846225029212874,0.0,38.846225029212874,38.846225029212874,-27.302980791071242,27.81868540069855,1.3655551132045627,0.001,5000.0,-inf,0.5446245667661629,16.86730926079937,5.0,-0.812073290348053,0.0
9.539124727249146,38.846225029212874,-38.05557706791805,3.8119425226530192,105.69023178790131,27.81868540069855,-27.302980791071242,3.621586148187085,0,38.846225029212874,0.0,38.846225029212874,38.846225029212874,-27.028037439403725,27.546549416014688,1.378413851812915,0.001,5000.0,-inf,0.6151220314580246,1.2771058885644777,5.0,-0.812073290348053,0.0
9.549395322799683,37.524826098096625,-65.61322152689243,6.283185307179586,122.7079850374206,27.546549416014688,-27.028037439403725,3.5862365438480195,0,37.524826098096625,0.0,37.524826098096625,37.524826098096625,-55.63494484481049,26.975145399037196,1.4137634561519805,0.001,5000.0,-inf,0.6088176523767088,3.4418261497228264,5.0,-0.9285401105880737,-11.339831236361949
9.559483766555786,37.524826098096625,-65.61322152689243,6.283185307179586,122.7079850374206,26.975145399037196,-55.63494484481049,3.2201709074171028,0,37.524826098096625,0.0,37.524826098096625,37.524826098096625,-55.063540827833,26.41963996438369,1.7798290925828972,0.001,5000.0,-inf,0.552935887139038,36.285639815303206,5.0,-0.9285401105880737,0.0
9.569549322128296,37.524826098096625,-65.61322152689243,6.283185307179586,122.7079850374206,26.41963996438369,-55.063540827833,3.1481141867353872,0,37.524826098096625,0.0,37.524826098096625,37.524826098096625,-54.5080353931795,25.870986304985315,1.8518858132646128,0.001,5000.0,-inf,0.5026422984251342,7.158742521725382,5.0,-0.9285401105880737,0.0
9.579622745513916,35.52866497312665,-66.26911763486173,6.283185307179586,0.0,25.870986304985315,-54.5080353931795,3.0768577287661496,0,35.52866497312665,0.0,35.52866497312665,35.52866497312665,-56.61143896672039,25.30071531180435,1.9231422712338504,0.001,5000.0,-inf,0.4573780685826208,7.073708236164949,5.0,-0.9285401105880737,0.0
9.58969783782959,35.52866497312665,-66.26911763486173,6.283185307179586,0.0,25.30071531180435,-56.61143896672039,2.9759857539854053,0,35.52866497312665,0.0,35.52866497312665,35.52866497312665,-56.04116797353943,24.736095370992757,2.0240142460145947,0.001,5000.0,-inf,0.41664026172435875,10.01201493943809,5.0,-0.40669581294059753,51.79548547020683
9.599763870239258,34.40324534558023,-56.002658094823225,6.283185307179586,0.0,24.736095370992757,-56.04116797353943,2.902641672203592,0,34.40324534558023,0.0,34.40324534558023,34.40324534558023,-46.33550812023575,24.26968064453603,2.097358327796408,0.001,5000.0,-inf,0.3799762355519229,7.286295016432664,5.0,-0.40669581294059753,0.0
9.609832763671875,34.40324534558023,-56.002658094823225,6.283185307179586,0.0,24.26968064453603,-46.33550812023575,2.934400209032687,0,34.40324534558023,0.0,34.40324534558023,34.40324534558023,-45.869093393779025,23.807829631303306,2.065599790967313,0.001,5000.0,-inf,0.40645684378420666,3.154123841078331,5.0,-0.40669581294059753,0.0
9.619936466217041,32.94267519847027,-72.33699237558936,6.283185307179586,0.0,23.807829631303306,-45.869093393779025,2.874405214444673,0,32.94267519847027,0.0,32.94267519847027,32.94267519847027,-63.2021468084224,23.169253939735093,2.125594785555327,0.001,5000.0,-inf,0.370811159405786,5.937921699478143,5.0,-0.40669581294059753,0.0
9.630062580108643,32.94267519847027,-72.33699237558936,6.283185307179586,0.0,23.169253939735093,-63.2021468084224,2.6116740834786896,0,32.94267519847027,0.0,32.94267519847027,32.94267519847027,-62.563571116854185,22.535728093140513,2.3883259165213104,0.001,5000.0,-inf,0.3387300434652074,25.94589926387145,5.0,0.042617253959178925,44.371717690478434
9.640261888504028,31.673490164263594,-63.25270752986191,6.283185307179586,0.0,22.535728093140513,-62.563571116854185,2.5293662218711304,0,31.673490164263594,0.0,31.673490164263594,31.673490164263594,-54.11494545873883,21.983793075607355,2.4706337781288696,0.001,5000.0,-inf,0.3098570391186867,8.069945374413427,5.0,0.042617253959178925,0.0
9.650335311889648,31.000772989412248,-66.70244999758151,6.283185307179586,0.0,21.983793075607355,-54.11494545873883,2.5365815759976416,0,31.000772989412248,0.0,31.000772989412248,31.000772989412248,-57.68547008377662,21.402702912254952,2.4634184240023584,0.001,5000.0,-inf,0.42190243318075077,0.7162762697745005,5.0,0.042617253959178925,0.0
9.66066288948059,30.374645983741516,-62.37481900084966,6.283185307179586,0.0,21.402702912254952,-57.68547008377662,2.4195237068779276,0,30.374645983741516,0.0,30.374645983741516,30.374645983741516,-53.4028759293631,20.851180567514984,2.5804762931220724,0.001,5000.0,-inf,0.3847121898626757,11.334494278927272,5.0,0.042617253959178925,0.0
9.670735597610474,30.374645983741516,-62.37481900084966,6.283185307179586,0.0,20.851180567514984,-53.4028759293631,2.3851365201584667,0,30.374645983741516,0.0,30.374645983741516,30.374645983741516,-52.851353584623126,20.31882430858784,2.6148634798415333,0.001,5000.0,-inf,0.4023487385188139,3.413896866270165,5.0,0.042617253959178925,0.0
9.68081259727478,28.981149237747413,-68.97842606434394,6.283185307179586,0.0,20.31882430858784,-52.851353584623126,2.3161218673560664,0,28.981149237747413,0.0,28.981149237747413,28.981149237747413,-60.31610113518436,19.7110189776963,2.6838781326439336,0.001,5000.0,-inf,0.3671138646669325,6.848730286937933,5.0,0.4294801354408264,38.39068119173804
9.690906763076782,28.981149237747413,-68.97842606434394,6.283185307179586,0.0,19.7110189776963,-60.31610113518436,2.1563816455256384,0,28.981149237747413,0.0,28.981149237747413,28.981149237747413,-59.70829580429282,19.108313540092787,2.8436183544743616,0.001,5000.0,-inf,0.3354024782002393,15.825004756583956,5.0,0.4294801354408264,0.0
9.701099157333374,27.771863391105327,-60.3169478744966,6.283185307179586,0.0,19.108313540092787,-59.70829580429282,2.0780809375700624,0,27.771863391105327,0.0,27.771863391105327,27.771863391105327,-51.65339802348406,18.58184174274478,2.9219190624299376,0.001,5000.0,-inf,0.3068622303802154,7.682268364465594,5.0,0.4294801354408264,0.0
9.711246490478516,27.771863391105327,-60.3169478744966,6.283185307179586,0.0,18.58184174274478,-51.65339802348406,2.0849238637494283,0,27.771863391105327,0.0,27.771863391105327,27.771863391105327,-51.12692622613605,18.0630397896411,2.9150761362505717,0.001,5000.0,-inf,0.4205578340346339,0.6743571026484114,5.0,0.4294801354408264,0.0
9.721431970596313,26.61303006805366,-57.62367357299907,6.283185307179586,0.0,18.0630397896411,-51.12692622613605,2.0175563082883934,0,26.61303006805366,0.0,26.61303006805366,26.61303006805366,-49.0736832945865,17.56320076413698,2.9824436917116066,0.001,5000.0,-inf,0.38350205063117054,6.614077557651752,5.0,0.4294801354408264,0.0
9.73150372505188,26.61303006805366,-57.62367357299907,6.283185307179586,0.0,17.56320076413698,-49.0736832945865,1.9681112740333122,0,26.61303006805366,0.0,26.61303006805366,26.61303006805366,-48.573844269082386,17.07397693169586,3.031888725966688,0.001,5000.0,-inf,0.3530751366145007,4.9092771744206045,5.0,0.7625729441642761,33.07197471830319
9.741577863693237,26.61303006805366,-57.62367357299907,6.283185307179586,0.0,17.07397693169586,-48.573844269082386,1.9046183277465967,0,26.61303006805366,0.0,26.61303006805366,26.61303006805366,-48.084620436641266,16.589565798900086,3.0953816722534033,0.001,5000.0,-inf,0.3227676229530506,6.302568244004263,5.0,0.7625729441642761,0.0
9.751647233963013,24.920105963570162,-56.043807661774835,6.283185307179586,0.0,16.589565798900086,-48.084620436641266,1.8416930074795994,0,24.920105963570162,0.0,24.920105963570162,24.920105963570162,-47.71326749710476,16.1091232416909,3.1583069925204006,0.001,5000.0,-inf,0.29549086065774555,6.249181287520663,5.0,0.7625729441642761,0.0
9.761717557907104,24.920105963570162,-56.043807661774835,6.283185307179586,0.0,16.1091232416909,-47.71326749710476,1.7781445788656782,0,24.920105963570162,0.0,24.920105963570162,24.920105963570162,-47.23282493989557,15.633473393751572,3.2218554211343218,0.001,5000.0,-inf,0.270941774591971,6.310465181331598,5.0,0.7625729441642761,0.0
9.771791934967041,23.9631972711431,-47.32867097806184,6.283185307179586,0.0,15.633473393751572,-47.23282493989557,1.7163580257262647,0,23.9631972711431,0.0,23.9631972711431,23.9631972711431,-38.99894710067031,15.2405832957189,3.2836419742737353,0.001,5000.0,-inf,0.2488475971327739,6.133039568781318,5.0,0.7625729441642761,0.0
9.781907320022583,23.493575620182426,-46.90294240191827,6.283185307179586,0.0,15.2405832957189,-38.99894710067031,1.7436921903939429,0,23.493575620182426,0.0,23.493575620182426,23.493575620182426,-38.64995007745474,14.849624168307969,3.2563078096060574,0.001,5000.0,-inf,0.3030018772901572,2.7022366936691506,5.0,1.049368977546692,28.352458340207885
9.791977167129517,23.051871299226306,-43.86613155759672,6.283185307179586,0.0,14.849624168307969,-38.64995007745474,1.6924478827885685,0,23.051871299226306,0.0,23.051871299226306,23.051871299226306,-35.66388442667838,14.490494304891968,3.3075521172114315,0.001,5000.0,-inf,0.2777016895611415,5.088886361550622,5.0,1.049368977546692,0.0
9.802165269851685,23.051871299226306,-43.86613155759672,6.283185307179586,0.0,14.490494304891968,-35.66388442667838,1.672030358418092,0,23.051871299226306,0.0,23.051871299226306,23.051871299226306,-35.30475456326238,14.130805838820521,3.327969641581908,0.001,5000.0,-inf,0.3514675066477946,2.004055605569294,5.0,1.049368977546692,0.0
9.812241554260254,23.051871299226306,-43.86613155759672,6.283185307179586,0.0,14.130805838820521,-35.30475456326238,1.6252652718022493,0,23.051871299226306,0.0,23.051871299226306,23.051871299226306,-34.94506609719093,13.778689414148971,3.3747347281977507,0.001,5000.0,-inf,0.33288517388093775,4.641104272133435,5.0,1.049368977546692,0.0
9.822308778762817,21.69865016896208,-44.842979825961386,6.283185307179586,0.0,13.778689414148971,-34.94506609719093,1.5795658570089468,0,21.69865016896208,0.0,21.69865016896208,21.69865016896208,-36.923019071148275,13.406977091847288,3.420434142991053,0.001,5000.0,-inf,0.3194373930314656,4.539425417766915,5.0,1.049368977546692,0.0
9.832376956939697,21.69865016896208,-44.842979825961386,6.283185307179586,0.0,13.406977091847288,-36.923019071148275,1.5077466021471377,0,21.69865016896208,0.0,21.69865016896208,21.69865016896208,-36.5513067488466,13.038972022902108,3.4922533978528625,0.001,5000.0,-inf,0.2924936537283191,7.133292001797467,5.0,1.2963032722473145,24.5262142129816
9.842457294464111,21.69865016896208,-44.842979825961386,6.283185307179586,0.0,13.038972022902108,-36.5513067488466,1.4599430157178293,0,21.69865016896208,0.0,21.69865016896208,21.69865016896208,-36.18330167990142,12.674232129221004,3.5400569842821707,0.001,5000.0,-inf,0.27654922792583736,4.74226049609258,5.0,1.2963032722473145,0.0
9.852582454681396,20.52027302767838,-39.07246892916553,6.283185307179586,0.0,12.674232129221004,-36.18330167990142,1.4125594812919264,0,20.52027302767838,0.0,20.52027302767838,20.52027302767838,-31.226428030708156,12.358059542396559,3.587440518708074,0.001,5000.0,-inf,0.2642124664854782,4.67978119941372,5.0,1.2963032722473145,0.0
9.862650871276855,20.52027302767838,-39.07246892916553,6.283185307179586,0.0,12.358059542396559,-31.226428030708156,1.4178640556284368,0,20.52027302767838,0.0,20.52027302767838,20.52027302767838,-30.910255443883713,12.046842213515484,3.5821359443715632,0.001,5000.0,-inf,0.3869259601905559,0.5268528855771396,5.0,1.2963032722473145,0.0
9.872725248336792,20.52027302767838,-39.07246892916553,6.283185307179586,0.0,12.046842213515484,-30.910255443883713,1.3774553554533306,0,20.52027302767838,0.0,20.52027302767838,20.52027302767838,-30.599038115002635,11.738575965873578,3.6225446445466694,0.001,5000.0,-inf,0.3850999464142803,4.011037102810278,5.0,1.2963032722473145,0.0
9.882816076278687,20.52027302767838,-39.07246892916553,6.283185307179586,0.0,11.738575965873578,-30.599038115002635,1.3374102540722745,0,20.52027302767838,0.0,20.52027302767838,20.52027302767838,-30.290771867360732,11.43291699873286,3.6625897459277255,0.001,5000.0,-inf,0.3848282894067111,3.9684653837767967,5.0,1.5089161396026611,21.069913051696435
9.89288592338562,20.52027302767838,-39.07246892916553,6.283185307179586,0.0,11.43291699873286,-30.290771867360732,1.2977006611489932,0,20.52027302767838,0.0,20.52027302767838,20.52027302767838,-29.985112900220013,11.130971496343502,3.702299338851007,0.001,5000.0,-inf,0.385390955392479,3.9434156746967206,5.0,1.5089161396026611,0.0
9.902953863143921,20.52027302767838,-39.07246892916553,6.283185307179586,0.0,11.130971496343502,-29.985112900220013,1.2584848804858904,0,20.52027302767838,0.0,20.52027302767838,20.52027302767838,-29.683167397830655,10.832123155146585,3.7415151195141094,0.001,5000.0,-inf,0.3874537178817937,3.8951147508377106,5.0,1.5089161396026611,0.0
9.913048267364502,18.514435614834387,-33.1920600474271,6.283185307179586,0.0,10.832123155146585,-29.683167397830655,1.2196655677422155,0,18.514435614834387,0.0,18.514435614834387,18.514435614834387,-25.509747587739298,10.574617451430951,3.7803344322577845,0.001,5000.0,-inf,0.3909048115844974,3.8456269330415593,5.0,1.5089161396026611,0.0
9.923219919204712,18.514435614834387,-33.1920600474271,6.283185307179586,0.0,10.574617451430951,-25.509747587739298,1.2253489673229403,0,18.514435614834387,0.0,18.514435614834387,18.514435614834387,-25.25224188402366,10.317760438801894,3.7746510326770597,0.001,5000.0,-inf,0.49992130935246737,0.5587489298697349,5.0,1.691977858543396,17.997245857065842
9.9332914352417,18.00710189864636,-25.224778149580473,6.283185307179586,0.0,10.317760438801894,-25.25224188402366,1.1919640425920286,0,18.00710189864636,0.0,18.00710189864636,18.00710189864636,-17.535436689736006,10.141152006965642,3.8080359574079714,0.001,5000.0,-inf,0.5092305044273605,3.3147864341680724,5.0,1.691977858543396,0.0
9.943364381790161,18.00710189864636,-25.224778149580473,6.283185307179586,0.0,10.141152006965642,-17.535436689736006,1.24440691407783,0,18.00710189864636,0.0,18.00710189864636,18.00710189864636,-17.358828257899752,9.966297457779888,3.75559308592217,0.001,5000.0,-inf,0.4633074539846245,5.20630892197171,5.0,1.691977858543396,0.0
9.953435897827148,18.00710189864636,-25.224778149580473,6.283185307179586,0.0,9.966297457779888,-17.358828257899752,1.2216933615101868,0,18.00710189864636,0.0,18.00710189864636,18.00710189864636,-17.183973708714,9.793228790993407,3.778306638489813,0.001,5000.0,-inf,0.5104194015958755,2.2552267686640644,5.0,1.691977858543396,0.0
9.963510513305664,17.284315214744975,-23.961326900366117,6.283185307179586,0.0,9.793228790993407,-17.183973708714,1.199212293651937,0,17.284315214744975,0.0,17.284315214744975,17.284315214744975,-16.47024047661455,9.627297451352831,3.8007877063480633,0.001,5000.0,-inf,0.5535860800040197,2.231456665139363,5.0,1.691977858543396,0.0
9.973576545715332,17.284315214744975,-23.961326900366117,6.283185307179586,0.0,9.627297451352831,-16.47024047661455,1.183119238423251,0,17.284315214744975,0.0,17.284315214744975,17.284315214744975,-16.304309136973973,9.463177747162806,3.816880761576749,0.001,5000.0,-inf,0.6128233504282965,1.5987486006134184,5.0,1.8495957851409912,15.658396494552346
9.983645915985107,17.284315214744975,-23.961326900366117,6.283185307179586,0.0,9.463177747162806,-16.304309136973973,1.161801793233053,0,17.284315214744975,0.0,17.284315214744975,17.284315214744975,-16.14018943278395,9.300656203539788,3.838198206766947,0.001,5000.0,-inf,0.6494357993851985,2.117058427594535,5.0,1.8495957851409912,0.0
9.99371886253357,16.619493421316946,-22.042153790826916,6.283185307179586,0.0,9.300656203539788,-16.14018943278395,1.140689974167731,0,16.619493421316946,0.0,16.619493421316946,16.619493421316946,-14.723316573049757,9.152349022683374,3.859310025832269,0.001,5000.0,-inf,0.6830689976627115,2.095893089847258,5.0,1.8495957851409912,0.0
10.003788709640503,16.425106605901643,-19.24507016272076,6.283185307179586,0.0,9.152349022683374,-14.723316573049757,1.134095697445175,0,16.425106605901643,0.0,16.425106605901643,16.425106605901643,-11.972312579502493,9.031789665491367,3.865904302554825,0.001,5000.0,-inf,0.7597723672874501,0.6548537085548677,5.0,1.8495957851409912,0.0
10.013813018798828,16.425106605901643,-19.24507016272076,6.283185307179586,0.0,9.031789665491367,-11.972312579502493,1.1447274273737666,0,16.425106605901643,0.0,16.425106605901643,16.425106605901643,-11.851753222310485,8.91298402712275,3.8552725726262334,0.001,5000.0,-inf,0.8157315211025421,1.060594776225748,5.0,1.9853061437606812,13.538125817576406
10.02387809753418,16.074775493107857,-17.410514446193964,6.283185307179586,0.0,8.91298402712275,-11.851753222310485,1.1293002315740803,0,16.074775493107857,0.0,16.074775493107857,16.074775493107857,-10.248722980208857,8.80982982339014,3.8706997684259195,0.001,5000.0,-inf,0.8508810406888848,1.5327446714849238,5.0,1.9853061437606812,0.0
10.033948183059692,16.074775493107857,-17.410514446193964,6.283185307179586,0.0,8.80982982339014,-10.248722980208857,1.130888945472531,0,16.074775493107857,0.0,16.074775493107857,16.074775493107857,-10.145568776476248,8.707663078106053,3.869111054527469,0.001,5000.0,-inf,0.9157929366199964,0.15776568078053502,5.0,1.9853061437606812,0.0
10.044022798538208,15.692810001235236,-18.995261977250678,6.283185307179586,0.0,8.707663078106053,-10.145568776476248,1.117617143170085,0,15.692810001235236,0.0,15.692810001235236,15.692810001235236,-12.010115054121496,8.586665787083048,3.8823828568299152,0.001,5000.0,-inf,0.9478767853113141,1.3173507545522234,5.0,1.9853061437606812,0.0
10.054095268249512,15.692810001235236,-18.995261977250678,6.283185307179586,0.0,8.586665787083048,-12.010115054121496,1.0820320596504118,0,15.692810001235236,0.0,15.692810001235236,15.692810001235236,-11.88911776309849,8.466913008520113,3.9179679403495884,0.001,5000.0,-inf,0.905362152170386,3.5329054878902455,5.0,1.9853061437606812,0.0
10.064274311065674,15.692810001235236,-18.995261977250678,6.283185307179586,0.0,8.466913008520113,-11.88911776309849,1.066476643561831,0,15.692810001235236,0.0,15.692810001235236,15.692810001235236,-11.769364984535555,8.347112138423485,3.933523356438169,0.001,5000.0,-inf,0.9316956721298234,1.5281806324541918,5.0,2.10215425491333,11.479282803204198
10.07434344291687,15.18550052729001,-16.792491285800534,6.283185307179586,0.0,8.347112138423485,-11.769364984535555,1.0509020495339325,0,15.18550052729001,0.0,15.18550052729001,15.18550052729001,-9.954102896934009,8.246882963893881,3.9490979504660677,0.001,5000.0,-inf,0.9547969679108105,1.5467663208768117,5.0,2.10215425491333,0.0
10.084409236907959,15.18550052729001,-16.792491285800534,6.283185307179586,0.0,8.246882963893881,-9.954102896934009,1.0550225859758033,0,15.18550052729001,0.0,15.18550052729001,15.18550052729001,-9.853873722404405,8.147695900989953,3.944977414024197,0.001,5000.0,-inf,1.0093172711197296,0.4093602993980097,5.0,2.10215425491333,0.0
10.09447717666626,14.900594330626934,-14.187313161603806,6.283185307179586,0.0,8.147695900989953,-9.853873722404405,1.0421386889145496,0,14.900594330626934,0.0,14.900594330626934,14.900594330626934,-7.434414731966825,8.072846661330287,3.95786131108545,0.001,5000.0,-inf,1.0332620227946454,1.2796954859241414,5.0,2.10215425491333,0.0
10.10454535484314,14.900594330626934,-14.187313161603806,6.283185307179586,0.0,8.072846661330287,-7.434414731966825,1.055854385266572,0,14.900594330626934,0.0,14.900594330626934,14.900594330626934,-7.3595654923071585,7.998749244649321,3.944145614733428,0.001,5000.0,-inf,1.0521511832572112,1.3622818459369865,5.0,2.10215425491333,0.0
10.114616394042969,14.661001962890994,-11.799305212806697,6.283185307179586,0.0,7.998749244649321,-7.3595654923071585,1.0462292393278334,0,14.661001962890994,0.0,14.661001962890994,14.661001962890994,-5.137052494565024,7.947013787604977,3.9537707606721666,0.001,5000.0,-inf,1.0822515863119389,0.9557251985378009,5.0,2.202761173248291,9.989725622025993
10.125117540359497,14.661001962890994,-11.799305212806697,6.283185307179586,0.0,7.947013787604977,-5.137052494565024,1.0612114053190467,0,14.661001962890994,0.0,14.661001962890994,14.661001962890994,-5.08531703752068,7.893612129328038,3.938788594680953,0.001,5000.0,-inf,1.0941655403654316,1.4267171925442113,5.0,2.202761173248291,0.0
10.135184049606323,14.661001962890994,-11.799305212806697,6.283185307179586,0.0,7.893612129328038,-5.08531703752068,1.0542525277307186,0,14.661001962890994,0.0,14.661001962890994,14.661001962890994,-5.031915379243741,7.842958306633634,3.9457474722692814,0.001,5000.0,-inf,1.1285851961241293,0.6912900408373501,5.0,2.202761173248291,0.0
10.145252466201782,14.33858659329512,-10.697201122930094,4.958283970189327,-43.958003886689234,7.842958306633634,-5.031915379243741,1.0476950091362716,0,14.33858659329512,0.0,14.33858659329512,14.33858659329512,-4.201572836268608,7.800655120961918,3.9523049908637287,0.001,5000.0,-inf,1.1608515859322928,0.6512959145338336,5.0,2.202761173248291,0.0
10.155323266983032,14.33858659329512,-10.697201122930094,4.958283970189327,-43.958003886689234,7.800655120961918,-4.201572836268608,1.0500759885719826,0,14.33858659329512,0.0,14.33858659329512,14.33858659329512,-4.159269650596891,7.758767944915257,3.9499240114280174,0.001,5000.0,-inf,1.1947664273390637,0.23642404287690597,5.0,2.202761173248291,0.0
10.165391683578491,14.33858659329512,-10.697201122930094,4.958283970189327,-43.958003886689234,7.758767944915257,-4.159269650596891,1.044634815782167,0,14.33858659329512,0.0,14.33858659329512,14.33858659329512,-4.11738247455023,7.717312422878642,3.955365184217833,0.001,5000.0,-inf,1.2239873652846789,0.5404199099458847,5.0,2.289384603500366,8.603480937721999
10.175461530685425,14.012768969229866,-10.795223703797236,3.3851667283082207,-52.12165114495415,7.717312422878642,-4.11738247455023,1.0392499144575078,0,14.012768969229866,0.0,14.012768969229866,14.012768969229866,-4.499767157446012,7.6720004555863595,3.960750085542492,0.001,5000.0,-inf,1.2504687446709368,0.5347550233360954,5.0,2.289384603500366,0.0
10.185538291931152,14.012768969229866,-10.795223703797236,3.3851667283082207,-52.12165114495415,7.6720004555863595,-4.499767157446012,1.0290823922076302,0,14.012768969229866,0.0,14.012768969229866,14.012768969229866,-4.4544551901537295,7.627113974155389,3.97091760779237,0.001,5000.0,-inf,1.2590205347663321,1.0090069618537947,5.0,2.289384603500366,0.0
10.195616006851196,14.012768969229866,-10.795223703797236,3.3851667283082207,-52.12165114495415,7.627113974155389,-4.4544551901537295,1.0232514044802172,0,14.012768969229866,0.0,14.012768969229866,14.012768969229866,-4.409568708722759,7.582675597788534,3.9767485955197825,0.001,5000.0,-inf,1.2805857446815168,0.5786021705987636,5.0,2.289384603500366,0.0
10.205681562423706,13.740330652439601,-9.015583307297046,2.0604336678720068,-43.83833157906249,7.582675597788534,-4.409568708722759,1.0174788966031674,0,13.740330652439601,0.0,13.740330652439601,13.740330652439601,-2.857928252645979,7.55390896213928,3.9825211033968326,0.001,5000.0,-inf,1.300159119369241,0.5734912330935084,5.0,2.3639681339263916,7.4097778198872515
10.215718507766724,13.740330652439601,-9.015583307297046,2.0604336678720068,-43.83833157906249,7.55390896213928,-2.857928252645979,1.0289679721730396,0,13.740330652439601,0.0,13.740330652439601,13.740330652439601,-2.829161616996725,7.525512821622921,3.9710320278269604,0.001,5000.0,-inf,1.2993702334469732,1.144678502993428,5.0,2.3639681339263916,0.0
10.22578740119934,13.58709567582559,-7.615727315678442,1.3153276125735252,-37.031522853348534,7.525512821622921,-2.829161616996725,1.0252801788572417,0,13.58709567582559,0.0,13.58709567582559,13.58709567582559,-1.5541444614757722,7.509864306661428,3.9747198211427586,0.001,5000.0,-inf,1.319433210102276,0.36625606780698416,5.0,2.3639681339263916,0.0
10.235885858535767,13.58709567582559,-7.615727315678442,1.3153276125735252,-37.031522853348534,7.509864306661428,-1.5541444614757722,1.0358395583178424,0,13.58709567582559,0.0,13.58709567582559,13.58709567582559,-1.5384959465142796,7.494327870983289,3.9641604416821576,0.001,5000.0,-inf,1.3199080647207315,1.0456428253167291,5.0,2.3639681339263916,0.0
10.245958805084229,13.58709567582559,-7.615727315678442,1.3153276125735252,-37.031522853348534,7.494327870983289,-1.5384959465142796,1.0338209424725178,0,13.58709567582559,0.0,13.58709567582559,13.58709567582559,-1.5229595108361407,7.478987181235165,3.9661790575274822,0.001,5000.0,-inf,1.3379172582486585,0.2003997376152881,5.0,2.3639681339263916,0.0
10.25602912902832,13.401194538750952,-6.140685973339304,0.3431414732061846,-32.11325053429356,7.478987181235165,-1.5229595108361407,1.0318286102645617,0,13.401194538750952,0.0,13.401194538750952,13.401194538750952,-0.2184786158235168,7.476787030798965,3.9681713897354385,0.001,5000.0,-inf,1.3541255324237929,0.19784191839478182,5.0,2.4281861782073975,6.376959136322743
10.26612639427185,13.346610863974282,-5.3578405207227195,0.057691406097098996,-28.0192922601429,7.476787030798965,-0.2184786158235168,1.04456539815362,0,13.346610863974282,0.0,13.346610863974282,13.346610863974282,0.5119833124525979,7.48195666210506,3.95543460184638,0.001,5000.0,-inf,1.3441786680063754,1.2614096571563547,5.0,2.4281861782073975,0.0
10.27621078491211,13.297434843628082,-4.9672280811614655,-0.22035960687278128,-28.0856968476934,7.48195666210506,0.5119833124525979,1.0525937658192344,0,13.297434843628082,0.0,13.297434843628082,13.297434843628082,0.8482501003615566,7.490510747477745,3.9474062341807654,0.001,5000.0,-inf,1.350219212393625,0.7961182734793677,5.0,2.4281861782073975,0.0
10.286280870437622,13.297434843628082,-4.9672280811614655,-0.22035960687278128,-28.0856968476934,7.490510747477745,0.8482501003615566,1.0571540056505,0,13.297434843628082,0.0,13.297434843628082,13.297434843628082,0.8396960149888715,7.498966558164115,3.9428459943495,0.001,5000.0,-inf,1.3651972911542627,0.4528501589894351,5.0,2.4281861782073975,0.0
10.296356678009033,13.206819657562377,-4.496298753991302,-0.7327159158755178,-25.42296864124045,7.498966558164115,0.8396960149888715,1.058252278292865,0,13.206819657562377,0.0,13.206819657562377,13.206819657562377,1.2115543454069604,7.511173946610743,3.9417477217071353,0.001,5000.0,-inf,1.3786775620388365,0.10900095447248953,5.0,2.2735097408294678,-15.351269491966589
10.306427001953125,13.161521906007664,-4.516319780758371,-0.9847847958052255,-25.132012726174118,7.511173946610743,1.2115543454069604,1.0636798959795737,0,13.161521906007664,0.0,13.161521906007664,13.161521906007664,1.13402817863855,7.522593977731361,3.9363201040204263,0.001,5000.0,-inf,1.3895540572294012,0.5389715084481561,5.0,2.2735097408294678,0.0
10.316495895385742,13.161521906007664,-4.516319780758371,-0.9847847958052255,-25.132012726174118,7.522593977731361,1.13402817863855,1.0645034386687762,0,13.161521906007664,0.0,13.161521906007664,13.161521906007664,1.1226081475179317,7.533897399535307,3.935496561331224,0.001,5000.0,-inf,1.4005986515064612,0.08179078413271293,5.0,2.2735097408294678,0.0
10.326571226119995,13.161521906007664,-4.516319780758371,-0.9847847958052255,-25.132012726174118,7.533897399535307,1.1226081475179317,1.0659717174101222,0,13.161521906007664,0.0,13.161521906007664,13.161521906007664,1.1113047257139863,7.545094162193413,3.934028282589878,0.001,5000.0,-inf,1.410538786355815,0.14573007875109723,5.0,2.2735097408294678,0.0
10.336649894714355,13.042173872734766,-3.955856026842024,-1.648922066119289,-22.013194112842832,7.545094162193413,1.1113047257139863,1.0674262299642179,0,13.042173872734766,0.0,13.042173872734766,13.042173872734766,1.5412236836993292,7.5606276449311975,3.9325737700357823,0.001,5000.0,-inf,1.4194849077202334,0.14431594217807384,5.0,2.2735097408294678,0.0
10.346728563308716,12.989355448584341,-5.156569239975542,-1.8613947645792932,-20.743333388612953,7.5606276449311975,1.5412236836993292,1.073900107127361,0,12.989355448584341,0.0,12.989355448584341,12.989355448584341,0.2721585636776016,7.563370640899621,3.9260998928726387,0.001,5000.0,-inf,1.4229500811061695,0.6423345606150522,5.0,1.9268863201141357,-34.39178671965557
10.35680365562439,12.941019348622262,-4.819595802100174,-2.0558364155215116,-19.387790189315357,7.563370640899621,0.2721585636776016,1.061593475362723,0,12.941019348622262,0.0,12.941019348622262,12.941019348622262,0.5580529056224668,7.568993075440797,3.9384065246372773,0.001,5000.0,-inf,1.4074070386911604,1.2214907197914853,5.0,1.9268863201141357,0.0
10.366877794265747,12.941019348622262,-4.819595802100174,-2.0558364155215116,-19.387790189315357,7.568993075440797,0.5580529056224668,1.0652395596179363,0,12.941019348622262,0.0,12.941019348622262,12.941019348622262,0.5524304710812915,7.57455833659618,3.934760440382064,0.001,5000.0,-inf,1.4166663348220445,0.36192516154631793,5.0,1.9268863201141357,0.0
10.377113342285156,12.833266560537893,-5.356483633268818,-2.4170149284126126,-17.954494054248894,7.57455833659618,0.5524304710812915,1.0659624718342782,0,12.833266560537893,0.0,12.833266560537893,12.833266560537893,-0.09777540932710416,7.573557551698895,3.934037528165722,0.001,5000.0,-inf,1.42499970133984,0.07062760244699014,5.0,1.9268863201141357,0.0
10.38718295097351,12.833266560537893,-5.356483633268818,-2.4170149284126126,-17.954494054248894,7.573557551698895,-0.09777540932710416,1.0593203031445744,0,12.833266560537893,0.0,12.833266560537893,12.833266560537893,-0.09677462442981888,7.572583069099924,3.9406796968554256,0.001,5000.0,-inf,1.42735624919612,0.6596253037504297,5.0,1.4298834800720215,-49.35671836154848
10.397250652313232,12.833266560537893,-5.356483633268818,-2.4170149284126126,-17.954494054248894,7.572583069099924,-0.09677462442981888,1.0591938834296912,0,12.833266560537893,0.0,12.833266560537893,12.833266560537893,-0.09580014183084806,7.571618581883668,3.9408061165703088,0.001,5000.0,-inf,1.434620624276508,0.01255695919229923,5.0,1.4298834800720215,0.0
10.407318592071533,12.833266560537893,-5.356483633268818,-2.4170149284126126,-17.954494054248894,7.571618581883668,-0.09580014183084806,1.0590686000454053,0,12.833266560537893,0.0,12.833266560537893,12.833266560537893,-0.09483565461459253,7.570663782226069,3.9409313999545947,0.001,5000.0,-inf,1.4411585618488574,0.012443795582177054,5.0,1.4298834800720215,0.0
10.417427778244019,12.56222707269341,-6.7267972474633835,-0.6071593288395163,44.91792602744298,7.570663782226069,-0.09483565461459253,1.0589445729655038,0,12.56222707269341,0.0,12.56222707269341,12.56222707269341,-1.7352339569960424,7.553121979101978,3.941055427034496,0.001,5000.0,-inf,1.4470427056639719,0.012268750202564842,5.0,1.4298834800720215,0.0
10.427494525909424,12.505442816304372,-5.672345282213311,-0.2279846734761507,37.87686419189258,7.553121979101978,-1.7352339569960424,1.0400847375043167,0,12.505442816304372,0.0,12.505442816304372,12.505442816304372,-0.7200244450109174,7.54587367470113,3.9599152624956835,0.001,5000.0,-inf,1.4080819051886055,1.8734785144162853,5.0,1.4298834800720215,0.0
10.437527179718018,12.505442816304372,-5.672345282213311,-0.2279846734761507,37.87686419189258,7.54587367470113,-0.7200244450109174,1.0492220700080492,0,12.505442816304372,0.0,12.505442816304372,12.505442816304372,-0.7127761406100692,7.5387226384393635,3.9507779299919505,0.001,5000.0,-inf,1.404038138047905,0.9107592744708943,5.0,0.8952018618583679,-53.29413616920152
10.447724342346191,12.380837358483324,-6.182885993690294,0.5028522844735059,36.2639138766113,7.5387226384393635,-0.7127761406100692,1.0482934079754103,0,12.380837358483324,0.0,12.380837358483324,12.380837358483324,-1.3407712736463333,7.5250505757148085,3.95170659202459,0.001,5000.0,-inf,1.4136343242431146,0.09107063077263898,5.0,0.8952018618583679,0.0
10.457791090011597,12.324604794458123,-5.587294630117692,0.8326679823453398,32.770646503366834,7.5250505757148085,-1.3407712736463333,1.04009936786361,0,12.324604794458123,0.0,12.324604794458123,12.324604794458123,-0.7877404113743776,7.51712059176766,3.95990063213639,0.001,5000.0,-inf,1.4121540502528465,0.8139709451503848,5.0,0.8952018618583679,0.0
10.468308448791504,12.256329165386381,-6.774110425276165,1.2171474708625967,38.14694272143362,7.51712059176766,-0.7877404113743776,1.0445194787337289,0,12.256329165386381,0.0,12.256329165386381,12.256329165386381,-2.0349018516574437,7.495718798911881,3.955480521266271,0.001,5000.0,-inf,1.420938645227562,0.4202681455122846,5.0,0.8952018618583679,0.0
10.47839093208313,12.256329165386381,-6.774110425276165,1.2171474708625967,38.14694272143362,7.495718798911881,-2.0349018516574437,1.029051613331089,0,12.256329165386381,0.0,12.256329165386381,12.256329165386381,-2.0135000588016645,7.475417718211325,3.970948386668911,0.001,5000.0,-inf,1.3955227331494169,1.5341325103396652,5.0,0.8952018618583679,0.0
10.48847770690918,12.256329165386381,-6.774110425276165,1.2171474708625967,38.14694272143362,7.475417718211325,-2.0135000588016645,1.026423479961569,0,12.256329165386381,0.0,12.256329165386381,12.256329165386381,-1.993198978101109,7.455312768935706,3.973576520038431,0.001,5000.0,-inf,1.4059704598344753,0.2605523980502279,5.0,0.739089846611023,-15.476900985652492
10.498548984527588,12.076319621065021,-5.959733133773741,2.5620392618946353,44.526506628142364,7.455312768935706,-1.993198978101109,1.0238117978699879,0,12.076319621065021,0.0,12.076319621065021,12.076319621065021,-1.3387262816444263,7.441830084898206,3.976188202130012,0.001,5000.0,-inf,1.4153734138510279,0.2593198391043777,5.0,0.739089846611023,0.0
10.508685827255249,12.076319621065021,-5.959733133773741,2.5620392618946353,44.526506628142364,7.441830084898206,-1.3387262816444263,1.0284689490693049,0,12.076319621065021,0.0,12.076319621065021,12.076319621065021,-1.3252435976069261,7.428396298973425,3.971531050930695,0.001,5000.0,-inf,1.4238360724659254,0.45942817940823666,5.0,0.739089846611023,0.0
10.518763542175293,11.974805878117834,-5.033866120832318,3.32047126660478,37.60914594048188,7.428396298973425,-1.3252435976069261,1.0267230458802103,0,11.974805878117834,0.0,11.974805878117834,11.974805878117834,-0.48745654168790864,7.423483850910383,3.9732769541197897,0.001,5000.0,-inf,1.431452465219333,0.1732439548991427,5.0,0.739089846611023,0.0
10.528877258300781,11.974805878117834,-5.033866120832318,3.32047126660478,37.60914594048188,7.423483850910383,-0.48745654168790864,1.0344131737105746,0,11.974805878117834,0.0,11.974805878117834,11.974805878117834,-0.48254409362486683,7.418603536929429,3.9655868262894254,0.001,5000.0,-inf,1.4299176413580201,0.7603661932910931,5.0,0.8055351376533508,6.569819660537482
10.538950443267822,11.924730851422535,-2.4950982426102004,4.717157724667972,69.59297192582628,7.418603536929429,-0.48254409362486683,1.0337790542338714,0,11.924730851422535,0.0,11.924730851422535,11.924730851422535,2.011029071882905,7.438861004744602,3.9662209457661284,0.001,5000.0,-inf,1.436925877222218,0.06295123923347282,5.0,0.8055351376533508,0.0
10.549020528793335,11.924730851422535,-2.4950982426102004,4.717157724667972,69.59297192582628,7.438861004744602,2.011029071882905,1.0615508313830735,0,11.924730851422535,0.0,11.924730851422535,11.924730851422535,1.990771604067732,7.458908245059327,3.9384491686169265,0.001,5000.0,-inf,1.3704803713493436,2.757849183985769,5.0,0.8055351376533508,0.0
10.559094905853271,11.924730851422535,-2.4950982426102004,4.717157724667972,69.59297192582628,7.458908245059327,1.990771604067732,1.0641548703489832,0,11.924730851422535,0.0,11.924730851422535,11.924730851422535,1.9707243637530074,7.478762065380978,3.9358451296510166,0.001,5000.0,-inf,1.3834323342144095,0.2584813880220271,5.0,0.8055351376533508,0.0
10.569173097610474,11.954338861786242,0.9793306018685002,6.283185307179586,51.7987772931785,7.478762065380978,1.9707243637530074,1.0667339327908671,0,11.954338861786242,0.0,11.954338861786242,11.954338861786242,5.454907398273765,7.533737668158562,3.933266067209133,0.001,5000.0,-inf,1.3950891007929687,0.2559052758686524,5.0,0.8055351376533508,0.0
10.579346179962158,11.9629745020392,0.8548417657252252,6.283185307179586,0.0,7.533737668158562,5.454907398273765,1.1092723475249364,0,11.9629745020392,0.0,11.9629745020392,11.9629745020392,5.284078599605864,7.587493034905126,3.8907276524750634,0.001,5000.0,-inf,1.2869551220557025,4.181467648005945,5.0,1.0863598585128784,27.604683728233613
10.589416742324829,11.9629745020392,0.8548417657252252,6.283185307179586,0.0,7.587493034905126,5.284078599605864,1.1150898108827765,0,11.9629745020392,0.0,11.9629745020392,11.9629745020392,5.230323232859299,7.6401653311985624,3.8849101891172237,0.001,5000.0,-inf,1.3057569047377529,0.5776701586600532,5.0,1.0863598585128784,0.0
10.599483013153076,11.978509502282575,0.7734407224261387,6.283185307179586,0.0,7.6401653311985624,5.230323232859299,1.1219263786963918,0,11.978509502282575,0.0,11.978509502282575,11.978509502282575,5.111784893510151,7.691621942352378,3.878073621303608,0.001,5000.0,-inf,1.3194084111543978,0.6791559585731725,5.0,1.0863598585128784,0.0
10.60954761505127,12.095469393820492,11.638008657170609,6.283185307179586,0.0,7.691621942352378,5.111784893510151,1.1279449208644343,0,12.095469393820492,0.0,12.095469393820492,12.095469393820492,16.041856108638722,7.853076837793927,3.8720550791355657,0.001,5000.0,-inf,1.3343100796540386,0.5979910809112972,5.0,1.0863598585128784,0.0
10.619621276855469,12.095469393820492,11.638008657170609,6.283185307179586,0.0,7.853076837793927,16.041856108638722,1.2598493183775372,0,12.095469393820492,0.0,12.095469393820492,12.095469393820492,15.880401213197175,8.01305062893067,3.740150681622463,0.001,5000.0,-inf,1.2058790716886347,13.093987080062425,5.0,1.0863598585128784,0.0
10.629687547683716,12.095469393820492,11.638008657170609,6.283185307179586,0.0,8.01305062893067,15.880401213197175,1.280631100182266,0,12.095469393820492,0.0,12.095469393820492,12.095469393820492,15.72042742206043,8.171296708896934,3.7193688998177343,0.001,5000.0,-inf,1.1848796077123291,2.064496590575796,5.0,1.3281527757644653,24.02010847682433
10.639718294143677,12.84557490139329,24.834005831922628,6.283185307179586,0.0,8.171296708896934,15.72042742206043,1.3011858134661751,0,12.84557490139329,0.0,12.84557490139329,12.84557490139329,29.508284024418984,8.467286824414396,3.698814186533825,0.001,5000.0,-inf,1.1664739194416496,2.049170853431109,5.0,1.3281527757644653,0.0
10.6498384475708,13.062885609671248,21.685077392773987,6.283185307179586,0.0,8.467286824414396,29.508284024418984,1.4805029956622053,0,13.062885609671248,0.0,13.062885609671248,13.062885609671248,26.280676178030838,8.73325129950463,3.5194970043377944,0.001,5000.0,-inf,1.0548265274974846,17.718820518612347,5.0,1.3281527757644653,0.0
10.65990924835205,13.062885609671248,21.685077392773987,6.283185307179586,0.0,8.73325129950463,26.280676178030838,1.4854619437109569,0,13.062885609671248,0.0,13.062885609671248,13.062885609671248,26.014711702940605,8.995240278446598,3.514538056289043,0.001,5000.0,-inf,1.0993438747477362,0.49240851412572684,5.0,1.3281527757644653,0.0
10.669982433319092,14.19361776325246,56.089342968414485,6.283185307179586,0.0,8.995240278446598,26.014711702940605,1.51948075601193,0,14.19361776325246,0.0,14.19361776325246,14.19361776325246,61.287720453220345,9.612602822780188,3.48051924398807,0.001,5000.0,-inf,1.0467008225847998,3.377165455839536,5.0,1.5363388061523438,20.667349112426034
10.680051565170288,14.19361776325246,56.089342968414485,6.283185307179586,0.0,9.612602822780188,61.287720453220345,1.95864159972143,0,14.19361776325246,0.0,14.19361776325246,14.19361776325246,60.67035790888676,10.223500656024038,3.04135840027857,0.001,5000.0,-inf,0.9470307403263198,43.61456878304006,5.0,1.5363388061523438,0.0
10.690124273300171,14.19361776325246,56.089342968414485,6.283185307179586,0.0,10.223500656024038,60.67035790888676,2.037993670932233,0,14.19361776325246,0.0,14.19361776325246,14.19361776325246,60.0594600756429,10.828462067804338,2.962006329067767,0.001,5000.0,-inf,0.8573276662936878,7.877928178558899,5.0,1.5363388061523438,0.0
10.700202465057373,15.626482663668174,47.46833520214542,6.283185307179586,0.0,10.828462067804338,60.0594600756429,2.1165792902490366,0,15.626482663668174,0.0,15.626482663668174,15.626482663668174,52.26635579800926,11.35521242398683,2.8834207097509634,0.001,5000.0,-inf,0.776594899664319,7.797591195925015,5.0,1.5363388061523438,0.0
10.710349082946777,16.281049107895885,65.21570277186733,6.283185307179586,0.0,11.35521242398683,52.26635579800926,2.1123932973382487,0,16.281049107895885,0.0,16.281049107895885,16.281049107895885,70.14153945577638,12.066911823019167,2.8876067026617513,0.001,5000.0,-inf,0.8489354096978872,0.41255056181421595,5.0,1.715588927268982,17.665996992339867
10.720419645309448,16.89627241798471,60.98441590997556,6.283185307179586,0.0,12.066911823019167,70.14153945577638,2.390783049780447,0,16.89627241798471,0.0,16.89627241798471,16.89627241798471,65.8137765049411,12.72969356363506,2.609216950219553,0.001,5000.0,-inf,0.7690418687280984,27.64391326090398,5.0,1.715588927268982,0.0
10.730490446090698,16.89627241798471,60.98441590997556,6.283185307179586,0.0,12.72969356363506,65.8137765049411,2.4402948639583197,0,16.89627241798471,0.0,16.89627241798471,16.89627241798471,65.15099476432522,13.38581625260684,2.5597051360416803,0.001,5000.0,-inf,0.6998323260221732,4.916373112062204,5.0,1.715588927268982,0.0
10.740568161010742,18.91276532352045,100.2772486443632,6.283185307179586,0.0,13.38581625260684,65.15099476432522,2.52552422300821,0,18.91276532352045,0.0,18.91276532352045,18.91276532352045,100.0,14.393587744611235,2.47447577699179,0.001,5000.0,-inf,0.6348490934199559,8.457210759194467,5.0,1.715588927268982,0.0
10.750678777694702,18.91276532352045,100.2772486443632,6.283185307179586,0.0,14.393587744611235,100.0,3.015102284245573,0,18.91276532352045,0.0,18.91276532352045,18.91276532352045,100.0,15.404649413007231,1.984897715754427,0.001,5000.0,-inf,0.5763641840779603,48.42217606904796,5.0,1.715588927268982,0.0
10.760752201080322,20.677512474738435,87.69175949367603,6.283185307179586,0.0,15.404649413007231,100.0,3.1566509178210125,0,20.677512474738435,0.0,20.677512474738435,20.677512474738435,92.96462255540723,16.341121415892218,1.8433490821789875,0.001,5000.0,-inf,0.5237277656701643,14.051691084234692,5.0,1.8699249029159546,15.32110482592128
10.770824670791626,21.66276031984617,98.02706560695405,6.283185307179586,0.0,16.341121415892218,92.96462255540723,3.217403223778983,0,21.66276031984617,0.0,21.66276031984617,21.66276031984617,100.0,17.34836838702259,1.782596776221017,0.001,5000.0,-inf,0.4763549891031479,6.031520342006278,5.0,1.8699249029159546,0.0
10.780891418457031,21.66276031984617,98.02706560695405,6.283185307179586,0.0,17.34836838702259,100.0,3.4287715741831626,0,21.66276031984617,0.0,21.66276031984617,21.66276031984617,100.0,18.355043153563116,1.5712284258168374,0.001,5000.0,-inf,0.4337194901928331,20.996687056193363,5.0,1.8699249029159546,0.0
10.790981769561768,21.66276031984617,98.02706560695405,6.283185307179586,0.0,18.355043153563116,100.0,3.5697060414988364,0,21.66276031984617,0.0,21.66276031984617,21.66276031984617,100.0,19.36407826403675,1.4302939585011636,0.001,5000.0,-inf,0.3953475411735498,13.967251075090969,5.0,1.8699249029159546,0.0
10.801075220108032,21.66276031984617,98.02706560695405,6.283185307179586,0.0,19.36407826403675,100.0,3.710970956965145,0,21.66276031984617,0.0,21.66276031984617,21.66276031984617,100.0,20.373423318663214,1.289029043034855,0.001,5000.0,-inf,0.36081278705619485,13.99570095665525,5.0,2.002810001373291,13.165477737096964
10.811182498931885,26.178839580460796,112.15006369037324,6.283185307179586,0.0,20.373423318663214,100.0,3.85227926461285,0,26.178839580460796,0.0,26.178839580460796,26.178839580460796,100.0,21.384151201048468,1.14772073538715,0.001,5000.0,-inf,0.32973150835057535,13.980845894369354,5.0,2.002810001373291,0.0
10.821253299713135,27.13413583163528,94.5491266101786,6.283185307179586,0.0,21.384151201048468,100.0,3.9937811681467856,0,27.13413583163528,0.0,27.13413583163528,27.13413583163528,100.0,22.391231279173468,1.0062188318532144,0.001,5000.0,-inf,0.3017583575155178,14.050710227272727,5.0,2.002810001373291,0.0
10.83139157295227,27.13413583163528,94.5491266101786,6.283185307179586,0.0,22.391231279173468,100.0,4.134772379084286,0,27.13413583163528,0.0,27.13413583163528,27.13413583163528,99.29203116264041,23.3978810215691,0.8652276209157144,0.001,5000.0,-inf,0.2765825217639661,13.906826893681068,5.0,2.002810001373291,0.0
10.841487646102905,29.0644298631305,95.88497906695551,6.283185307179586,0.0,23.3978810215691,99.29203116264041,4.2686236546460785,0,29.0644298631305,0.0,29.0644298631305,29.0644298631305,100.0,24.407488336632575,0.7313763453539215,0.001,5000.0,-inf,0.2539242695875695,13.257756116136829,5.0,2.002810001373291,0.0
10.851558923721313,29.93627712757939,86.65590342584053,6.283185307179586,0.0,24.407488336632575,100.0,4.417048367128561,0,29.93627712757939,0.0,29.93627712757939,29.93627712757939,92.18469221678735,25.335905964115355,0.5829516328714393,0.001,5000.0,-inf,0.23353184262881255,14.737426382844685,5.0,2.117225170135498,11.360541641020784
10.861629962921143,29.93627712757939,86.65590342584053,6.283185307179586,0.0,25.335905964115355,92.18469221678735,4.468873757144024,0,29.93627712757939,0.0,29.93627712757939,29.93627712757939,91.25627458930457,26.254951482734608,0.5311262428559758,0.001,5000.0,-inf,0.2151786583659313,5.145982354665339,5.0,2.117225170135498,0.0
10.871718645095825,31.69933856944572,87.73792648417484,6.283185307179586,0.0,26.254951482734608,91.25627458930457,4.588255953475891,0,31.69933856944572,0.0,31.69933856944572,31.69933856944572,93.18231357088595,27.19503822865289,0.4117440465241087,0.001,5000.0,-inf,0.1986607925293382,11.83327953689083,5.0,2.117225170135498,0.0
10.881819486618042,31.69933856944572,87.73792648417484,6.283185307179586,0.0,27.19503822865289,93.18231357088595,4.739128487720264,0,31.69933856944572,0.0,31.69933856944572,31.69933856944572,92.24222682496767,28.12676234346826,0.2608715122797358,0.001,5000.0,-inf,0.18379471327640437,14.936630172102866,5.0,2.117225170135498,0.0
10.891886711120605,31.69933856944572,87.73792648417484,6.283185307179586,0.0,28.12676234346826,92.24222682496767,4.860168996335234,0,31.69933856944572,0.0,31.69933856944572,31.69933856944572,91.31050271015229,29.046005673693294,0.1398310036647663,0.001,5000.0,-inf,0.17041524194876395,12.023225327313229,5.0,2.117225170135498,0.0
10.901957988739014,33.94386643391224,74.2593744826929,6.283185307179586,0.0,29.046005673693294,91.31050271015229,4.979545821418585,0,33.94386643391224,0.0,33.94386643391224,33.94386643391224,79.15723524291185,29.843220165330305,0.020454178581415405,0.001,5000.0,-inf,0.15837371775388756,11.85319575196248,5.0,2.2157375812530518,9.781520761327588
10.912025451660156,34.677083247011375,73.29553868270509,6.283185307179586,0.0,29.843220165330305,79.15723524291185,4.969623175575362,0,34.677083247011375,0.0,34.677083247011375,34.677083247011375,78.12940176438616,30.629785020644313,0.030376824424638293,0.001,5000.0,-inf,0.2768887407280849,0.9856153353576738,5.0,2.2157375812530518,0.0
10.922090530395508,34.677083247011375,73.29553868270509,6.283185307179586,0.0,30.629785020644313,78.12940176438616,5.069463920534066,1,-inf,0.001882547758952297,-inf,-inf,-100.0,29.623277147109157,-0.06946392053406569,0.001,0.0,-inf,0.2541998666552764,9.919519517322152,5.0,2.2157375812530518,0.0
10.932223796844482,34.677083247011375,73.29553868270509,6.283185307179586,0.0,29.623277147109157,-100.0,3.1472588005952824,1,-inf,0.0018580901235646747,-inf,-inf,-100.0,28.609950502211696,1.8527411994047176,0.001,5000.0,-inf,0.23377987998974875,189.69254678320357,5.0,2.2157375812530518,0.0
10.94229793548584,36.880271018855396,72.94458833621296,5.105718610098582,-38.98434105155108,28.609950502211696,-100.0,3.005393070309638,1,-inf,0.001892161284090898,-inf,-inf,-100.0,27.602536638075954,1.9946069296903621,0.001,5000.0,-inf,0.2154018919907739,14.082169735409666,5.0,2.300558567047119,8.419676243669239
10.952372789382935,36.880271018855396,72.94458833621296,5.105718610098582,-38.98434105155108,27.602536638075954,-100.0,2.864355129330634,1,-inf,0.0019865238055131636,-inf,-inf,-100.0,26.59505124836648,2.135644870669366,0.001,5000.0,-inf,0.19886170279169652,13.999006081832595,5.0,2.300558567047119,0.0
10.962440729141235,36.880271018855396,72.94458833621296,5.105718610098582,-38.98434105155108,26.59505124836648,-100.0,2.723307174771308,1,-inf,0.002084814324528515,-inf,-inf,-100.0,25.588257272536403,2.276692825228692,0.001,5000.0,-inf,0.18397553251252688,14.009614473808847,5.0,2.300558567047119,0.0
10.972508907318115,36.880271018855396,72.94458833621296,5.105718610098582,-38.98434105155108,25.588257272536403,-100.0,2.582356018155097,0,36.880271018855396,0.0,36.880271018855396,36.880271018855396,84.23660208253196,26.436366391318266,2.417643981844903,0.001,5000.0,-inf,0.1705779792612742,13.999668474271235,5.0,2.300558567047119,0.0
10.982578754425049,36.880271018855396,72.94458833621296,5.105718610098582,-38.98434105155108,26.436366391318266,84.23660208253196,4.543457315609877,0,36.880271018855396,0.0,36.880271018855396,36.880271018855396,83.38849296375008,27.27607576594084,0.456542684390123,0.001,5000.0,-inf,0.15852018133514678,194.74985832748777,5.0,2.300558567047119,0.0
10.992645740509033,39.97877714622308,61.598619035182466,-1.5968645925517229,-133.24804027495014,27.27607576594084,83.38849296375008,4.652535536869219,0,39.97877714622308,0.0,39.97877714622308,39.97877714622308,74.30132041546472,28.024066124584987,0.3474644631307813,0.001,5000.0,-inf,0.14766816320163212,10.835241088976462,5.0,2.3735899925231934,7.25454717696097
11.002670049667358,39.97877714622308,61.598619035182466,-1.5968645925517229,-133.24804027495014,28.024066124584987,74.30132041546472,4.6663824615965455,0,39.97877714622308,0.0,39.97877714622308,39.97877714622308,73.55333005682056,28.76138744469889,0.33361753840345454,0.001,5000.0,-inf,0.2545027886865656,1.3813345646694124,5.0,2.3735899925231934,0.0
11.012827634811401,39.97877714622308,61.598619035182466,-1.5968645925517229,-133.24804027495014,28.76138744469889,73.55333005682056,4.76212754282605,0,39.97877714622308,0.0,39.97877714622308,39.97877714622308,72.81600873670666,29.50102225329136,0.23787245717394967,0.001,5000.0,-inf,0.23405250981790907,9.425968856943882,5.0,2.3735899925231934,0.0
11.022897005081177,39.97877714622308,61.598619035182466,-1.5968645925517229,-133.24804027495014,29.50102225329136,72.81600873670666,4.858303202827857,0,39.97877714622308,0.0,39.97877714622308,39.97877714622308,72.07637392811418,30.226785950076327,0.141696797172143,0.001,5000.0,-inf,0.21564725883611816,9.551308316716808,5.0,2.3735899925231934,0.0
11.033003807067871,39.97877714622308,61.598619035182466,-1.5968645925517229,-133.24804027495014,30.226785950076327,72.07637392811418,4.952513772291828,0,39.97877714622308,0.0,39.97877714622308,39.97877714622308,71.35061023132923,30.947912439314173,0.04748622770817157,0.001,5000.0,-inf,0.19908253295250636,9.32150145891848,5.0,2.4364700317382812,6.221556462456654
11.04307508468628,42.2366398968083,44.81326282375765,-6.283185307179586,-93.0124392222714,30.947912439314173,71.35061023132923,5.046213843817277,1,-inf,0.002124672356988352,-inf,-inf,-100.0,29.940784677473353,-0.04621384381727722,0.001,0.0,-inf,0.18417427965725572,9.303692647116044,5.0,2.4364700317382812,0.0
11.053144693374634,42.60166493707525,36.47731789030351,-6.283185307179586,0.0,29.940784677473353,-100.0,3.1917098548462697,1,-inf,0.002095221035129526,-inf,-inf,-100.0,28.933823808637904,1.8082901451537303,0.001,5000.0,-inf,0.17075685169153015,184.16842663565888,5.0,2.4364700317382812,0.0
11.063215494155884,42.60166493707525,36.47731789030351,-6.283185307179586,0.0,28.933823808637904,-100.0,3.050735333209307,1,-inf,0.002111214457352913,-inf,-inf,-100.0,27.926743730512904,1.9492646667906932,0.001,5000.0,-inf,0.15868116652237715,13.998342803030303,5.0,2.4364700317382812,0.0
11.073301076889038,43.28131372617525,33.77071547549259,-6.283185307179586,0.0,27.926743730512904,-100.0,2.909744122271807,1,-inf,0.0021878656790548946,-inf,-inf,-100.0,26.918185457197474,2.090255877728193,0.001,5000.0,-inf,0.14781304987013943,13.979480875608719,5.0,2.4364700317382812,0.0
11.083541631698608,43.28131372617525,33.77071547549259,-6.283185307179586,0.0,26.918185457197474,-100.0,2.7685459640076466,1,-inf,0.002269548137465462,-inf,-inf,-100.0,25.894129976240443,2.2314540359923534,0.001,5000.0,-inf,0.1380317448831255,13.788135593220339,5.0,1.8758752346038818,-54.74261966846713
11.0936119556427,43.913812643225974,31.382553029331884,-6.283185307179586,0.0,25.894129976240443,-100.0,2.6251781966736623,0,43.913812643225974,0.0,43.913812643225974,43.913812643225974,49.40223569631742,26.391626493264734,2.3748218033263377,0.001,5000.0,-inf,0.12922857039481295,14.236658932714617,5.0,1.8758752346038818,0.0
11.103681564331055,43.913812643225974,31.382553029331884,-6.283185307179586,0.0,26.391626493264734,49.40223569631742,4.188850066020238,0,43.913812643225974,0.0,43.913812643225974,43.913812643225974,48.904739179293124,26.88407807980625,0.8111499339797623,0.001,5000.0,-inf,0.12130571335533166,155.2862596492913,5.0,1.8758752346038818,0.0
11.113750219345093,44.46466154005291,27.444322468780882,-6.283185307179586,0.0,26.88407807980625,48.904739179293124,4.2528183229658065,0,44.46466154005291,0.0,44.46466154005291,44.46466154005291,45.02490592902754,27.337418324645142,0.7471816770341935,0.001,5000.0,-inf,0.1141751420197985,6.353207737913552,5.0,1.8758752346038818,0.0
11.123825788497925,44.46466154005291,27.444322468780882,-6.283185307179586,0.0,27.337418324645142,45.02490592902754,4.277487624740596,0,44.46466154005291,0.0,44.46466154005291,44.46466154005291,44.57156568418865,27.78650221694618,0.722512375259404,0.001,5000.0,-inf,0.18997496014613052,2.4484276173972175,5.0,1.8758752346038818,0.0
11.133891582489014,45.03042716085822,28.098053454024406,-6.283185307179586,0.0,27.78650221694618,44.57156568418865,4.335825967214352,0,45.03042716085822,0.0,45.03042716085822,45.03042716085822,45.341978397936444,28.24290523064821,0.664174032785648,0.001,5000.0,-inf,0.1759774641315175,5.795702010730827,5.0,1.2223608493804932,-64.92427579999526
11.143952131271362,45.03042716085822,28.098053454024406,-6.283185307179586,0.0,28.24290523064821,45.341978397936444,4.407426516270114,0,45.03042716085822,0.0,45.03042716085822,45.03042716085822,44.885575384234414,28.69447875142508,0.5925734837298862,0.001,5000.0,-inf,0.16337971771836576,7.116962563849993,5.0,1.2223608493804932,0.0
11.154021501541138,45.03042716085822,28.098053454024406,-6.283185307179586,0.0,28.69447875142508,44.885575384234414,4.466082779041856,0,45.03042716085822,0.0,45.03042716085822,45.03042716085822,44.43400186345754,29.141901168756124,0.533917220958144,0.001,5000.0,-inf,0.1520417459465292,5.825216592521886,5.0,1.2223608493804932,0.0
11.164089918136597,45.8593061937992,27.460846623490472,-6.283185307179586,0.0,29.141901168756124,44.43400186345754,4.524206182260433,0,45.8593061937992,0.0,45.8593061937992,45.8593061937992,44.178251648533546,29.58670621081258,0.4757938177395671,0.001,5000.0,-inf,0.14183757135187627,5.772844485278,5.0,1.2223608493804932,0.0
11.174157857894897,46.100316850474144,23.97817641572992,-6.283185307179586,0.0,29.58670621081258,44.178251648533546,4.583921385999097,0,46.100316850474144,0.0,46.100316850474144,46.100316850474144,40.491787055391484,29.994375083592203,0.4160786140009032,0.001,5000.0,-inf,0.13265381421668865,5.93122378284297,5.0,0.6596782803535461,-55.88855143506678
11.184224367141724,46.100316850474144,23.97817641572992,-6.283185307179586,0.0,29.994375083592203,40.491787055391484,4.604130382256823,0,46.100316850474144,0.0,46.100316850474144,46.100316850474144,40.08411818261186,30.39788222992834,0.39586961774317686,0.001,5000.0,-inf,0.2208118997250239,2.007547578034355,5.0,0.6596782803535461,0.0
11.194297313690186,46.100316850474144,23.97817641572992,-6.283185307179586,0.0,30.39788222992834,40.08411818261186,4.656544694016087,0,46.100316850474144,0.0,46.100316850474144,46.100316850474144,39.68061103627572,30.797582903907053,0.3434553059839134,0.001,5000.0,-inf,0.20373070975252153,5.203473631781246,5.0,0.6596782803535461,0.0
11.20436954498291,46.735051461085334,20.996978667788937,-6.283185307179586,0.0,30.797582903907053,39.68061103627572,4.708467716909745,0,46.735051461085334,0.0,46.735051461085334,46.735051461085334,36.934447224967215,31.169595199025853,0.29153228309025536,0.001,5000.0,-inf,0.18835763877726938,5.155066577071472,5.0,0.6596782803535461,0.0
11.214621543884277,46.90362879504678,16.756276184179544,-6.283185307179586,0.0,31.169595199025853,36.934447224967215,4.733087800113292,0,46.90362879504678,0.0,46.90362879504678,46.90362879504678,32.49030978020047,31.50268581919755,0.26691219988670767,0.001,5000.0,-inf,0.25825160899855504,2.4014910107203002,5.0,0.6596782803535461,0.0
11.22469186782837,47.06114038771076,15.669730394366823,-6.283185307179586,0.0,31.50268581919755,32.49030978020047,4.735279112489662,0,47.06114038771076,0.0,47.06114038771076,47.06114038771076,31.228184962880032,31.817163757959765,0.26472088751033773,0.001,5000.0,-inf,0.3824264480986995,0.2176009817097857,5.0,0.1752030849456787,-48.10919669491927
11.234756708145142,47.19062553556121,12.930338402212877,-6.283185307179586,0.0,31.817163757959765,31.228184962880032,4.766684775743168,0,47.19062553556121,0.0,47.19062553556121,47.19062553556121,28.303800179814324,32.102036987127434,0.23331522425683193,0.001,5000.0,-inf,0.40975081945743375,3.1203339809743547,5.0,0.1752030849456787,0.0
11.24482274055481,47.312347880720026,12.093244882132842,-6.283185307179586,0.0,32.102036987127434,28.303800179814324,4.777323179995984,0,47.312347880720026,0.0,47.312347880720026,47.312347880720026,27.303555775725435,32.376875464465066,0.22267682000401567,0.001,5000.0,-inf,0.5008324156572528,1.0568617127239281,5.0,0.1752030849456787,0.0
11.255079507827759,47.312347880720026,12.093244882132842,-6.283185307179586,0.0,32.376875464465066,27.303555775725435,4.805798122782364,0,47.312347880720026,0.0,47.312347880720026,47.312347880720026,27.028717298387804,32.65410272748097,0.19420187721763593,0.001,5000.0,-inf,0.5274046204877302,2.776210284255781,5.0,0.1752030849456787,0.0
11.265147686004639,47.48451380342198,8.558313006690124,-6.283185307179586,0.0,32.65410272748097,27.028717298387804,4.841861554831214,0,47.48451380342198,0.0,47.48451380342198,47.48451380342198,23.38872408263114,32.88958456887478,0.1581384451687864,0.001,5000.0,-inf,0.5253577728432155,3.5819223115919825,5.0,-0.24193479120731354,-41.43131645314831
11.275379180908203,47.48451380342198,8.558313006690124,-6.283185307179586,0.0,32.88958456887478,23.38872408263114,4.838429080468781,0,47.48451380342198,0.0,47.48451380342198,47.48451380342198,23.153242241237326,33.12647684886699,0.16157091953121938,0.001,5000.0,-inf,0.6228219955588941,0.3354812170445576,5.0,-0.24193479120731354,0.0
11.285446166992188,47.48451380342198,8.558313006690124,-6.283185307179586,0.0,33.12647684886699,23.153242241237326,4.869239181253753,0,47.48451380342198,0.0,47.48451380342198,47.48451380342198,22.916349961245114,33.35717542502256,0.13076081874624723,0.001,5000.0,-inf,0.6280345083329713,3.060508927690693,5.0,-0.24193479120731354,0.0
11.29572343826294,47.481311470795546,-0.10599062959173523,-6.283185307179586,0.0,33.35717542502256,22.916349961245114,4.89916805911561,0,47.481311470795546,0.0,47.481311470795546,47.481311470795546,14.01814541618125,33.501243708177505,0.10083194088439029,0.001,5000.0,-inf,0.6375064676819782,2.912142442618151,5.0,-0.24193479120731354,0.0
11.306028604507446,47.481311470795546,-0.10599062959173523,-6.283185307179586,0.0,33.501243708177505,14.01814541618125,4.830355573306663,0,47.481311470795546,0.0,47.481311470795546,47.481311470795546,13.874077133026306,33.64421837952245,0.16964442669333657,0.001,5000.0,-inf,0.5787558209137804,6.677474596358573,5.0,-0.24193479120731354,0.0
11.316152811050415,47.47869715422969,-0.0866680242604437,-6.283185307179586,0.0,33.64421837952245,13.874077133026306,4.848931344463407,0,47.47869715422969,0.0,47.47869715422969,47.47869715422969,13.7478107504468,33.78340405507362,0.15106865553659343,0.001,5000.0,-inf,0.6278704080975909,1.8347878500803592,5.0,-0.6010944843292236,-35.475342348813115
11.326221466064453,47.47869715422969,-0.0866680242604437,-6.283185307179586,0.0,33.78340405507362,13.7478107504468,4.867154675214775,0,47.47869715422969,0.0,47.47869715422969,47.47869715422969,13.608625074895631,33.92042460616813,0.13284532478522504,0.001,5000.0,-inf,0.6728752478481933,1.809907155023264,5.0,-0.6010944843292236,0.0
11.33641505241394,47.39158610772226,-4.327595238668481,-6.283185307179586,0.0,33.92042460616813,13.608625074895631,4.884945695612496,0,47.39158610772226,0.0,47.39158610772226,47.39158610772226,9.143566262885647,34.01363033841112,0.1150543043875043,0.001,5000.0,-inf,0.7154609024828309,1.745315121465131,5.0,-0.6010944843292236,0.0
11.346513748168945,47.352060793788326,-3.9104869164115414,-6.283185307179586,0.0,34.01363033841112,9.143566262885647,4.853343910006413,0,47.352060793788326,0.0,47.352060793788326,47.352060793788326,9.427943538965666,34.1088402718065,0.14665608999358692,0.001,5000.0,-inf,0.7091931244257033,3.129293759584833,5.0,-0.6010944843292236,0.0
11.356671810150146,47.31530152994385,-3.6563158646355234,-6.283185307179586,0.0,34.1088402718065,9.427943538965666,4.869517073442568,0,47.31530152994385,0.0,47.31530152994385,47.31530152994385,9.550145393501829,34.20585124064318,0.13048292655743232,0.001,5000.0,-inf,0.7530822959552759,1.592150497416256,5.0,-0.910334587097168,-30.4428249542318
11.366739988327026,47.177936005088064,-13.66035446723843,-6.283185307179586,0.0,34.20585124064318,9.550145393501829,4.884320627625064,0,47.177936005088064,0.0,47.177936005088064,47.177936005088064,-0.6882697027935425,34.198921618641705,0.1156793723749363,0.001,5000.0,-inf,0.7965078462231405,1.4703309697567966,5.0,-0.910334587097168,0.0
11.377023220062256,47.177936005088064,-13.66035446723843,-6.283185307179586,0.0,34.198921618641705,-0.6882697027935425,4.780966329581904,0,47.177936005088064,0.0,47.177936005088064,47.177936005088064,-0.6813400807920704,34.19191524070042,0.21903367041809574,0.001,5000.0,-inf,0.7218570616008265,10.050760374199898,5.0,-0.910334587097168,0.0
11.38708782196045,47.177936005088064,-13.66035446723843,-6.283185307179586,0.0,34.19191524070042,-0.6813400807920704,4.780054732890139,0,47.177936005088064,0.0,47.177936005088064,47.177936005088064,-0.6743337028507828,34.18512834043469,0.2199452671098614,0.001,5000.0,-inf,0.7996713554407439,0.09057454045244402,5.0,-0.910334587097168,0.0
11.397449016571045,46.66277791295387,-17.07911160490095,-6.283185307179586,0.0,34.18512834043469,-0.6743337028507828,4.779174630632349,0,46.66277791295387,0.0,46.66277791295387,46.66277791295387,-4.601462032381768,34.13745169682391,0.22082536936765074,0.001,5000.0,-inf,0.8697042198966695,0.08494216071275384,5.0,-1.1765934228897095,-25.69769662662801
11.407641172409058,46.513091965514626,-14.914913481451071,-6.283185307179586,0.0,34.13745169682391,-4.601462032381768,4.73322861723153,0,46.513091965514626,0.0,46.513091965514626,46.513091965514626,-2.539273212760355,34.11157102852417,0.2667713827684697,0.001,5000.0,-inf,0.8035878429413985,4.507977912725642,5.0,-1.1765934228897095,0.0
11.417893886566162,46.513091965514626,-14.914913481451071,-6.283185307179586,0.0,34.11157102852417,-2.539273212760355,4.75022721186578,0,46.513091965514626,0.0,46.513091965514626,46.513091965514626,-2.513392544460613,34.08580193320122,0.2497727881342202,0.001,5000.0,-inf,0.8359169995248843,1.6579604555219651,5.0,-1.1765934228897095,0.0
11.427960395812988,46.02008153550078,-24.40471160081664,-6.283185307179586,0.0,34.08580193320122,-2.513392544460613,4.746878345203564,0,46.02008153550078,0.0,46.02008153550078,46.02008153550078,-12.470431998517078,33.960268214176224,0.2531216547964359,0.001,5000.0,-inf,0.9023252995723959,0.3326740759982441,5.0,-1.1765934228897095,0.0
11.438190221786499,46.02008153550078,-24.40471160081664,-6.283185307179586,0.0,33.960268214176224,-12.470431998517078,4.629733229999501,0,46.02008153550078,0.0,46.02008153550078,46.02008153550078,-12.344898279492085,33.83398205311633,0.3702667700004989,0.001,5000.0,-inf,0.8170927696151563,11.451330209076895,5.0,-1.4058446884155273,-22.410084601580163
11.448258638381958,45.59218542074156,-21.340131338736228,-6.283185307179586,0.0,33.83398205311633,-12.344898279492085,4.613308504641366,0,45.59218542074156,0.0,45.59218542074156,45.59218542074156,-9.581927971111,33.7375072105155,0.386691495358634,0.001,5000.0,-inf,0.8489301170442188,1.6313116568441275,5.0,-1.4058446884155273,0.0
11.458364486694336,45.59218542074156,-21.340131338736228,-6.283185307179586,0.0,33.7375072105155,-9.581927971111,4.627431729761061,0,45.59218542074156,0.0,45.59218542074156,45.59218542074156,-9.485453128510173,33.64164866002461,0.372568270238939,0.001,5000.0,-inf,0.8851166976476933,1.3975298938928726,5.0,-1.4058446884155273,0.0
11.46843671798706,45.09917891916909,-24.464862894529354,-6.283185307179586,0.0,33.64164866002461,-9.485453128510173,4.614976281118343,0,45.09917891916909,0.0,45.09917891916909,45.09917891916909,-13.00733263538487,33.51063579721961,0.38502371888165676,0.001,5000.0,-inf,0.9228697313432273,1.2366126512319657,5.0,-1.4058446884155273,0.0
11.478784799575806,45.09917891916909,-24.464862894529354,-6.283185307179586,0.0,33.51063579721961,-13.00733263538487,4.561415685256897,0,45.09917891916909,0.0,45.09917891916909,45.09917891916909,-12.876319772579869,33.377390589650176,0.4385843147431032,0.001,5000.0,-inf,0.8355827582089046,5.175896169943283,5.0,-1.6032323837280273,-19.074810496970255
11.488893747329712,44.44006062116274,-32.70796377039376,-6.283185307179586,0.0,33.377390589650176,-12.876319772579869,4.544071484825227,0,44.44006062116274,0.0,44.44006062116274,44.44006062116274,-21.645293738881193,33.15857944612587,0.4559285151747732,0.001,5000.0,-inf,0.8628510382534939,1.7157275765885616,5.0,-1.6032323837280273,0.0
11.498965501785278,44.44006062116274,-32.70796377039376,-6.283185307179586,0.0,33.15857944612587,-21.645293738881193,4.42574818506881,0,44.44006062116274,0.0,44.44006062116274,44.44006062116274,-21.426482595356887,32.94277717457897,0.5742518149311904,0.001,5000.0,-inf,0.7815659344281445,11.748032607270611,5.0,-1.6032323837280273,0.0
11.509038209915161,44.44006062116274,-32.70796377039376,-6.283185307179586,0.0,32.94277717457897,-21.426482595356887,4.3977239784874875,0,44.44006062116274,0.0,44.44006062116274,44.44006062116274,-21.21068032380999,32.72912818244098,0.6022760215125125,0.001,5000.0,-inf,0.7798720476732179,2.782191861410377,5.0,-1.6032323837280273,0.0
11.519111394882202,43.605257332554814,-27.684233280528478,-6.283185307179586,0.0,32.72912818244098,-21.21068032380999,4.369971142303638,0,43.605257332554814,0.0,43.605257332554814,43.605257332554814,-16.808104130414645,32.55981704059002,0.6300288576963622,0.001,5000.0,-inf,0.7792198561156081,2.7551202796985943,5.0,-1.6032323837280273,0.0
11.529183864593506,43.29838472660906,-30.472241260652236,-6.283185307179586,0.0,32.55981704059002,-16.808104130414645,4.390293344378456,0,43.29838472660906,0.0,43.29838472660906,43.29838472660906,-19.733673574633197,32.36105021121677,0.6097066556215438,0.001,5000.0,-inf,0.8023974670543519,2.0175987277491667,5.0,-1.773184895515442,-16.87297322886832
11.539306402206421,43.01292946014595,-28.498670997507812,-6.283185307179586,0.0,32.36105021121677,-19.733673574633197,4.333210293824016,0,43.01292946014595,0.0,43.01292946014595,43.01292946014595,-17.846791748578635,32.18039539047192,0.666789706175984,0.001,5000.0,-inf,0.7271577203489167,5.639203600647495,5.0,-1.773184895515442,0.0
11.549402952194214,43.01292946014595,-28.498670997507812,-6.283185307179586,0.0,32.18039539047192,-17.846791748578635,4.3267874371802835,0,43.01292946014595,0.0,43.01292946014595,43.01292946014595,-17.666136927833787,32.002028355888854,0.6732125628197165,0.001,5000.0,-inf,0.8000550958310326,0.6361436977480397,5.0,-1.773184895515442,0.0
11.559475183486938,43.01292946014595,-28.498670997507812,-6.283185307179586,0.0,32.002028355888854,-17.666136927833787,4.3036226005461025,0,43.01292946014595,0.0,43.01292946014595,43.01292946014595,-17.487769893250718,31.825887492730086,0.6963773994538975,0.001,5000.0,-inf,0.812053730186115,2.2998713950218233,5.0,-1.773184895515442,0.0
11.569513082504272,41.806216213462505,-39.95770166986942,-6.283185307179586,0.0,31.825887492730086,-17.487769893250718,4.280746550049706,0,41.806216213462505,0.0,41.806216213462505,41.806216213462505,-29.977372949137003,31.52497765026169,0.719253449950294,0.001,5000.0,-inf,0.8235260554310883,2.2789679849232316,5.0,-1.9195160865783691,-14.577870409956772
11.579586029052734,41.806216213462505,-39.95770166986942,-6.283185307179586,0.0,31.52497765026169,-29.977372949137003,4.113723141545266,0,41.806216213462505,0.0,41.806216213462505,41.806216213462505,-29.676463106668606,31.226048223640817,0.8862768584547336,0.001,5000.0,-inf,0.7461734498879794,16.581385367317683,5.0,-1.9195160865783691,0.0
11.589656352996826,41.806216213462505,-39.95770166986942,-6.283185307179586,0.0,31.226048223640817,-29.676463106668606,4.0748821202430285,0,41.806216213462505,0.0,41.806216213462505,41.806216213462505,-29.377533680047733,30.930206942804265,0.9251178797569715,0.001,5000.0,-inf,0.7133868029186115,3.856978337328035,5.0,-1.9195160865783691,0.0
11.59972858428955,40.46680459782649,-44.311840868178926,-6.283185307179586,0.0,30.930206942804265,-29.377533680047733,4.03645363519212,0,40.46680459782649,0.0,40.46680459782649,40.46680459782649,-34.7752432131567,30.579942649900598,0.9635463648078799,0.001,5000.0,-inf,0.6852221060064786,3.815290170973951,5.0,-1.9195160865783691,0.0
11.609807968139648,40.07892157921191,-38.68963844250202,-6.283185307179586,0.0,30.579942649900598,-34.7752432131567,3.9334395388545174,0,40.07892157921191,0.0,40.07892157921191,40.07892157921191,-29.190659513190713,30.285718787829644,1.0665604611454826,0.001,5000.0,-inf,0.6216998954058307,10.22027713892498,5.0,-2.045508623123169,-12.500023654082694
11.619872570037842,40.07892157921191,-38.68963844250202,-6.283185307179586,0.0,30.285718787829644,-29.190659513190713,3.9480940351642433,0,40.07892157921191,0.0,40.07892157921191,40.07892157921191,-28.89643565111976,29.994887666724363,1.0519059648357567,0.001,5000.0,-inf,0.6787240657225306,1.4560433147739777,5.0,-2.045508623123169,0.0
11.629941463470459,38.87172512738783,-59.95960621783792,-6.283185307179586,0.0,29.994887666724363,-28.89643565111976,3.910319916830214,0,38.87172512738783,0.0,38.87172512738783,38.87172512738783,-51.08276875717445,29.48054071186535,1.0896800831697862,0.001,5000.0,-inf,0.6560789766893239,3.751566007408908,5.0,-2.045508623123169,0.0
11.640014410018921,38.87172512738783,-59.95960621783792,-6.283185307179586,0.0,29.48054071186535,-51.08276875717445,3.616448012089405,0,38.87172512738783,0.0,38.87172512738783,38.87172512738783,-50.56842180231544,28.97116770201055,1.3835519879105949,0.001,5000.0,-inf,0.5954710790203915,29.174373489123834,5.0,-2.045508623123169,0.0
11.650076627731323,38.87172512738783,-59.95960621783792,-6.283185307179586,0.0,28.97116770201055,-50.56842180231544,3.550279260258323,0,38.87172512738783,0.0,38.87172512738783,38.87172512738783,-50.05904879246064,28.46746265458504,1.449720739741677,0.001,5000.0,-inf,0.5409239711183524,6.575961057722368,5.0,-2.153989315032959,-10.78099232300256
11.660187721252441,37.094369327995146,-58.856549335353996,-6.283185307179586,0.0,28.46746265458504,-50.05904879246064,3.4848542837172998,0,37.094369327995146,0.0,37.094369327995146,37.094369327995146,-50.22964266194389,27.95958604009778,1.5151457162827002,0.001,5000.0,-inf,0.4918315740065172,6.470613332215336,5.0,-2.153989315032959,0.0
11.670498132705688,37.094369327995146,-58.856549335353996,-6.283185307179586,0.0,27.95958604009778,-50.22964266194389,3.4120456189942505,0,37.094369327995146,0.0,37.094369327995146,37.094369327995146,-49.721766047456626,27.44693417396641,1.5879543810057495,0.001,5000.0,-inf,0.4476484166058655,7.061664323795685,5.0,-2.153989315032959,0.0
11.680561304092407,36.092869447726294,-49.71765500610937,-6.283185307179586,0.0,27.44693417396641,-49.721766047456626,3.3453531238807317,0,36.092869447726294,0.0,36.092869447726294,36.092869447726294,-41.071719732349486,27.0336224191525,1.6546468761192683,0.001,5000.0,-inf,0.407883574945279,6.627383411310947,5.0,-2.153989315032959,0.0
11.690843105316162,36.092869447726294,-49.71765500610937,-6.283185307179586,0.0,27.0336224191525,-41.071719732349486,3.3739899413578556,0,36.092869447726294,0.0,36.092869447726294,36.092869447726294,-40.658407977535575,26.61558075025315,1.6260100586421444,0.001,5000.0,-inf,0.4434611685063248,2.785194622413231,5.0,-2.2473928928375244,-9.084359420289855
11.700987815856934,35.02121166987255,-53.23706345161217,-6.283185307179586,0.0,26.61558075025315,-40.658407977535575,3.319597225260086,0,35.02121166987255,0.0,35.02121166987255,35.02121166987255,-44.831432531992775,26.160778844087957,1.680402774739914,0.001,5000.0,-inf,0.40411505165569234,5.361682413624891,5.0,-2.2473928928375244,0.0
11.71135401725769,35.02121166987255,-53.23706345161217,-6.283185307179586,0.0,26.160778844087957,-44.831432531992775,3.2141947128523864,0,35.02121166987255,0.0,35.02121166987255,35.02121166987255,-44.37663062582758,25.700761753533634,1.7858052871476136,0.001,5000.0,-inf,0.3687035464901231,10.167901271916651,5.0,-2.2473928928375244,0.0
11.721416234970093,35.02121166987255,-53.23706345161217,-6.283185307179586,0.0,25.700761753533634,-44.37663062582758,3.1543403392364335,0,35.02121166987255,0.0,35.02121166987255,35.02121166987255,-43.91661353527326,25.25886322695028,1.8456596607635665,0.001,5000.0,-inf,0.3368331918411108,5.948427605792952,5.0,-2.2473928928375244,0.0
11.731578588485718,33.57273878635489,-47.920299804619496,-1.3575465768426955,162.95650914345276,25.25886322695028,-43.91661353527326,3.0970747164203067,0,33.57273878635489,0.0,33.57273878635489,33.57273878635489,-39.60642424521488,24.85636874228058,1.9029252835796933,0.001,5000.0,-inf,0.3081498726569998,5.635074860176705,5.0,-2.2473928928375244,0.0
11.741989135742188,33.57273878635489,-47.920299804619496,-1.3575465768426955,162.95650914345276,24.85636874228058,-39.60642424521488,3.0838273814671324,0,33.57273878635489,0.0,33.57273878635489,33.57273878635489,-39.203929760545186,24.448234378869103,1.9161726185328676,0.001,5000.0,-inf,0.40244348624070303,1.2724916977771408,5.0,-2.3278133869171143,-7.724905530745448
11.752066373825073,33.57273878635489,-47.920299804619496,-1.3575465768426955,162.95650914345276,24.448234378869103,-39.203929760545186,3.030713515436223,0,33.57273878635489,0.0,33.57273878635489,33.57273878635489,-38.79579539713371,24.057279912037263,1.969286484563777,0.001,5000.0,-inf,0.36719913761663275,5.27067690512474,5.0,-2.3278133869171143,0.0
11.762129783630371,32.27955945004952,-42.84722418996092,3.598108029949027,164.19690446946376,24.057279912037263,-38.79579539713371,2.98006123371388,0,32.27955945004952,0.0,32.27955945004952,32.27955945004952,-34.62494465194867,23.708834904518945,2.01993876628612,0.001,5000.0,-inf,0.3354792238549695,5.033312038597237,5.0,-2.3278133869171143,0.0
11.772191762924194,32.27955945004952,-42.84722418996092,3.598108029949027,164.19690446946376,23.708834904518945,-34.62494465194867,2.972987440113166,0,32.27955945004952,0.0,32.27955945004952,32.27955945004952,-34.276499644430345,23.363945474831947,2.027012559886834,0.001,5000.0,-inf,0.44538947892803166,0.7030220788723043,5.0,-2.3278133869171143,0.0
11.782342910766602,32.27955945004952,-42.84722418996092,3.598108029949027,164.19690446946376,23.363945474831947,-34.276499644430345,2.9281873700321697,0,32.27955945004952,0.0,32.27955945004952,32.27955945004952,-33.931610214743344,23.019500683011152,2.0718126299678303,0.001,5000.0,-inf,0.42475527926682155,4.41330091695056,5.0,-2.19295597076416,13.284942574629495
11.792446374893188,31.180529665465425,-36.341501080865335,6.283185307179586,88.78716495350349,23.019500683011152,-33.931610214743344,2.8834139934741283,0,31.180529665465425,0.0,31.180529665465425,31.180529665465425,-28.180472098411062,22.734780294094573,2.1165860065258717,0.001,5000.0,-inf,0.4055984824302204,4.431487655825073,5.0,-2.19295597076416,0.0
11.802510738372803,30.863374797950165,-31.732161194597687,6.283185307179586,0.0,22.734780294094573,-28.180472098411062,2.90106452018913,0,30.863374797950165,0.0,30.863374797950165,30.863374797950165,-23.603566690742095,22.49722541950363,2.09893547981087,0.001,5000.0,-inf,0.4746395451945421,1.7537648308065736,5.0,-2.19295597076416,0.0
11.812575817108154,30.863374797950165,-31.732161194597687,6.283185307179586,0.0,22.49722541950363,-23.603566690742095,2.913575891823087,0,30.863374797950165,0.0,30.863374797950165,30.863374797950165,-23.36601181615115,22.26204467084291,2.086424108176913,0.001,5000.0,-inf,0.5532329468485235,1.243047567031309,5.0,-2.19295597076416,0.0
11.82264256477356,30.863374797950165,-31.732161194597687,6.283185307179586,0.0,22.26204467084291,-23.36601181615115,2.8830261357564964,0,30.863374797950165,0.0,30.863374797950165,30.863374797950165,-23.130831067490433,22.02919243119537,2.1169738642435036,0.001,5000.0,-inf,0.5662353551637564,3.0347195620663188,5.0,-1.4953701496124268,69.2960471780783
11.832755088806152,29.965894961660968,-29.73078015106751,6.283185307179586,0.0,22.02919243119537,-23.130831067490433,2.8527786296924478,0,29.965894961660968,0.0,29.965894961660968,29.965894961660968,-21.79407762060191,21.80879929748884,2.1472213703075522,0.001,5000.0,-inf,0.579343247612869,2.9910936148641567,5.0,-1.4953701496124268,0.0
11.842814207077026,29.965894961660968,-29.73078015106751,6.283185307179586,0.0,21.80879929748884,-21.79407762060191,2.835291125442419,0,29.965894961660968,0.0,29.965894961660968,29.965894961660968,-21.57368448689538,21.59178705369664,2.164708874557581,0.001,5000.0,-inf,0.6315025746901396,1.738472873975803,5.0,-1.4953701496124268,0.0
11.852878332138062,29.44642174682399,-25.81305780119904,6.283185307179586,0.0,21.59178705369664,-21.57368448689538,2.807113342648576,0,29.44642174682399,0.0,29.44642174682399,29.44642174682399,-17.95842310807169,21.41105123763802,2.192886657351424,0.001,5000.0,-inf,0.6442468647058573,2.7998243884048795,5.0,-1.4953701496124268,0.0
11.862937927246094,29.44642174682399,-25.81305780119904,6.283185307179586,0.0,21.41105123763802,-17.95842310807169,2.8179629421886063,0,29.44642174682399,0.0,29.44642174682399,29.44642174682399,-17.77768729201307,21.232214901523154,2.1820370578113937,0.001,5000.0,-inf,0.7111805777663871,1.0785324283446935,5.0,-1.4953701496124268,0.0
11.873004913330078,29.44642174682399,-25.81305780119904,6.283185307179586,0.0,21.232214901523154,-17.77768729201307,2.794733213293111,0,29.44642174682399,0.0,29.44642174682399,29.44642174682399,-17.598850955898204,21.055047513856007,2.205266786706889,0.001,5000.0,-inf,0.731820345977774,2.307515745199206,5.0,-0.8947416543960571,59.663189181508145
11.88312816619873,29.44642174682399,-25.81305780119904,6.283185307179586,0.0,21.055047513856007,-17.598850955898204,2.7717181423808595,0,29.44642174682399,0.0,29.44642174682399,29.44642174682399,-17.421683568231057,20.878683405697156,2.2282818576191405,0.001,5000.0,-inf,0.7514926601621529,2.273485727450322,5.0,-0.8947416543960571,0.0
11.893193006515503,29.44642174682399,-25.81305780119904,6.283185307179586,0.0,20.878683405697156,-17.421683568231057,2.748798841115292,0,29.44642174682399,0.0,29.44642174682399,29.44642174682399,-17.245319460072206,20.705112019119802,2.251201158884708,0.001,5000.0,-inf,0.7690791912616055,2.2771649170999617,5.0,-0.8947416543960571,0.0
11.903259038925171,28.291232965739397,-22.965271235464137,6.283185307179586,0.0,20.705112019119802,-17.245319460072206,2.7262624880760504,0,28.291232965739397,0.0,28.291232965739397,28.291232965739397,-15.379150288844542,20.550304993879134,2.2737375119239496,0.001,5000.0,-inf,0.7861416085942274,2.2388516271412318,5.0,-0.8947416543960571,0.0
11.91332483291626,28.291232965739397,-22.965271235464137,6.283185307179586,0.0,20.550304993879134,-15.379150288844542,2.7232511962546333,0,28.291232965739397,0.0,28.291232965739397,28.291232965739397,-15.224343263603874,20.397059890938078,2.2767488037453667,0.001,5000.0,-inf,0.8575274477348047,0.29916088329276264,5.0,-0.377594918012619,51.37664617826097
11.923391103744507,28.291232965739397,-22.965271235464137,6.283185307179586,0.0,20.397059890938078,-15.224343263603874,2.7033449520952924,0,28.291232965739397,0.0,28.291232965739397,28.291232965739397,-15.071098160662817,20.245350135173748,2.2966550479047076,0.001,5000.0,-inf,0.8741657499239334,1.977519232194888,5.0,-0.377594918012619,0.0
11.933458089828491,27.69580106330588,-19.70368531589607,6.283185307179586,0.0,20.245350135173748,-15.071098160662817,2.6836380373176967,0,27.69580106330588,0.0,27.69580106330588,27.69580106330588,-12.25323438776394,20.12199699510833,2.3163619626823033,0.001,5000.0,-inf,0.8897827589674614,1.957578426471406,5.0,-0.377594918012619,0.0
11.9435715675354,27.69580106330588,-19.70368531589607,6.283185307179586,0.0,20.12199699510833,-12.25323438776394,2.694547235437527,0,27.69580106330588,0.0,27.69580106330588,27.69580106330588,-12.12988124769852,19.999321711522274,2.305452764562473,0.001,5000.0,-inf,0.9321581530453051,1.0786792076851435,5.0,-0.377594918012619,0.0
11.953772068023682,27.69580106330588,-19.70368531589607,6.283185307179586,0.0,19.999321711522274,-12.12988124769852,2.6786062271361333,0,27.69580106330588,0.0,27.69580106330588,27.69580106330588,-12.007205964112465,19.876842201222452,2.3213937728638667,0.001,5000.0,-inf,0.954697614594155,1.5627672700675064,5.0,-0.377594918012619,0.0
11.96401333808899,27.69580106330588,-19.70368531589607,6.283185307179586,0.0,19.876842201222452,-12.007205964112465,2.6626858485300184,0,27.69580106330588,0.0,27.69580106330588,27.69580106330588,-11.884726453812643,19.755127507956647,2.3373141514699816,0.001,5000.0,-inf,0.9752484994854396,1.554531664978277,5.0,0.06767342984676361,43.477844546618556
11.974218368530273,26.90041678410109,-19.77805653326953,6.283185307179586,0.0,19.755127507956647,-11.884726453812643,2.6468705865758047,0,26.90041678410109,0.0,26.90041678410109,26.90041678410109,-12.632767257125089,19.626209733540026,2.3531294134241953,0.001,5000.0,-inf,0.9938983211514867,1.549751570581658,5.0,0.06767342984676361,0.0
11.984579801559448,26.90041678410109,-19.77805653326953,6.283185307179586,0.0,19.626209733540026,-12.632767257125089,2.621341690124353,0,26.90041678410109,0.0,26.90041678410109,26.90041678410109,-12.503849482708468,19.49665193451806,2.378658309875647,0.001,5000.0,-inf,0.9812292520912893,2.4638383879497874,5.0,0.06767342984676361,0.0
11.994644403457642,26.90041678410109,-19.77805653326953,6.283185307179586,0.0,19.49665193451806,-12.503849482708468,2.604492776005444,0,26.90041678410109,0.0,26.90041678410109,26.90041678410109,-12.3742916836865,19.37210961494963,2.395507223994556,0.001,5000.0,-inf,0.9952749710746269,1.6740765595441427,5.0,0.06767342984676361,0.0
