t,ins_ref,ins_vel_ref,tws_ref,tws_vel_ref,xm,xm_dot,pm,mode_impedance,xr,dx,xc,x_ref,v_cmd,x_cmd,dF,ke_hat,be_hat,xe_hat,hysteresis_current,dfdt_abs,f_safe,tws_meas,tws_meas_vel
0.0,0.0,0.0,0.0,0.0,0.0033669995609670877,-2.4363771080970764,-0.02389239114243537,0,0.0,0.0,0.0,0.0,-0.0033669995609670877,0.0033108829016176363,5.023892391142436,100.0,0.5,0.0,0.2,0.0,5.0,4.268392306272517e-10,0.0
0.016762256622314453,0.0,0.0,0.0,0.0,0.0033108829016176363,-2.4363771080970764,-0.023900247474744295,0,0.0,0.0,0.0,0.0,-0.0033108829016176363,0.0032553850327742885,5.023900247474744,100.0,0.5,0.0,0.33000000000000007,0.000468691804805408,5.0,4.268392306272517e-10,0.0
0.03350019454956055,0.0,0.0,-0.023524340239349167,-1.4060311273710462,0.0032553850327742885,-2.436380833387375,-0.02390805442928535,0,0.0,0.0,0.0,0.0,-0.0032553850327742885,0.0032008966001664265,5.023908054429286,100.0,0.5,0.0,0.4470000000000001,0.00046642272034864773,5.0,4.226754224401219e-10,-2.4876470478193947e-10
0.05024886131286621,0.0,0.0,-0.023524340239349167,-1.4060311273710462,0.0032008966001664265,-2.436380833387375,-0.023915682809850448,0,0.0,0.0,0.0,0.0,-0.0032008966001664265,0.003147285849666441,5.02391568280985,100.0,0.5,0.0,0.5523000000000001,0.00045546195842956574,5.0,4.226754224401219e-10,0.0
0.06698989868164062,0.0,0.0,-0.023524340239349167,-1.4060311273710462,0.003147285849666441,-2.436380833387375,-0.023923188314920445,0,0.0,0.0,0.0,0.0,-0.003147285849666441,0.0030945970196469604,5.02392318831492,100.0,0.5,0.0,0.6470700000000001,0.0004483297483104005,5.0,4.226754224401219e-10,0.0
0.08376383781433105,0.0,0.0,-0.19538879265684336,-3.4230591643002923,0.0030945970196469604,-20.969482138752937,-0.2092615778047788,0,0.0,0.0,0.0,0.0,-0.0030945970196469604,0.003042688437599197,5.209261577804779,100.0,0.5,0.0,0.5873630000000002,11.049186957442554,5.0,3.8458222717530077e-10,-2.2709749310215386e-09
0.10050725936889648,-0.006304284145304902,-0.3758273406738339,-0.41305052854189905,-12.97581604488015,0.003042688437599197,-20.969482138752937,-0.2092688450062655,0,-0.006304284145304902,0.0,-0.006304284145304902,-0.006304284145304902,-0.385174313256738,-0.0034064474612486074,5.209268845006266,100.0,0.5,0.0,0.6786267000000002,0.000434033238846103,5.0,3.8458222717530077e-10,0.0
0.11735057830810547,-0.011945032224915508,-0.33813563482832515,-0.5912627110982678,-10.682960598906767,-0.0034064474612486074,-20.969482138752937,0.0,0,-0.011945032224915508,0.0,-0.011945032224915508,-0.011945032224915508,-0.34667421959199207,-0.009245591909837902,5.0,100.0,0.5,0.0,0.6157640300000002,12.424442341889979,5.0,3.8458222717530077e-10,0.0
0.13419294357299805,-0.016990333970654473,-0.30150211995611625,-0.7506625323761698,-9.525571800834761,-0.009245591909837902,-3.5778433084487915,0.0,0,-0.016990333970654473,0.0,-0.016990333970654473,-0.016990333970654473,-0.3092468620169328,-0.014454040516948919,5.0,100.0,0.5,0.0,0.7041876270000003,0.0,5.0,-0.0032696551643311977,-0.19413280127161991
0.15111064910888672,-0.02150126714961948,-0.2686196504048504,-0.7947465508078766,-2.6251405529095155,-0.014454040516948919,-3.5778433084487915,0.0,0,-0.02150126714961948,0.0,-0.02150126714961948,-0.02150126714961948,-0.27566687703752096,-0.01911769156866773,5.0,100.0,0.5,0.0,0.7837688643000003,0.0,5.0,-0.0032696551643311977,0.0
0.16785454750061035,-0.025537500741701042,-0.2419976942678551,-0.8341914702976446,-2.364972033787123,-0.01911769156866773,-3.5778433084487915,0.0,0,-0.025537500741701042,0.0,-0.025537500741701042,-0.025537500741701042,-0.24841750344088842,-0.02327716900500762,5.0,100.0,0.5,0.0,0.8553919778700003,0.0,5.0,-0.0032696551643311977,0.0
0.1846766471862793,-0.024898737438366868,0.03814032996266979,-0.9210356954583984,-5.185437838545805,-0.02327716900500762,3.8438630290329456,0.0,0,-0.024898737438366868,0.0,-0.024898737438366868,-0.024898737438366868,0.036518761529310544,-0.022662846758164386,5.0,100.0,0.5,0.0,0.9198527800830003,0.0,5.0,-0.060225218534469604,-3.3857582843038254
0.20141267776489258,-0.024898737438366868,0.03814032996266979,-0.9210356954583984,-5.185437838545805,-0.022662846758164386,3.8438630290329456,0.0,0,-0.024898737438366868,0.0,-0.024898737438366868,-0.024898737438366868,0.03590443928246731,-0.022061948964425045,5.0,100.0,0.5,0.0,0.9778675020747003,0.0,5.0,-0.060225218534469604,0.0
0.21831941604614258,-0.02438754581233577,0.015296703802098518,-1.1311078948341289,-6.286120599930254,-0.022061948964425045,3.8438630290329456,0.0,0,-0.02438754581233577,0.0,-0.02438754581233577,-0.02438754581233577,0.012971106954187791,-0.02184264985393249,5.0,100.0,0.5,0.0,1.0300807518672304,0.0,5.0,-0.060225218534469604,0.0
0.2350625991821289,-0.02438754581233577,0.015296703802098518,-1.1311078948341289,-6.286120599930254,-0.02184264985393249,5.137619562447071,0.0,0,-0.02438754581233577,0.0,-0.02438754581233577,-0.02438754581233577,0.012751807843695236,-0.021629143999890594,5.0,100.0,0.5,0.0,1.0770726766805074,0.0,5.0,-0.1677989810705185,-6.424928979295418
0.2517993450164795,-0.02398460612746585,0.011288835294961275,-1.1738436755543762,-1.1972938081494633,-0.021629143999890594,5.137619562447071,0.0,0,-0.02398460612746585,0.0,-0.02398460612746585,-0.02398460612746585,0.00893337316738602,-0.021479628403744646,5.0,100.0,0.5,0.0,1.1193654090124567,0.0,5.0,-0.1677989810705185,0.0
0.268862247467041,-0.02362399339246204,0.021661884694050927,-1.2120902602089167,-2.29745936931253,-0.021479628403744646,5.137619562447071,0.0,0,-0.02362399339246204,0.0,-0.02362399339246204,-0.02362399339246204,0.01951751970533353,-0.02114660286893563,5.0,100.0,0.5,0.0,1.1574288681112113,0.0,5.0,-0.1677989810705185,0.0
0.2856025695800781,-0.023301442896909896,0.019277762741832873,-1.2001171310281398,0.7155938273454586,-0.02114660286893563,4.356394987553358,0.0,0,-0.023301442896909896,0.0,-0.023301442896909896,-0.023301442896909896,0.017122922713858606,-0.020859959627188996,5.0,100.0,0.5,0.0,1.1916859813000902,0.0,5.0,-0.30168959498405457,-7.998090658558122
0.3023216724395752,-0.023012947305627328,0.01723701157405741,-1.189408125678147,0.6398407973717378,-0.020859959627188996,4.356394987553358,0.0,0,-0.023012947305627328,0.0,-0.023012947305627328,-0.023012947305627328,0.015084023895619077,-0.02060776828014303,5.0,100.0,0.5,0.0,1.2225173831700813,0.0,5.0,-0.30168959498405457,0.0
0.3190586566925049,-0.02275489961529292,0.015423964825861754,-1.115872976099385,4.395325372211132,-0.02060776828014303,4.356394987553358,0.0,0,-0.02275489961529292,0.0,-0.02275489961529292,-0.02275489961529292,0.013276833490711864,-0.020385554127080215,5.0,100.0,0.5,0.0,1.2502656448530733,0.0,5.0,-0.30168959498405457,0.0
0.3357996940612793,-0.022524127065128654,0.013771896905996873,-1.0501103491484904,3.9245400633246326,-0.020385554127080215,2.89083831012249,0.0,0,-0.022524127065128654,0.0,-0.022524127065128654,-0.022524127065128654,0.011633323967948434,-0.02019080021580973,5.0,100.0,0.5,0.0,1.2752390803677662,0.0,5.0,-0.42291054129600525,-7.240945924776051
0.35259318351745605,-0.022524127065128654,0.013771896905996873,-1.0501103491484904,3.9245400633246326,-0.02019080021580973,2.89083831012249,0.0,0,-0.022524127065128654,0.0,-0.022524127065128654,-0.022524127065128654,0.011438570056677949,-0.019998706710169168,5.0,100.0,0.5,0.0,1.2977151723309897,0.0,5.0,-0.42291054129600525,0.0
0.36933112144470215,-0.07299093036251635,-1.5062914687491737,-0.7746562975162525,8.2215250599697,-0.019998706710169168,1.4116172678768635,0.0,0,-0.07299093036251635,0.0,-0.07299093036251635,-0.07299093036251635,-1.559283692401521,-0.04609790036455291,5.0,100.0,0.5,0.0,1.3179436550978907,0.0,5.0,-0.5294463634490967,-6.364931129280383
0.3860764503479004,-0.13284484121814616,-3.5854422822333047,-0.5177774831110384,15.387869387515313,-0.04609790036455291,1.4116172678768635,0.0,0,-0.13284484121814616,0.0,-0.13284484121814616,-0.13284484121814616,-3.6721892230868978,-0.10758991669992304,5.0,100.0,0.5,0.0,1.3361492895881018,0.0,5.0,-0.5294463634490967,0.0
0.402820348739624,-0.18637205459454606,-3.19422651984019,-0.28805135638040374,13.70886395940597,-0.10758991669992304,1.4116172678768635,0.0,0,-0.18637205459454606,0.0,-0.18637205459454606,-0.18637205459454606,-3.273008657734813,-0.1623928411002665,5.0,100.0,0.5,0.0,1.3525343606292917,0.0,5.0,-0.5294463634490967,0.0
0.4197080135345459,-0.2589008343047422,-4.337831009334149,-0.031231930596337387,15.359961568592347,-0.1623928411002665,0.14502223348245025,0.0,0,-0.2589008343047422,0.0,-0.2589008343047422,-0.2589008343047422,-4.434339002538625,-0.23727847176218697,5.0,100.0,0.5,0.0,1.3672809245663626,0.0,5.0,-0.6018136739730835,-4.285217133498984
0.43644165992736816,-0.2589008343047422,-4.337831009334149,-0.031231930596337387,15.359961568592347,-0.23727847176218697,0.14502223348245025,0.0,0,-0.2589008343047422,0.0,-0.2589008343047422,-0.2589008343047422,-4.359453371876704,-0.3102280229531684,5.0,100.0,0.5,0.0,1.3805528321097262,0.0,5.0,-0.6018136739730835,0.0
0.45318102836608887,-0.34477839517154973,-2.568466443145897,0.2402856918490432,8.120676634672126,-0.3102280229531684,-2.134662354364991,0.0,0,-0.34477839517154973,0.0,-0.34477839517154973,-0.34477839517154973,-2.603016815364278,-0.3538008804777365,5.0,100.0,0.5,0.0,1.3924975488987537,0.0,5.0,-0.590133547782898,0.6977638513032332
0.4699130058288574,-0.34477839517154973,-2.568466443145897,0.2402856918490432,8.120676634672126,-0.3538008804777365,-2.134662354364991,0.0,0,-0.34477839517154973,0.0,-0.34477839517154973,-0.34477839517154973,-2.55944395783971,-0.3966254390975297,5.0,100.0,0.5,0.0,1.4032477940088786,0.0,5.0,-0.590133547782898,0.0
0.4866454601287842,-0.4134618589110544,-2.04951143068056,0.6572806451521731,12.443110419885679,-0.3966254390975297,-2.134662354364991,0.0,0,-0.4134618589110544,0.0,-0.4134618589110544,-0.4134618589110544,-2.066347850494085,-0.4312005100736738,5.0,100.0,0.5,0.0,1.412923014607991,0.0,5.0,-0.590133547782898,0.0
0.5033767223358154,-0.4748987953241209,-3.673450250115046,1.0302800694068757,22.30246018630889,-0.4312005100736738,-5.885664839297533,0.0,0,-0.4748987953241209,0.0,-0.4748987953241209,-0.4748987953241209,-3.717148535365493,-0.4933930968813561,5.0,100.0,0.5,0.0,1.421630713147192,0.0,5.0,-0.5124517679214478,4.642912106703147
0.5201120376586914,-0.5298577757375885,-3.288275247270108,1.4184944645476845,23.227428467043378,-0.4933930968813561,-5.885664839297533,0.0,0,-0.5298577757375885,0.0,-0.5298577757375885,-0.5298577757375885,-3.3247399261263406,-0.5490336679116358,5.0,100.0,0.5,0.0,1.4294676418324728,0.0,5.0,-0.5124517679214478,0.0
0.5368673801422119,-0.5298577757375885,-3.288275247270108,1.4184944645476845,23.227428467043378,-0.5490336679116358,-7.647776510566473,0.0,0,-0.5298577757375885,0.0,-0.5298577757375885,-0.5298577757375885,-3.2690993550960608,-0.6038085472189263,5.0,100.0,0.5,0.0,1.4365208776492255,0.0,5.0,-0.40782856941223145,6.244169500690126
0.5536046028137207,-0.6805448069405033,-4.498126224814853,1.4910321389902952,2.1653065502234017,-0.6038085472189263,-7.647776510566473,0.0,0,-0.6805448069405033,0.0,-0.6805448069405033,-0.6805448069405033,-4.57486248453643,-0.6803790393141445,5.0,100.0,0.5,0.0,1.4428687898843031,0.0,5.0,-0.40782856941223145,0.0
0.570298433303833,-0.6805448069405033,-4.498126224814853,1.4910321389902952,2.1653065502234017,-0.6803790393141445,-7.647776510566473,0.0,0,-0.6805448069405033,0.0,-0.6805448069405033,-0.6805448069405033,-4.498291992441212,-0.7554727633309876,5.0,100.0,0.5,0.0,1.4485819108958728,0.0,5.0,-0.40782856941223145,0.0
0.5870332717895508,-0.6805448069405033,-4.498126224814853,1.4910321389902952,2.1653065502234017,-0.7554727633309876,-9.738708846271038,0.0,0,-0.6805448069405033,0.0,-0.6805448069405033,-0.6805448069405033,-4.423198268424369,-0.8294942719433759,5.0,100.0,0.5,0.0,1.4537237198062858,0.0,5.0,-0.15398745238780975,15.168423480218262
0.6037771701812744,-0.6805448069405033,-4.498126224814853,1.4910321389902952,2.1653065502234017,-0.8294942719433759,-9.738708846271038,0.0,0,-0.6805448069405033,0.0,-0.6805448069405033,-0.6805448069405033,-4.34917675981198,-0.9023164456973135,5.0,100.0,0.5,0.0,1.4583513478256571,0.0,5.0,-0.15398745238780975,0.0
0.6205651760101318,-0.8994208404862508,-3.274162578882271,1.5942195944509536,1.543579257199733,-0.9023164456973135,-9.738708846271038,0.0,0,-0.8994208404862508,0.0,-0.8994208404862508,-0.8994208404862508,-3.2712669736712083,-0.9572344947190545,5.0,100.0,0.5,0.0,1.4625162130430915,0.0,5.0,-0.15398745238780975,0.0
0.6377909183502197,-0.8994208404862508,-3.274162578882271,1.5942195944509536,1.543579257199733,-0.9572344947190545,-12.292866595089436,0.0,0,-0.8994208404862508,0.0,-0.8994208404862508,-0.8994208404862508,-3.216348924649467,-1.0126384925708851,5.0,100.0,0.5,0.0,1.4662645917387827,0.0,5.0,0.07465430349111557,13.273259948096886
0.6545307636260986,-0.8994208404862508,-3.274162578882271,1.5942195944509536,1.543579257199733,-1.0126384925708851,-12.292866595089436,0.0,0,-0.8994208404862508,0.0,-0.8994208404862508,-0.8994208404862508,-3.1609449267976366,-1.065552221571052,5.0,100.0,0.5,0.0,1.4696381325649046,0.0,5.0,0.07465430349111557,0.0
0.6712658405303955,-1.134189947943053,-4.676099375451114,1.8847977164909913,5.787695790602232,-1.065552221571052,-12.292866595089436,0.0,0,-1.134189947943053,0.0,-1.134189947943053,-1.134189947943053,-4.744737101823116,-1.1449557618607324,5.0,100.0,0.5,0.0,1.4726743193084144,0.0,5.0,0.07465430349111557,0.0
0.6880168914794922,-1.134189947943053,-4.676099375451114,1.8847977164909913,5.787695790602232,-1.1449557618607324,-13.657732866704464,0.0,0,-1.134189947943053,0.0,-1.134189947943053,-1.134189947943053,-4.665333561533435,-1.2231050020445098,5.0,100.0,0.5,0.0,1.4754068873775732,0.0,5.0,0.2715170383453369,11.752261720918316
0.7047524452209473,-1.2220246396327505,-2.6259713506223745,2.223687566849005,10.131703327436284,-1.2231050020445098,-13.657732866704464,0.0,0,-1.2220246396327505,0.0,-1.2220246396327505,-1.2220246396327505,-2.6248909882106153,-1.2670340062431698,5.0,100.0,0.5,0.0,1.4778661986398158,0.0,5.0,0.2715170383453369,0.0
0.7214932441711426,-1.2220246396327505,-2.6259713506223745,2.223687566849005,10.131703327436284,-1.2670340062431698,-14.821812510490417,0.0,0,-1.2220246396327505,0.0,-1.2220246396327505,-1.2220246396327505,-2.5809619840119553,-1.3102413719156112,5.0,100.0,0.5,0.0,1.4800795787758343,0.0,5.0,0.45535993576049805,10.981727811325054
0.7382354736328125,-1.2922984001880684,-2.100312927489821,2.494822624541476,8.103571834880299,-1.3102413719156112,-14.821812510490417,0.0,0,-1.2922984001880684,0.0,-1.2922984001880684,-1.2922984001880684,-2.082369955762278,-1.3451048875390708,5.0,100.0,0.5,0.0,1.482071620898251,0.0,5.0,0.45535993576049805,0.0
0.7549765110015869,0.24184410112821775,91.69055871983961,2.24339508708807,-15.026981761392031,-1.3451048875390708,-14.821812510490417,0.0,0,0.24184410112821775,0.0,0.24184410112821775,0.24184410112821775,93.2775077085069,0.21645735467518668,5.0,100.0,0.5,0.0,1.483864458808426,0.0,5.0,0.45535993576049805,0.0
0.7717189788818359,2.674827524095741,145.39676715660576,1.8153380439093947,-25.580984091080587,0.21645735467518668,-16.28001034259796,-0.13249607377145348,0,2.674827524095741,0.0,2.674827524095741,2.674827524095741,100.0,1.890704142700089,5.132496073771454,100.0,0.5,0.0,1.3404780129275833,7.913772014922496,5.0,0.7011404037475586,14.680062087919913
0.7884621620178223,2.674827524095741,145.39676715660576,1.8153380439093947,-25.580984091080587,1.890704142700089,-16.28001034259796,0.10189847655203288,0,2.674827524095741,0.0,2.674827524095741,2.674827524095741,100.0,3.5650224562987214,4.898101523447967,100.0,0.5,0.0,1.2114302116348248,13.999401930908782,5.0,0.7011404037475586,0.0
0.8052005767822266,2.674827524095741,145.39676715660576,1.8153380439093947,-25.580984091080587,3.5650224562987214,-16.28001034259796,0.3363030404558414,0,2.674827524095741,0.0,2.674827524095741,2.674827524095741,100.0,5.238863932739151,4.663696959544159,100.0,0.5,0.0,1.0952871904713422,14.003988263111411,5.0,0.7011404037475586,0.0
0.8219947814941406,7.037983270153494,86.78276142525947,2.2012909468898516,7.67656729444101,5.238863932739151,6.943685933947563,0.8028778099229569,0,7.037983270153494,0.0,7.037983270153494,7.037983270153494,88.5818807626738,6.726526172033857,4.197122190077043,100.0,0.5,0.0,0.9907584714242079,27.78189128158717,5.0,0.9154989123344421,12.763838018171494
0.8389062881469727,11.416659092587402,261.5459849433605,2.6814166779161113,28.67875182139257,6.726526172033857,6.943685933947563,1.0111505234242157,0,11.416659092587402,0.0,11.416659092587402,11.416659092587402,100.0,8.41767683731706,3.9888494765757843,100.0,0.5,0.0,0.8966826242817871,12.315444021445668,5.0,0.9154989123344421,0.0
0.8556451797485352,11.416659092587402,261.5459849433605,2.6814166779161113,28.67875182139257,8.41767683731706,6.943685933947563,1.2479116165638642,0,11.416659092587402,0.0,11.416659092587402,11.416659092587402,100.0,10.09156599747331,3.752088383436136,100.0,0.5,0.0,0.8120143618536084,14.1443710118505,5.0,0.9154989123344421,0.0
0.8723933696746826,14.920884936536039,104.86510658735537,3.0656581845348274,11.498552987513522,10.09156599747331,82.82168954610825,2.241036135107346,0,14.920884936536039,0.0,14.920884936536039,14.920884936536039,100.0,11.766384990088056,2.758963864892654,100.0,0.5,0.0,0.7358129256682476,59.2974239558273,5.0,1.0405677556991577,7.467603598730195
0.8891856670379639,18.415383884453103,208.7117437308736,3.4651860474619287,23.86212106038494,11.766384990088056,82.82168954610825,2.4755107940734105,0,18.415383884453103,0.0,18.415383884453103,18.415383884453103,100.0,13.445614726416181,2.5244892059265895,100.0,0.5,0.0,0.6672316331014229,13.963226942298956,5.0,1.0405677556991577,0.0
0.9059274196624756,18.415383884453103,208.7117437308736,3.4651860474619287,23.86212106038494,13.445614726416181,82.82168954610825,2.710602957159348,0,18.415383884453103,0.0,18.415383884453103,18.415383884453103,100.0,15.119789988867353,2.289397042840652,100.0,0.5,0.0,0.6055084697912806,14.042267160353175,5.0,1.0405677556991577,0.0
0.9231657981872559,21.697256949158053,98.20902471985441,3.724977299543045,7.77417194224422,15.119789988867353,131.22518360614777,3.4290224345029072,0,21.697256949158053,0.0,21.697256949158053,21.697256949158053,100.0,16.84362784134538,1.5709775654970928,100.0,0.5,0.0,0.5499576228121525,41.675583136246075,5.0,1.2686301469802856,13.229921303403732
0.9399123191833496,24.87506587864153,189.8296166600431,3.716057178700174,-0.5328524016825356,16.84362784134538,131.22518360614777,3.670359733849831,0,24.87506587864153,0.0,24.87506587864153,24.87506587864153,100.0,18.518279940954756,1.329640266150169,100.0,0.5,0.0,0.49996186053093733,14.411190205011389,5.0,1.2686301469802856,0.0
0.9566738605499268,27.717000121649306,169.6063768239114,3.7080798592836652,-0.4760856963281176,18.518279940954756,195.6602931022644,4.54916212275631,0,27.717000121649306,0.0,27.717000121649306,27.717000121649306,100.0,20.19443407761247,0.45083787724369007,100.0,0.5,0.0,0.4549656744778436,52.42968827788288,5.0,1.573930025100708,18.214308066512096
0.9734048843383789,30.34486580589258,157.03187848531556,3.524895956436057,-10.946416532972432,20.19443407761247,195.6602931022644,4.78382370188839,0,30.34486580589258,0.0,30.34486580589258,30.34486580589258,100.0,21.867536456457685,0.21617629811161,100.0,0.5,0.0,0.41446910703005924,14.025536159600998,5.0,1.573930025100708,0.0
0.9901516437530518,30.34486580589258,157.03187848531556,3.524895956436057,-10.946416532972432,21.867536456457685,253.84700298309326,5.599925133735009,1,-156.98187848531555,-1.6389954653640436e-05,-156.9818948752702,-156.9818948752702,-21.817552846412326,21.50216314792191,-0.5999251337350087,0.001,0.0,384679.53700059664,0.3780221963270533,48.731901595934,5.0,1.8716646432876587,17.77864067994476
1.0069029331207275,32.67147104068117,69.41147346303558,2.781527747177441,-22.177497909269217,21.50216314792191,253.84700298309326,5.548772870540001,1,389610.1255271336,-6.156453097147212e-05,389610.125465569,389610.125465569,100.0,23.177292084689487,-0.5487728705400006,702.741915260657,829.6312979550348,0.4543842604616657,0.4079362982664709,3.0536313994858415,5.0,1.8716646432876587,0.0
1.0236587524414062,34.75387574272577,125.19692637183175,2.1161834802755055,-40.0013777885995,23.177292084689487,253.84700298309326,5.7832909216874615,1,-124.7354271237887,-0.00012230344214773453,-124.73554942723085,-124.73554942723085,-22.715915140088583,22.79666831489829,-0.7832909216874615,0.001,0.0,237860416.529073,0.3721426684398238,13.996215085587444,5.0,1.8716646432876587,0.0
1.040428638458252,36.61644665226722,111.29900722561825,1.4329716303338826,-40.82572117589931,22.79666831489829,277.4295508861542,5.965829072947303,1,237865305.23006576,-0.0001939131782927244,237865305.22987184,237865305.22987184,100.0,24.47365691658286,-0.9658290729473027,50000.0,5000.0,-1925140444.5864456,0.3399284015958414,10.88487727802549,5.0,2.101447582244873,13.70211692115215
1.0571825504302979,36.61644665226722,111.29900722561825,1.4329716303338826,-40.82572117589931,24.47365691658286,277.4295508861542,6.2006074771831425,1,-1925140555.8853528,-0.0002830795159552126,-1925140555.8856359,-1925140555.8856359,-100.0,22.79826571937827,-1.2006074771831425,0.001,0.0,-3.799093248108593e+26,0.3109355614362573,14.013348322921262,5.0,2.101447582244873,0.0
1.073927879333496,38.106119238833486,44.454292279905175,0.2215745651958665,-36.150090755710636,22.79826571937827,277.4295508861542,5.9660527095745,1,-3.799093248108593e+26,-0.00037653780793738266,-3.799093248108593e+26,-3.799093248108593e+26,-100.0,21.123732829058447,-0.9660527095745,0.001,0.0,-2.7550241134860224e+53,0.28484200529263154,14.007175909446858,5.0,2.101447582244873,0.0
1.0907998085021973,39.438550208331684,79.63039732538466,-0.861954111175669,-64.75518881507847,21.123732829058447,255.6477189064026,5.513799785132209,1,-2.7550241134860224e+53,-0.0004451785938235191,-2.7550241134860224e+53,-2.7550241134860224e+53,-100.0,19.43653991218833,-0.5137997851322087,0.001,0.0,-1.3525590124007527e+107,0.2613578047633684,26.80505115450923,5.0,2.1034958362579346,0.12140010739620721
1.1075382232666016,40.630583401778104,71.3719749815151,-1.8415984379746997,-58.65537198753043,19.43653991218833,255.6477189064026,5.277592776770392,1,-1.3525590124007527e+107,-0.00047358066942558954,-1.3525590124007527e+107,-1.3525590124007527e+107,-100.0,17.7626984357479,-0.2775927767703923,0.001,0.0,-2.9758821541550044e+214,0.24022202428703157,14.11167136711962,5.0,2.1034958362579346,0.0
1.124281644821167,40.630583401778104,71.3719749815151,-1.8415984379746997,-58.65537198753043,17.7626984357479,214.0645682811737,4.627423463816443,0,40.630583401778104,0.0,40.630583401778104,40.630583401778104,94.2398599475453,19.340596138092856,0.3725765361835567,0.001,0.0,-2.9758821541550044e+214,0.22119982185832843,38.83132911843023,5.0,2.0102996826171875,-5.566135531917923
1.141108751296997,41.58418992382065,28.487394498900727,-1.4785078114201542,10.846723127855077,19.340596138092856,214.0645682811737,4.8483291421447365,0,41.58418992382065,0.0,41.58418992382065,41.58418992382065,50.73098828462852,20.19425187958239,0.15167085785526346,0.001,0.0,-2.9758821541550044e+214,0.2040798396724956,13.127965800037881,5.0,2.0102996826171875,0.0
1.1578655242919922,42.436931603271205,50.85175001188857,-1.15382199654371,19.362067421334036,20.19425187958239,214.0645682811737,4.967840945953272,0,42.436931603271205,0.0,42.436931603271205,42.436931603271205,73.09442973557739,21.419078645860075,0.03215905404672803,0.001,0.0,-2.9758821541550044e+214,0.18867185570524606,7.1321491222821365,5.0,2.0102996826171875,0.0
1.174675464630127,43.19966500178991,45.584721349965406,-0.5459278433170116,36.33076201845759,21.419078645860075,100.21672397851944,4.0008382502056055,0,43.19966500178991,0.0,43.19966500178991,43.19966500178991,67.36530770589525,22.551485449256262,0.9991617497943945,0.001,0.0,-2.9758821541550044e+214,0.17480467013472145,57.52564710500128,5.0,1.4749232530593872,-31.848800102118968
1.1914148330688477,43.88188521902877,40.769950645377676,-0.00220223476496173,32.4934173235349,22.551485449256262,100.21672397851944,4.159375202681071,0,43.88188521902877,0.0,43.88188521902877,43.88188521902877,62.10035041515018,23.591006095029122,0.8406247973189291,0.001,0.0,-2.9758821541550044e+214,0.16232420312124932,9.470904058049486,5.0,1.4749232530593872,0.0
1.2091152667999268,43.88188521902877,40.769950645377676,-0.00220223476496173,32.4934173235349,23.591006095029122,100.21672397851944,4.3049080930892725,0,43.88188521902877,0.0,43.88188521902877,43.88188521902877,61.06082976937732,24.671809265926687,0.6950919069107275,0.001,0.0,-2.9758821541550044e+214,0.1510917828091244,8.221995721645474,5.0,1.4749232530593872,0.0
1.2258601188659668,43.413890532362274,-13.991617385624425,1.166848842627644,34.95107069620588,24.671809265926687,115.12033641338348,4.605256661363571,0,43.413890532362274,0.0,43.413890532362274,43.413890532362274,4.7504638808111626,24.751355080855937,0.3947433386364292,0.001,0.0,-2.9758821541550044e+214,0.14098260452821196,17.936770482638682,5.0,1.1095534563064575,-21.819828285848534
1.2425963878631592,42.71798690850715,-41.61258219850942,2.281762630989845,66.6679121534969,24.751355080855937,115.12033641338348,4.616393075453667,0,42.71798690850715,0.0,42.71798690850715,42.71798690850715,-23.64595037085821,24.355610094754994,0.38360692454633316,0.001,0.0,-2.9758821541550044e+214,0.27155459464405013,0.6654060168347097,5.0,1.1095534563064575,0.0
1.2593317031860352,42.71798690850715,-41.61258219850942,2.281762630989845,66.6679121534969,24.355610094754994,113.34393173456192,4.5432247306113185,0,42.71798690850715,0.0,42.71798690850715,42.71798690850715,-23.250205384757265,23.96651057631945,0.4567752693886815,0.001,0.0,-2.9758821541550044e+214,0.26963171357977694,4.372092394478667,5.0,0.8794574737548828,-13.749127405866682
1.2760744094848633,40.91309295072322,-53.81583810840244,3.3557486635969376,32.02263391276078,23.96651057631945,113.34393173456192,4.488750798030343,0,40.91309295072322,0.0,40.91309295072322,40.91309295072322,-36.86925573399867,23.349219456108727,0.5112492019696573,0.001,0.0,-2.9758821541550044e+214,0.3039416940679014,3.2535918392589,5.0,0.8794574737548828,0.0
1.292820692062378,40.91309295072322,-53.81583810840244,3.3557486635969376,32.02263391276078,23.349219456108727,113.34393173456192,4.402330041200841,0,40.91309295072322,0.0,40.91309295072322,40.91309295072322,-36.25196461378795,22.742133812696174,0.597669958799159,0.001,0.0,-2.9758821541550044e+214,0.27854752466111127,5.160593488702946,5.0,0.8794574737548828,0.0
1.309720516204834,38.902721011082384,-59.873969991857685,4.303639217251332,28.230582334534592,22.742133812696174,121.29566818475723,4.396855415625037,0,38.902721011082384,0.0,38.902721011082384,38.902721011082384,-43.713382793471474,22.00338533081464,0.603144584374963,0.001,0.0,-2.9758821541550044e+214,0.40069277219500016,0.3239457126687235,5.0,1.074364185333252,11.533061523919699
1.3264622688293457,38.902721011082384,-59.873969991857685,4.303639217251332,28.230582334534592,22.00338533081464,121.29566818475723,4.293430628161623,0,38.902721011082384,0.0,38.902721011082384,38.902721011082384,-42.97463431158994,21.28391463404115,0.706569371838377,0.001,0.0,-2.9758821541550044e+214,0.3656234949755002,6.177655935017761,5.0,1.074364185333252,0.0
1.3432056903839111,36.497941044537335,-71.89714256142528,5.268793161319511,28.855783762240375,21.28391463404115,89.40044790506363,3.8737525278163973,0,36.497941044537335,0.0,36.497941044537335,36.497941044537335,-56.683116150929095,20.334845325299742,1.1262474721836027,0.001,0.0,-2.9758821541550044e+214,0.3340611454779502,25.065253178839782,5.0,1.3914546966552734,18.93821464678827
1.360032558441162,36.497941044537335,-71.89714256142528,5.268793161319511,28.855783762240375,20.334845325299742,89.40044790506363,3.7408828245926005,0,36.497941044537335,0.0,36.497941044537335,36.497941044537335,-55.734046842187695,19.397015872789606,1.2591171754073995,0.001,0.0,-2.9758821541550044e+214,0.30565503093015517,7.896282467523189,5.0,1.3914546966552734,0.0
1.3767714500427246,34.276853108391364,-66.41702799669756,6.23999997075429,29.04192526692189,19.397015872789606,89.40044790506363,3.6095867012411813,0,34.276853108391364,0.0,34.276853108391364,34.276853108391364,-51.5371907610958,18.534340423190574,1.3904132987588187,0.001,0.0,-2.9758821541550044e+214,0.28008952783713964,7.843776426580315,5.0,1.3914546966552734,0.0
1.3935158252716064,34.276853108391364,-66.41702799669756,6.23999997075429,29.04192526692189,18.534340423190574,39.685048162937164,2.9916581408760523,0,34.276853108391364,0.0,34.276853108391364,34.276853108391364,-50.67451531149676,17.685827324273156,2.0083418591239477,0.001,0.0,-2.9758821541550044e+214,0.2570805750534257,36.90364984769834,5.0,1.7962199449539185,24.17320698836696
1.4102544784545898,31.94903149139205,-69.52045342181604,6.283185307179586,1.289731200851342,17.685827324273156,39.685048162937164,2.8728663070276137,0,31.94903149139205,0.0,31.94903149139205,31.94903149139205,-55.25724925469715,16.760895393153113,2.1271336929723863,0.001,0.0,-2.9758821541550044e+214,0.23637251754808314,7.096857348666678,5.0,1.7962199449539185,0.0
1.4269945621490479,31.94903149139205,-69.52045342181604,6.283185307179586,1.289731200851342,16.760895393153113,-4.341868683695793,2.303106668204478,0,31.94903149139205,0.0,31.94903149139205,31.94903149139205,-54.33231732357711,15.851367853842582,2.696893331795522,0.001,0.0,-2.9758821541550044e+214,0.21773526579327485,34.035650551243116,5.0,2.2788734436035156,28.83220343810975
1.4437341690063477,29.8538262921877,-62.6871788956436,6.283185307179586,0.0,15.851367853842582,-4.341868683695793,2.1757728127010036,0,29.8538262921877,0.0,29.8538262921877,29.8538262921877,-48.68472045729848,15.036404773429865,2.8242271872989964,0.001,0.0,-2.9758821541550044e+214,0.20096173921394736,7.60674110144628,5.0,2.2788734436035156,0.0
1.4605753421783447,29.8538262921877,-62.6871788956436,6.283185307179586,0.0,15.036404773429865,-4.341868683695793,2.0616779814432236,0,29.8538262921877,0.0,29.8538262921877,29.8538262921877,-47.86975737688576,14.230221899744247,2.9383220185567764,0.001,0.0,-2.9758821541550044e+214,0.18586556529255263,6.774755540634965,5.0,2.2788734436035156,0.0
1.4773166179656982,27.835509206270153,-60.28954175704758,6.283185307179586,0.0,14.230221899744247,-52.33904346823692,1.4688406312818256,0,27.835509206270153,0.0,27.835509206270153,27.835509206270153,-46.68425445052168,13.448667921061078,3.5311593687181744,0.001,0.0,-2.9758821541550044e+214,0.17227900876329738,35.4117187776831,5.0,2.7481038570404053,28.028354552963627
1.4940581321716309,26.030303397751528,-107.84807485817309,6.283185307179586,0.0,13.448667921061078,-52.33904346823692,1.359423074266182,0,26.030303397751528,0.0,26.030303397751528,26.030303397751528,-95.26643938148264,11.853763472807369,3.640576925733818,0.001,0.0,-2.9758821541550044e+214,0.16005110788696766,6.535702545763147,5.0,2.7481038570404053,0.0
1.510951280593872,24.3278539742402,-101.32089999051094,6.283185307179586,0.0,11.853763472807369,-92.4185961484909,0.7353409247081228,0,24.3278539742402,0.0,24.3278539742402,24.3278539742402,-88.84680948907811,10.352861133265783,4.264659075291878,0.001,0.0,-2.9758821541550044e+214,0.1490459970982709,36.94291519610423,5.0,3.152115821838379,23.91572930632983
1.5276880264282227,24.3278539742402,-101.32089999051094,6.283185307179586,0.0,10.352861133265783,-92.4185961484909,0.5252145971723008,0,24.3278539742402,0.0,24.3278539742402,24.3278539742402,-87.34590714953652,8.890974885633206,4.474785402827699,0.001,0.0,-2.9758821541550044e+214,0.13914139738844383,12.554789898557082,5.0,3.152115821838379,0.0
1.5443840026855469,22.96513052393325,-40.81547318577398,6.283185307179586,0.0,8.890974885633206,-92.4185961484909,0.32055052250373994,0,22.96513052393325,0.0,22.96513052393325,22.96513052393325,-26.741317547473937,8.444502482771014,4.67944947749626,0.001,0.0,-2.9758821541550044e+214,0.13022725764959947,12.258287357037805,5.0,3.152115821838379,0.0
1.5611217021942139,21.59834597183258,-81.85142228524606,6.283185307179586,0.0,8.444502482771014,-122.86657840013504,-0.046435436413408304,0,21.59834597183258,0.0,21.59834597183258,21.59834597183258,-68.6975787961845,7.294663051907505,5.046435436413408,0.001,0.0,-2.9758821541550044e+214,0.12220453188463953,21.925710801960467,5.0,3.4999747276306152,20.78295799324815
1.577864646911621,21.59834597183258,-81.85142228524606,6.283185307179586,0.0,7.294663051907505,-122.86657840013504,-0.2074129567342997,0,21.59834597183258,0.0,21.59834597183258,21.59834597183258,-67.54773936532098,6.163714985928104,5.2074129567342995,0.001,0.0,-2.9758821541550044e+214,0.11498407869617559,9.614648022669934,5.0,3.4999747276306152,0.0
1.5946009159088135,21.59834597183258,-81.85142228524606,6.283185307179586,0.0,6.163714985928104,-122.86657840013504,-0.36574568597141577,0,21.59834597183258,0.0,21.59834597183258,21.59834597183258,-66.41679129934158,5.052145700811937,5.365745685971416,0.001,0.0,-2.9758821541550044e+214,0.10848567082655804,9.460455568901132,5.0,3.4999747276306152,0.0
1.6116375923156738,20.312437972142682,-25.592003125667645,6.283185307179586,0.0,5.052145700811937,-161.75568103790283,-0.9102564122653571,0,20.312437972142682,0.0,20.312437972142682,20.312437972142682,-10.331710854336901,4.876127686257352,5.910256412265357,0.001,0.0,-2.9758821541550044e+214,0.10263710374390224,31.961088729411863,5.0,3.7994842529296875,17.58027904893852
1.6283752918243408,19.28310348341089,-30.834191057047708,6.283185307179586,0.0,4.876127686257352,-179.69703674316406,-1.1143124913556113,0,19.28310348341089,0.0,19.28310348341089,19.28310348341089,-16.42721525989417,4.601173893473054,6.114312491355611,0.001,0.0,-2.9758821541550044e+214,0.09737339336951202,12.191405335278683,5.0,4.057365417480469,15.407204820306825
1.6451225280761719,18.26601703431307,-60.60735308788257,6.283185307179586,0.0,4.601173893473054,-179.69703674316406,-1.152806022345413,0,18.26601703431307,0.0,18.26601703431307,18.26601703431307,-46.94250994704255,3.815016589136002,6.152806022345413,0.001,0.0,-2.9758821541550044e+214,0.17968437107902271,2.298500505454631,5.0,4.057365417480469,0.0
1.661971092224121,18.26601703431307,-60.60735308788257,6.283185307179586,0.0,3.815016589136002,-179.69703674316406,-1.2628680449526004,0,18.26601703431307,0.0,18.26601703431307,18.26601703431307,-46.15635264270551,3.037348320800013,6.262868044952601,0.001,0.0,-2.9758821541550044e+214,0.16671593397112044,6.532427430653426,5.0,4.057365417480469,0.0
1.6787152290344238,17.247785811460844,-30.495924787452335,6.283185307179586,0.0,3.037348320800013,-179.69703674316406,-1.3717416025196387,0,17.247785811460844,0.0,17.247785811460844,17.247785811460844,-16.285487296791505,2.7646618934800884,6.371741602519639,0.001,0.0,-2.9758821541550044e+214,0.1550443405740084,6.502189918804771,5.0,4.057365417480469,0.0
1.6955032348632812,17.247785811460844,-30.495924787452335,6.283185307179586,0.0,2.7646618934800884,-176.66809260845184,-1.379628260997306,0,17.247785811460844,0.0,17.247785811460844,17.247785811460844,-16.01280086947158,2.495838899147066,6.379628260997306,0.001,0.0,-2.9758821541550044e+214,0.28953990651660755,0.46977935069040305,5.0,4.279402732849121,13.22594938506547
1.712247610092163,16.43314802714323,-24.34530005425409,6.283185307179586,0.0,2.495838899147066,-176.66809260845184,-1.4172634802039292,0,16.43314802714323,0.0,16.43314802714323,16.43314802714323,-10.407990926257927,2.321563593699006,6.417263480203929,0.001,0.0,-2.9758821541550044e+214,0.3542732798919549,2.2476335301963,5.0,4.279402732849121,0.0
1.7290027141571045,15.721086937821257,-42.52781231132627,6.283185307179586,0.0,2.321563593699006,-176.66809260845184,-1.4416620229666575,0,15.721086937821257,0.0,15.721086937821257,15.721086937821257,-29.12828896720402,1.8335160808198179,6.441662022966657,0.001,0.0,-2.9758821541550044e+214,0.4380355241352178,1.4561856893374991,5.0,4.279402732849121,0.0
1.7457494735717773,15.721086937821257,-42.52781231132627,6.283185307179586,0.0,1.8335160808198179,-181.56211078166962,-1.5589288565019217,0,15.721086937821257,0.0,15.721086937821257,15.721086937821257,-28.640241454324833,1.3538848476060998,6.558928856501922,0.001,0.0,-2.9758821541550044e+214,0.399231971721696,7.0023597181744694,5.0,4.470579147338867,11.415725858117055
1.762566089630127,15.151295186159782,-17.042328592337903,6.283185307179586,0.0,1.3538848476060998,-181.56211078166962,-1.6260772291518422,0,15.151295186159782,0.0,15.151295186159782,15.151295186159782,-3.2449182537842205,1.2993163031914803,6.626077229151842,0.001,0.0,-2.9758821541550044e+214,0.39675727138206257,3.9929776845075,5.0,4.470579147338867,0.0
1.7793605327606201,14.685889683855875,-27.788406052006305,6.283185307179586,0.0,1.2993163031914803,-162.25673258304596,-1.4406630433836523,0,14.685889683855875,0.0,14.685889683855875,14.685889683855875,-14.40183267134191,1.05744554341775,6.440663043383652,0.001,0.0,-2.9758821541550044e+214,0.3620815442438563,11.040210403376754,5.0,4.635183811187744,9.801138541474426
1.796177625656128,14.308058260264186,-22.590409991252,6.283185307179586,0.0,1.05744554341775,-162.25673258304596,-1.4745249497519746,0,14.308058260264186,0.0,14.308058260264186,14.308058260264186,-9.339797274405562,0.9003773050288608,6.474524949751975,0.001,0.0,-2.9758821541550044e+214,0.4271037347572784,2.0135410191714835,5.0,4.635183811187744,0.0
1.8129255771636963,14.308058260264186,-22.590409991252,6.283185307179586,0.0,0.9003773050288608,-162.25673258304596,-1.496514503126419,0,14.308058260264186,0.0,14.308058260264186,14.308058260264186,-9.182729036016674,0.7465854044265137,6.496514503126419,0.001,0.0,-2.9758821541550044e+214,0.50819766997097,1.3129697303283627,5.0,4.635183811187744,0.0
1.8296890258789062,14.14388011152274,-4.897744391661614,6.283185307179586,0.0,0.7465854044265137,-149.6802270412445,-1.392280313792733,0,14.14388011152274,0.0,14.14388011152274,14.14388011152274,8.499550315434615,0.8890671802416484,6.3922803137927335,0.001,0.0,-2.9758821541550044e+214,0.46237790297387305,6.217944237161134,5.0,4.776911735534668,8.454580364381107
1.8464281558990479,13.997013261610618,-8.787130594322841,6.283185307179586,0.0,0.8890671802416484,-149.6802270412445,-1.3723328651786142,0,13.997013261610618,0.0,13.997013261610618,13.997013261610618,4.320815487046129,0.9613938724723551,6.372332865178614,0.001,0.0,-2.9758821541550044e+214,0.5438531038591957,1.1916657908814163,5.0,4.776911735534668,0.0
1.8632841110229492,13.865883970653819,-7.7128568564594495,6.283185307179586,0.0,0.9613938724723551,-130.5563896894455,-1.1709687547483252,0,13.865883970653819,0.0,13.865883970653819,13.865883970653819,5.191633241722014,1.048903809414576,6.170968754748325,0.001,0.0,-2.9758821541550044e+214,0.4944677934732762,11.946170297093353,5.0,4.89893913269043,7.239423471336228
1.8800685405731201,13.865883970653819,-7.7128568564594495,6.283185307179586,0.0,1.048903809414576,-130.5563896894455,-1.1587173635764143,0,13.865883970653819,0.0,13.865883970653819,13.865883970653819,5.104123304779794,1.1345736074390378,6.1587173635764145,0.001,0.0,-2.9758821541550044e+214,0.5876122881349006,0.7299259790325213,5.0,4.89893913269043,0.0
1.896785020828247,13.760981407685176,-3.1339665904742318,5.56432689186055,-21.475912438521984,1.1345736074390378,-130.5563896894455,-1.1467235918529897,0,13.760981407685176,0.0,13.760981407685176,13.760981407685176,9.492441209771906,1.2932538134951432,6.146723591852989,0.001,0.0,-2.9758821541550044e+214,0.6718433097718713,0.7174818825719095,5.0,4.89893913269043,0.0
1.913522720336914,13.667184137733404,-5.588350183209969,4.9215689369482565,-38.2948942644136,1.2932538134951432,-106.37078434228897,-0.8826523095335697,0,13.667184137733404,0.0,13.667184137733404,13.667184137733404,6.785580141028292,1.4068288148876529,5.88265230953357,0.001,0.0,-2.9758821541550044e+214,0.6096589787946842,15.777035678211368,5.0,5.004005432128906,6.277224620030483
1.9302618503570557,13.667184137733404,-5.588350183209969,4.9215689369482565,-38.2948942644136,1.4068288148876529,-106.37078434228897,-0.8667518093386183,0,13.667184137733404,0.0,13.667184137733404,13.667184137733404,6.672005139635782,1.5185123764150692,5.866751809338618,0.001,0.0,-2.9758821541550044e+214,0.684196302003983,0.9499000351761928,5.0,5.004005432128906,0.0
1.9470014572143555,14.413029788872693,22.274224058927906,3.558102119303925,-40.719102332677494,1.5185123764150692,-80.73513209819794,-0.5947595882838697,0,14.413029788872693,0.0,14.413029788872693,14.413029788872693,35.16874147138553,2.1072232823120784,5.594759588283869,0.001,0.0,-2.9758821541550044e+214,0.6207766718035846,16.248423476931197,5.0,5.081884384155273,4.652376408255117
1.9638640880584717,15.400765392918295,59.01262616969195,2.268430771031067,-77.05188802111364,2.1072232823120784,-80.73513209819794,-0.5123400614582884,0,15.400765392918295,0.0,15.400765392918295,15.400765392918295,72.30616828029817,3.3264955057752914,5.512340061458288,0.001,0.0,-2.9758821541550044e+214,0.5673174721857217,4.887702730819106,5.0,5.081884384155273,0.0
1.9806797504425049,16.284583780358243,53.00413219870358,1.1144425512185496,-69.20668887175098,3.3264955057752914,-80.73513209819794,-0.3416419501734385,0,16.284583780358243,0.0,16.284583780358243,16.284583780358243,65.96222047328654,4.435693935355241,5.341641950173439,0.001,0.0,-2.9758821541550044e+214,0.5155857249671496,10.151138110796694,5.0,5.081884384155273,0.0
1.9974133968353271,17.999359509648418,102.25763418589158,0.3329056657113467,-46.60557738011521,4.435693935355241,-60.03290414810181,0.020668109468715667,0,17.999359509648418,0.0,17.999359509648418,17.999359509648418,100.0,6.1090585746374675,4.979331890531284,0.001,0.0,-2.9758821541550044e+214,0.46902715247043464,21.651590522288288,5.0,5.059601306915283,-1.3316330892200723
2.0141470432281494,17.999359509648418,102.25763418589158,0.3329056657113467,-46.60557738011521,6.1090585746374675,-60.03290414810181,0.2549391589682275,0,17.999359509648418,0.0,17.999359509648418,17.999359509648418,100.0,7.782423213919694,4.745060841031773,0.001,0.0,-2.9758821541550044e+214,0.42712443722339116,14.000000000000007,5.0,5.059601306915283,0.0
2.0309739112854004,20.291614167331254,68.57445493522117,-0.6073639907437511,-28.12884640344243,7.782423213919694,-60.03290414810181,0.4892102084677392,0,20.291614167331254,0.0,20.291614167331254,20.291614167331254,81.08364588863273,9.146807024888577,4.510789791532261,0.001,0.0,-2.9758821541550044e+214,0.38941199350105205,13.92243932159202,5.0,5.059601306915283,0.0
2.0477185249328613,22.341963216199616,122.56345262755146,-1.4484053599175077,-50.274822262790586,9.146807024888577,-4.153553396463394,1.239017449519767,0,22.341963216199616,0.0,22.341963216199616,22.341963216199616,100.0,10.821268389634671,3.760982550480233,0.001,0.0,-2.9758821541550044e+214,0.35547079415094684,44.77901113984344,5.0,4.5112624168396,-32.747180772297526
2.064459800720215,24.638532459062482,137.27781270118402,-2.374038052555236,-55.32984986405759,10.821268389634671,-4.153553396463394,1.4734420405842201,0,24.638532459062482,0.0,24.638532459062482,24.638532459062482,100.0,12.495395968370023,3.52655795941578,0.001,0.0,-2.9758821541550044e+214,0.3249237147358522,14.002791307072261,5.0,4.5112624168396,0.0
2.081197738647461,24.638532459062482,137.27781270118402,-2.374038052555236,-55.32984986405759,12.495395968370023,56.16884306073189,2.311043866179122,0,24.638532459062482,0.0,24.638532459062482,24.638532459062482,100.0,14.169189761094632,2.688956133820878,0.001,0.0,-2.9758821541550044e+214,0.297431343262267,50.04211565580307,5.0,3.930511236190796,-34.69669819383511
2.097935676574707,26.4762545185213,54.96659049330647,-3.1147322961549246,-22.15429529135812,14.169189761094632,56.16884306073189,2.5453749971605673,0,26.4762545185213,0.0,26.4762545185213,26.4762545185213,67.27365525073314,15.295212026820357,2.4546250028394327,0.001,0.0,-2.9758821541550044e+214,0.2726882089360403,14.0,5.0,3.930511236190796,0.0
2.1146719455718994,28.753350224522528,136.17588154533735,-3.9991357331210606,-52.88948433444753,15.295212026820357,56.16884306073189,2.703018114362169,0,28.753350224522528,0.0,28.753350224522528,28.753350224522528,100.0,16.968838926539597,2.296981885637831,0.001,0.0,-2.9758821541550044e+214,0.25041938804243624,9.419250923132726,5.0,3.930511236190796,0.0
2.131481647491455,31.057066332233738,137.37219832007668,-5.0262923171216585,-61.25006353464761,16.968838926539597,129.07956540584564,3.666433103774,0,31.057066332233738,0.0,31.057066332233738,31.057066332233738,100.0,18.649809118495163,1.3335668962259999,0.001,0.0,-2.9758821541550044e+214,0.23037744923819262,57.31303232040281,5.0,3.0542399883270264,-52.128898659669524
2.1482858657836914,31.057066332233738,137.37219832007668,-5.0262923171216585,-61.25006353464761,18.649809118495163,129.07956540584564,3.9017689306477794,0,31.057066332233738,0.0,31.057066332233738,31.057066332233738,100.0,20.330230947718796,1.0982310693522206,0.001,0.0,-2.9758821541550044e+214,0.21233970431437335,14.004568542322863,5.0,3.0542399883270264,0.0
2.165304660797119,32.90079743563116,55.18528192836855,-6.052699282268671,-30.72170211833196,20.330230947718796,190.3538703918457,4.749771036599089,0,32.90079743563116,0.0,32.90079743563116,32.90079743563116,67.75584841628091,21.48335384287636,0.25022896340091094,0.001,0.0,-2.9758821541550044e+214,0.19610573388293603,49.82738820711106,5.0,2.073889970779419,-57.60396178308257
2.182050943374634,34.54994591360455,98.57531791018548,-6.283185307179586,-13.77694821473494,21.48335384287636,190.3538703918457,4.911208241921148,0,34.54994591360455,0.0,34.54994591360455,34.54994591360455,100.0,23.157982100627827,0.08879175807885176,0.001,0.0,-2.9758821541550044e+214,0.18149516049464243,9.640181608951353,5.0,2.073889970779419,0.0
2.198962688446045,36.02540862885208,88.38749954886816,-6.283185307179586,0.0,23.157982100627827,190.3538703918457,5.145656198006353,1,-2.9758821541550044e+214,-0.0004740868310401827,-2.9758821541550044e+214,-2.9758821541550044e+214,-100.0,21.466807593486713,-0.14565619800635332,0.001,0.0,-inf,0.1683456444451782,13.863025672113121,5.0,2.073889970779419,0.0
2.215695381164551,36.02540862885208,88.38749954886816,-6.283185307179586,0.0,21.466807593486713,224.51546788215637,5.250507741909704,1,-inf,-0.00046588125889289916,-inf,-inf,-100.0,19.793538321636127,-0.25050774190970415,0.001,0.0,-inf,0.15651108000066039,6.266268416403066,5.0,1.0870336294174194,-58.9777364566413
2.2325427532196045,37.205862824466465,35.27866154463799,-6.283185307179586,0.0,19.793538321636127,224.51546788215637,5.016250043850622,1,-inf,-0.00045448407990349914,-inf,-inf,-100.0,18.108801116130756,-0.01625004385062212,0.001,0.0,-inf,0.14585997200059436,13.904702602493526,5.0,1.0870336294174194,0.0
2.2492787837982178,38.261726537540376,63.10813530745637,-6.283185307179586,0.0,18.108801116130756,224.51546788215637,4.78038683507987,0,38.261726537540376,0.0,38.261726537540376,38.261726537540376,83.261060728866,19.502260774496836,0.21961316492012983,0.001,0.0,-inf,0.13627397480053494,14.093139210211408,5.0,1.0870336294174194,0.0
2.266018867492676,38.86706461543674,36.07519070009966,-6.283185307179586,0.0,19.502260774496836,215.86765348911285,4.888993043320686,0,38.86706461543674,0.0,38.86706461543674,38.86706461543674,55.43999454103957,20.430330923134132,0.11100695667931415,0.001,0.0,-inf,0.12764657732048143,6.487793622965635,5.0,0.14997485280036926,-55.97694693290416
2.282799482345581,38.86706461543674,36.07519070009966,-6.283185307179586,0.0,20.430330923134132,215.86765348911285,5.018922864129907,0,38.86706461543674,0.0,38.86706461543674,38.86706461543674,54.511924392402264,21.345074531253722,-0.01892286412990707,0.001,0.0,-inf,0.11988191958843329,7.742852210610514,5.0,0.14997485280036926,0.0
2.2995409965515137,38.04130433864778,-24.68613646358222,-6.283185307179586,0.0,21.345074531253722,154.50143814086914,4.533324815784213,0,38.04130433864778,0.0,38.04130433864778,38.04130433864778,-7.989906656188165,21.211311395465074,0.466675184215787,0.001,0.0,-inf,0.11289372762958996,29.005622930667457,5.0,-0.6568419933319092,-48.192584984121105
2.3162765502929688,38.04130433864778,-24.68613646358222,-6.283185307179586,0.0,21.211311395465074,154.50143814086914,4.514597976773802,0,38.04130433864778,0.0,38.04130433864778,38.04130433864778,-7.856143520399517,21.079834483378843,0.4854020232261984,0.001,0.0,-inf,0.231659272233848,1.1189853230863682,5.0,-0.6568419933319092,0.0
2.333010196685791,36.66003894720037,-41.29887123993558,-6.283185307179586,0.0,21.079834483378843,154.50143814086914,4.496191209081729,0,36.66003894720037,0.0,36.66003894720037,36.66003894720037,-25.718666776114052,20.649467407852523,0.5038087909182707,0.001,0.0,-inf,0.3391604802514268,1.099985458039061,5.0,-0.6568419933319092,0.0
2.34977388381958,35.42471957790157,-73.74788237367746,-6.283185307179586,0.0,20.649467407852523,146.280437707901,4.353729814178363,0,35.42471957790157,0.0,35.42471957790157,35.42471957790157,-58.97263020362841,19.66086868566226,0.6462701858216366,0.001,0.0,-inf,0.3102444322262841,8.498213654692904,5.0,-1.351519227027893,-41.439405791330074
2.3665099143981934,33.64637981060267,-106.4006390593828,-6.283185307179586,0.0,19.66086868566226,146.280437707901,4.215325993071726,0,33.64637981060267,0.0,33.64637981060267,33.64637981060267,-92.41512793444238,18.114206278624973,0.7846740069282738,0.001,0.0,-inf,0.2842199890036557,8.269811677059273,5.0,-1.351519227027893,0.0
2.3832435607910156,32.05574166190751,-95.06711433247841,-6.283185307179586,0.0,18.114206278624973,146.280437707901,3.9987932560865067,0,32.05574166190751,0.0,32.05574166190751,32.05574166190751,-81.12557894919587,16.756679527076145,1.0012067439134933,0.001,0.0,-inf,0.26079799010329013,12.939961315191832,5.0,-1.351519227027893,0.0
2.4000561237335205,30.39041282010269,-99.40506101722491,-6.283185307179586,0.0,16.756679527076145,110.67206412553787,3.4526557750460394,0,30.39041282010269,0.0,30.39041282010269,30.39041282010269,-85.77132772419836,15.314643681050846,1.5473442249539606,0.001,0.0,-inf,0.23971819109296114,32.48389212924481,5.0,-1.9496427774429321,-35.57598876866571
2.4167983531951904,28.900364890956965,-89.31990838084357,-6.283185307179586,0.0,15.314643681050846,110.67206412553787,3.2507707566024973,0,28.900364890956965,0.0,28.900364890956965,28.900364890956965,-75.73418717093745,14.046684541341953,1.7492292433975027,0.001,0.0,-inf,0.22074637198366504,12.058430981712604,5.0,-1.9496427774429321,0.0
2.4335763454437256,27.36971112811883,-91.05000921965433,-6.283185307179586,0.0,14.046684541341953,49.382276833057404,2.460358604118448,0,27.36971112811883,0.0,27.36971112811883,27.36971112811883,-77.72698263287745,12.742581829225509,2.539641395881552,0.001,0.0,-inf,0.20367173478529854,47.110055886040726,5.0,-2.4646337032318115,-30.69443102370261
2.450315475463867,26.000720474387965,-81.7640613861815,-6.283185307179586,0.0,12.742581829225509,49.382276833057404,2.2777842244221453,0,26.000720474387965,0.0,26.000720474387965,26.000720474387965,-68.50592274101903,11.595852281313816,2.7222157755778547,0.001,0.0,-inf,0.1883045613067687,10.907041135149639,5.0,-2.4646337032318115,0.0
2.4673633575439453,24.90576597600191,-65.34027675670652,-6.283185307179586,0.0,11.595852281313816,49.382276833057404,2.1172420877145086,0,24.90576597600191,0.0,24.90576597600191,24.90576597600191,-52.030363062018424,10.708844787248873,2.8827579122854914,0.001,0.0,-inf,0.17447410517609185,9.417130876054312,5.0,-2.4646337032318115,0.0
2.484130859375,23.926368594632784,-58.542808851003166,-6.283185307179586,0.0,10.708844787248873,-30.349455773830414,1.1957437124765382,0,23.926368594632784,0.0,23.926368594632784,23.926368594632784,-45.32528504361925,9.948852987286912,3.8042562875234616,0.001,0.0,-inf,0.16202669465848268,54.957404181181325,5.0,-2.908045768737793,-26.444730406097143
2.500868797302246,23.694784803085778,-13.896432275898757,-6.283185307179586,0.0,9.948852987286912,-30.349455773830414,1.0893448604818636,0,23.694784803085778,0.0,23.694784803085778,23.694784803085778,-0.1505004600998916,9.946333919927739,3.9106551395181364,0.001,0.0,-inf,0.15082402519263444,6.356747913461791,5.0,-2.908045768737793,0.0
2.5176141262054443,23.487727353624194,-12.330851746507367,-6.283185307179586,0.0,9.946333919927739,-30.349455773830414,1.0889921910515794,0,23.487727353624194,0.0,23.487727353624194,23.487727353624194,1.2105416871890888,9.966604838630753,3.911007808948421,0.001,0.0,-inf,0.285741622673371,0.021060764606234003,5.0,-2.908045768737793,0.0
2.5343527793884277,23.75676039260156,16.09893213940132,-6.283185307179586,0.0,9.966604838630753,-91.84779226779938,0.4768467547303117,0,23.75676039260156,0.0,23.75676039260156,23.75676039260156,29.889087693372126,10.466907911485887,4.523153245269688,0.001,0.0,-inf,0.2621674604060339,36.570770039227405,5.0,-3.289827585220337,-22.808395174270373
2.551088571548462,23.75676039260156,16.09893213940132,-6.283185307179586,0.0,10.466907911485887,-91.84779226779938,0.5468891849300306,0,23.75676039260156,0.0,23.75676039260156,23.75676039260156,29.388784620516994,10.958752502730867,4.453110815069969,0.001,0.0,-inf,0.2672057798649414,4.185187622428973,5.0,-3.289827585220337,0.0
2.567929983139038,25.694924088554785,57.98901275870199,-5.548440353912151,21.983248658706398,10.958752502730867,-103.94768416881561,0.4947485086941654,0,25.694924088554785,0.0,25.694924088554785,25.694924088554785,72.7251843445259,12.183547265277554,4.505251491305835,0.001,0.0,-inf,0.30683695211572853,3.0959801650498906,5.0,-3.6185455322265625,-19.518432005436168
2.5851070880889893,25.694924088554785,57.98901275870199,-5.548440353912151,21.983248658706398,12.183547265277554,-103.94768416881561,0.6662197754507015,0,25.694924088554785,0.0,25.694924088554785,25.694924088554785,71.50038958197922,13.411716961089606,4.333780224549298,0.001,0.0,-inf,0.2811532569041557,9.982547539655311,5.0,-3.6185455322265625,0.0
2.60184645652771,25.694924088554785,57.98901275870199,-5.548440353912151,21.983248658706398,13.411716961089606,-78.75186949968338,1.0901216795557112,0,25.694924088554785,0.0,25.694924088554785,25.694924088554785,70.27221988616716,14.588029540770954,3.909878320444289,0.001,0.0,-inf,0.25803793121374013,25.323649793409174,5.0,-3.9015750885009766,-16.908018800740635
2.6185853481292725,25.694924088554785,57.98901275870199,-5.548440353912151,21.983248658706398,14.588029540770954,-78.75186949968338,1.2548054407110998,0,25.694924088554785,0.0,25.694924088554785,25.694924088554785,69.09590730648583,15.74461844328583,3.7451945592889,0.001,0.0,-inf,0.23723413809236613,9.838391040181904,5.0,-3.9015750885009766,0.0
2.6353330612182617,28.43411790120925,40.91382630672653,-4.456274760785367,16.31307473349968,15.74461844328583,-78.75186949968338,1.4167278870631828,0,28.43411790120925,0.0,28.43411790120925,28.43411790120925,53.60332576464995,16.642351563807814,3.5832721129368172,0.001,0.0,-inf,0.2185107242831295,9.668331759190362,5.0,-3.9015750885009766,0.0
2.6521170139312744,30.88459035885407,146.66970761729385,-3.4792275387960023,58.47983719645641,16.642351563807814,-27.88194827735424,2.051109736159552,0,30.88459035885407,0.0,30.88459035885407,30.88459035885407,100.0,18.320746835109084,2.948890263840448,0.001,0.0,-inf,0.20165965185481657,37.79692781215531,5.0,-4.130473613739014,-13.637939116723723
2.668869972229004,33.84238796982597,176.82552988055556,-3.0038533839298496,28.41921520049778,18.320746835109084,-27.88194827735424,2.2860850741417296,0,33.84238796982597,0.0,33.84238796982597,33.84238796982597,100.0,19.996042664882033,2.7139149258582704,0.001,0.0,-inf,0.1864936866693349,14.025901205402251,5.0,-4.130473613739014,0.0
2.685608386993408,33.84238796982597,176.82552988055556,-3.0038533839298496,28.41921520049778,19.996042664882033,-27.88194827735424,2.5206264903099425,0,33.84238796982597,0.0,33.84238796982597,33.84238796982597,100.0,21.669884141322463,2.4793735096900575,0.001,0.0,-inf,0.17284431800240144,14.012164202489815,5.0,-4.130473613739014,0.0
2.7023067474365234,36.20817020303917,70.61945245493263,-1.171000842193788,54.71130905917494,21.669884141322463,32.96099975705147,3.3633937773556597,0,36.20817020303917,0.0,36.20817020303917,36.20817020303917,85.15773851664933,23.09187875359403,1.6366062226443403,0.001,0.0,-inf,0.1605598862021613,50.47006201097975,5.0,-4.175757884979248,-2.711899254690311
2.7190418243408203,36.20817020303917,70.61945245493263,-1.171000842193788,54.71130905917494,23.09187875359403,32.96099975705147,3.562473023073679,0,36.20817020303917,0.0,36.20817020303917,36.20817020303917,83.73574390437776,24.4932028674723,1.4375269769263208,0.001,0.0,-inf,0.14950389758194518,11.895926553340438,5.0,-4.175757884979248,0.0
2.735807180404663,38.10136699143252,56.63796620788454,-0.4115846902282152,22.719131268572113,24.4932028674723,89.45852518081665,4.323633653254289,0,38.10136699143252,0.0,38.10136699143252,38.10136699143252,70.24613033184477,25.67090425459278,0.6763663467457111,0.001,0.0,-inf,0.13955350782375067,45.400803137260944,5.0,-4.012874603271484,9.71546808117294
2.7525901794433594,38.10136699143252,56.63796620788454,-0.4115846902282152,22.719131268572113,25.67090425459278,89.45852518081665,4.488511847451156,0,38.10136699143252,0.0,38.10136699143252,38.10136699143252,69.06842894472427,26.83007963117635,0.5114881525488437,0.001,0.0,-inf,0.13059815704137562,9.82411986181435,5.0,-4.012874603271484,0.0
2.7693328857421875,39.436326079933956,39.87739026670211,-0.06725268175726051,10.285754823039214,26.83007963117635,89.45852518081665,4.650796400172856,0,39.436326079933956,0.0,39.436326079933956,39.436326079933956,52.48363671545971,27.708797746197686,0.34920359982714366,0.001,0.0,-inf,0.12253834133723807,9.692850715123567,5.0,-4.012874603271484,0.0
2.7860774993896484,39.436326079933956,39.87739026670211,-0.06725268175726051,10.285754823039214,27.708797746197686,153.86249125003815,5.417856596968058,1,-inf,-0.0004453773538079027,-inf,-inf,-100.0,26.03433638145159,-0.41785659696805766,0.001,0.0,-inf,0.11528450720351427,45.80936968417388,5.0,-3.6178812980651855,23.589275543911608
2.803636312484741,39.885862681910794,13.43441422619385,0.846493201680182,27.307321899030974,26.03433638145159,153.86249125003815,5.1834320059036045,1,-inf,-0.00044532611239770655,-inf,-inf,-100.0,24.278455071942307,-0.18343200590360453,0.001,0.0,-inf,0.10875605648316285,13.350822165193422,5.0,-3.6178812980651855,0.0
2.820563793182373,39.703772878562916,-10.891744135725627,2.4229933470804084,94.29872457398997,24.278455071942307,178.74358594417572,5.1864195695136805,1,-inf,-0.00044348474261621436,-inf,-inf,-100.0,22.58570700217912,-0.18641956951368055,0.001,0.0,-inf,0.24788045083484658,0.17649192242139009,5.0,-3.1722371578216553,26.32666657276863
2.837299346923828,39.703772878562916,-10.891744135725627,2.4229933470804084,94.29872457398997,22.58570700217912,178.74358594417572,4.949434839746834,0,39.703772878562916,0.0,39.703772878562916,39.703772878562916,6.226321740658168,22.689907944281494,0.05056516025316604,0.001,0.0,-inf,0.22809240575136194,14.160555033193774,5.0,-3.1722371578216553,0.0
2.854034423828125,38.43062397067281,-38.03129091203689,4.783242326727734,70.50496215604798,22.689907944281494,178.74358594417572,4.964022971641167,0,38.43062397067281,0.0,38.43062397067281,38.43062397067281,-22.29057488564557,22.316873459329226,0.03597702835883343,0.001,0.0,-inf,0.3433058467931419,0.871709880854326,5.0,-3.1722371578216553,0.0
2.8707942962646484,38.43062397067281,-38.03129091203689,4.783242326727734,70.50496215604798,22.316873459329226,121.52457237243652,4.339608008030457,0,38.43062397067281,0.0,38.43062397067281,38.43062397067281,-21.9175404006933,21.949538278091257,0.6603919919695427,0.001,0.0,-inf,0.31397526211382776,37.256546311770975,5.0,-2.6136720180511475,33.327529304654604
2.887538433074951,36.38985039688548,-61.038155965247405,5.969096399717934,35.46809248655167,21.949538278091257,121.52457237243652,4.288181082657141,0,36.38985039688548,0.0,36.38985039688548,36.38985039688548,-46.59784384645319,21.16929760566112,0.7118189173428586,0.001,0.0,-inf,0.3497234696783082,3.071339296611143,5.0,-2.6136720180511475,0.0
2.904315948486328,34.56425169417824,-109.23132583680137,6.283185307179586,18.792929542397125,21.16929760566112,70.27365267276764,3.6664381915202338,0,34.56425169417824,0.0,34.56425169417824,34.56425169417824,-95.83637174828425,19.56140140168383,1.3335618084797662,0.001,0.0,-inf,0.3197511227104774,37.058102817494614,5.0,-1.9136236906051636,41.7253872388802
2.9210526943206787,32.1766463917567,-142.6605477494462,6.283185307179586,0.0,19.56140140168383,70.27365267276764,3.441332722963413,0,32.1766463917567,0.0,32.1766463917567,32.1766463917567,-100.0,17.887726818248773,1.5586672770365868,0.001,0.0,-inf,0.2927760104394297,13.449775170440416,5.0,-1.9136236906051636,0.0
2.937791585922241,32.1766463917567,-142.6605477494462,6.283185307179586,0.0,17.887726818248773,70.27365267276764,3.207018281282505,0,32.1766463917567,0.0,32.1766463917567,32.1766463917567,-100.0,16.213837658092523,1.792981718717495,0.001,0.0,-inf,0.26849840939548675,13.998205332725615,5.0,-1.9136236906051636,0.0
2.9545280933380127,29.698779289768865,-74.102872708278,6.151813842890828,-3.928783302332947,16.213837658092523,70.27365267276764,2.9726737988606295,0,29.698779289768865,0.0,29.698779289768865,29.698779289768865,-60.61793107660166,15.199305205100254,2.0273262011393705,0.001,0.0,-inf,0.24664856845593808,14.001994358813668,5.0,-1.9136236906051636,0.0
2.971322536468506,27.482698175365762,-132.31388179853633,6.034321738189876,-7.0150123804698,15.199305205100254,26.325274258852005,2.391155471302556,0,27.482698175365762,0.0,27.482698175365762,27.482698175365762,-100.0,13.519860892050938,2.608844528697444,0.001,0.0,-inf,0.22698371161034428,34.625639149786885,5.0,-0.861676812171936,62.63660368251445
2.9880635738372803,27.482698175365762,-132.31388179853633,6.034321738189876,-7.0150123804698,13.519860892050938,26.325274258852005,2.1560332674756513,0,27.482698175365762,0.0,27.482698175365762,27.482698175365762,-100.0,11.845757155173496,2.8439667325243487,0.001,0.0,-inf,0.20928534044930985,14.044661549197514,5.0,-0.861676812171936,0.0
3.004974842071533,24.90284230472497,-76.98113868978442,6.086160475719635,1.5468325532040343,11.845757155173496,-74.89287108182907,0.9094772909059989,0,24.90284230472497,0.0,24.90284230472497,24.90284230472497,-63.92405354023294,10.764720339133872,4.090522709094001,0.001,0.0,-inf,0.19335680640437888,73.71156079499794,5.0,0.04405970126390457,53.5581661227108
3.02172589302063,22.431180856164065,-147.9991934036403,6.153266191499951,4.018184534958596,10.764720339133872,-74.89287108182907,0.7581321366604514,0,22.431180856164065,0.0,22.431180856164065,22.431180856164065,-100.0,9.089615244224204,4.241867863339548,0.001,0.0,-inf,0.179021125763941,9.03496471388316,5.0,0.04405970126390457,0.0
3.0384600162506104,22.431180856164065,-147.9991934036403,6.153266191499951,4.018184534958596,9.089615244224204,-74.89287108182907,0.5236174233730979,0,22.431180856164065,0.0,22.431180856164065,22.431180856164065,-100.0,7.416202921226157,4.476382576626902,0.001,0.0,-inf,0.1661190131875469,14.014161965008263,5.0,0.04405970126390457,0.0
3.0552024841308594,20.07386518154961,-70.38024659959923,6.283185307179586,3.87887778374445,7.416202921226157,-133.72360169887543,-0.2989676080170922,0,20.07386518154961,0.0,20.07386518154961,20.07386518154961,-57.72258433927578,6.449784406960867,5.298967608017092,0.001,0.0,-inf,0.15450711186879224,49.13164757273258,5.0,0.8239075541496277,46.579026369565526
3.0719754695892334,20.07386518154961,-70.38024659959923,6.283185307179586,3.87887778374445,6.449784406960867,-133.72360169887543,-0.4342662000142328,0,20.07386518154961,0.0,20.07386518154961,20.07386518154961,-56.756165825010484,5.497814062904902,5.434266200014233,0.001,0.0,-inf,0.14405640068191303,8.066458552230596,5.0,0.8239075541496277,0.0
3.088730573654175,18.043229682167993,-60.66139566962708,6.283185307179586,0.0,5.497814062904902,-133.72360169887543,-0.567542048182068,0,18.043229682167993,0.0,18.043229682167993,18.043229682167993,-48.11598005036399,4.691625809974409,5.567542048182068,0.001,0.0,-inf,0.13465076061372172,7.9543432049881035,5.0,0.8239075541496277,0.0
3.105527877807617,16.227407366435475,-108.26797643281205,6.283185307179586,0.0,4.691625809974409,-133.72360169887543,-0.680408403592337,0,16.227407366435475,0.0,16.227407366435475,16.227407366435475,-96.73219487635097,3.0667857112062804,5.680408403592337,0.001,0.0,-inf,0.12618568455234955,6.719313669577065,5.0,0.8239075541496277,0.0
3.122267961502075,14.604223596068863,-96.48978401859131,6.263137366498302,-1.1917451995701664,3.0667857112062804,-192.85395741462708,-1.4991895745773913,0,14.604223596068863,0.0,14.604223596068863,14.604223596068863,-84.95234613372872,1.6446763268870954,6.499189574577391,0.001,0.0,-inf,0.1185671160971146,48.91141441880132,5.0,1.495363712310791,40.11068107045704
3.139002799987793,14.604223596068863,-96.48978401859131,6.263137366498302,-1.1917451995701664,1.6446763268870954,-192.85395741462708,-1.6982848883820774,0,14.604223596068863,0.0,14.604223596068863,14.604223596068863,-83.53023674940954,0.24681130621195968,6.698284888382077,0.001,0.0,-inf,0.11171040448740314,11.897056190569302,5.0,1.495363712310791,0.0
3.1557435989379883,13.305144409553781,-38.88286064793873,5.392768768500012,-26.05108392129292,0.24681130621195968,-217.67111122608185,-2.1421575293911443,0,13.305144409553781,0.0,13.305144409553781,13.305144409553781,-25.824527544596904,-0.1855119173959181,7.142157529391144,0.001,0.0,-inf,0.10553936403866283,26.51442397281095,5.0,2.0734946727752686,34.534251452660364
3.1724822521209717,13.305144409553781,-38.88286064793873,5.392768768500012,-26.05108392129292,-0.1855119173959181,-217.67111122608185,0.0,0,13.305144409553781,0.0,13.305144409553781,13.305144409553781,-25.39220432098903,-0.610543219076406,5.0,0.001,0.0,-inf,0.09998542763479655,127.97669597270064,5.0,2.0734946727752686,0.0
3.18922758102417,13.305144409553781,-38.88286064793873,5.392768768500012,-26.05108392129292,-0.610543219076406,-217.67111122608185,0.0,0,13.305144409553781,0.0,13.305144409553781,13.305144409553781,-24.96717301930854,-1.0286267430677847,5.0,0.001,0.0,-inf,0.23998688487131692,0.0,5.0,2.0734946727752686,0.0
3.2059645652770996,12.57409800721371,-14.565863765370308,4.497613727126283,-17.835675464371892,-1.0286267430677847,-257.06103444099426,0.0,0,12.57409800721371,0.0,12.57409800721371,12.57409800721371,-0.9631390150888137,-1.0447467855967083,5.0,0.001,0.0,-inf,0.3659881963841852,0.0,5.0,2.5712709426879883,29.741096866096868
3.222712516784668,11.934008308597347,-38.263105298445154,3.7183369823715093,-46.583390118035005,-1.0447467855967083,-257.06103444099426,0.0,0,11.934008308597347,0.0,11.934008308597347,11.934008308597347,-25.284350204251098,-1.4682078567178818,5.0,0.001,0.0,-inf,0.47938937674576676,0.0,5.0,2.5712709426879883,0.0
3.2394556999206543,11.36186138282276,-33.99187143210938,3.0217771177105743,-41.38337950914783,-1.4682078567178818,-240.17155170440674,0.0,0,11.36186138282276,0.0,11.36186138282276,11.36186138282276,-21.161802192568736,-1.8225237863155772,5.0,0.001,0.0,-inf,0.5814504390711901,0.0,5.0,2.9634320735931396,23.42213710021929
3.2563586235046387,10.849985916318658,-30.656423638284956,2.469708887681058,-33.0635841030046,-1.8225237863155772,-240.17155170440674,0.0,0,10.849985916318658,0.0,10.849985916318658,10.849985916318658,-17.98391393565072,-2.1265045093108332,5.0,0.001,0.0,-inf,0.6733053951640712,0.0,5.0,2.9634320735931396,0.0
3.2730960845947266,10.392034211120928,-27.426125064862806,1.9757985444990087,-29.579640580421806,-2.1265045093108332,-240.17155170440674,0.0,0,10.392034211120928,0.0,10.392034211120928,10.392034211120928,-14.907586344431046,-2.376019655697873,5.0,0.001,0.0,-inf,0.7559748556476641,0.0,5.0,2.9634320735931396,0.0
3.2898457050323486,10.018809345524032,-22.315621700559163,1.4718378370940237,-30.132495273083837,-2.376019655697873,-215.2426242828369,0.0,0,10.018809345524032,0.0,10.018809345524032,10.018809345524032,-9.920792699337259,-2.5421891678521042,5.0,0.001,0.0,-inf,0.8303773700828977,0.0,5.0,3.0683562755584717,6.264273411811595
3.306659698486328,9.68498958779148,-19.94503625550812,1.0210853370332227,-26.931524416168347,-2.5421891678521042,-215.2426242828369,0.0,0,9.68498958779148,0.0,9.68498958779148,9.68498958779148,-7.717857499864538,-2.6719571733335727,5.0,0.001,0.0,-inf,0.897339633074608,0.0,5.0,3.0683562755584717,0.0
3.323399305343628,9.386368506774069,-17.86667609939159,0.5670095039976685,-27.16762596186122,-2.6719571733335727,-215.2426242828369,0.0,0,9.386368506774069,0.0,9.386368506774069,9.386368506774069,-5.808350419283949,-2.7691866758418184,5.0,0.001,0.0,-inf,0.9576056697671472,0.0,5.0,3.0683562755584717,0.0
3.340142250061035,9.119404887389706,-15.881745385202448,0.16107122445914407,-24.14938939097854,-2.7691866758418184,-191.75870716571808,0.0,0,9.119404887389706,0.0,9.119404887389706,9.119404887389706,-3.993153821970923,-2.836043829531181,5.0,0.001,0.0,-inf,1.0118451027904325,0.0,5.0,2.916501760482788,-9.069761480954076
3.3568837642669678,8.864487677096951,-15.313886976320765,-0.14179877093867727,-18.194600798880874,-2.836043829531181,-191.75870716571808,0.0,0,8.864487677096951,0.0,8.864487677096951,8.864487677096951,-3.6133554696926318,-2.8965368714581246,5.0,0.001,0.0,-inf,1.0606605925113892,0.0,5.0,2.916501760482788,0.0
3.3736765384674072,8.636498414828491,-13.614514574584389,-0.41267536940255123,-16.175557396899404,-2.8965368714581246,-162.53618896007538,0.0,0,8.636498414828491,0.0,8.636498414828491,8.636498414828491,-2.081479288297773,-2.9314906831494003,5.0,0.001,0.0,-inf,1.1045945332602503,0.0,5.0,2.65305757522583,-15.68794900190249
3.390413284301758,8.432570551285114,-12.189474900547818,-0.5850647621367508,-10.304311237033268,-2.9314906831494003,-162.53618896007538,0.0,0,8.432570551285114,0.0,8.432570551285114,8.432570551285114,-0.8254136661133042,-2.9453054218873382,5.0,0.001,0.0,-inf,1.1441350799342254,0.0,5.0,2.65305757522583,0.0
3.407203197479248,8.250153980915169,-10.909422821908983,-0.7392696914893374,-9.222225657012693,-2.9453054218873382,-162.53618896007538,0.0,0,8.250153980915169,0.0,8.250153980915169,8.250153980915169,0.2860365808935246,-2.9405028925285497,5.0,0.001,0.0,-inf,1.179721571940803,0.0,5.0,2.65305757522583,0.0
3.423940896987915,8.05682200934301,-11.487852744740342,-0.9445455110445734,-12.197560330709685,-2.9405028925285497,-135.42883098125458,0.0,0,8.05682200934301,0.0,8.05682200934301,8.05682200934301,-0.4905278428687829,-2.9487132001631213,5.0,0.001,0.0,-inf,1.211749414746723,0.0,5.0,2.2645998001098633,-23.208552341068046
3.440675735473633,7.884320129693794,-10.087772734272516,-1.127704377277909,-10.710984834403806,-2.9487132001631213,-135.42883098125458,0.0,0,7.884320129693794,0.0,7.884320129693794,7.884320129693794,0.7452605955843996,-2.9362413844662467,5.0,0.001,0.0,-inf,1.2405744732720505,0.0,5.0,2.2645998001098633,0.0
3.4574148654937744,7.716838400736173,-10.041156758871105,-1.3156243906479768,-11.266508437200773,-2.9362413844662467,-135.42883098125458,0.0,0,7.716838400736173,0.0,7.716838400736173,7.716838400736173,0.6119230263313149,-2.925998325366168,5.0,0.001,0.0,-inf,1.2665170259448457,0.0,5.0,2.2645998001098633,0.0
3.4741532802581787,7.567029166027238,-8.95627624294976,-1.4837152836945033,-10.049236784192862,-2.925998325366168,-110.03926396369934,0.0,0,7.567029166027238,0.0,7.567029166027238,7.567029166027238,1.536751248443645,-2.9002755455800022,5.0,0.001,0.0,-inf,1.2898653233503614,0.0,5.0,1.868524193763733,-23.662671281656838
3.4908952713012695,7.433035310143476,-8.006652596536556,-1.7751991774678564,-17.41729320002208,-2.9002755455800022,-110.03926396369934,0.0,0,7.433035310143476,0.0,7.433035310143476,7.433035310143476,2.3266582591869227,-2.8613226538443617,5.0,0.001,0.0,-inf,1.3108787910153255,0.0,5.0,1.868524193763733,0.0
3.507628917694092,7.313198630712122,-7.154590748945127,-2.0358862194753753,-15.563758174601862,-2.8613226538443617,-87.9480391740799,0.0,0,7.313198630712122,0.0,7.313198630712122,7.313198630712122,3.0199305356113566,-2.8107882041305547,5.0,0.001,0.0,-inf,1.329790911913793,0.0,5.0,1.4520772695541382,-24.886800786481633
3.524724006652832,7.190754275362674,-7.318819019532444,-2.239312378418963,-12.159312994851504,-2.8107882041305547,-87.9480391740799,0.0,0,7.190754275362674,0.0,7.190754275362674,7.190754275362674,2.6827234599607843,-2.764926807930826,5.0,0.001,0.0,-inf,1.3468118207224138,0.0,5.0,1.4520772695541382,0.0
3.54145884513855,7.190754275362674,-7.318819019532444,-2.239312378418963,-12.159312994851504,-2.764926807930826,-68.88847798109055,0.0,0,7.190754275362674,0.0,7.190754275362674,7.190754275362674,2.6368620637610567,-2.720799347184668,5.0,0.001,0.0,-inf,1.3621306386501724,0.0,5.0,1.0035167932510376,-26.803991964781808
3.558251142501831,7.092805052436626,-2.9255060707513767,-2.019017742738696,6.579667247826569,-2.720799347184668,-68.88847798109055,0.0,0,7.092805052436626,0.0,7.092805052436626,7.092805052436626,6.888098328869917,-2.6051323517787637,5.0,0.001,0.0,-inf,1.3759175747851553,0.0,5.0,1.0035167932510376,0.0
3.574983835220337,7.0051945304168886,-5.236038229545068,-1.8219755666647974,11.776215264683069,-2.6051323517787637,-68.88847798109055,0.0,0,7.0051945304168886,0.0,7.0051945304168886,7.0051945304168886,4.374288652650584,-2.5319387238919147,5.0,0.001,0.0,-inf,1.3883258173066397,0.0,5.0,1.0035167932510376,0.0
3.591719388961792,6.913482098569889,-5.4640599395681155,-1.608652150041237,12.709421301674235,-2.5319387238919147,-53.05512994527817,0.0,0,6.913482098569889,0.0,6.913482098569889,6.913482098569889,3.9813608828936884,-2.4653084448721203,5.0,0.001,0.0,-inf,1.3994932355759757,0.0,5.0,0.5527951121330261,-26.93198492748668
3.6084554195404053,6.913482098569889,-5.4640599395681155,-1.608652150041237,12.709421301674235,-2.4653084448721203,-53.05512994527817,0.0,0,6.913482098569889,0.0,6.913482098569889,6.913482098569889,3.9147306038738945,-2.3997913937786537,5.0,0.001,0.0,-inf,1.4095439120183784,0.0,5.0,0.5527951121330261,0.0
3.6251935958862305,6.840059564612334,-2.2006476240955712,-1.139621719492861,14.057955330328037,-2.3997913937786537,-53.05512994527817,0.0,0,6.840059564612334,0.0,6.840059564612334,6.840059564612334,7.039203334295417,-2.2819679670350963,5.0,0.001,0.0,-inf,1.4185895208165404,0.0,5.0,0.5527951121330261,0.0
3.6419289112091064,6.840059564612334,-2.2006476240955712,-1.139621719492861,14.057955330328037,-2.2819679670350963,-38.33450749516487,0.0,0,6.840059564612334,0.0,6.840059564612334,6.840059564612334,6.921379907551858,-2.166136491812798,5.0,0.001,0.0,-inf,1.4267305687348864,0.0,5.0,0.22272509336471558,-19.722963828301967
3.658686876296997,6.781328559359886,-1.7537158029001085,0.25407306131504126,41.61591566526685,-2.166136491812798,-38.33450749516487,0.0,0,6.781328559359886,0.0,6.781328559359886,6.781328559359886,7.1937492482725744,-2.0455838930592063,5.0,0.001,0.0,-inf,1.4340575118613978,0.0,5.0,0.22272509336471558,0.0
3.6755356788635254,6.781328559359886,-1.7537158029001085,0.25407306131504126,41.61591566526685,-2.0455838930592063,-38.33450749516487,0.0,0,6.781328559359886,0.0,6.781328559359886,6.781328559359886,7.073196649518984,-1.9264089991972313,5.0,0.001,0.0,-inf,1.4406517606752582,0.0,5.0,0.22272509336471558,0.0
3.6922693252563477,6.781328559359886,-1.7537158029001085,0.25407306131504126,41.61591566526685,-1.9264089991972313,-25.90438351035118,0.0,0,6.781328559359886,0.0,6.781328559359886,6.781328559359886,6.954021755657008,-1.8100428581300736,5.0,0.001,0.0,-inf,1.4465865846077324,0.0,5.0,0.03337206691503525,-11.315706212777476
3.709005355834961,6.739297948922705,-0.8375060333555517,1.9770277139850863,34.331762061030915,-1.8100428581300736,-25.90438351035118,0.0,0,6.739297948922705,0.0,6.739297948922705,6.739297948922705,7.711834773697228,-1.6809773555402636,5.0,0.001,0.0,-inf,1.451927926146959,0.0,5.0,0.03337206691503525,0.0
3.725740671157837,6.739297948922705,-0.8375060333555517,1.9770277139850863,34.331762061030915,-1.6809773555402636,-16.033412888646126,0.0,0,6.739297948922705,0.0,6.739297948922705,6.739297948922705,7.582769271107417,-1.5540773207676664,5.0,0.001,0.0,-inf,1.4567351335322631,0.0,5.0,0.06404731422662735,1.8329650036328409
3.742478370666504,6.739297948922705,-0.8375060333555517,1.9770277139850863,34.331762061030915,-1.5540773207676664,-16.033412888646126,0.0,0,6.739297948922705,0.0,6.739297948922705,6.739297948922705,7.455869236334821,-1.4292832219139797,5.0,0.001,0.0,-inf,1.461061620179037,0.0,5.0,0.06404731422662735,0.0
3.7592146396636963,6.869085690666573,2.5869251410071326,3.0471469854093725,21.329583286739926,-1.4292832219139797,-16.033412888646126,0.0,0,6.869085690666573,0.0,6.869085690666573,6.869085690666573,10.885294053587685,-1.2471040125195976,5.0,0.001,0.0,-inf,1.4649554581611333,0.0,5.0,0.06404731422662735,0.0
3.7759592533111572,7.670231349467397,47.92413202822364,5.422901844998556,142.1164657224364,-1.2471040125195976,-6.34449627250433,0.0,0,7.670231349467397,0.0,7.670231349467397,7.670231349467397,56.84146739021063,-0.2953156019157708,5.0,0.001,0.0,-inf,1.4684599123450202,0.0,5.0,0.32993295788764954,15.878875993137031
3.792774200439453,7.670231349467397,47.92413202822364,5.422901844998556,142.1164657224364,-0.2953156019157708,-6.34449627250433,0.0,0,7.670231349467397,0.0,7.670231349467397,7.670231349467397,55.889678979606806,0.6444663951437484,5.0,0.001,0.0,-inf,1.4716139211105181,0.0,5.0,0.32993295788764954,0.0
3.8101859092712402,7.670231349467397,47.92413202822364,5.422901844998556,142.1164657224364,0.6444663951437484,0.12394902296364307,0.09146478554976122,0,7.670231349467397,0.0,7.670231349467397,7.670231349467397,54.94989698254729,1.6012380017405587,4.9085352144502385,0.001,0.0,-inf,1.3294525289994663,5.253061973031708,5.0,0.5588631629943848,13.148060728467753
3.826944589614868,10.604056660380197,58.31231009057128,6.283185307179586,17.09887627797533,1.6012380017405587,0.12394902296364307,0.22541281047331468,0,10.604056660380197,0.0,10.604056660380197,10.604056660380197,67.31512874921091,2.729350726738743,4.774587189526685,0.001,0.0,-inf,1.2015072760995196,7.992754929208006,5.0,0.5588631629943848,0.0
3.8436832427978516,10.604056660380197,58.31231009057128,6.283185307179586,17.09887627797533,2.729350726738743,0.12394902296364307,0.3833485919730605,0,10.604056660380197,0.0,10.604056660380197,10.604056660380197,66.18701602421274,3.837232233184605,4.616651408026939,0.001,0.0,-inf,1.0863565484895676,9.435393622965085,5.0,0.5588631629943848,0.0
3.8604238033294678,12.950459616300938,70.01356874087752,6.283185307179586,0.0,3.837232233184605,31.467534601688385,0.8518878586627286,0,12.950459616300938,0.0,12.950459616300938,12.950459616300938,79.12679612399384,5.161859153371179,4.148112141337271,0.001,0.0,-inf,0.9827208936406109,27.988266331033852,5.0,1.2349168062210083,40.3841700491348
3.8772079944610596,16.376315794226393,206.1945882373677,6.283185307179586,0.0,5.161859153371179,31.467534601688385,1.037335627488849,0,16.376315794226393,0.0,16.376315794226393,16.376315794226393,100.0,6.840278266530358,3.962664372511151,0.001,0.0,-inf,0.8894488042765498,11.048954779659534,5.0,1.2349168062210083,0.0
3.893946886062622,16.376315794226393,206.1945882373677,6.283185307179586,0.0,6.840278266530358,31.467534601688385,1.2723143033311342,0,16.376315794226393,0.0,16.376315794226393,16.376315794226393,100.0,8.514167426686608,3.727685696668866,0.001,0.0,-inf,0.8055039238488949,14.03788742023701,5.0,1.2349168062210083,0.0
3.91068172454834,16.376315794226393,206.1945882373677,6.283185307179586,0.0,8.514167426686608,79.00847494602203,1.9820681891963456,0,16.376315794226393,0.0,16.376315794226393,16.376315794226393,100.0,10.187651275258386,3.0179318108036544,0.001,0.0,-inf,0.7299535314640054,42.411755958741146,5.0,1.8492472171783447,36.70967075550997
3.927422046661377,18.828889204158937,48.922277956207125,6.283185307179586,0.0,10.187651275258386,79.00847494602203,2.2163559279963945,0,18.828889204158937,0.0,18.828889204158937,18.828889204158937,57.56351588510768,11.151283073134017,2.7836440720036055,0.001,0.0,-inf,0.661958178317605,13.995414019996012,5.0,1.8492472171783447,0.0
3.9442319869995117,21.468890966743142,157.69867199518592,6.283185307179586,0.0,11.151283073134017,144.7288691997528,3.0084683222362907,0,21.468890966743142,0.0,21.468890966743142,21.468890966743142,100.0,12.832277106947494,1.9915316777637093,0.001,0.0,-inf,0.6007623604858445,47.121666008708104,5.0,2.3781912326812744,31.466144725271608
3.960970878601074,23.83021745313932,141.11449921204576,6.283185307179586,0.0,12.832277106947494,144.7288691997528,3.2438074869701774,0,23.83021745313932,0.0,23.83021745313932,23.83021745313932,100.0,14.506166267103744,1.7561925130298226,0.001,0.0,-inf,0.5456861244372601,14.059423427529627,5.0,2.3781912326812744,0.0
3.9777097702026367,25.986316984255506,129.2016013909585,6.283185307179586,0.0,14.506166267103744,144.7288691997528,3.4781519693920524,0,25.986316984255506,0.0,25.986316984255506,25.986316984255506,100.0,16.180055427259994,1.5218480306079476,0.001,0.0,-inf,0.49611751199353404,14.0,5.0,2.3781912326812744,0.0
3.9945030212402344,25.986316984255506,129.2016013909585,6.283185307179586,0.0,16.180055427259994,175.03295838832855,4.015537343699685,0,25.986316984255506,0.0,25.986316984255506,25.986316984255506,100.0,17.85938053101976,0.9844626563003152,0.001,0.0,-inf,0.45150576079418064,32.00007985973082,5.0,2.8336169719696045,27.119569538304276
4.011248588562012,27.711001371391017,51.500776896790036,6.283185307179586,0.0,17.85938053101976,175.03295838832855,4.250642858226052,0,27.711001371391017,0.0,27.711001371391017,27.711001371391017,61.3523977371613,18.886761237679853,0.749357141773948,0.001,0.0,-inf,0.41135518471476257,14.03986559599066,5.0,2.8336169719696045,0.0
4.027985334396362,29.253544421320594,92.13748909843108,6.283185307179586,0.0,18.886761237679853,175.03295838832855,4.394476157158465,0,29.253544421320594,0.0,29.253544421320594,29.253544421320594,100.0,20.56043582111491,0.605523842841535,0.001,0.0,-inf,0.37521966624328634,8.593862890431705,5.0,2.8336169719696045,0.0
4.044812440872192,30.216804000936655,57.51752498927934,6.283185307179586,0.0,20.56043582111491,229.49424386024475,5.173403453558535,1,-inf,-0.00043486478079583167,-inf,-inf,-100.0,18.877725173531903,-0.17340345355853515,0.001,0.0,-inf,0.34269769961895774,46.29003195046615,5.0,3.225743293762207,23.30325313837173
4.061569929122925,30.216804000936655,57.51752498927934,6.283185307179586,0.0,18.877725173531903,229.49424386024475,4.937823962896914,1,-inf,-0.0004203803827756618,-inf,-inf,-100.0,17.20197634845866,0.062176037103085946,0.001,0.0,-inf,0.31342792965706195,14.058162365193638,5.0,3.225743293762207,0.0
4.0784642696380615,30.50696645079585,8.449657537468745,6.283185307179586,0.0,17.20197634845866,245.85513770580292,4.866828065842242,1,-inf,-0.00039219766359148585,-inf,-inf,-100.0,15.51254229694499,0.1331719341577582,0.001,0.0,-inf,0.3127872586376034,4.20234793959921,5.0,3.5633676052093506,19.98446232006774
4.095299005508423,30.76670935950587,15.635585931857863,6.283185307179586,0.0,15.51254229694499,245.85513770580292,4.630307298630328,0,30.76670935950587,0.0,30.76670935950587,30.76670935950587,30.889752994418743,16.03256312970673,0.36969270136967225,0.001,0.0,-inf,0.2865085327738431,14.049568049851295,5.0,3.5633676052093506,0.0
4.112090110778809,30.55592203973876,-12.566000518050298,6.283185307179586,0.0,16.03256312970673,245.85513770580292,4.703110215216972,0,30.55592203973876,0.0,30.55592203973876,30.55592203973876,1.9573583919817317,16.065429340518367,0.2968897847830281,0.001,0.0,-inf,0.2842595982163971,4.335802522484672,5.0,3.5633676052093506,0.0
4.128956317901611,30.55592203973876,-12.566000518050298,6.283185307179586,0.0,16.065429340518367,189.1220062971115,4.140380170643686,0,30.55592203973876,0.0,30.55592203973876,30.55592203973876,1.9244921811700948,16.097888224252195,0.8596198293563138,0.001,0.0,-inf,0.2608336383947574,33.36435041239872,5.0,3.8540663719177246,17.235574340561477
4.145693778991699,29.98584986212108,-16.71143923895579,6.283185307179586,0.0,16.097888224252195,189.1220062971115,4.144924414366423,0,29.98584986212108,0.0,29.98584986212108,29.98584986212108,-2.823477601086907,16.05063037776527,0.8550755856335774,0.001,0.0,-inf,0.3847502745552817,0.2715013763603292,5.0,3.8540663719177246,0.0
4.162442207336426,29.47595135747186,-30.47318881827573,6.283185307179586,0.0,16.05063037776527,189.1220062971115,4.138308315858254,0,29.47595135747186,0.0,29.47595135747186,29.47595135747186,-17.04786783856914,15.765105384840625,0.8616916841417464,0.001,0.0,-inf,0.49627524709975357,0.39502802125621933,5.0,3.8540663719177246,0.0
4.179234981536865,28.533849850248053,-56.34639687649513,6.283185307179586,0.0,15.765105384840625,134.05124843120575,3.547627238189745,0,28.533849850248053,0.0,28.533849850248053,28.533849850248053,-43.5776524110877,15.033315707715994,1.4523727618102549,0.001,0.0,-inf,0.45164772238977824,35.174716852504986,5.0,4.104360580444336,14.904875486270836
4.195972919464111,27.69091006432286,-50.52800714378851,6.283185307179586,0.0,15.033315707715994,134.05124843120575,3.445176683392297,0,27.69091006432286,0.0,27.69091006432286,27.69091006432286,-37.87041278718164,14.399443089204961,1.554823316607703,0.001,0.0,-inf,0.41148295015080044,6.1208588084604285,5.0,4.104360580444336,0.0
4.21271538734436,26.702047948304894,-58.89202051290868,6.283185307179586,0.0,14.399443089204961,134.05124843120575,3.356434516800752,0,26.702047948304894,0.0,26.702047948304894,26.702047948304894,-46.58941565380874,13.619421294061498,1.643565483199248,0.001,0.0,-inf,0.3753346551357204,5.300423284445026,5.0,4.104360580444336,0.0
4.229748487472534,25.817402972610697,-52.95602723299247,6.283185307179586,0.0,13.619421294061498,97.46865183115005,2.8814054994801106,0,25.817402972610697,0.0,25.817402972610697,25.817402972610697,-40.75804555444327,12.925185423103995,2.1185945005198894,0.001,0.0,-inf,0.3428011896221484,27.888582450995717,5.0,4.319865703582764,12.652137398169144
4.24648642539978,24.631583321618105,-70.73941267866346,6.283185307179586,0.0,12.925185423103995,97.46865183115005,2.78421247754606,0,24.631583321618105,0.0,24.631583321618105,24.631583321618105,-59.033014780149344,11.937094486055654,2.21578752245394,0.001,0.0,-inf,0.31352107065993357,5.806750052277299,5.0,4.319865703582764,0.0
4.263312578201294,24.631583321618105,-70.73941267866346,6.283185307179586,0.0,11.937094486055654,53.8160502910614,2.209353730958406,0,24.631583321618105,0.0,24.631583321618105,24.631583321618105,-58.044923843101,10.960421728119412,2.790646269041594,0.001,0.0,-inf,0.28716896359394023,34.16459801410696,5.0,4.50541877746582,11.027658911213761
4.280367374420166,23.357198072001797,-38.148099788794184,6.283185307179586,0.0,10.960421728119412,53.8160502910614,2.072619544847332,0,23.357198072001797,0.0,23.357198072001797,23.357198072001797,-25.751323444911797,10.521238154400178,2.927380455152668,0.001,0.0,-inf,0.26345206723454623,8.017345053925059,5.0,4.50541877746582,0.0
4.297085285186768,22.217442220596798,-68.05538589162616,6.283185307179586,0.0,10.521238154400178,53.8160502910614,2.011133844526639,0,22.217442220596798,0.0,22.217442220596798,22.217442220596798,-56.35918182542954,9.579030381763975,2.988866155473361,0.001,0.0,-inf,0.28470998776692824,3.677833981715415,5.0,4.50541877746582,0.0
4.313824415206909,21.04880129741507,-69.70471130069416,6.283185307179586,0.0,9.579030381763975,-0.2360647777095437,1.3387036056698611,0,21.04880129741507,0.0,21.04880129741507,21.04880129741507,-58.23494038504306,8.604228142943544,3.661296394330139,0.001,0.0,-inf,0.26123898899023545,40.171158121578976,5.0,4.6651811599731445,9.54424646412853
4.330583095550537,20.003113515579592,-62.7099291693405,6.283185307179586,0.0,8.604228142943544,-0.2360647777095437,1.202231292235001,0,20.003113515579592,0.0,20.003113515579592,20.003113515579592,-51.31104379670445,7.744322761856681,3.797768707764999,0.001,0.0,-inf,0.24011509009121193,8.14338066223397,5.0,4.6651811599731445,0.0
4.347405433654785,18.896595695670964,-66.08295650231436,6.283185307179586,0.0,7.744322761856681,-0.2360647777095437,1.08184453888284,0,18.896595695670964,0.0,18.896595695670964,18.896595695670964,-54.93068356850008,6.82026023056991,3.91815546111716,0.001,0.0,-inf,0.22110358108209074,7.1563627247368435,5.0,4.6651811599731445,0.0
4.3641440868377686,17.906945004953815,-59.1076787895893,6.283185307179586,0.0,6.82026023056991,-33.03980082273483,0.6244384240524392,0,17.906945004953815,0.0,17.906945004953815,17.906945004953815,-48.020994015205396,6.016453466247265,4.375561575947561,0.001,0.0,-inf,0.20399322297388167,27.32633921201033,5.0,4.802739143371582,8.21798396171322
4.3808817863464355,17.02163677900742,-52.97304925060798,6.283185307179586,0.0,6.016453466247265,-33.03980082273483,0.5119054770472689,0,17.02163677900742,0.0,17.02163677900742,17.02163677900742,-41.967865937847826,5.3140079371595474,4.488094522952731,0.001,0.0,-inf,0.1885939006764935,6.7233222192153335,5.0,4.802739143371582,0.0
4.397684574127197,16.23008888169004,-47.13889694604397,6.283185307179586,0.0,5.3140079371595474,-76.9786462187767,-0.025825350985430262,0,16.23008888169004,0.0,16.23008888169004,16.23008888169004,-36.22281600151348,4.705363647064536,5.02582535098543,0.001,0.0,-inf,0.17473451060884418,32.00247691328767,5.0,4.921177387237549,7.048725807367047
4.414424896240234,15.828639722454456,-24.05909488152559,6.283185307179586,0.0,4.705363647064536,-76.9786462187767,-0.11103555159873191,0,15.828639722454456,0.0,15.828639722454456,15.828639722454456,-12.935818806135668,4.4888138734539424,5.111035551598732,0.001,0.0,-inf,0.16226105954795977,5.090117145771122,5.0,4.921177387237549,0.0
4.431215286254883,15.469548769309853,-21.469311663624065,6.283185307179586,0.0,4.4888138734539424,-76.9786462187767,-0.14135251990421505,0,15.469548769309853,0.0,15.469548769309853,15.469548769309853,-10.488576767768155,4.312706578824534,5.141352519904215,0.001,0.0,-inf,0.2539651594965289,1.8056142995507376,5.0,4.921177387237549,0.0
4.447958946228027,15.468009135521708,-0.09206073270254778,6.283185307179586,0.0,4.312706578824534,-110.91567575931549,-0.5053778365577202,0,15.468009135521708,0.0,15.468009135521708,15.468009135521708,11.063241823994627,4.4979457381261705,5.50537783655772,0.001,0.0,-inf,0.23356864354687604,21.74108392295186,5.0,5.023153305053711,6.090419775588084
4.4647057056427,15.46663202135708,-0.08229846473775695,6.283185307179586,0.0,4.4979457381261705,-110.91567575931549,-0.47944435425549103,0,15.46663202135708,0.0,15.46663202135708,15.46663202135708,10.886387818493152,4.6802574558173005,5.479444354255491,0.001,0.0,-inf,0.3264246139235515,1.5485671979921825,5.0,5.023153305053711,0.0
4.481457948684692,16.30097850766881,49.86538430190278,6.283185307179586,0.0,4.6802574558173005,-117.25155264139175,-0.5172794825994954,0,16.30097850766881,0.0,16.30097850766881,16.30097850766881,61.48610535375428,5.710287636408929,5.517279482599496,0.001,0.0,-inf,0.3871190142327891,2.258511188571259,5.0,5.110955238342285,5.241204599795059
4.498201131820679,17.04715397928412,44.53928908319535,6.283185307179586,0.0,5.710287636408929,-117.25155264139175,-0.37307525731666735,0,17.04715397928412,0.0,17.04715397928412,17.04715397928412,55.87615542607054,6.645832339642465,5.373075257316668,0.001,0.0,-inf,0.3534071128095102,8.612712655151466,5.0,5.110955238342285,0.0
4.514939785003662,18.121885680717913,64.12529125768997,6.283185307179586,0.0,6.645832339642465,-117.25155264139175,-0.24209899886397235,0,18.121885680717913,0.0,18.121885680717913,18.121885680717913,75.60134459876542,7.911297027048414,5.242098998863972,0.001,0.0,-inf,0.3230664015285592,7.824778793185472,5.0,5.110955238342285,0.0
4.53171968460083,19.08339009689311,57.57830154882538,6.283185307179586,0.0,7.911297027048414,-97.26792573928833,0.13490232639389488,0,19.08339009689311,0.0,19.08339009689311,19.08339009689311,68.75039461867007,9.064921746015376,4.865097673606105,0.001,0.0,-inf,0.2957597613757033,22.467436296311075,5.0,5.186554908752441,4.50537084398977
4.548475742340088,20.688007018002345,96.08330483790878,6.283185307179586,0.0,9.064921746015376,-97.26792573928833,0.29640978704926946,0,20.688007018002345,0.0,20.688007018002345,20.688007018002345,100.0,10.740527519941157,4.703590212950731,0.001,0.0,-inf,0.27118378523813297,9.638750544346617,5.0,5.186554908752441,0.0
4.5652196407318115,22.12333384140933,85.82503438196896,6.283185307179586,0.0,10.740527519941157,-97.26792573928833,0.5309945953988788,0,22.12333384140933,0.0,22.12333384140933,22.12333384140933,97.20784070343714,12.368165727558365,4.469005404601122,0.001,0.0,-inf,0.24906540671431968,14.010166740235515,5.0,5.186554908752441,0.0
4.581957578659058,23.694101749000414,94.01752576355204,6.283185307179586,0.0,12.368165727558365,-32.839566469192505,1.4031475371662463,0,23.694101749000414,0.0,23.694101749000414,23.694101749000414,100.0,14.041959520282974,3.5968524628337537,0.001,0.0,-inf,0.2291588660428877,52.10635536816473,5.0,5.251646041870117,3.888838242835166
4.598698854446411,23.694101749000414,94.01752576355204,6.283185307179586,0.0,14.041959520282974,-32.839566469192505,1.6374786681476916,0,23.694101749000414,0.0,23.694101749000414,23.694101749000414,100.0,15.716087099018326,3.3625213318523084,0.001,0.0,-inf,0.21124297943859896,13.997208692927739,5.0,5.251646041870117,0.0
4.615494728088379,25.420968254553408,51.52925129806243,6.125371999632259,-4.7091084091532105,15.716087099018326,-32.839566469192505,1.8718565291706408,0,25.420968254553408,0.0,25.420968254553408,25.420968254553408,61.23413245359751,16.74456785028447,3.128143470829359,0.001,0.0,-inf,0.19511868149473907,13.954490609962098,5.0,5.251646041870117,0.0
4.632251501083374,25.420968254553408,51.52925129806243,6.125371999632259,-4.7091084091532105,16.74456785028447,49.13923516869545,2.8356318507267804,0,25.420968254553408,0.0,25.420968254553408,25.420968254553408,60.205651702331366,17.75342028887618,2.1643681492732196,0.001,0.0,-inf,0.18060681334526518,57.5155682925345,5.0,5.307689666748047,3.344535662962594
4.648985385894775,25.420968254553408,51.52925129806243,6.125371999632259,-4.7091084091532105,17.75342028887618,49.13923516869545,2.97687119212962,0,25.420968254553408,0.0,25.420968254553408,25.420968254553408,59.196799263739656,18.744012708959247,2.02312880787038,0.001,0.0,-inf,0.16754613201073867,8.440319925389247,5.0,5.307689666748047,0.0
4.665719032287598,26.656017752990085,24.563621692514243,4.790463239056217,-26.54970009729873,18.744012708959247,49.13923516869545,3.1155541309412493,0,26.656017752990085,0.0,26.656017752990085,26.656017752990085,32.47562673654508,19.287448363153878,1.8844458690587507,0.001,0.0,-inf,0.15579151880966483,8.287669976767061,5.0,5.307689666748047,0.0
4.682454347610474,26.656017752990085,24.563621692514243,4.790463239056217,-26.54970009729873,19.287448363153878,107.51449316740036,3.775387702515547,0,26.656017752990085,0.0,26.656017752990085,26.656017752990085,31.93219108235045,19.82184364986734,1.224612297484453,0.001,0.0,-inf,0.14521236692869835,39.42761512669871,5.0,5.355944633483887,2.883421423788697
4.6992106437683105,27.644422993411172,29.578772758543113,3.72214102516316,-31.970348502183306,19.82184364986734,107.51449316740036,3.8502030426554312,0,27.644422993411172,0.0,27.644422993411172,27.644422993411172,37.401352102086946,20.44855178239344,1.1497969573445688,0.001,0.0,-inf,0.15293294631236817,4.464909156245321,5.0,5.355944633483887,0.0
4.715944766998291,28.417148051635156,46.260973488568155,2.374249721823799,-80.69463153242216,20.44855178239344,107.51449316740036,3.9379421812090856,0,28.417148051635156,0.0,28.417148051635156,28.417148051635156,54.22956975780987,21.35603608542945,1.0620578187909144,0.001,0.0,-inf,0.14263965168113135,5.243127312249197,5.0,5.355944633483887,0.0
4.732743263244629,28.417148051635156,46.260973488568155,2.374249721823799,-80.69463153242216,21.35603608542945,156.788170337677,4.557726755336894,0,28.417148051635156,0.0,28.417148051635156,28.417148051635156,53.322085454773855,22.25176693778838,0.4422732446631059,0.001,0.0,-inf,0.13337568651301823,36.8952413977485,5.0,5.277348041534424,-4.678787362684152
4.749478816986084,28.49733747986863,2.3989760386685854,2.1544549898341794,-6.575458973637767,22.25176693778838,156.788170337677,4.683129074667143,0,28.49733747986863,0.0,28.49733747986863,28.49733747986863,8.644546580748838,22.396438211661014,0.3168709253328572,0.001,0.0,-inf,0.1250381178617164,7.493168213467525,5.0,5.277348041534424,0.0
4.76621675491333,28.49733747986863,2.3989760386685854,2.1544549898341794,-6.575458973637767,22.396438211661014,161.50961816310883,4.75059753126363,0,28.49733747986863,0.0,28.49733747986863,28.49733747986863,8.499875306876202,22.53870859693684,0.24940246873636962,0.001,0.0,-inf,0.14876181916568598,4.030870283409411,5.0,5.061190128326416,-12.914249900290582
4.782953977584839,28.561495424563144,1.9176489489833481,1.9786016564237077,-5.2561683762702485,22.53870859693684,161.50961816310883,4.770515385202247,0,28.561495424563144,0.0,28.561495424563144,28.561495424563144,7.940435776609654,22.671609438638768,0.2294846147977534,0.001,0.0,-inf,0.26165122781622774,1.1900333961931282,5.0,5.061190128326416,0.0
4.79968786239624,27.51600969328869,-62.01067644244309,3.7761732362439675,106.6189870257574,22.671609438638768,161.50961816310883,4.789121503040516,0,27.51600969328869,0.0,27.51600969328869,27.51600969328869,-57.16627618779317,21.71499555781548,0.21087849695948435,0.001,0.0,-inf,0.3657698831364033,1.1118827485648795,5.0,5.061190128326416,0.0
4.816449880599976,27.51600969328869,-62.01067644244309,3.7761732362439675,106.6189870257574,21.71499555781548,168.12419891357422,4.721341367229909,0,27.51600969328869,0.0,27.51600969328869,27.51600969328869,-56.20966230696988,20.772808175000236,0.2786586327700906,0.001,0.0,-inf,0.365007846378633,4.043673917231621,5.0,4.657182216644287,-24.102581608704927
4.833236932754517,27.51600969328869,-62.01067644244309,3.7761732362439675,106.6189870257574,20.772808175000236,168.12419891357422,4.589435133635776,0,27.51600969328869,0.0,27.51600969328869,27.51600969328869,-55.26747492415464,19.845030190998663,0.41056486636422385,0.001,0.0,-inf,0.3335070617407697,7.857617429183459,5.0,4.657182216644287,0.0
4.84998083114624,26.767183809731453,-14.958699777142206,5.063678255442482,25.719464920555353,19.845030190998663,168.12419891357422,4.459546215875555,0,26.767183809731453,0.0,26.767183809731453,26.767183809731453,-8.036546158409417,19.71046707870186,0.5404537841244448,0.001,0.0,-inf,0.30515635556669274,7.757388077822063,5.0,4.657182216644287,0.0
4.866722822189331,25.249360934345397,-90.73716961735475,6.283185307179586,72.90351199568342,19.71046707870186,134.5721036195755,4.105186427214016,0,25.249360934345397,0.0,25.249360934345397,25.249360934345397,-85.19827576171122,18.28407830901251,0.8948135727859841,0.001,0.0,-inf,0.2796407200100235,21.165928696860608,5.0,4.534730911254883,-7.31402287065123
4.883467674255371,25.249360934345397,-90.73716961735475,6.283185307179586,72.90351199568342,18.28407830901251,134.5721036195755,3.9054919994575066,0,25.249360934345397,0.0,25.249360934345397,25.249360934345397,-83.77188699202186,16.881330454038082,1.0945080005424934,0.001,0.0,-inf,0.2566766480090212,11.925720631566902,5.0,4.534730911254883,0.0
4.900207996368408,23.51211741997931,-51.86694252966322,6.283185307179586,0.0,16.881330454038082,80.81361651420593,3.171522428707391,0,23.51211741997931,0.0,23.51211741997931,23.51211741997931,-45.236155563721994,16.12406263874592,1.8284775712926091,0.001,0.0,-inf,0.23600898320811908,43.84441146317676,5.0,4.4292988777160645,-6.298088700259208
4.916946172714233,23.51211741997931,-51.86694252966322,6.283185307179586,0.0,16.12406263874592,80.81361651420593,3.065504934566488,0,23.51211741997931,0.0,23.51211741997931,23.51211741997931,-44.47888774842983,15.379567171946537,1.934495065433512,0.001,0.0,-inf,0.21740808488730717,6.333873652092665,5.0,4.4292988777160645,0.0
4.933692932128906,21.71583311620065,-53.73216115361227,6.283185307179586,0.0,15.379567171946537,80.81361651420593,2.9612755692145747,0,21.71583311620065,0.0,21.71583311620065,21.71583311620065,-47.39589520935816,14.58583951763237,2.0387244307854253,0.001,0.0,-inf,0.20066727639857646,6.223852792713534,5.0,4.4292988777160645,0.0
4.950429916381836,20.10948406977958,-95.82449731621065,6.283185307179586,0.0,14.58583951763237,14.195876196026802,2.1839762944288,0,20.10948406977958,0.0,20.10948406977958,20.10948406977958,-90.30085276406345,13.074475566894117,2.8160237055712,0.001,0.0,-inf,0.18560054875871881,46.442015063120714,5.0,4.599640846252441,10.177578347578347
4.967299461364746,18.327482119252373,-106.64713642349258,6.283185307179586,0.0,13.074475566894117,14.195876196026802,1.9723853413254446,0,18.327482119252373,0.0,18.327482119252373,18.327482119252373,-100.0,11.3875210686031,3.0276146586745556,0.001,0.0,-inf,0.17204049388284695,12.542777728605568,5.0,4.599640846252441,0.0
4.9840474128723145,18.327482119252373,-106.64713642349258,6.283185307179586,0.0,11.3875210686031,14.195876196026802,1.7362117115647022,0,18.327482119252373,0.0,18.327482119252373,18.327482119252373,-99.70717537284331,9.717630130502105,3.263788288435298,0.001,0.0,-inf,0.15983644449456227,14.101642798166457,5.0,4.599640846252441,0.0
5.000790357589722,16.707125203962946,-48.3957921771269,6.283185307179586,0.0,9.717630130502105,-36.038901656866074,1.000079201701634,0,16.707125203962946,0.0,16.707125203962946,16.707125203962946,-41.40629710366606,9.024366787142885,3.999920798298366,0.001,0.0,-inf,0.14885280004510607,43.966728809522344,5.0,4.746306896209717,8.759871840512638
5.017527103424072,16.707125203962946,-48.3957921771269,6.283185307179586,0.0,9.024366787142885,-36.038901656866074,0.9030223336313432,0,16.707125203962946,0.0,16.707125203962946,16.707125203962946,-40.71303376030684,8.342963088951294,4.096977666368657,0.001,0.0,-inf,0.13896752004059545,5.799028618280786,5.0,4.746306896209717,0.0
5.034265518188477,16.707125203962946,-48.3957921771269,6.283185307179586,0.0,8.342963088951294,-89.34640884399414,0.27455074401323976,0,16.707125203962946,0.0,16.707125203962946,16.707125203962946,-40.03163006211525,7.672897061276413,4.72544925598676,0.001,0.0,-inf,0.13007076803653592,37.54666128566746,5.0,4.872586727142334,7.544312451927186
5.051082372665405,15.54785677883922,-23.079849400353872,6.283185307179586,0.0,7.672897061276413,-89.34640884399414,0.18074150013875645,0,15.54785677883922,0.0,15.54785677883922,15.54785677883922,-15.204889682791066,7.417198644143161,4.8192584998612435,0.001,0.0,-inf,0.12206369123288233,5.57828718820048,5.0,4.872586727142334,0.0
5.067823171615601,14.510847198110673,-62.03250898481207,6.283185307179586,0.0,7.417198644143161,-89.34640884399414,0.14494372174010128,0,14.510847198110673,0.0,14.510847198110673,14.510847198110673,-54.93886043084456,6.497478227117551,4.855056278259899,0.001,0.0,-inf,0.20706586924780263,2.138355433641805,5.0,4.872586727142334,0.0
5.084568023681641,13.58320574022804,-55.48867321785762,6.283185307179586,0.0,6.497478227117551,-132.7303647994995,-0.41765669619853796,0,13.58320574022804,0.0,13.58320574022804,13.58320574022804,-48.402945704747125,5.686978061730992,5.417656696198538,0.001,0.0,-inf,0.19135928232302238,33.598410766473116,5.0,4.981316089630127,6.4933008699614145
5.101301908493042,12.753635281847139,-49.49530849469902,6.283185307179586,0.0,5.686978061730992,-132.7303647994995,-0.5311267193526562,0,12.753635281847139,0.0,12.753635281847139,12.753635281847139,-42.42865127458287,4.9769818985990035,5.531126719352656,0.001,0.0,-inf,0.17722335409072015,6.78085360530313,5.0,4.981316089630127,0.0
5.1180431842803955,12.753635281847139,-49.49530849469902,6.283185307179586,0.0,4.9769818985990035,-150.28977394104004,-0.8061202736065398,0,12.753635281847139,0.0,12.753635281847139,12.753635281847139,-41.718655111450886,4.278558387900719,5.80612027360654,0.001,0.0,-inf,0.16450101868164815,16.42608112707968,5.0,5.074934005737305,5.592041926571534
5.134783029556274,12.089806125096352,-19.85581338322746,6.283185307179586,0.0,4.278558387900719,-150.28977394104004,-0.9038995651042997,0,12.089806125096352,0.0,12.089806125096352,12.089806125096352,-12.044565646031828,4.07693422257098,5.903899565104299,0.001,0.0,-inf,0.15305091681348335,5.84111082786732,5.0,5.074934005737305,0.0
5.151519536972046,11.496085803282769,-35.46193584244468,6.283185307179586,0.0,4.07693422257098,-150.28977394104004,-0.9321269482504632,0,11.496085803282769,0.0,11.496085803282769,11.496085803282769,-28.04278426173289,3.6075959558156074,5.932126948250463,0.001,0.0,-inf,0.24951172610517486,1.6865754870435912,5.0,5.074934005737305,0.0
5.168257713317871,11.496085803282769,-35.46193584244468,6.283185307179586,0.0,3.6075959558156074,-155.31925857067108,-1.0481291518925258,0,11.496085803282769,0.0,11.496085803282769,11.496085803282769,-27.57344599497752,3.146066754289586,6.0481291518925255,0.001,0.0,-inf,0.22956055349465737,6.930396791463823,5.0,5.155540466308594,4.815725375685492
5.1849939823150635,11.021041758560976,-14.201561916983575,5.900381734208875,-11.444009674450069,3.146066754289586,-155.31925857067108,-1.1127432401061688,0,11.021041758560976,0.0,11.021041758560976,11.021041758560976,-6.326586912712186,3.040183293884318,6.112743240106169,0.001,0.0,-inf,0.24831455490807586,3.8607223763242833,5.0,5.155540466308594,0.0
5.20172905921936,10.596090761812535,-25.423256482369677,5.703464409189569,-11.780839904116188,3.040183293884318,-155.31925857067108,-1.1275669245629063,0,10.596090761812535,0.0,10.596090761812535,10.596090761812535,-17.86734901444146,2.7411718340517273,6.127566924562906,0.001,0.0,-inf,0.3610522410203422,0.8857852605942571,5.0,5.155540466308594,0.0
5.21846866607666,10.215963830204416,-22.73446327893434,5.527318032047691,-10.534884560554497,2.7411718340517273,-154.23616766929626,-1.1585976199257209,0,10.215963830204416,0.0,10.215963830204416,10.215963830204416,-15.25967128278165,2.485730936006335,6.158597619925721,0.001,0.0,-inf,0.43132685893723827,1.8537290407918208,5.0,5.224941253662109,4.14590306362251
5.235205888748169,9.876032867917344,-20.276950790649416,5.645758094891841,7.064973751652843,2.485730936006335,-154.23616766929626,-1.1943593456520758,0,9.876032867917344,0.0,9.876032867917344,9.876032867917344,-12.886648858738408,2.270044224568085,6.194359345652076,0.001,0.0,-inf,0.4854574056253921,2.136658299183109,5.0,5.224941253662109,0.0
5.251943349838257,9.876032867917344,-20.276950790649416,5.645758094891841,7.064973751652843,2.270044224568085,-139.93658125400543,-1.0815596211005225,0,9.876032867917344,0.0,9.876032867917344,9.876032867917344,-12.670962147300157,2.057964488653672,6.0815596211005225,0.001,0.0,-inf,0.4419116650628529,6.739356939766362,5.0,5.284696102142334,3.570126207230563
5.268679618835449,9.604087759433488,-8.12471387569016,6.171080656379423,15.694694890180928,2.057964488653672,-139.93658125400543,-1.1112507841285402,0,9.604087759433488,0.0,9.604087759433488,9.604087759433488,-0.5785906049103442,2.048281040650644,6.11125078412854,0.001,0.0,-inf,0.5066674201290481,1.7740610546471587,5.0,5.284696102142334,0.0
5.2854156494140625,9.36076879258977,-14.58392231713507,6.283185307179586,6.719268702588371,2.048281040650644,-139.93658125400543,-1.1126064668489641,0,9.36076879258977,0.0,9.36076879258977,9.36076879258977,-7.2714345651959436,1.9265860894171392,6.112606466848964,0.001,0.0,-inf,0.6060006781161433,0.08100383863760226,5.0,5.284696102142334,0.0
5.302152395248413,9.143144302298587,-13.0000180893592,6.283185307179586,0.0,1.9265860894171392,-127.89608538150787,-1.009238801296679,0,9.143144302298587,0.0,9.143144302298587,9.143144302298587,-5.783459876477751,1.8297897914213663,6.009238801296679,0.001,0.0,-inf,0.550400610304529,6.176091014068739,5.0,5.334878921508789,2.9983618000256413
5.3189167976379395,9.143144302298587,-13.0000180893592,6.283185307179586,0.0,1.8297897914213663,-127.89608538150787,-1.0227902830160875,0,9.143144302298587,0.0,9.143144302298587,9.143144302298587,-5.686663578481979,1.7344562749378305,6.0227902830160875,0.001,0.0,-inf,0.6354248711673405,0.8083486308986952,5.0,5.334878921508789,0.0
5.335705995559692,8.969216530651439,-5.1733974536080645,6.283185307179586,0.0,1.7344562749378305,-127.89608538150787,-1.0361369753237823,0,8.969216530651439,0.0,8.969216530651439,8.969216530651439,2.0613628021055437,1.7690649030109198,6.036136975323783,0.001,0.0,-inf,0.7123782104128875,0.7949571128947239,5.0,5.334878921508789,0.0
5.352441310882568,8.813558571990251,-9.350588620269413,6.283185307179586,0.0,1.7690649030109198,-111.43891513347626,-0.8667200649132338,0,8.813558571990251,0.0,8.813558571990251,8.813558571990251,-2.3060949512900812,1.730471676836588,5.866720064913234,0.001,0.0,-inf,0.6461403893715988,10.12331749608373,5.0,5.379354476928711,2.657586938868548
5.369176387786865,8.67431042633121,-8.332963151568647,6.283185307179586,0.0,1.730471676836588,-111.43891513347626,-0.8721231165776402,0,8.67431042633121,0.0,8.67431042633121,8.67431042633121,-1.3891244020740245,1.7072245731382438,5.87212311657764,0.001,0.0,-inf,0.7315263504344389,0.32285789275453375,5.0,5.379354476928711,0.0
5.385911464691162,8.67431042633121,-8.332963151568647,6.283185307179586,0.0,1.7072245731382438,-94.34539079666138,-0.7044424677272596,0,8.67431042633121,0.0,8.67431042633121,8.67431042633121,-1.36587729837568,1.6843665115080935,5.70444246772726,0.001,0.0,-inf,0.6633737153909951,10.019711878785998,5.0,5.417649269104004,2.288294962388876
5.402645826339722,8.562906636122072,-3.32902082423306,6.283185307179586,0.0,1.6843665115080935,-94.34539079666138,-0.7076425963554807,0,8.562906636122072,0.0,8.562906636122072,8.562906636122072,3.549519300380919,1.74376545115921,5.70764259635548,0.001,0.0,-inf,0.7470363438518957,0.19123099496875698,5.0,5.417649269104004,0.0
5.419382810592651,8.562906636122072,-3.32902082423306,6.283185307179586,0.0,1.74376545115921,-77.16282457113266,-0.5275010825490372,0,8.562906636122072,0.0,8.562906636122072,8.562906636122072,3.490120360729802,1.802179540677574,5.527501082549037,0.001,0.0,-inf,0.6773327094667061,10.763080796644177,5.0,5.450620174407959,1.96994301994302
5.436236143112183,8.473778959816642,-2.6634123644604037,6.283185307179586,0.0,1.802179540677574,-77.16282457113266,-0.5193231100164661,0,8.473778959816642,0.0,8.473778959816642,8.473778959816642,4.008187054678663,1.869730849910554,5.519323110016466,0.001,0.0,-inf,0.7595994385200355,0.4852436468035984,5.0,5.450620174407959,0.0
5.452977180480957,8.394072159340906,-4.756556193534665,6.283185307179586,0.0,1.869730849910554,-77.16282457113266,-0.509865926723849,0,8.394072159340906,0.0,8.394072159340906,8.394072159340906,1.7677851158956868,1.899325406595727,5.509865926723849,0.001,0.0,-inf,0.8315479427697775,0.564910231325138,5.0,5.450620174407959,0.0
5.469722032546997,8.32277978869222,-4.260117043228704,6.283185307179586,0.0,1.899325406595727,-61.55896186828613,-0.34968406175945954,0,8.32277978869222,0.0,8.32277978869222,8.32277978869222,2.1633373388677883,1.9355501703040088,5.34968406175946,0.001,0.0,-inf,0.7533931484927998,9.566036435117375,5.0,5.479008197784424,1.6953284068742613
5.4864606857299805,8.258991257721096,-3.823705400899038,6.283185307179586,0.0,1.9355501703040088,-61.55896186828613,-0.34461259484030005,0,8.258991257721096,0.0,8.258991257721096,8.258991257721096,2.49973568651805,1.9773923790097614,5.3446125948403,0.001,0.0,-inf,0.8280538336435199,0.3029793893044618,5.0,5.479008197784424,0.0
5.503199577331543,8.201938612591627,-3.408194292672374,6.283185307179586,0.0,1.9773923790097614,-61.55896186828613,-0.3387546856214947,0,8.201938612591627,0.0,8.201938612591627,8.201938612591627,2.816351940909492,2.0245349888604953,5.3387546856214945,0.001,0.0,-inf,0.895248450279168,0.3499580114527146,5.0,5.479008197784424,0.0
5.5199384689331055,8.201938612591627,-3.408194292672374,6.283185307179586,0.0,2.0245349888604953,-46.84632271528244,-0.18502832871235503,0,8.201938612591627,0.0,8.201938612591627,8.201938612591627,2.7692093310587587,2.070888483675123,5.185028328712355,0.001,0.0,-inf,0.8107236052512512,9.183783524519031,5.0,5.503451347351074,1.460260938924339
5.53667950630188,8.156421482928717,-1.3433675475049445,6.283185307179586,0.0,2.070888483675123,-46.84632271528244,-0.17853883943830712,0,8.156421482928717,0.0,8.156421482928717,8.156421482928717,4.74216545174865,2.150277252711758,5.178538839438307,0.001,0.0,-inf,0.8796512447261261,0.3876396146246101,5.0,5.503451347351074,0.0
5.553436517715454,8.115706237039857,-2.4346975191774893,6.283185307179586,0.0,2.150277252711758,-34.98939424753189,-0.048855127095672746,0,8.115706237039857,0.0,8.115706237039857,8.115706237039857,3.53073146515061,2.2094417601715524,5.048855127095672,0.001,0.0,-inf,0.7966861202535135,7.7390716722662445,5.0,5.524497985839844,1.2559899834955324
5.570176601409912,8.070303560412942,-2.7132179490072605,6.283185307179586,0.0,2.2094417601715524,-34.98939424753189,-0.040572096051301576,0,8.070303560412942,0.0,8.070303560412942,8.070303560412942,3.147643851234129,2.262133581681558,5.040572096051301,0.001,0.0,-inf,0.8670175082281621,0.49480224803854234,5.0,5.524497985839844,0.0
5.586912631988525,8.029696889759778,-2.4248860450652283,6.283185307179586,0.0,2.262133581681558,-34.98939424753189,-0.033195241039900736,0,8.029696889759778,0.0,8.029696889759778,8.029696889759778,3.3426772630129915,2.3180767305697785,5.033195241039901,0.001,0.0,-inf,0.930315757405346,0.4407768602447232,5.0,5.524497985839844,0.0
5.603647708892822,7.961329819188437,-4.087993122327489,6.283185307179586,0.0,2.3180767305697785,-25.482548400759697,0.06970525827217205,0,7.961329819188437,0.0,7.961329819188437,7.961329819188437,1.5552599662911701,2.3441041257118354,4.930294741727828,0.001,0.0,-inf,0.8422841816648114,6.148791541295648,5.0,5.542619228363037,1.082829952131297
5.620382308959961,7.961329819188437,-4.087993122327489,6.283185307179586,0.0,2.3441041257118354,-25.482548400759697,0.07334909359205999,0,7.961329819188437,0.0,7.961329819188437,7.961329819188437,1.5292325711491133,2.369695221199658,4.92665090640794,0.001,0.0,-inf,0.9080557634983304,0.21774259948065594,5.0,5.542619228363037,0.0
5.6371235847473145,7.8642777292998876,-2.9003424900991424,6.283185307179586,0.0,2.369695221199658,-25.482548400759697,0.07693184696035515,0,7.8642777292998876,0.0,7.8642777292998876,7.8642777292998876,2.5942400180010874,2.4131261087996028,4.923068153039645,0.001,0.0,-inf,0.9672501871484974,0.21400718880705644,5.0,5.542619228363037,0.0
5.653900861740112,7.8642777292998876,-2.9003424900991424,6.283185307179586,0.0,2.4131261087996028,-17.323708161711693,0.1646005736148275,0,7.8642777292998876,0.0,7.8642777292998876,7.8642777292998876,2.550809130401143,2.4559217401361004,4.835399426385172,0.001,0.0,-inf,0.8755251684336477,5.2254443132879524,5.0,5.558221340179443,0.9299549517543236
5.67063570022583,7.8642777292998876,-2.9003424900991424,6.283185307179586,0.0,2.4559217401361004,-17.323708161711693,0.17059196200193716,0,7.8642777292998876,0.0,7.8642777292998876,7.8642777292998876,2.508013499064645,2.497892940962947,4.829408037998062,0.001,0.0,-inf,0.937972651590283,0.35801889526588326,5.0,5.558221340179443,0.0
5.687371015548706,7.794832611498249,-1.3831853405128849,6.283185307179586,0.0,2.497892940962947,-17.323708161711693,0.17646793011769568,0,7.794832611498249,0.0,7.794832611498249,7.794832611498249,3.9137543300224173,2.5633908537721433,4.8235320698823045,0.001,0.0,-inf,0.9941753864312547,0.35111188539880667,5.0,5.558221340179443,0.0
5.704104900360107,7.732708949583018,-3.7174257581456107,6.283185307179586,0.0,2.5633908537721433,-12.419309467077255,0.23468162485732752,0,7.732708949583018,0.0,7.732708949583018,7.732708949583018,1.4518923376652637,2.58768665290919,4.765318375142672,0.001,0.0,-inf,0.948774569017998,3.4787914101075237,5.0,5.571652889251709,0.8026557624631342
5.720845937728882,7.732708949583018,-3.7174257581456107,6.283185307179586,0.0,2.58768665290919,-12.419309467077255,0.2380830367365141,0,7.732708949583018,0.0,7.732708949583018,7.732708949583018,1.427596538528217,2.611586099908224,4.761916963263486,0.001,0.0,-inf,1.0038971121161981,0.20317808295027956,5.0,5.571652889251709,0.0
5.737587928771973,7.732708949583018,-3.7174257581456107,6.283185307179586,0.0,2.611586099908224,-6.866371724754572,0.29695833673960564,0,7.732708949583018,0.0,7.732708949583018,7.732708949583018,1.4036970915291835,2.6350867840418175,4.703041663260394,0.001,0.0,-inf,0.9563050479708907,3.516624746217896,5.0,5.583219051361084,0.6908474672818673
5.7543089389801025,7.732708949583018,-3.7174257581456107,6.283185307179586,0.0,2.6350867840418175,-6.866371724754572,0.3002484325183088,0,7.732708949583018,0.0,7.732708949583018,7.732708949583018,1.38019640739559,2.658165062259103,4.699751567481691,0.001,0.0,-inf,1.0106745431738018,0.19676417499604662,5.0,5.583219051361084,0.0
5.771048069000244,7.692932134669885,-0.5947809408107382,6.283185307179586,0.0,2.658165062259103,-6.866371724754572,0.30347939146872877,0,7.692932134669885,0.0,7.692932134669885,7.692932134669885,4.439986131600044,2.7324865674035816,4.696520608531271,0.001,0.0,-inf,1.0596070888564215,0.19301833168941712,5.0,5.583219051361084,0.0
5.788042306900024,7.692932134669885,-0.5947809408107382,6.283185307179586,0.0,2.7324865674035816,-4.24127746373415,0.34013534479915997,0,7.692932134669885,0.0,7.692932134669885,7.692932134669885,4.365664626455565,2.806677710656223,4.65986465520084,0.001,0.0,-inf,1.0502553291758345,2.1569636453603573,5.0,5.593177795410156,0.5860070988650233
5.8047778606414795,7.661103308326459,-0.9519107672879977,6.283185307179586,0.0,2.806677710656223,-4.24127746373415,0.3505221048545297,0,7.661103308326459,0.0,7.661103308326459,7.661103308326459,3.902514830382238,2.8719884573269097,4.64947789514547,0.001,0.0,-inf,1.0913424958531666,0.6206403573991738,5.0,5.593177795410156,0.0
5.821515083312988,7.661103308326459,-0.9519107672879977,6.283185307179586,0.0,2.8719884573269097,-4.24127746373415,0.3596656093884259,0,7.661103308326459,0.0,7.661103308326459,7.661103308326459,3.8372040837115517,2.936212596512013,4.640334390611574,0.001,0.0,-inf,1.1307164347935654,0.5462975974777975,5.0,5.593177795410156,0.0
5.838255167007446,7.635688453480792,-0.7529038107852724,6.283185307179586,0.0,2.936212596512013,-1.519906334578991,0.39587070016589193,0,7.635688453480792,0.0,7.635688453480792,7.635688453480792,3.9465720461835057,3.0022785428713332,4.604129299834108,0.001,0.0,-inf,1.1140663774563702,2.162778361105335,5.0,5.601752758026123,0.5122413228319542
5.855125904083252,7.661200867934216,1.5445780394008841,6.283185307179586,0.0,3.0022785428713332,-1.519906334578991,0.4051199326561968,0,7.661200867934216,0.0,7.661200867934216,7.661200867934216,6.203500364463767,3.106936166469866,4.594880067343803,0.001,0.0,-inf,1.1511053022836593,0.5482411615298765,5.0,5.601752758026123,0.0
5.871866941452026,7.6840257013899285,1.3669687617818438,6.283185307179586,0.0,3.106936166469866,-1.519906334578991,0.41977199995999137,0,7.6840257013899285,0.0,7.6840257013899285,7.6840257013899285,5.944058296701907,3.206445868537126,4.580228000040009,0.001,0.0,-inf,1.1739043949146408,0.8752186009167989,5.0,5.601752758026123,0.0
5.888611078262329,7.753110422684566,4.130257182065436,6.283185307179586,0.0,3.206445868537126,1.932092709466815,0.46822334868986587,0,7.753110422684566,0.0,7.753110422684566,7.753110422684566,8.676921736212876,3.351733433180564,4.5317766513101345,0.001,0.0,-inf,1.1293858542997235,2.893630724520967,5.0,5.60913610458374,0.4409511604727325
5.905357122421265,7.753110422684566,4.130257182065436,6.283185307179586,0.0,3.351733433180564,1.932092709466815,0.48856360773994717,0,7.753110422684566,0.0,7.753110422684566,7.753110422684566,8.531634171569436,3.4946045557655494,4.511436392260053,0.001,0.0,-inf,1.1434202802034552,1.2146306827471198,5.0,5.60913610458374,0.0
5.9221351146698,7.8083876688535065,1.6527393016593148,6.283185307179586,0.0,3.4946045557655494,1.932092709466815,0.5085655649018451,0,7.8083876688535065,0.0,7.8083876688535065,7.8083876688535065,5.966522414747272,3.5947108225908906,4.491434435098155,0.001,0.0,-inf,1.1567754995253712,1.192154392826369,5.0,5.60913610458374,0.0
5.939117193222046,7.8083876688535065,1.6527393016593148,6.283185307179586,0.0,3.5947108225908906,5.953775718808174,0.5627972723508065,0,7.8083876688535065,0.0,7.8083876688535065,7.8083876688535065,5.866416147921931,3.6943347624350658,4.437202727649193,0.001,0.0,-inf,1.1043084573487987,3.193467000056274,5.0,5.6154913902282715,0.37423485146290786
5.955860376358032,7.898806442553114,2.6997246784364246,6.283185307179586,0.0,3.6943347624350658,5.953775718808174,0.576744623928991,0,7.898806442553114,0.0,7.898806442553114,7.898806442553114,6.904196358554472,3.8099329864731533,4.423255376071009,0.001,0.0,-inf,1.1331470727046231,0.8330167247712463,5.0,5.6154913902282715,0.0
5.972602128982544,7.979695250888518,4.841766359693209,6.283185307179586,0.0,3.8099329864731533,9.756914339959621,0.6309597615058378,0,7.979695250888518,0.0,7.979695250888518,7.979695250888518,9.011528624108575,3.9608017694666855,4.369040238494162,0.001,0.0,-inf,1.081597638329277,3.238319117048119,5.0,5.620964527130127,0.3269154087154657
5.98934268951416,7.979695250888518,4.841766359693209,6.283185307179586,0.0,3.9608017694666855,9.756914339959621,0.6520813911249322,0,7.979695250888518,0.0,7.979695250888518,7.979695250888518,8.86065984111504,4.109134181886933,4.347918608875068,0.001,0.0,-inf,1.0988940838796133,1.2617038467262895,5.0,5.620964527130127,0.0
6.006100654602051,8.044417178877602,1.9350990950666103,6.283185307179586,0.0,4.109134181886933,9.756914339959621,0.6728479288637669,0,8.044417178877602,0.0,8.044417178877602,8.044417178877602,5.8703820920572785,4.207509840038207,4.327152071136233,0.001,0.0,-inf,1.1151858792245444,1.2392040220826466,5.0,5.620964527130127,0.0
6.022836685180664,8.102297388670666,3.4537450805349583,6.283185307179586,0.0,4.207509840038207,13.364151120185852,0.7226928888072075,0,8.102297388670666,0.0,8.102297388670666,8.102297388670666,7.348532629167417,4.3304951068278905,4.277307111192792,0.001,0.0,-inf,1.0738108808189384,2.978302394304701,5.0,5.625678062438965,0.2816399794860106
6.039688587188721,8.154067589224447,3.0936906488791247,6.283185307179586,0.0,4.3304951068278905,13.364151120185852,0.7399108261577633,0,8.154067589224447,0.0,8.154067589224447,8.154067589224447,6.91726313127568,4.447064147280091,4.260089173842236,0.001,0.0,-inf,1.0996187919552272,1.0217207139184723,5.0,5.625678062438965,0.0
6.056430101394653,8.200379543217965,2.7711483377486457,6.283185307179586,0.0,4.447064147280091,17.58958026766777,0.7984847832958906,0,8.200379543217965,0.0,8.200379543217965,8.200379543217965,6.5244637336865186,4.556293549563696,4.201515216704109,0.001,0.0,-inf,1.0430313239449012,3.4987251701145827,5.0,5.629735469818115,0.24235605747732095
6.073176383972168,8.200379543217965,2.7711483377486457,6.283185307179586,0.0,4.556293549563696,17.58958026766777,0.8137768996155952,0,8.200379543217965,0.0,8.200379543217965,8.200379543217965,6.415234331402914,4.6637248764783426,4.186223100384405,0.001,0.0,-inf,1.0754151025131737,0.9131648321901275,5.0,5.629735469818115,0.0
6.089971303939819,8.266819284691973,1.9867285026442836,6.283185307179586,0.0,4.6637248764783426,17.58958026766777,0.8288172853836457,0,8.266819284691973,0.0,8.266819284691973,8.266819284691973,5.589822910857914,4.757605504899545,4.1711827146163545,0.001,0.0,-inf,1.1051286770590865,0.8955318511204452,5.0,5.629735469818115,0.0
6.106706142425537,8.32625234262726,3.5553064626714637,6.283185307179586,0.0,4.757605504899545,17.58958026766777,0.8419605733626141,0,8.32625234262726,0.0,8.32625234262726,8.32625234262726,7.123953300399179,4.876823712761522,4.1580394266373855,0.001,0.0,-inf,1.1354200765201172,0.7853848120605047,5.0,5.629735469818115,0.0
6.123444318771362,8.32625234262726,3.5553064626714637,6.283185307179586,0.0,4.876823712761522,18.998144194483757,0.8727367617314506,0,8.32625234262726,0.0,8.32625234262726,8.32625234262726,7.004735092537202,4.994070203996199,4.127263238268549,0.001,0.0,-inf,1.1287427507216492,1.8386822873038193,5.0,5.633229732513428,0.2087600598247988
6.140179872512817,8.373799150478824,1.4205632108775132,5.991151774447805,-8.725130280806649,4.994070203996199,18.998144194483757,0.8891512705043055,0,8.373799150478824,0.0,8.373799150478824,8.373799150478824,4.800292157360138,5.074405751370385,4.110848729495695,0.001,0.0,-inf,1.150375496599097,0.9808165912189124,5.0,5.633229732513428,0.0
6.156913757324219,8.416328464046325,2.5423780341978683,5.497908553206946,-29.48579758310534,5.074405751370385,20.707571879029274,0.9174925239821468,0,8.416328464046325,0.0,8.416328464046325,8.416328464046325,5.884300746873809,5.172872962264214,4.082507476017853,0.001,0.0,-inf,1.146876065710999,1.6936445898403316,5.0,5.636237621307373,0.17974838645333183
6.173645734786987,8.416328464046325,2.5423780341978683,5.497908553206946,-29.48579758310534,5.172872962264214,20.707571879029274,0.9312779335072827,0,8.416328464046325,0.0,8.416328464046325,8.416328464046325,5.785833535979979,5.269681398591562,4.068722066492717,0.001,0.0,-inf,1.1717518098245048,0.8238960132363793,5.0,5.636237621307373,0.0
6.190380096435547,8.563159410994615,4.383050275493249,4.249380874052611,-37.26979701360594,5.269681398591562,20.707571879029274,0.9448311145931114,0,8.563159410994615,0.0,8.563159410994615,8.563159410994615,7.676528287896303,5.398143199166617,4.055168885406888,0.001,0.0,-inf,1.1945909206100038,0.8099012899601885,5.0,5.636237621307373,0.0
6.207115411758423,8.563159410994615,4.383050275493249,4.249380874052611,-37.26979701360594,5.398143199166617,22.23777025938034,0.9781177504771298,0,8.563159410994615,0.0,8.563159410994615,8.563159410994615,7.548066487321248,5.52446247190997,4.0218822495228705,0.001,0.0,-inf,1.177152759236749,1.989005599345829,5.0,5.638826847076416,0.15471628225036685
6.223849773406982,8.680666704613579,3.5163689991238227,2.807249634410322,-43.15532617226218,5.52446247190997,22.23777025938034,0.9958024486611994,0,8.680666704613579,0.0,8.680666704613579,8.680666704613579,6.672573231827431,5.636123725497868,4.004197551338801,0.001,0.0,-inf,1.1914964873413274,1.0567895301576575,5.0,5.638826847076416,0.0
6.24060583114624,8.785777092282666,6.285230449823924,1.517261847268919,-77.13671978042478,5.636123725497868,22.23777025938034,1.011435024163505,0,8.785777092282666,0.0,8.785777092282666,8.785777092282666,9.434883816608721,5.794215183492153,3.988564975836495,0.001,0.0,-inf,1.2083962055073865,0.9329506824078361,5.0,5.638826847076416,0.0
6.257344007492065,8.879766161476631,5.602960941408024,-0.2750826374199633,-106.84685173905993,5.794215183492153,23.59236218035221,1.0471137474924237,0,8.879766161476631,0.0,8.879766161476631,8.879766161476631,8.688511919392502,5.939645028181749,3.952886252507576,0.001,0.0,-inf,1.184983525943315,2.1315776935172246,5.0,5.445706844329834,-11.537696745246064
6.274079084396362,8.879766161476631,5.602960941408024,-0.2750826374199633,-106.84685173905993,5.939645028181749,23.59236218035221,1.067473925748967,0,8.879766161476631,0.0,8.879766161476631,8.879766161476631,8.543082074702905,6.0826141637016224,3.932526074251033,0.001,0.0,-inf,1.1933941826700547,1.216616952104689,5.0,5.445706844329834,0.0
6.290817975997925,8.95498201471312,2.250457642050616,-2.4814841367228313,-66.01551271280614,6.0826141637016224,23.45716767013073,1.0861376596195345,0,8.95498201471312,0.0,8.95498201471312,8.95498201471312,5.122825493062114,6.16836458432371,3.9138623403804655,0.001,0.0,-inf,1.2042383484957224,1.1149922178135945,5.0,5.078986644744873,-21.90827256153145
6.307552337646484,9.022225463369644,4.001070571758702,-4.4540210361920956,-117.3684499807285,6.16836458432371,23.45716767013073,1.0981427185066268,0,9.022225463369644,0.0,9.022225463369644,9.022225463369644,6.854931450804636,6.28307748629756,3.901857281493373,0.001,0.0,-inf,1.2268097340304673,0.7173897122108454,5.0,5.078986644744873,0.0
6.324288845062256,9.038743882104606,0.9903552098935385,-6.283185307179586,-109.6668146382103,6.28307748629756,23.45716767013073,1.1142025247829657,0,9.038743882104606,0.0,9.038743882104606,9.038743882104606,3.746021605700585,6.345772804681008,3.8857974752170343,0.001,0.0,-inf,1.2393204789508594,0.9595673623760385,5.0,5.078986644744873,0.0
6.341036081314087,9.038743882104606,0.9903552098935385,-6.283185307179586,-109.6668146382103,6.345772804681008,26.081213727593422,1.1492203299312753,0,9.038743882104606,0.0,9.038743882104606,9.038743882104606,3.683326287317137,6.407458340207288,3.8507796700687247,0.001,0.0,-inf,1.2141241566252887,2.090960240946084,5.0,4.3348236083984375,-44.43497572711872
6.3577752113342285,9.01123704311014,-0.8214164310408644,-6.283185307179586,0.0,6.407458340207288,26.081213727593422,1.1578563049049546,0,9.01123704311014,0.0,9.01123704311014,9.01123704311014,1.782362271861988,6.437293534018981,3.8421436950950456,0.001,0.0,-inf,1.2421989113808594,0.5159154008176011,5.0,4.3348236083984375,0.0
6.37453818321228,8.986635003803967,-1.4695857335940454,-6.283185307179586,0.0,6.437293534018981,26.081213727593422,1.1620332320385915,0,8.986635003803967,0.0,8.986635003803967,8.986635003803967,1.0797557361909398,6.455393449059915,3.8379667679614085,0.001,0.0,-inf,1.2679790202427736,0.24917581226189986,5.0,4.3348236083984375,0.0
6.391335964202881,8.964631009155791,-1.3143933401051455,-6.283185307179586,0.0,6.455393449059915,26.129139587283134,1.1650464787412196,0,8.964631009155791,0.0,8.964631009155791,8.964631009155791,1.1948442199907305,6.475464180585205,3.8349535212587806,0.001,0.0,-inf,1.2911811182184962,0.17938361646184917,5.0,2.9463539123535156,-82.65792349726776
6.408072471618652,8.964631009155791,-1.3143933401051455,-6.283185307179586,0.0,6.475464180585205,26.129139587283134,1.1678563811547602,0,8.964631009155791,0.0,8.964631009155791,8.964631009155791,1.1747734884654408,6.495125785786759,3.83214361884524,0.001,0.0,-inf,1.3120630063966465,0.16789060846068382,5.0,2.9463539123535156,0.0
6.424809217453003,8.947023370190127,-0.5266438272867072,-6.283185307179586,0.0,6.495125785786759,26.129139587283134,1.1706090058829777,0,8.947023370190127,0.0,8.947023370190127,8.947023370190127,1.925253757116661,6.527348268586249,3.8293909941170226,0.001,0.0,-inf,1.330856705756982,0.1644659454986743,5.0,2.9463539123535156,0.0
6.4415671825408936,8.947023370190127,-0.5266438272867072,-6.283185307179586,0.0,6.527348268586249,23.513980209827423,1.1489685597003492,0,8.947023370190127,0.0,8.947023370190127,8.947023370190127,1.8930312743171709,6.55907162059154,3.851031440299651,0.001,0.0,-inf,1.3222718873959511,1.2913528623034296,5.0,1.7508673667907715,-71.33840769405873
6.458304405212402,8.93293576370487,-0.42108353036594537,-6.283185307179586,0.0,6.55907162059154,23.513980209827423,1.15340982898109,0,8.93293576370487,0.0,8.93293576370487,8.93293576370487,1.952780612747385,6.591755744535699,3.84659017101891,0.001,0.0,-inf,1.3400446986563561,0.2653528227416701,5.0,1.7508673667907715,0.0
6.47504448890686,8.93293576370487,-0.42108353036594537,-6.283185307179586,0.0,6.591755744535699,20.18798515200615,1.1247256557550593,0,8.93293576370487,0.0,8.93293576370487,8.93293576370487,1.9200964888032264,6.623898320459699,3.8752743442449407,0.001,0.0,-inf,1.3169384854848694,1.7135023784574495,5.0,0.7215424180030823,-61.48863814393346
6.491791725158691,8.921667491494574,-0.33640987112863746,-6.283185307179586,0.0,6.623898320459699,20.18798515200615,1.1292256163844194,0,8.921667491494574,0.0,8.921667491494574,8.921667491494574,1.9613592999062375,6.656745668029955,3.8707743836155806,0.001,0.0,-inf,1.3352446369363826,0.26869870118826844,5.0,0.7215424180030823,0.0
6.508533954620361,8.911586729362188,-0.6034823078502836,-6.283185307179586,0.0,6.656745668029955,20.18798515200615,1.1338242450442553,0,8.911586729362188,0.0,8.911586729362188,8.911586729362188,1.6513587534819498,6.684393095204287,3.8661757549557447,0.001,0.0,-inf,1.3517201732427444,0.2746724186503393,5.0,0.7215424180030823,0.0
6.525274038314819,8.9025716418486,-0.5379124479840556,-6.283185307179586,0.0,6.684393095204287,17.028814181685448,1.1061031751454546,0,8.9025716418486,0.0,8.9025716418486,8.9025716418486,1.6802660986602564,6.712520890324821,3.8938968248545454,0.001,0.0,-inf,1.32930024620147,1.6559696119068987,5.0,-0.16471664607524872,-52.942331726318486
6.542019367218018,8.894509072777884,-0.4813446118223403,-6.283185307179586,0.0,6.712520890324821,17.028814181685448,1.1100410664623295,0,8.894509072777884,0.0,8.894509072777884,8.894509072777884,1.7006435706307235,6.740998726262141,3.8899589335376703,0.001,0.0,-inf,1.346370221581323,0.23516356947296035,5.0,-0.16471664607524872,0.0
6.558763265609741,8.824015061149776,-4.2277094377486035,-6.283185307179586,0.0,6.740998726262141,17.028814181685448,1.1140279634935544,0,8.824015061149776,0.0,8.824015061149776,8.824015061149776,-2.144693102860969,6.705088202866407,3.8859720365064456,0.001,0.0,-inf,1.3617331994231905,0.2381104410664359,5.0,-0.16471664607524872,0.0
6.575587511062622,8.824015061149776,-4.2277094377486035,-6.283185307179586,0.0,6.705088202866407,14.74035531282425,1.0861159015295396,0,8.824015061149776,0.0,8.824015061149776,8.824015061149776,-2.1087825794652346,6.6696095271427245,3.9138840984704606,0.001,0.0,-inf,1.3382131005603726,1.6590379664982413,5.0,-0.927794337272644,-45.35583443159595
6.592336416244507,8.730288518160812,-2.801878865078088,-6.283185307179586,0.0,6.6696095271427245,14.74035531282425,1.081148886928224,0,8.730288518160812,0.0,8.730288518160812,8.730288518160812,-0.7411998740600008,6.657195240731268,3.918851113071776,0.001,0.0,-inf,1.3543917905043354,0.2965575688306998,5.0,-0.927794337272644,0.0
6.6090850830078125,8.730288518160812,-2.801878865078088,-6.283185307179586,0.0,6.657195240731268,12.429906986653805,1.0563064035689156,0,8.730288518160812,0.0,8.730288518160812,8.730288518160812,-0.7287855876485438,6.644989053781842,3.9436935964310846,0.001,0.0,-inf,1.3372700664688009,1.4832513960893479,5.0,-1.5848114490509033,-39.22802459821492
6.625823497772217,8.547422736102401,-5.46510489333864,-6.283185307179586,0.0,6.644989053781842,12.429906986653805,1.054597537395996,0,8.547422736102401,0.0,8.547422736102401,8.547422736102401,-3.5626712110180803,6.585355585382619,3.945402462604004,0.001,0.0,-inf,1.353543059821921,0.1020924739273224,5.0,-1.5848114490509033,0.0
6.642564058303833,8.547422736102401,-5.46510489333864,-6.283185307179586,0.0,6.585355585382619,12.429906986653805,1.0462488518201047,0,8.547422736102401,0.0,8.547422736102401,8.547422736102401,-3.503037742618857,6.526712770007771,3.9537511481798955,0.001,0.0,-inf,1.3681887538397288,0.4987100378224414,5.0,-1.5848114490509033,0.0
6.659329891204834,8.547422736102401,-5.46510489333864,-6.283185307179586,0.0,6.526712770007771,8.441032841801643,0.9981501162191044,0,8.547422736102401,0.0,8.547422736102401,8.547422736102401,-3.4443949272440095,6.468964620212542,4.001849883780896,0.001,0.0,-inf,1.305040121505322,2.8688545260479517,5.0,-2.1505095958709717,-33.741129961178025
6.676087141036987,8.41649918386705,-2.6121584745409563,-6.283185307179586,0.0,6.468964620212542,8.441032841801643,0.9900653752477725,0,8.41649918386705,0.0,8.41649918386705,8.41649918386705,-0.6646239108864491,6.457827351293395,4.009934624752227,0.001,0.0,-inf,1.3245361093547898,0.48246228064340096,5.0,-2.1505095958709717,0.0
6.692827463150024,8.231241229256343,-11.069723623892386,-6.283185307179586,0.0,6.457827351293395,8.441032841801643,0.9885061575990919,0,8.231241229256343,0.0,8.231241229256343,8.231241229256343,-9.296309745929438,6.30220413168397,4.011493842400908,0.001,0.0,-inf,1.3420824984193107,0.09314143647608285,5.0,-2.1505095958709717,0.0
6.709571361541748,8.065518063995547,-9.914890807434706,-6.283185307179586,0.0,6.30220413168397,4.910841584205627,0.9314169942778122,0,8.065518063995547,0.0,8.065518063995547,8.065518063995547,-8.151576875123128,6.165714956754584,4.0685830057221875,0.001,0.0,-inf,1.2641220731358036,3.4095502723247746,5.0,-2.6375815868377686,-29.089521422774066
6.726394891738892,7.9173275335007816,-8.83507178030614,-6.283185307179586,0.0,6.165714956754584,4.910841584205627,0.9123085097876982,0,7.9173275335007816,0.0,7.9173275335007816,7.9173275335007816,-7.0834592035599435,6.046546166943259,4.087691490212302,0.001,0.0,-inf,1.2672223661569302,1.1358189551297888,5.0,-2.6375815868377686,0.0
6.743146181106567,7.9173275335007816,-8.83507178030614,-6.283185307179586,0.0,6.046546166943259,4.910841584205627,0.8956248792141127,0,7.9173275335007816,0.0,7.9173275335007816,7.9173275335007816,-6.964290413748619,5.929885322982026,4.104375120785887,0.001,0.0,-inf,1.274519164632643,0.9959609799218873,5.0,-2.6375815868377686,0.0
6.7598912715911865,7.9173275335007816,-8.83507178030614,-6.283185307179586,0.0,5.929885322982026,1.143782283179462,0.8416217680492782,0,7.9173275335007816,0.0,7.9173275335007816,7.9173275335007816,-6.847629569787385,5.815221146230782,4.158378231950722,0.001,0.0,-inf,1.2092613186265142,3.2250116065026893,5.0,-3.056955337524414,-25.044579548366887
6.776637554168701,7.811294952659921,-2.111661845471893,-6.283185307179586,0.0,5.815221146230782,1.143782283179462,0.8255687833041042,0,7.811294952659921,0.0,7.811294952659921,7.811294952659921,-0.11558803904275461,5.813285476266391,4.174431216695896,0.001,0.0,-inf,1.2235580789885045,0.9585998964766355,5.0,-3.056955337524414,0.0
6.793414831161499,7.7164586559021755,-5.665545141451968,-6.283185307179586,0.0,5.813285476266391,-6.228533573448658,0.7515746309428083,0,7.7164586559021755,0.0,7.7164586559021755,7.7164586559021755,-3.762371961816184,5.750163119713065,4.248425369057192,0.001,0.0,-inf,1.1252011656858827,4.410379133220493,5.0,-3.418039083480835,-21.52219016896645
6.8101582527160645,7.7164586559021755,-5.665545141451968,-6.283185307179586,0.0,5.750163119713065,-6.228533573448658,0.7427375010253426,0,7.7164586559021755,0.0,7.7164586559021755,7.7164586559021755,-3.6992496052628576,5.688225024136589,4.257262498974657,0.001,0.0,-inf,1.161785363673756,0.5277971344546383,5.0,-3.418039083480835,0.0
6.826894998550415,7.640566728942766,-2.2704266249183873,-6.283185307179586,0.0,5.688225024136589,-10.598634369671345,0.6903651596824091,0,7.640566728942766,0.0,7.640566728942766,7.640566728942766,-0.3180849201122098,5.682901317674931,4.309634840317591,0.001,0.0,-inf,1.110888706871982,3.1291830479640965,5.0,-3.728936195373535,-18.575720451858288
6.843640089035034,7.561513139518452,-4.718448120684789,-6.283185307179586,0.0,5.682901317674931,-10.598634369671345,0.6896198407777769,0,7.561513139518452,0.0,7.561513139518452,7.561513139518452,-2.839836298841268,5.635348001889328,4.310380159222223,0.001,0.0,-inf,1.1497998361847839,0.04450969705518995,5.0,-3.728936195373535,0.0
6.8603856563568115,7.561513139518452,-4.718448120684789,-6.283185307179586,0.0,5.635348001889328,-10.598634369671345,0.6829623765677926,0,7.561513139518452,0.0,7.561513139518452,7.561513139518452,-2.7922829830556655,5.588589639215116,4.317037623432207,0.001,0.0,-inf,1.1848198525663056,0.3975657606611177,5.0,-3.728936195373535,0.0
6.877162456512451,7.49827230014831,-1.8891197602274787,-6.283185307179586,0.0,5.588589639215116,-12.272045016288757,0.6596820993272288,0,7.49827230014831,0.0,7.49827230014831,7.49827230014831,0.02056290070571487,5.588934618890876,4.340317900672771,0.001,0.0,-inf,1.1877359068170679,1.3876470497705706,5.0,-3.99662184715271,-15.955703667912516
6.893908739089966,7.416634723495514,-4.884285205122709,-6.283185307179586,0.0,5.588934618890876,-12.272045016288757,0.6597303964818352,0,7.416634723495514,0.0,7.416634723495514,7.416634723495514,-3.0565851005180713,5.53774818107538,4.3402696035181645,0.001,0.0,-inf,1.2189623161353613,0.002884052289387654,5.0,-3.99662184715271,0.0
6.910650014877319,7.416634723495514,-4.884285205122709,-6.283185307179586,0.0,5.53774818107538,-12.272045016288757,0.6525642951876657,0,7.416634723495514,0.0,7.416634723495514,7.416634723495514,-3.005398662702575,5.487433973212132,4.347435704812335,0.001,0.0,-inf,1.2470660845218253,0.428049892086649,5.0,-3.99662184715271,0.0
6.927395582199097,7.303738052254715,-3.3733434001935567,-6.283185307179586,0.0,5.487433973212132,-12.757711112499237,0.6406636451247062,0,7.303738052254715,0.0,7.303738052254715,7.303738052254715,-1.5570393211509739,5.461360466437144,4.3593363548752935,0.001,0.0,-inf,1.2655710709357062,0.7106746420876932,5.0,-4.227101802825928,-13.763639728913947
6.944146394729614,7.202796483573227,-6.0121217433299945,-6.283185307179586,0.0,5.461360466437144,-12.757711112499237,0.6370133541762079,0,7.202796483573227,0.0,7.202796483573227,7.202796483573227,-4.2706857261939115,5.389823010460912,4.362986645823792,0.001,0.0,-inf,1.2890139638421356,0.2179172468110445,5.0,-4.227101802825928,0.0
6.960896968841553,7.078750793964917,-7.427978586415548,-6.283185307179586,0.0,5.389823010460912,-12.879777699708939,0.6257774444674383,0,7.078750793964917,0.0,7.078750793964917,7.078750793964917,-5.739050802911542,5.293690614654561,4.374222555532562,0.001,0.0,-inf,1.3046097340507519,0.6707775884983828,5.0,-4.425547122955322,-11.847075736225571
6.977643966674805,6.96780168074247,-6.62907319741538,-6.283185307179586,0.0,5.293690614654561,-12.879777699708939,0.6123189090545492,0,6.96780168074247,0.0,6.96780168074247,6.96780168074247,-4.954962131327471,5.210709874577375,4.387681090945451,0.001,0.0,-inf,1.3143648472767164,0.8036386907608329,5.0,-4.425547122955322,0.0
6.994387626647949,6.868567371434549,-5.928621329925908,-6.283185307179586,0.0,5.210709874577375,-12.879777699708939,0.6007016054437431,0,6.868567371434549,0.0,6.868567371434549,6.868567371434549,-4.270763833068733,5.139201657130869,4.399298394556257,0.001,0.0,-inf,1.3266826329711534,0.6938329869000781,5.0,-4.425547122955322,0.0
7.011128187179565,6.779788499249763,-5.316014886219609,-6.283185307179586,0.0,5.139201657130869,-12.805157341063023,0.5914366585876915,0,6.779788499249763,0.0,6.779788499249763,6.779788499249763,-3.6754280441007143,5.077672931479001,4.408563341412308,0.001,0.0,-inf,1.3422923158855058,0.5534430486096235,5.0,-4.596410274505615,-10.206537064729758
7.027867317199707,6.779788499249763,-5.316014886219609,-6.283185307179586,0.0,5.077672931479001,-12.805157341063023,0.58282263699643,0,6.779788499249763,0.0,6.779788499249763,6.779788499249763,-3.613899318448847,5.017179400907784,4.41717736300357,0.001,0.0,-inf,1.357592514185287,0.5146039000172954,5.0,-4.596410274505615,0.0
7.044608116149902,6.708757862036957,-2.1231308180713304,-6.283185307179586,0.0,5.017179400907784,-12.805157341063023,0.5743535427164596,0,6.708757862036957,0.0,6.708757862036957,6.708757862036957,-0.43155235694215754,5.009954869663733,4.42564645728354,0.001,0.0,-inf,1.371643297763042,0.5058954656325789,5.0,-4.596410274505615,0.0
7.061347246170044,6.64523290501571,-3.79213488562869,-6.283185307179586,0.0,5.009954869663733,-14.90224339067936,0.552371247846129,0,6.64523290501571,0.0,6.64523290501571,6.64523290501571,-2.156856850276712,4.973850962412118,4.447628752153871,0.001,0.0,-inf,1.3582749534363652,1.3132280377701844,5.0,-4.743525505065918,-8.78870230312353
7.078085422515869,6.588397033330187,-3.4054301870528887,-6.283185307179586,0.0,4.973850962412118,-14.90224339067936,0.5473167008309029,0,6.588397033330187,0.0,6.588397033330187,6.588397033330187,-1.7908841161348192,4.943874828261316,4.452683299169097,0.001,0.0,-inf,1.3724474580927288,0.30197716350902315,5.0,-4.743525505065918,0.0
7.094949007034302,6.588397033330187,-3.4054301870528887,-6.283185307179586,0.0,4.943874828261316,-15.321962535381317,0.5389228506027711,0,6.588397033330187,0.0,6.588397033330187,6.588397033330187,-1.7609079819840172,4.914179607677945,4.461077149397229,0.001,0.0,-inf,1.3852027122834558,0.49775006132041116,5.0,-4.8701934814453125,-7.511331665040788
7.111693859100342,6.542927484375401,-1.358568372959127,-6.212820686115258,2.1023993189003782,4.914179607677945,-15.321962535381317,0.5347655197210992,0,6.542927484375401,0.0,6.542927484375401,6.542927484375401,0.2701795037383288,4.918703723499319,4.465234480278901,0.001,0.0,-inf,1.3966824410551104,0.24827516333233732,5.0,-4.8701934814453125,0.0
7.128431558609009,6.502260229638002,-2.4289188923330958,-6.149887667532447,3.758778377699657,4.918703723499319,-15.321962535381317,0.5353988959360916,0,6.502260229638002,0.0,6.502260229638002,6.502260229638002,-0.8453623861944131,4.904554301903267,4.464601104063909,0.001,0.0,-inf,1.4070141969495995,0.03784129441829242,5.0,-4.8701934814453125,0.0
7.1451966762542725,6.465888881236452,-2.171905808539581,-6.026028881698453,7.396195857837712,4.904554301903267,-14.499385841190815,0.5416437438545493,0,6.465888881236452,0.0,6.465888881236452,6.465888881236452,-0.6105712292063954,4.894318003414808,4.458356256145451,0.001,0.0,-inf,1.4163127772546398,0.37249055154837724,5.0,-4.979257106781006,-6.505389800620041
7.161941766738892,6.465888881236452,-2.171905808539581,-6.026028881698453,7.396195857837712,4.894318003414808,-14.499385841190815,0.5402106620661651,0,6.465888881236452,0.0,6.465888881236452,6.465888881236452,-0.6003349307179366,4.8842653406788585,4.4597893379338345,0.001,0.0,-inf,1.4246814995291759,0.08558220630103623,5.0,-4.979257106781006,0.0
7.178679704666138,6.421600716432481,-1.3232136624540822,-5.9831808462708835,1.2801863915118292,4.8842653406788585,-14.499385841190815,0.5388032892831321,0,6.421600716432481,0.0,6.421600716432481,6.421600716432481,0.21412171329954033,4.887849296624942,4.461196710716868,0.001,0.0,-inf,1.4322133495762586,0.08408280572853638,5.0,-4.979257106781006,0.0
7.19554591178894,6.421600716432481,-1.3232136624540822,-5.9831808462708835,1.2801863915118292,4.887849296624942,-13.142420910298824,0.5528746924245036,0,6.421600716432481,0.0,6.421600716432481,6.421600716432481,0.21053775735345726,4.891400270047636,4.447125307575496,0.001,0.0,-inf,1.4282202660744308,0.8342956444752319,5.0,-5.0731611251831055,-5.5675836136948345
7.21228551864624,6.386161185189894,-1.0600026217564609,-6.152208863513924,-5.0556577681990635,4.891400270047636,-13.142420910298824,0.5533718287036808,0,6.386161185189894,0.0,6.386161185189894,6.386161185189894,0.4347582933857974,4.898677952956865,4.446628171296319,0.001,0.0,-inf,1.4353982394669877,0.029698205185772025,5.0,-5.0731611251831055,0.0
7.228998184204102,6.386161185189894,-1.0600026217564609,-6.152208863513924,-5.0556577681990635,4.898677952956865,-13.142420910298824,0.5543907043109729,0,6.386161185189894,0.0,6.386161185189894,6.386161185189894,0.4274806104765685,4.90582229343223,4.445609295689027,0.001,0.0,-inf,1.4418584155202891,0.060964279083106525,5.0,-5.0731611251831055,0.0
7.245743751525879,6.335398883068085,-1.5169463851827798,-6.243477496535626,-2.7274102464978847,4.90582229343223,-11.570091359317303,0.5711142074873393,0,6.335398883068085,0.0,6.335398883068085,6.335398883068085,-0.08736979554692503,4.904359236639009,4.428885792512661,0.001,0.0,-inf,1.4316039192148773,0.9986823888980904,5.0,-5.154012203216553,-4.828207756705963
7.262480735778809,6.335398883068085,-1.5169463851827798,-6.243477496535626,-2.7274102464978847,4.904359236639009,-11.570091359317303,0.5709093795362883,0,6.335398883068085,0.0,6.335398883068085,6.335398883068085,-0.08590673875370403,4.902921416905267,4.429090620463712,0.001,0.0,-inf,1.4384435272933898,0.012238044079845543,5.0,-5.154012203216553,0.0
7.279223680496216,6.294801188479311,-1.211278242715582,-5.855713285488179,11.56938483584312,4.902921416905267,-11.570091359317303,0.5707080847735644,0,6.294801188479311,0.0,6.294801188479311,6.294801188479311,0.18060152885846215,4.9059452183188235,4.429291915226436,0.001,0.0,-inf,1.444599174564051,0.012022661850792673,5.0,-5.154012203216553,0.0
7.2959654331207275,6.294801188479311,-1.211278242715582,-5.855713285488179,11.56938483584312,4.9059452183188235,-9.661726653575897,0.5902150640288764,0,6.294801188479311,0.0,6.294801188479311,6.294801188479311,0.17757772744490552,4.908918180703329,4.409784935971124,0.001,0.0,-inf,1.4287060182007867,1.1651694833163206,5.0,-5.223626613616943,-4.158131586442609
7.312702894210815,6.262311426818962,-0.972225143873653,-5.128698914621539,21.755211955790877,4.908918180703329,-9.661726653575897,0.5906312787627072,0,6.262311426818962,0.0,6.262311426818962,6.262311426818962,0.3811681022419803,4.9152979669833865,4.409368721237293,0.001,0.0,-inf,1.435835416380708,0.024867256245768764,5.0,-5.223626613616943,0.0
7.329441785812378,6.233252028883816,-1.736189125622859,-4.478444839862759,38.85022174264337,4.9152979669833865,-8.110973052680492,0.6070319848508693,0,6.233252028883816,0.0,6.233252028883816,6.233252028883816,-0.4182350637224299,4.908297175587764,4.392968015149131,0.001,0.0,-inf,1.4267917678332682,0.9797964213252447,5.0,-5.283566474914551,-3.580873974475843
7.346178770065308,6.207260187187805,-1.5532461224008118,-3.72421576519304,45.07196524717544,4.908297175587764,-8.110973052680492,0.6060518740554821,0,6.207260187187805,0.0,6.207260187187805,6.207260187187805,-0.25428311080077126,4.904041243166506,4.393948125944518,0.001,0.0,-inf,1.4341125910499413,0.05855958161731662,5.0,-5.283566474914551,0.0
7.362916469573975,6.184007983599545,-1.3917291300737487,-3.0494852785459363,40.38507875828949,4.904041243166506,-8.110973052680492,0.605456043516506,0,6.184007983599545,0.0,6.184007983599545,6.184007983599545,-0.11176238964070939,4.902170597872329,4.394543956483494,0.001,0.0,-inf,1.4407013319449473,0.03559811422517368,5.0,-5.283566474914551,0.0
7.379667043685913,6.163219342186395,-1.2374947748189602,-2.410588696059156,38.03188321757924,4.902170597872329,-6.729272194206715,0.619011161760059,0,6.163219342186395,0.0,6.163219342186395,6.163219342186395,0.02355396949510502,4.902565140383987,4.380988838239941,0.001,0.0,-inf,1.4366670225685172,0.809233053922136,5.0,-5.2620415687561035,1.2850249797173234
7.396408796310425,6.1446224340237885,-1.1128068920884921,-1.8390505741695218,34.199854920452246,4.902565140383987,-6.729272194206715,0.6190663977116911,0,6.1446224340237885,0.0,6.1446224340237885,6.1446224340237885,0.12925040155130918,4.904729018633378,4.380933602288309,0.001,0.0,-inf,1.4430003203116657,0.0032992932622405036,5.0,-5.2620415687561035,0.0
7.413150787353516,6.127986714911903,-0.9951687710565383,-1.581365283693486,15.415044706974342,4.904729018633378,-6.729272194206715,0.6193693406666059,0,6.127986714911903,0.0,6.127986714911903,6.127986714911903,0.22808892522198654,4.908547681376473,4.380630659333394,0.001,0.0,-inf,1.4487002882804991,0.018094798529936576,5.0,-5.2620415687561035,0.0
7.430160284042358,6.127986714911903,-0.9951687710565383,-1.581365283693486,15.415044706974342,4.908547681376473,-5.964358802884817,0.6275530873638581,0,6.127986714911903,0.0,6.127986714911903,6.127986714911903,0.2242702624788916,4.912362405663513,4.372446912636142,0.001,0.0,-inf,1.4538302594524493,0.48112809255668615,5.0,-4.9545183181762695,18.079503244887373
7.446922540664673,6.114678123049159,-0.39761149437831544,-0.2489139479224045,39.80871697519029,4.912362405663513,-5.964358802884817,0.6280871487640438,0,6.114678123049159,0.0,6.114678123049159,6.114678123049159,0.8047042230073301,4.925851064354623,4.371912851235956,0.001,0.0,-inf,1.4584472335072043,0.0318609488101255,5.0,-4.9545183181762695,0.0
7.463658809661865,6.114678123049159,-0.39761149437831544,-0.2489139479224045,39.80871697519029,4.925851064354623,-5.152404308319092,0.6380951059264564,0,6.114678123049159,0.0,6.114678123049159,6.114678123049159,0.7912155643162208,4.939093060873784,4.361904894073543,0.001,0.0,-inf,1.4594453709943809,0.5979801808928524,5.0,-4.485682010650635,28.01319144692793
7.480398178100586,6.104034129700927,-0.3176162768672681,3.3522695163649923,107.45915060468472,4.939093060873784,-5.152404308319092,0.6399489854391389,0,6.104034129700927,0.0,6.104034129700927,6.104034129700927,0.8473247919598748,4.953276742753663,4.360051014560861,0.001,0.0,-inf,1.4635008338949427,0.1107496689298182,5.0,-4.485682010650635,0.0
7.497134208679199,6.094510706276699,-0.5707364647996495,6.283185307179586,175.64907518648914,4.953276742753663,-5.152404308319092,0.641934700902322,0,6.094510706276699,0.0,6.094510706276699,6.094510706276699,0.5704974987233867,4.962824606337319,4.358065299097678,0.001,0.0,-inf,1.4671507505054486,0.11864912972378062,5.0,-4.485682010650635,0.0
7.513864755630493,6.085992319779748,-0.509195242175184,6.283185307179586,0.0,4.962824606337319,-4.313847981393337,0.6516569650732914,0,6.085992319779748,0.0,6.085992319779748,6.085992319779748,0.6139724712672443,4.973096701594658,4.3483430349267085,0.001,0.0,-inf,1.4678221771714668,0.5811085674170096,5.0,-3.8968112468719482,35.1973408575948
7.530601978302002,6.085992319779748,-0.509195242175184,6.283185307179586,0.0,4.973096701594658,-4.313847981393337,0.6530950584093188,0,6.085992319779748,0.0,6.085992319779748,6.085992319779748,0.6037003760099058,4.983200969214809,4.346904941590681,0.001,0.0,-inf,1.4710399594543202,0.08592186196312125,5.0,-3.8968112468719482,0.0
7.547343969345093,6.085992319779748,-0.509195242175184,6.283185307179586,0.0,4.983200969214809,-4.313847981393337,0.65450965587614,0,6.085992319779748,0.0,6.085992319779748,6.085992319779748,0.5935961083897547,4.993138949944684,4.34549034412386,0.001,0.0,-inf,1.4739359635088882,0.0844939806251383,5.0,-3.8968112468719482,0.0
7.56408953666687,6.079908850475148,-0.12047005773365342,6.283185307179586,0.0,4.993138949944684,-3.3108810894191265,0.6659306420980645,0,6.079908850475148,0.0,6.079908850475148,6.079908850475148,0.9662998427968105,5.009320189015261,4.334069357901935,0.001,0.0,-inf,1.4706769426899784,0.6820304145247886,5.0,-2.569220542907715,79.28012700039865
7.580831050872803,6.057786027622218,-1.3474948720368978,6.283185307179586,0.0,5.009320189015261,-3.3108810894191265,0.6681960155679454,0,6.057786027622218,0.0,6.057786027622218,6.057786027622218,-0.29902903342994036,5.004313990204107,4.331803984432055,0.001,0.0,-inf,1.4736092484209804,0.13531472972009312,5.0,-2.569220542907715,0.0
7.597569942474365,6.057786027622218,-1.3474948720368978,6.283185307179586,0.0,5.004313990204107,-3.3108810894191265,0.6674951477343838,0,6.057786027622218,0.0,6.057786027622218,6.057786027622218,-0.2940228346187863,4.999392373847039,4.332504852265616,0.001,0.0,-inf,1.4762483235788824,0.04187062382889078,5.0,-2.569220542907715,0.0
7.614304780960083,6.057786027622218,-1.3474948720368978,6.283185307179586,0.0,4.999392373847039,-2.530236728489399,0.6746125650536915,0,6.057786027622218,0.0,6.057786027622218,6.057786027622218,-0.2891012182617183,4.994554311653405,4.325387434946308,0.001,0.0,-inf,1.4786234912209943,0.4253054085572451,5.0,-1.4261523485183716,68.30470430681996
7.631040573120117,6.011166329038384,-0.9275517681749954,6.283185307179586,0.0,4.994554311653405,-2.530236728489399,0.6739352363465828,0,6.011166329038384,0.0,6.011166329038384,6.011166329038384,0.08906024920998368,4.996044805473904,4.3260647636534175,0.001,0.0,-inf,1.480761142098895,0.040471864171818125,5.0,-1.4261523485183716,0.0
7.6477766036987305,5.969464565917504,-2.493831670373104,6.283185307179586,0.0,4.996044805473904,-2.530236728489399,0.6741439054814526,0,5.969464565917504,0.0,5.969464565917504,5.969464565917504,-1.5204119099295035,4.970599145257236,4.325856094518548,0.001,0.0,-inf,1.4826850278890058,0.012468257266241333,5.0,-1.4261523485183716,0.0
7.66461706161499,5.969464565917504,-2.493831670373104,6.283185307179586,0.0,4.970599145257236,-2.253512851893902,0.673348751817074,0,5.969464565917504,0.0,5.969464565917504,5.969464565917504,-1.494966249712835,4.945423229042718,4.326651248182926,0.001,0.0,-inf,1.4844165251001051,0.04721686716196244,5.0,-0.4419591426849365,58.44218789817935
7.681375026702881,5.969464565917504,-2.493831670373104,6.283185307179586,0.0,4.945423229042718,-2.253512851893902,0.6698241235470416,0,5.969464565917504,0.0,5.969464565917504,5.969464565917504,-1.4697903334983176,4.920792533947434,4.330175876452959,0.001,0.0,-inf,1.4859748725900945,0.2103255527474112,5.0,-0.4419591426849365,0.0
7.698220729827881,5.939612562586374,-0.5953288685693657,6.283185307179586,0.0,4.920792533947434,-2.253512851893902,0.6663758262337018,0,5.939612562586374,0.0,5.939612562586374,5.939612562586374,0.4234911600695742,4.927926540306029,4.333624173766298,0.001,0.0,-inf,1.4873773853310852,0.2046989245715876,5.0,-0.4419591426849365,0.0
7.714964866638184,5.939612562586374,-0.5953288685693657,6.283185307179586,0.0,4.927926540306029,-2.626566682010889,0.6636440488227352,0,5.939612562586374,0.0,5.939612562586374,5.939612562586374,0.4163571537109799,4.934898081449713,4.336355951177265,0.001,0.0,-inf,1.4886396467979766,0.16314829733628114,5.0,0.4054407477378845,50.60875338174569
7.731703758239746,5.915733207602939,-0.7131220167067434,6.283185307179586,0.0,4.934898081449713,-2.626566682010889,0.6646200645828511,0,5.915733207602939,0.0,5.915733207602939,5.915733207602939,0.2677131094464822,4.939379302169055,4.335379935417149,0.001,0.0,-inf,1.4897756821181791,0.058308266959847525,5.0,0.4054407477378845,0.0
7.7484376430511475,5.915733207602939,-0.7131220167067434,6.283185307179586,0.0,4.939379302169055,-3.388479817658663,0.6576283041270811,0,5.915733207602939,0.0,5.915733207602939,5.915733207602939,0.26323188872714054,4.943784194273702,4.342371695872919,0.001,0.0,-inf,1.490798113906361,0.41782052013446785,5.0,1.1350600719451904,43.60131149643097
7.7651731967926025,5.915733207602939,-0.7131220167067434,6.283185307179586,0.0,4.943784194273702,-3.388479817658663,0.6582449890217317,0,5.915733207602939,0.0,5.915733207602939,5.915733207602939,0.2588269966224934,4.948115807385417,4.341755010978268,0.001,0.0,-inf,1.491718302515725,0.03684878936052414,5.0,1.1350600719451904,0.0
7.78190803527832,5.915733207602939,-0.7131220167067434,6.283185307179586,0.0,4.948115807385417,-3.388479817658663,0.6588514148573718,0,5.915733207602939,0.0,5.915733207602939,5.915733207602939,0.2544953835107786,4.95237474652383,4.341148585142628,0.001,0.0,-inf,1.4925464722641526,0.03623732826328909,5.0,1.1350600719451904,0.0
7.798682928085327,5.900447199845787,-0.22845126967276122,6.283185307179586,0.0,4.95237474652383,-3.137452993541956,0.6619579345779167,0,5.900447199845787,0.0,5.900447199845787,5.900447199845787,0.7196211836491955,4.964446314741196,4.3380420654220835,0.001,0.0,-inf,1.4932918250377374,0.18518864807573615,5.0,1.7632694244384766,37.44938103156668
7.815422534942627,5.886775959096932,-0.8163630375553518,6.283185307179586,0.0,4.964446314741196,-3.137452993541956,0.663647954128348,0,5.886775959096932,0.0,5.886775959096932,5.886775959096932,0.10596660680038361,4.966220154079036,4.336352045871652,0.001,0.0,-inf,1.4939626425339636,0.10095933344421765,5.0,1.7632694244384766,0.0
7.83219313621521,5.886775959096932,-0.8163630375553518,6.283185307179586,0.0,4.966220154079036,-3.137452993541956,0.6638962916356455,0,5.886775959096932,0.0,5.886775959096932,5.886775959096932,0.10419276746254436,4.967967529437637,4.336103708364354,0.001,0.0,-inf,1.4945663782805672,0.014807907197904552,5.0,1.7632694244384766,0.0
7.848929405212402,5.8758415601526135,-0.3263307212215123,6.283185307179586,0.0,4.967967529437637,-2.8300671838223934,0.6672147822830453,0,5.8758415601526135,0.0,5.8758415601526135,5.8758415601526135,0.5815433094934646,4.977700394698837,4.332785217716955,0.001,0.0,-inf,1.4951097404525107,0.1982813880415379,5.0,2.304163932800293,32.31870307847914
7.865674257278442,5.8758415601526135,-0.3263307212215123,6.283185307179586,0.0,4.977700394698837,-2.8300671838223934,0.6685773834196133,0,5.8758415601526135,0.0,5.8758415601526135,5.8758415601526135,0.5718104442322645,4.987275275997322,4.331422616580387,0.001,0.0,-inf,1.4955987664072596,0.08137433111943769,5.0,2.304163932800293,0.0
7.882406711578369,5.8758415601526135,-0.3263307212215123,6.283185307179586,0.0,4.987275275997322,-2.8300671838223934,0.6699178668014012,0,5.8758415601526135,0.0,5.8758415601526135,5.8758415601526135,0.562235562933779,4.9966828568599055,4.330082133198599,0.001,0.0,-inf,1.4960388897665338,0.08011277710728937,5.0,2.304163932800293,0.0
7.899141550064087,5.638172962617069,-4.688277355734333,6.058292710142546,-4.43625653996362,4.9966828568599055,-2.521632006391883,0.674319279896468,0,5.638172962617069,0.0,5.638172962617069,5.638172962617069,-4.04678724997717,4.928960525845476,4.325680720103532,0.001,0.0,-inf,1.4964350007898806,0.2630089975964311,5.0,2.769879102706909,27.829080651365558
7.915879726409912,5.425689991401891,-12.64605636262605,5.8572318728328066,-11.966260949734524,4.928960525845476,-2.521632006391883,0.6648381535544479,0,5.425689991401891,0.0,5.425689991401891,5.425689991401891,-12.149326897069635,4.725602949759247,4.335161846445552,0.001,0.0,-inf,1.4946507453344258,0.5664372358213866,5.0,2.769879102706909,0.0
7.93261456489563,5.425689991401891,-12.64605636262605,5.8572318728328066,-11.966260949734524,4.725602949759247,-2.521632006391883,0.6363680929023757,0,5.425689991401891,0.0,5.425689991401891,5.425689991401891,-11.945969320983405,4.52568908261725,4.363631907097624,0.001,0.0,-inf,1.456478886789047,1.70124502106009,5.0,2.769879102706909,0.0
7.94934868812561,5.19395398777972,-6.922970746994132,5.406926505091931,-13.45259622741794,4.52568908261725,-2.1470270585268736,0.6121262009811463,0,5.19395398777972,0.0,5.19395398777972,5.19395398777972,-6.254705841831662,4.42102206429276,4.387873799018854,0.001,0.0,-inf,1.4302633787112797,1.4486502572060764,5.0,3.170865058898926,23.962173021029237
7.966084241867065,4.9523361642572,-14.51577173489654,4.780695939158866,-37.62230706317152,4.42102206429276,-2.1470270585268736,0.5974728184157178,0,4.9523361642572,0.0,4.9523361642572,4.9523361642572,-13.984457634932099,4.186984421998252,4.402527181584282,0.001,0.0,-inf,1.4251348907335661,0.8755839688250759,5.0,3.170865058898926,0.0
7.982829332351685,4.736246572153162,-12.901163516438213,4.220630023562436,-33.437528789514566,4.186984421998252,-8.828791789710522,0.4978899011826502,0,4.736246572153162,0.0,4.736246572153162,4.736246572153162,-12.351901366283304,3.9801507159627474,4.50211009881735,0.001,0.0,-inf,1.2876214016602094,5.946991885444716,5.0,3.516117811203003,20.6181479055728
7.999567031860352,4.542965590418776,-11.551427683278181,3.368413378309686,-50.93268287332846,3.9801507159627474,-8.828791789710522,0.46893318233767944,0,4.542965590418776,0.0,4.542965590418776,4.542965590418776,-10.988612808822152,3.796226616751593,4.531066817662321,0.001,0.0,-inf,1.2692249681089462,1.7300297947144168,5.0,3.516117811203003,0.0
8.016313791275024,4.542965590418776,-11.551427683278181,3.368413378309686,-50.93268287332846,3.796226616751593,-8.828791789710522,0.4431838084481178,0,4.542965590418776,0.0,4.542965590418776,4.542965590418776,-10.804688709610998,3.6152830943813052,4.556816191551882,0.001,0.0,-inf,1.2588695466343613,1.5375735240455581,5.0,3.516117811203003,0.0
8.03305196762085,4.542965590418776,-11.551427683278181,3.368413378309686,-50.93268287332846,3.6152830943813052,-14.062405563890934,0.3655155775744734,0,4.542965590418776,0.0,4.542965590418776,4.542965590418776,-10.623745187240711,3.4374609739841584,4.634484422425526,0.001,0.0,-inf,1.1495766384323003,4.640184764991812,5.0,3.6918818950653076,10.50079054198419
8.049798011779785,4.325599328384186,-4.334370607471293,2.377803698801487,-19.753155057953037,3.4374609739841584,-14.062405563890934,0.3406204807188729,0,4.325599328384186,0.0,4.325599328384186,4.325599328384186,-3.446232253071265,3.3797502164922792,4.659379519281127,0.001,0.0,-inf,1.1528277073527036,1.486625534921731,5.0,3.6918818950653076,0.0
8.066540718078613,4.092979874431135,-13.908633140787448,1.2448073314803094,-67.74339185791221,3.3797502164922792,-14.062405563890934,0.3325409746700098,0,4.092979874431135,0.0,4.092979874431135,4.092979874431135,-13.195403482848592,3.1588234514844116,4.667459025329991,0.001,0.0,-inf,1.1875449366174333,0.4825687021356042,5.0,3.6918818950653076,0.0
8.083284854888916,4.092979874431135,-13.908633140787448,1.2448073314803094,-67.74339185791221,3.1588234514844116,-21.81285247206688,0.2241067584871489,0,4.092979874431135,0.0,4.092979874431135,4.092979874431135,-12.974476717840723,2.941577038278799,4.775893241512851,0.001,0.0,-inf,1.07379044295569,6.475951397873249,5.0,3.6469223499298096,-2.68509184109355
8.100023746490479,3.8708680347171702,-6.635029434142477,0.20206993454452316,-31.14914238547477,2.941577038278799,-21.81285247206688,0.1936922606383631,0,3.8708680347171702,0.0,3.8708680347171702,3.8708680347171702,-5.705738437704106,2.8460693010632014,4.806307739361637,0.001,0.0,-inf,1.0739748632610298,1.8169959261786932,5.0,3.6469223499298096,0.0
8.116764068603516,3.672238036976543,-11.851016288190495,-0.7304284278307084,-55.63637621166564,2.8460693010632014,-21.81285247206688,0.18032117742817944,0,3.672238036976543,0.0,3.672238036976543,3.672238036976543,-11.024847552277153,2.661509801790953,4.81967882257182,0.001,0.0,-inf,1.1069514674773102,0.7987351210984439,5.0,3.6469223499298096,0.0
8.133476972579956,3.672238036976543,-11.851016288190495,-0.7304284278307084,-55.63637621166564,2.661509801790953,-27.219945564866066,0.10041191660207277,0,3.672238036976543,0.0,3.672238036976543,3.672238036976543,-10.840288053004905,2.4803371084841275,4.899588083397927,0.001,0.0,-inf,1.0083036040593543,4.781291207006983,5.0,3.313052177429199,-19.97678996847316
8.150251865386963,3.4152959538698147,-7.661416890789338,-1.6387197644929874,-27.083140699733008,2.4803371084841275,-27.219945564866066,0.0750477395391172,0,3.4152959538698147,0.0,3.4152959538698147,3.4152959538698147,-6.7264580454036516,2.3675014958016525,4.924952260460882,0.001,0.0,-inf,1.0248633191543968,1.5120321396248215,5.0,3.313052177429199,0.0
8.16703748703003,3.185414978269794,-13.770808453419457,-2.451349973123471,-48.67986538383067,2.3675014958016525,-27.219945564866066,0.059250753763570696,0,3.185414978269794,0.0,3.185414978269794,3.185414978269794,-12.952894970951316,2.150079101636886,4.940749246236429,0.001,0.0,-inf,1.0581636935156962,0.9411022189977529,5.0,3.313052177429199,0.0
8.183787822723389,2.979783608779994,-12.297433172831642,-3.1199582404016244,-39.98497654349222,2.150079101636886,-29.35279719531536,0.007483102276010456,0,2.979783608779994,0.0,2.979783608779994,2.979783608779994,-11.467728665688535,1.9579907968462427,4.9925168977239895,0.001,0.0,-inf,1.0188742358483558,3.090544120144612,5.0,2.8806557655334473,-25.814193805511273
8.200526475906372,2.834244871983305,-8.67536959100247,-3.6360466356980776,-30.763339502380408,1.9579907968462427,-29.35279719531536,-0.019409260394679606,0,2.834244871983305,0.0,2.834244871983305,2.834244871983305,-7.799115515865408,1.827444107092147,5.01940926039468,0.001,0.0,-inf,1.0313296194028105,1.6066025370565045,5.0,2.8806557655334473,0.0
8.217380046844482,2.834244871983305,-8.67536959100247,-3.6360466356980776,-30.763339502380408,1.827444107092147,-29.35279719531536,-0.03768579696025298,0,2.834244871983305,0.0,2.834244871983305,2.834244871983305,-7.668568826111311,1.6982013383874983,5.037685796960253,0.001,0.0,-inf,1.0593649885045935,1.0844311055911198,5.0,2.8806557655334473,0.0
8.234204292297363,2.7656929810271267,-2.047814357155,-4.1066303184228525,-14.057497295628098,1.6982013383874983,-36.072250455617905,-0.12297431718192925,0,2.7656929810271267,0.0,2.7656929810271267,2.7656929810271267,-0.9803227145153717,1.6817081484154572,5.122974317181929,0.001,0.0,-inf,0.9584284896541342,5.069381593399904,5.0,2.1395585536956787,-44.049358047785056
8.250945329666138,2.7656929810271267,-2.047814357155,-4.1066303184228525,-14.057497295628098,1.6817081484154572,-36.072250455617905,-0.12528336377801502,0,2.7656929810271267,0.0,2.7656929810271267,2.7656929810271267,-0.9638295245433306,1.6655726423279493,5.125283363778015,0.001,0.0,-inf,1.0125856406887208,0.1379273306200627,5.0,2.1395585536956787,0.0
8.267685413360596,2.7656929810271267,-2.047814357155,-4.1066303184228525,-14.057497295628098,1.6655726423279493,-36.072250455617905,-0.12754233463026612,0,2.7656929810271267,0.0,2.7656929810271267,2.7656929810271267,-0.9476940184558227,1.6497081651422616,5.127542334630266,0.001,0.0,-inf,1.0613270766198488,0.13494382068107338,5.0,2.1395585536956787,0.0
8.284441471099854,2.8343170203105528,1.3679291795784065,-4.665671489350195,-11.14374406232141,1.6497081651422616,-39.0058197081089,-0.15909905396117238,0,2.8343170203105528,0.0,2.8343170203105528,2.8343170203105528,2.5525380347466977,1.692478639834129,5.159099053961173,0.001,0.0,-inf,1.060621300131923,1.883302135977482,5.0,1.3368054628372192,-47.90823136027319
8.301186323165894,2.9083224220890664,4.416132948742691,-5.1959549892412085,-31.64366897232641,1.692478639834129,-39.0058197081089,-0.15311118750431094,0,2.9083224220890664,0.0,2.9083224220890664,2.9083224220890664,5.6319767309976285,1.786785257034064,5.153111187504311,0.001,0.0,-inf,1.1045591701187307,0.35759446743667206,5.0,1.3368054628372192,0.0
8.317930459976196,2.974531690077186,3.9651859435945016,-5.670375524907507,-28.412421652420896,1.786785257034064,-34.78073701262474,-0.09765743414147843,0,2.974531690077186,0.0,2.974531690077186,2.974531690077186,5.152932376637623,1.873066661722723,5.097657434141478,0.001,0.0,-inf,1.0534998059127572,3.3118311198169135,5.0,0.580220639705658,-45.185059803502774
8.334668159484863,3.0337614984501164,3.5447152299785514,-6.094784950801479,-25.399551290805203,1.873066661722723,-34.78073701262474,-0.08557803748506615,0,3.0337614984501164,0.0,3.0337614984501164,3.0337614984501164,4.705410066705944,1.9518244014843038,5.0855780374850665,0.001,0.0,-inf,1.091006545757713,0.7216879864617843,5.0,0.580220639705658,0.0
8.351511716842651,3.1050038891577243,4.267344219963185,-6.283185307179586,-11.28498305354127,1.9518244014843038,-34.78073701262474,-0.07455195391844482,0,3.1050038891577243,0.0,3.1050038891577243,3.1050038891577243,5.4205237076366055,2.043125303463131,5.074551953918445,0.001,0.0,-inf,1.1269237790874342,0.6546172718985108,5.0,0.580220639705658,0.0
8.368426322937012,3.16870880653503,3.7978507536820727,-6.283185307179586,0.0,2.043125303463131,-27.5153536349535,0.010884006135303381,0,3.16870880653503,0.0,3.16870880653503,3.16870880653503,4.923434256753971,2.126403254547604,4.989115993864696,0.001,0.0,-inf,1.0192314011786907,5.051016829900293,5.0,-0.22261156141757965,-47.463842589329765
8.385204315185547,3.2256952716436054,3.408853181835487,-6.283185307179586,0.0,2.126403254547604,-27.5153536349535,0.022542919287129648,0,3.2256952716436054,0.0,3.2256952716436054,3.2256952716436054,4.508145198931488,2.2020408797505477,4.97745708071287,0.001,0.0,-inf,1.0610283682375654,0.694893225549331,5.0,-0.22261156141757965,0.0
8.401944637298584,3.303227605815058,4.630416906516594,-6.283185307179586,0.0,2.2020408797505477,-27.5153536349535,0.0331321868155417,0,3.303227605815058,0.0,3.303227605815058,3.303227605815058,5.731603632581104,2.297989770784209,4.966867813184458,0.001,0.0,-inf,1.1006541355954191,0.6325605598810604,5.0,-0.22261156141757965,0.0
8.418680429458618,3.303227605815058,4.630416906516594,-6.283185307179586,0.0,2.297989770784209,-18.582439050078392,0.1358941774090054,0,3.303227605815058,0.0,3.303227605815058,3.303227605815058,5.635654741547443,2.392306917224458,4.864105822590995,0.001,0.0,-inf,0.9955887220358772,6.1402525563662245,5.0,-0.9776422381401062,-45.114725942018666
8.43541669845581,3.4083180653655223,3.136630931097592,-6.283185307179586,0.0,2.392306917224458,-18.582439050078392,0.14909857791064024,0,3.4083180653655223,0.0,3.4083180653655223,3.4083180653655223,4.152642079238657,2.461806652111657,4.850901422089359,0.001,0.0,-inf,1.0367186205552128,0.7889691844610034,5.0,-0.9776422381401062,0.0
8.452159404754639,3.502344147271466,5.634557827214916,-6.283185307179586,0.0,2.461806652111657,-18.582439050078392,0.1588285407948481,0,3.502344147271466,0.0,3.502344147271466,3.502344147271466,6.675095322374725,2.5735658126108585,4.841171459205152,0.001,0.0,-inf,1.0804320423357423,0.5811463637087683,5.0,-0.9776422381401062,0.0
8.468897819519043,3.656017187453342,9.193168746106279,-6.2468601655600065,2.1730757473124425,2.5735658126108585,-11.942440643906593,0.24087480732645428,0,3.656017187453342,0.0,3.656017187453342,3.656017187453342,10.275620120948762,2.745563404156757,4.759125192673546,0.001,0.0,-inf,0.9805570932202987,4.901674841161467,5.0,-1.627731442451477,-38.838158419508304
8.485634326934814,3.7934676018172495,8.21354641356597,-6.214369718559481,1.9415132043894086,2.745563404156757,-11.942440643906593,0.2649544701428801,0,3.7934676018172495,0.0,3.7934676018172495,3.7934676018172495,9.261450611226461,2.90056774099235,4.7350455298571195,0.001,0.0,-inf,1.0022527481976948,1.438750763121258,5.0,-1.627731442451477,0.0
8.502370595932007,3.960822436126954,9.990137781827285,-6.082585489898875,7.866773656235758,2.90056774099235,-5.183069035410881,0.3542487933848202,0,3.960822436126954,0.0,3.960822436126954,3.960822436126954,11.050392476961889,3.085510082011335,4.64575120661518,0.001,0.0,-inf,0.9070274733779253,5.335378109477076,5.0,-2.187464952468872,-33.44434235081271
8.519108295440674,4.11055076661467,8.968953662924164,-5.964681321648507,7.062638167797683,3.085510082011335,-5.183069035410881,0.3801407211274781,0,4.11055076661467,0.0,4.11055076661467,4.11055076661467,9.9939943475275,3.2527865562915665,4.6198592788725215,0.001,0.0,-inf,0.932590549329364,1.5469227255066176,5.0,-2.187464952468872,0.0
8.53584623336792,4.374767327155973,15.719436825268852,-5.335671518449502,37.4226348401651,3.2527865562915665,-5.183069035410881,0.40355942752671053,0,4.374767327155973,0.0,4.374767327155973,4.374767327155973,16.841417596133258,3.534677158622475,4.5964405724732895,0.001,0.0,-inf,0.9603592287479261,1.3991392787465986,5.0,-2.187464952468872,0.0
8.552585124969482,4.374767327155973,15.719436825268852,-5.335671518449502,37.4226348401651,3.534677158622475,3.148762509226799,0.5263424272994146,0,4.374767327155973,0.0,4.374767327155973,4.374767327155973,16.55952699380235,3.8118652859448807,4.473657572700585,0.001,0.0,-inf,0.8693233058731336,7.335192956339046,5.0,-2.669400453567505,-28.791362807657247
8.569321393966675,4.6964992733255535,9.650656078115817,-4.1522423462890625,35.498084878739164,3.8118652859448807,3.148762509226799,0.5651487651245514,0,4.6964992733255535,0.0,4.6964992733255535,4.6964992733255535,10.53529006549649,3.9881867344444784,4.434851234875449,0.001,0.0,-inf,0.8737885142595601,2.3186970663322137,5.0,-2.669400453567505,0.0
8.586092472076416,4.984275544868432,17.200894471261773,-3.093712601717473,63.270186709450996,3.9881867344444784,3.148762509226799,0.589833767914495,0,4.984275544868432,0.0,4.984275544868432,4.984275544868432,18.196983281685725,4.293369762423285,4.410166232085505,0.001,0.0,-inf,0.9050935518991782,1.471879304861492,5.0,-2.669400453567505,0.0
8.602830171585083,5.345609166430524,21.52760020244841,-3.2460927776554462,-9.078533827519092,4.293369762423285,13.36144283413887,0.7346861950806486,0,5.345609166430524,0.0,5.345609166430524,5.345609166430524,22.57983960645565,4.6713043327100365,4.2653138049193515,0.001,0.0,-inf,0.8195841967092604,8.654261422912219,5.0,-3.0399866104125977,-22.14080594846374
8.619570255279541,5.668989960583684,19.427322263055963,-3.3824676383589423,-8.192812978903651,4.6713043327100365,13.36144283413887,0.7875970349207939,0,5.668989960583684,0.0,5.668989960583684,5.668989960583684,20.42500789092961,5.013220674264163,4.212402965079206,0.001,0.0,-inf,0.8018912301221801,3.1607273180875466,5.0,-3.0399866104125977,0.0
8.636312246322632,6.015654228266671,20.679770229406763,-4.033300609998568,-38.82452726145223,5.013220674264163,19.816266372799873,0.9000135581249816,0,6.015654228266671,0.0,6.015654228266671,6.015654228266671,21.68220378340927,5.376223935800471,4.099986441875019,0.001,0.0,-inf,0.7267021071099621,6.714644806274723,5.0,-3.1945791244506836,-9.233818943051224
8.65305233001709,6.015654228266671,20.679770229406763,-4.033300609998568,-38.82452726145223,5.376223935800471,19.816266372799873,0.9508340147400648,0,6.015654228266671,0.0,6.015654228266671,6.015654228266671,21.319200521872965,5.733109136835558,4.049165985259935,0.001,0.0,-inf,0.7223210326397755,3.0358543925265944,5.0,-3.1945791244506836,0.0
8.669790506362915,6.2930009756169,8.288102111061653,-5.55633471258741,-45.51364774054926,5.733109136835558,19.816266372799873,1.000797942884977,0,6.2930009756169,0.0,6.2930009756169,6.2930009756169,8.847993949842994,5.881208419874824,3.9992020571150233,0.001,0.0,-inf,0.7200157989950304,2.9850281842307176,5.0,-3.1945791244506836,0.0
8.686528444290161,6.2930009756169,8.288102111061653,-5.55633471258741,-45.51364774054926,5.881208419874824,32.95781463384628,1.1529473251209383,0,6.2930009756169,0.0,6.2930009756169,6.2930009756169,8.69989466680373,6.026826716781363,3.8470526748790617,0.001,0.0,-inf,0.6530142190955274,9.090091198647112,5.0,-3.2206943035125732,-1.5602387328357359
8.703270435333252,6.2930009756169,8.288102111061653,-5.55633471258741,-45.51364774054926,6.026826716781363,32.95781463384628,1.1733338866878538,0,6.2930009756169,0.0,6.2930009756169,6.2930009756169,8.55427636989719,6.170042335146304,3.8266661133121462,0.001,0.0,-inf,0.7145872180213938,1.2176903878663028,5.0,-3.2206943035125732,0.0
8.720010757446289,6.491511467951959,3.957231370479047,-6.283185307179586,-14.489490911728174,6.170042335146304,32.95781463384628,1.1933840732589456,0,6.491511467951959,0.0,6.491511467951959,6.491511467951959,4.278700503284702,6.241669159796503,3.8066159267410544,0.001,0.0,-inf,0.7706464689828307,1.1977180866476296,5.0,-3.2206943035125732,0.0
8.736757516860962,6.491511467951959,3.957231370479047,-6.283185307179586,-14.489490911728174,6.241669159796503,43.03189739584923,1.3041526563300028,0,6.491511467951959,0.0,6.491511467951959,6.491511467951959,4.207073678634503,6.312124010532398,3.695847343669997,0.001,0.0,-inf,0.6985818220845477,6.6143293952145825,5.0,-3.545325756072998,-19.384732563602455
8.753496408462524,6.6503200595849,4.7446132611559015,-6.283185307179586,0.0,6.312124010532398,43.03189739584923,1.314016335433028,0,6.6503200595849,0.0,6.6503200595849,6.6503200595849,5.082809310208404,6.397204604607389,3.685983664566972,0.001,0.0,-inf,0.7758472536336335,0.5892671592487398,5.0,-3.545325756072998,0.0
8.770232677459717,6.7923302503903855,8.468046337539747,-6.283185307179586,0.0,6.397204604607389,43.03189739584923,1.325927618603527,0,6.7923302503903855,0.0,6.7923302503903855,6.7923302503903855,8.863171983322744,6.545541035088658,3.6740723813964733,0.001,0.0,-inf,0.8414409287912243,0.7117048114186637,5.0,-3.545325756072998,0.0
8.786970138549805,6.7923302503903855,8.468046337539747,-6.283185307179586,0.0,6.545541035088658,43.79594698548317,1.3543352147672438,0,6.7923302503903855,0.0,6.7923302503903855,6.7923302503903855,8.714835552841475,6.6914052560608575,3.645664785232756,0.001,0.0,-inf,0.868718895233362,1.6972464348574468,5.0,-3.838531970977783,-17.517962451212217
8.80370807647705,6.905952630275313,3.3965034989478347,-6.283185307179586,0.0,6.6914052560608575,43.79594698548317,1.3747562057033518,0,6.905952630275313,0.0,6.905952630275313,6.905952630275313,3.61105087316229,6.751846801427976,3.6252437942966482,0.001,0.0,-inf,0.9086456453087326,1.2200422193504825,5.0,-3.838531970977783,0.0
8.820444107055664,7.00759652110185,6.08254212968051,-6.283185307179586,0.0,6.751846801427976,43.79594698548317,1.3832180220547485,0,7.00759652110185,0.0,7.00759652110185,7.00759652110185,6.338291849354384,6.857924647634946,3.6167819779452515,0.001,0.0,-inf,0.9676004836731188,0.5056047377333298,5.0,-3.838531970977783,0.0
8.837401628494263,7.098489770539711,5.420490241856072,-6.283185307179586,0.0,6.857924647634946,41.813924908638,1.3782486997552725,0,7.098489770539711,0.0,7.098489770539711,7.098489770539711,5.661055364760837,6.953922115347971,3.6217513002447275,0.001,0.0,-inf,1.020840435305807,0.29304532018251495,5.0,-4.090985298156738,-14.887395430579964
8.854140281677246,7.179781594111461,4.854389657653749,-6.283185307179586,0.0,6.953922115347971,41.813924908638,1.3916883452350959,0,7.179781594111461,0.0,7.179781594111461,7.179781594111461,5.080249136417239,7.03895864372561,3.608311654764904,0.001,0.0,-inf,1.0589959325452423,0.8029108036891619,5.0,-4.090985298156738,0.0
8.870915412902832,7.298657738762823,7.115576678499037,-6.283185307179586,0.0,7.03895864372561,41.813924908638,1.4035934592079653,0,7.298657738762823,0.0,7.298657738762823,7.298657738762823,7.37527577353625,7.162679862651565,3.5964065407920347,0.001,0.0,-inf,1.0963397170377176,0.7096882768172554,5.0,-4.090985298156738,0.0
8.887650728225708,7.404929372306606,6.320965691382561,-6.283185307179586,0.0,7.162679862651565,37.924084812402725,1.3820160288952466,0,7.404929372306606,0.0,7.404929372306606,7.404929372306606,6.563215201037602,7.272517338572822,3.6179839711047537,0.001,0.0,-inf,1.1112716126831692,1.2893351512309987,5.0,-4.308350086212158,-12.988389155613808
8.904385089874268,7.499995192925968,5.6876820724209525,-6.283185307179586,0.0,7.272517338572822,37.924084812402725,1.3973932755242224,0,7.499995192925968,0.0,7.499995192925968,7.499995192925968,5.915159926774098,7.371503763996527,3.602606724475778,0.001,0.0,-inf,1.1366464822126174,0.9189024924831535,5.0,-4.308350086212158,0.0
8.921123743057251,7.499995192925968,5.6876820724209525,-6.283185307179586,0.0,7.371503763996527,37.924084812402725,1.4112513750835411,0,7.499995192925968,0.0,7.499995192925968,7.499995192925968,5.816173501350393,7.46885867508769,3.588748624916459,0.001,0.0,-inf,1.162415842787449,0.8279100718453819,5.0,-4.308350086212158,0.0
8.937862873077393,7.576094377214556,2.279797957632679,-6.283185307179586,0.0,7.46885867508769,35.27963161468506,1.3984365306591273,0,7.576094377214556,0.0,7.576094377214556,7.576094377214556,2.387033659759545,7.5088155418808595,3.6015634693408725,0.001,0.0,-inf,1.1876172557877456,0.765562153409059,5.0,-4.495502948760986,-11.180560896751128
8.954598188400269,7.644159112397461,4.06678429944303,-6.283185307179586,0.0,7.5088155418808595,35.27963161468506,1.404030492010171,0,7.644159112397461,0.0,7.644159112397461,7.644159112397461,4.202127869959631,7.5791394768116795,3.595969507989829,0.001,0.0,-inf,1.218855530208971,0.33426088741794274,5.0,-4.495502948760986,0.0
8.974311828613281,7.705040470977197,3.63908972233747,-6.283185307179586,0.0,7.5791394768116795,33.836670219898224,1.3994462289526175,0,7.705040470977197,0.0,7.705040470977197,7.705040470977197,3.7649907165029877,7.653361149202151,3.6005537710473825,0.001,0.0,-inf,1.246969977188074,0.23254269673276434,5.0,-4.656644344329834,-8.174106548950837
8.991049766540527,7.759506955660408,3.2612276170268255,-6.283185307179586,0.0,7.653361149202151,33.836670219898224,1.4098372630872835,0,7.759506955660408,0.0,7.759506955660408,7.759506955660408,3.367373423485082,7.709724036542303,3.5901627369127165,0.001,0.0,-inf,1.2683802996438085,0.6208073049280132,5.0,-4.656644344329834,0.0
9.007791757583618,7.759506955660408,3.2612276170268255,-6.283185307179586,0.0,7.709724036542303,33.836670219898224,1.4177280673149049,0,7.759506955660408,0.0,7.759506955660408,7.759506955660408,3.3110105361449302,7.76515694528202,3.582271932685095,0.001,0.0,-inf,1.2915422696794279,0.471318148917405,5.0,-4.656644344329834,0.0
9.024529695510864,7.759506955660408,3.2612276170268255,-6.283185307179586,0.0,7.76515694528202,31.02983348071575,1.3974203071466405,0,7.759506955660408,0.0,7.759506955660408,7.759506955660408,3.2555776274052133,7.819648601526859,3.6025796928533595,0.001,0.0,-inf,1.2894046629825846,1.2132773019314012,5.0,-4.7953877449035645,-8.28915731297362
9.041261911392212,7.798470131298408,0.775459341339097,-6.283185307179586,0.0,7.819648601526859,31.02983348071575,1.4050491390209179,0,7.798470131298408,0.0,7.798470131298408,7.798470131298408,0.7542808711106453,7.832269391897453,3.594950860979082,0.001,0.0,-inf,1.3104641966843262,0.45593673476217333,5.0,-4.7953877449035645,0.0
9.05799913406372,7.833330707589615,2.0888277629753875,-6.283185307179586,0.0,7.832269391897453,27.301032096147537,1.369528035827119,0,7.833330707589615,0.0,7.833330707589615,7.833330707589615,2.089889078667549,7.867248330765866,3.630471964172881,0.001,0.0,-inf,1.2771442520883483,2.1222818080962353,5.0,-4.9148478507995605,-7.137391205253486
9.074737071990967,7.86449846301958,1.8556793230503192,-6.283185307179586,0.0,7.867248330765866,27.301032096147537,1.3744250872686967,0,7.86449846301958,0.0,7.86449846301958,7.86449846301958,1.8529294553040332,7.898262548972311,3.6255749127313033,0.001,0.0,-inf,1.2994298268795137,0.29257196811599906,5.0,-4.9148478507995605,0.0
9.091471195220947,7.86449846301958,1.8556793230503192,-6.283185307179586,0.0,7.898262548972311,27.301032096147537,1.378767077817599,0,7.86449846301958,0.0,7.86449846301958,7.86449846301958,1.8219152370975884,7.928750703064481,3.6212329221824007,0.001,0.0,-inf,1.3194868441915624,0.2594692586656333,5.0,-4.9148478507995605,0.0
9.10820484161377,7.889434125203458,0.74517643114494,-6.283185307179586,0.0,7.928750703064481,23.81141297519207,1.3481392281809481,0,7.889434125203458,0.0,7.889434125203458,7.889434125203458,0.7058598532839166,7.940562312252224,3.651860771819052,0.001,0.0,-inf,1.2946724433580894,1.8303153369960363,5.0,-5.017703533172607,-6.146638930840909
9.12494707107544,7.911737397448397,1.3327449956552768,-6.283185307179586,0.0,7.940562312252224,23.81141297519207,1.349792853467232,0,7.911737397448397,0.0,7.911737397448397,7.911737397448397,1.3039200808514502,7.962392841445518,3.650207146532768,0.001,0.0,-inf,1.3152051990222806,0.09876971821882143,5.0,-5.017703533172607,0.0
9.141684293746948,7.911737397448397,1.3327449956552768,-6.283185307179586,0.0,7.962392841445518,23.81141297519207,1.3528491275542933,0,7.911737397448397,0.0,7.911737397448397,7.911737397448397,1.282089551658156,7.983851459756435,3.6471508724457067,0.001,0.0,-inf,1.3336846791200525,0.18260341916008618,5.0,-5.017703533172607,0.0
9.158425569534302,7.929578761304427,0.5328631512796108,-6.283185307179586,0.0,7.983851459756435,20.479436963796616,1.3225335740038673,0,7.929578761304427,0.0,7.929578761304427,7.929578761304427,0.4785904528276025,7.9918636745164155,3.6774664259961325,0.001,0.0,-inf,1.3080784535890098,1.8108269605908187,5.0,-5.106263160705566,-5.28989717736193
9.175163507461548,7.929578761304427,0.5328631512796108,-6.283185307179586,0.0,7.9918636745164155,20.479436963796616,1.3236552840702644,0,7.929578761304427,0.0,7.929578761304427,7.929578761304427,0.4705782380676221,7.9997401838551045,3.6763447159297353,0.001,0.0,-inf,1.327270608230109,0.06701602498903038,5.0,-5.106263160705566,0.0
9.191875219345093,7.943856408183976,0.4271718281568216,-6.232179566525946,1.5260368648505047,7.9997401838551045,20.479436963796616,1.324757995377681,0,7.943856408183976,0.0,7.943856408183976,7.943856408183976,0.3712880524856928,8.005945042814048,3.6752420046223193,0.001,0.0,-inf,1.3445435474070981,0.06598434170602457,5.0,-5.106263160705566,0.0
9.208615064620972,7.956628589119329,0.7641671481373776,-6.186551981401739,2.729925435385074,8.005945042814048,16.761720180511475,1.2884495077990816,0,7.956628589119329,0.0,7.956628589119329,7.956628589119329,0.7148506944426584,8.017911532834372,3.711550492200918,0.001,0.0,-inf,1.3063107596371941,2.1689858526301666,5.0,-5.182514190673828,-4.555061812795533
9.225348711013794,7.9680527907033065,0.6828446445945083,-5.901788317649033,17.020825598994325,8.017911532834372,16.761720180511475,1.290124816401927,0,7.9680527907033065,0.0,7.9680527907033065,7.9680527907033065,0.6329859024634429,8.028503695097836,3.709875183598073,0.001,0.0,-inf,1.3256796836734748,0.10011617094789206,5.0,-5.182514190673828,0.0
9.242084980010986,7.9680527907033065,0.6828446445945083,-5.901788317649033,17.020825598994325,8.028503695097836,13.583523221313953,1.2598257495268366,0,7.9680527907033065,0.0,7.9680527907033065,7.9680527907033065,0.622393740199979,8.03892024415599,3.7401742504731637,0.001,0.0,-inf,1.3008882438326184,1.8103835974537272,5.0,-5.248168468475342,-3.9228741969030017
9.258821249008179,7.977190318654491,0.27274879754449466,-5.574643638358322,9.76503911958601,8.03892024415599,13.583523221313953,1.2612840663949783,0,7.977190318654491,0.0,7.977190318654491,7.977190318654491,0.21101887204299463,8.042451912761987,3.7387159336050217,0.001,0.0,-inf,1.3207994194493566,0.0871351236279918,5.0,-5.248168468475342,0.0
9.275560855865479,7.985363690338653,0.4886551998912531,-5.282017988114166,17.494988743805326,8.042451912761987,13.583523221313953,1.2617784999998178,0,7.985363690338653,0.0,7.985363690338653,7.985363690338653,0.4315669774679198,8.049676174297392,3.738221500000182,0.001,0.0,-inf,1.338719477504421,0.02953675131408305,5.0,-5.248168468475342,0.0
9.292306423187256,7.992673675327027,0.4365201070172615,-4.869455021638931,24.636443243528362,8.049676174297392,10.852817445993423,1.2354828388615693,0,7.992673675327027,0.0,7.992673675327027,7.992673675327027,0.37951760804689627,8.056031411952741,3.7645171611384307,0.001,0.0,-inf,1.3203598990968737,1.5703057790136177,5.0,-5.304694652557373,-3.375590865083433
9.309041261672974,7.992673675327027,0.4365201070172615,-4.869455021638931,24.636443243528362,8.056031411952741,10.852817445993423,1.236372572133318,0,7.992673675327027,0.0,7.992673675327027,7.992673675327027,0.3731623703915474,8.06227622395019,3.763627427866682,0.001,0.0,-inf,1.3383239091871864,0.05316652876621009,5.0,-5.304694652557373,0.0
9.325784683227539,7.998522191151158,0.1748017452432123,-4.371308652993059,14.888709758908144,8.06227622395019,10.852817445993423,1.237246845812961,0,7.998522191151158,0.0,7.998522191151158,7.998522191151158,0.11104771244418005,8.064135542612314,3.762753154187039,0.001,0.0,-inf,1.3544915182684676,0.05221595101059862,5.0,-5.304694652557373,0.0
9.342529058456421,8.003753178686143,0.3125183668105642,-3.925760154306901,26.618700238349778,8.064135542612314,8.515648543834686,1.214135461404071,0,8.003753178686143,0.0,8.003753178686143,8.003753178686143,0.25213600288439264,8.068357402453321,3.785864538595929,0.001,0.0,-inf,1.3406788313442577,1.3802476409526507,5.0,-5.301541328430176,0.18832139653429397
9.3592848777771,8.008432361588492,0.279830549141669,-3.362303958470755,33.696536337354104,8.068357402453321,8.515648543834686,1.214726521781812,0,8.008432361588492,0.0,8.008432361588492,8.008432361588492,0.21990550827683947,8.07204209941763,3.785273478218188,0.001,0.0,-inf,1.3566109482098319,0.03527493143898951,5.0,-5.301541328430176,0.0
9.376022815704346,8.012617343075444,0.24995136545800956,-2.8583583343106804,30.098555338437297,8.07204209941763,6.49652536958456,1.1950511476143137,0,8.012617343075444,0.0,8.012617343075444,8.012617343075444,0.1905266091158243,8.075231121974499,3.804948852385686,0.001,0.0,-inf,1.3491838806270118,1.1754957064018345,5.0,-5.241485595703125,3.588000683721725
9.392758131027222,8.016357541941849,0.22191067101631315,-2.0947644107819503,45.30498136777682,8.075231121974499,6.49652536958456,1.1954976107722755,0,8.016357541941849,0.0,8.016357541941849,8.016357541941849,0.1630370909836635,8.077959599101435,3.8045023892277245,0.001,0.0,-inf,1.3642654925643107,0.026677905336592266,5.0,-5.241485595703125,0.0
9.409493207931519,8.016357541941849,0.22191067101631315,-2.0947644107819503,45.30498136777682,8.077959599101435,6.49652536958456,1.1958795975700467,0,8.016357541941849,0.0,8.016357541941849,8.016357541941849,0.16030861385672704,8.080642376082748,3.8041204024299535,0.001,0.0,-inf,1.37783894330788,0.02282551791997803,5.0,-5.241485595703125,0.0
9.426236152648926,8.019312457175445,0.08358948394102363,-0.9730231152550286,31.732137335899033,8.080642376082748,4.814410116523504,1.1794340338168199,0,8.019312457175445,0.0,8.019312457175445,8.019312457175445,0.022259565033720743,8.081015066749542,3.82056596618318,0.001,0.0,-inf,1.37451625508223,0.9822384312198537,5.0,-4.980297088623047,15.599914560341759
9.442996263504028,8.019312457175445,0.08358948394102363,-0.9730231152550286,31.732137335899033,8.081015066749542,4.814410116523504,1.1794862105101709,0,8.019312457175445,0.0,8.019312457175445,8.019312457175445,0.02188687436692717,8.081381893190203,3.820513789489829,0.001,0.0,-inf,1.3870646295740072,0.0031131472698533885,5.0,-4.980297088623047,0.0
9.459734678268433,8.021677271695113,0.0707698690670701,0.2889001103279254,37.76454377478853,8.081381893190203,4.814410116523504,1.1795375662118637,0,8.021677271695113,0.0,8.021677271695113,8.021677271695113,0.01106524757198006,8.081567107893534,3.820462433788136,0.001,0.0,-inf,1.3983581666166067,0.0030681341343030003,5.0,-4.980297088623047,0.0
9.476447582244873,8.023792297989084,0.12630904624485206,1.417530191412851,67.40161553137169,8.081567107893534,3.404363989830017,1.165463035003395,0,8.023792297989084,0.0,8.023792297989084,8.023792297989084,0.06853423634040257,8.082712514004589,3.8345369649966052,0.001,0.0,-inf,1.3974979810254742,0.8421355874663697,5.0,-4.57923698425293,23.997032767942482
9.493187427520752,8.025683827230365,0.11291199850302099,2.9514757843345643,91.56657941725369,8.082712514004589,3.404363989830017,1.1656233918589427,0,8.025683827230365,0.0,8.025683827230365,8.025683827230365,0.05588331172879697,8.083647991996433,3.8343766081410573,0.001,0.0,-inf,1.4077481829229268,0.009579351117347592,5.0,-4.57923698425293,0.0
9.509926795959473,8.02737576700333,0.10115328350394327,4.32356324753003,82.03078760520263,8.083647991996433,2.2326328326016665,1.1540370472055173,0,8.02737576700333,0.0,8.02737576700333,8.02737576700333,0.044881058510840136,8.084399272570765,3.8459629527944825,0.001,0.0,-inf,1.4107814973747512,0.6921613975963677,5.0,-4.078007221221924,29.943170488534395
9.52702784538269,8.028888999496417,0.09037387297003245,5.137313897246988,48.59914004144145,8.084399272570765,2.2326328326016665,1.154142226485924,0,8.028888999496417,0.0,8.028888999496417,8.028888999496417,0.03486359989568359,8.084995476715653,3.845857773514076,0.001,0.0,-inf,1.419703347637276,0.0061504576592805015,5.0,-4.078007221221924,0.0
9.54377007484436,8.030242718669491,0.08101808941682108,5.865285218017804,43.56800637245395,8.084995476715653,2.2326328326016665,1.1542256950662082,0,8.030242718669491,0.0,8.030242718669491,8.030242718669491,0.026265331370659548,8.085435216920347,3.8457743049337916,0.001,0.0,-inf,1.4277330128735484,0.0049855116652940444,5.0,-4.078007221221924,0.0
9.560513734817505,8.03145314262751,0.07212305444961017,6.283185307179586,24.90055710267673,8.085435216920347,1.2779895914718509,1.1447408262835672,0,8.03145314262751,0.0,8.03145314262751,8.03145314262751,0.018140980156773873,8.08573896332367,3.8552591737164326,0.001,0.0,-inf,1.4328177316674418,0.5664752388578091,5.0,-3.100977897644043,58.35219570541664
9.57725715637207,8.032535721756883,0.06465606271908508,6.283185307179586,0.0,8.08573896332367,1.2779895914718509,1.1447833507800325,0,8.032535721756883,0.0,8.032535721756883,8.032535721756883,0.011452821152297288,8.085930722736213,3.8552166492199675,0.001,0.0,-inf,1.4395359585006977,0.002539773386620065,5.0,-3.100977897644043,0.0
9.594007968902588,8.033504068285737,0.0578921521638819,6.283185307179586,0.0,8.085930722736213,0.5018595838919282,1.1370488970219892,0,8.033504068285737,0.0,8.033504068285737,8.033504068285737,0.0054654977134053415,8.086022274263797,3.862951102978011,0.001,0.0,-inf,1.4455823626506281,0.4617360348312778,5.0,-1.9559355974197388,68.35741837228501
9.610751867294312,8.033504068285737,0.0578921521638819,6.283185307179586,0.0,8.086022274263797,0.5018595838919282,1.137061714235851,0,8.033504068285737,0.0,8.033504068285737,8.033504068285737,0.005373946185821453,8.086112255072695,3.862938285764149,0.001,0.0,-inf,1.4510241263855654,0.0007654856450962989,5.0,-1.9559355974197388,0.0
9.627495288848877,8.034278643049738,0.023127590575796143,6.283185307179586,0.0,8.086112255072695,0.5018595838919282,1.1370743115490967,0,8.034278643049738,0.0,8.034278643049738,8.034278643049738,-0.028706021447160855,8.085631618054451,3.862925688450903,0.001,0.0,-inf,1.455921713747009,0.0007523738923135342,5.0,-1.9559355974197388,0.0
9.644257307052612,8.034278643049738,0.023127590575796143,6.283185307179586,0.0,8.085631618054451,-0.12351677287369967,1.1307532587988862,0,8.034278643049738,0.0,8.034278643049738,8.034278643049738,-0.028225384428916887,8.085158503646847,3.869246741201114,0.001,0.0,-inf,1.4603295423723082,0.37710570847619174,5.0,-0.8981078863143921,63.10861247421947
9.661003112792969,8.034898443507593,0.01853609374590781,6.283185307179586,0.0,8.085158503646847,-0.12351677287369967,1.1306870227818218,0,8.034898443507593,0.0,8.034898443507593,8.034898443507593,-0.031723966393345515,8.08462726026831,3.8693129772181782,0.001,0.0,-inf,1.4642965881350776,0.003955379519591177,5.0,-0.8981078863143921,0.0
9.677743673324585,8.035453003679724,0.03324035653020876,6.283185307179586,0.0,8.08462726026831,-0.12351677287369967,1.1306126487088264,0,8.035453003679724,0.0,8.035453003679724,8.035453003679724,-0.015933900058377005,8.084360517849877,3.8693873512911736,0.001,0.0,-inf,1.4678669293215698,0.004442746875465303,5.0,-0.8981078863143921,0.0
9.69448184967041,8.03594892899928,0.029585411858252468,6.283185307179586,0.0,8.084360517849877,-0.6370521732605994,1.1254399507663768,0,8.03594892899928,0.0,8.03594892899928,8.03594892899928,-0.01882617699234402,8.084045401979461,3.874560049233623,0.001,0.0,-inf,1.471080236389413,0.30903593292227033,5.0,0.012691974639892578,54.414521757709565
9.711203336715698,8.03594892899928,0.029585411858252468,6.283185307179586,0.0,8.084045401979461,-0.6370521732605994,1.1253958345445187,0,8.03594892899928,0.0,8.03594892899928,8.03594892899928,-0.018511061121928025,8.083735869510717,3.874604165455481,0.001,0.0,-inf,1.4739722127504717,0.0026382953704169407,5.0,0.012691974639892578,0.0
9.72794508934021,8.036345821753285,0.011878077929744458,6.283185307179586,0.0,8.083735869510717,-1.0554180480539799,1.1211688412509606,0,8.036345821753285,0.0,8.036345821753285,8.036345821753285,-0.035511969827687374,8.083141336896652,3.8788311587490396,0.001,0.0,-inf,1.4765749914754247,0.2524821258778704,5.0,0.7968996167182922,46.841430504129875
9.744684219360352,8.036700797564816,0.021202119906622935,6.283185307179586,0.0,8.083141336896652,-1.0554180480539799,1.1210856066849917,0,8.036700797564816,0.0,8.036700797564816,8.036700797564816,-0.025238419425213626,8.08271886771239,3.878914393315008,0.001,0.0,-inf,1.4789174923278825,0.004972454713522912,5.0,0.7968996167182922,0.0
9.761423587799072,8.037018351025843,0.01900320666292968,6.283185307179586,0.0,8.08271886771239,-1.0554180480539799,1.121026460999195,0,8.037018351025843,0.0,8.037018351025843,8.037018351025843,-0.02669731002361816,8.082271971603582,3.878973539000805,0.001,0.0,-inf,1.4810257430950942,0.0035333283936792954,5.0,0.7968996167182922,0.0
9.778162956237793,8.037018351025843,0.01900320666292968,6.283185307179586,0.0,8.082271971603582,-1.3889785623177886,1.1176282904013237,0,8.037018351025843,0.0,8.037018351025843,8.037018351025843,-0.026250413914809503,8.081832556253394,3.8823717095986763,0.001,0.0,-inf,1.4829231687855846,0.2030047077529335,5.0,1.4721100330352783,40.33667212647771
9.794902801513672,8.037018351025843,0.01900320666292968,6.283185307179586,0.0,8.081832556253394,-1.3889785623177886,1.1175667722522973,0,8.037018351025843,0.0,8.037018351025843,8.037018351025843,-0.025810998564621403,8.081400484131006,3.8824332277477027,0.001,0.0,-inf,1.4846308519070264,0.003674953263462021,5.0,1.4721100330352783,0.0
9.811642169952393,8.037245674093503,0.004533667695247369,5.6201168836383655,-13.224051225744441,8.081400484131006,-1.3889785623177886,1.1175062821551631,0,8.037245674093503,0.0,8.037245674093503,8.037245674093503,-0.039621142342255285,8.080737251231376,3.882493717844837,0.001,0.0,-inf,1.4861677667163238,0.0036136427342285758,5.0,1.4721100330352783,0.0
9.828383445739746,8.037245674093503,0.004533667695247369,5.6201168836383655,-13.224051225744441,8.080737251231376,-1.660277834162116,1.1147004368307716,0,8.037245674093503,0.0,8.037245674093503,8.037245674093503,-0.03895790944262562,8.080085046125298,3.8852995631692284,0.001,0.0,-inf,1.4875509900446913,0.16760044813974687,5.0,2.0534727573394775,34.72630949329232
9.845122814178467,8.037245674093503,0.004533667695247369,5.6201168836383655,-13.224051225744441,8.080085046125298,-1.660277834162116,1.1146091281159207,0,8.037245674093503,0.0,8.037245674093503,8.037245674093503,-0.03830570433654718,8.079443832827103,3.8853908718840793,0.001,0.0,-inf,1.4887958910402221,0.005454728784130614,5.0,2.0534727573394775,0.0
9.86187219619751,8.157326350670873,2.39338735810969,4.600828933151608,-20.315932292375866,8.079443832827103,-1.8682928057387471,1.112439208538407,0,8.157326350670873,0.0,8.157326350670873,8.157326350670873,2.4712698759534604,8.1208360760516,3.887560791461593,0.001,0.0,-inf,1.4899163019362,0.1295522172129527,5.0,2.5540318489074707,29.885227466833683
9.878614902496338,8.26471780518061,6.41048042718283,3.689251661212348,-54.414462363963956,8.1208360760516,-1.8682928057387471,1.1182341225898365,0,8.26471780518061,0.0,8.26471780518061,8.26471780518061,6.55436215631184,8.230573836610882,3.8817658774101638,0.001,0.0,-inf,1.49092467174258,0.346115732307573,5.0,2.5540318489074707,0.0
9.895358324050903,8.360783687605261,5.746612968755302,2.6992559744469107,-59.22104610906243,8.230573836610882,-2.0444770343601704,1.1318355667819218,0,8.360783687605261,0.0,8.360783687605261,8.360783687605261,5.876822819749681,8.328971958483441,3.8681644332180785,0.001,0.0,-inf,1.4817677364603203,0.8123455619724633,5.0,2.980186939239502,25.45209107608185
9.91210651397705,8.360783687605261,5.746612968755302,2.6992559744469107,-59.22104610906243,8.328971958483441,-2.0444770343601704,1.1456113038440803,0,8.360783687605261,0.0,8.360783687605261,8.360783687605261,5.778424697877122,8.425750112797429,3.8543886961559197,0.001,0.0,-inf,1.47319862114339,0.8225209484071874,5.0,2.980186939239502,0.0
9.928852558135986,8.437631481089458,2.2952574777607277,1.858989891692336,-25.09671289583311,8.425750112797429,-2.0444770343601704,1.1591602454480385,0,8.437631481089458,0.0,8.437631481089458,8.437631481089458,2.3071388460527564,8.464385561794224,3.8408397545519612,0.001,0.0,-inf,1.4659194141509666,0.8090831169060696,5.0,2.980186939239502,0.0
9.945600271224976,8.506381412879886,4.116108740269575,1.1072671257411115,-45.00619224792001,8.464385561794224,0.036961399018764496,1.1853835926413792,0,8.506381412879886,0.0,8.506381412879886,8.506381412879886,4.1581045913552375,8.53402430448425,3.8146164073586206,0.001,0.0,-inf,1.4349854553401502,1.565786746763718,5.0,3.078740358352661,5.884589650508933
9.96231198310852,8.567880541501815,3.6786372101464613,0.4997151309984107,-36.34138279745135,8.53402430448425,0.036961399018764496,1.1951330166179828,0,8.567880541501815,0.0,8.567880541501815,8.567880541501815,3.712493447164026,8.596066425342803,3.8048669833820172,0.001,0.0,-inf,1.4387999403793628,0.5833887063481101,5.0,3.078740358352661,0.0
9.97908067703247,8.567880541501815,3.6786372101464613,0.4997151309984107,-36.34138279745135,8.596066425342803,0.036961399018764496,1.2038189135381803,0,8.567880541501815,0.0,8.567880541501815,8.567880541501815,3.6504513263054728,8.657279726317897,3.7961810864618197,0.001,0.0,-inf,1.444340496933559,0.5179829126579565,5.0,3.078740358352661,0.0
9.995850801467896,8.617073259092416,1.4688071255971231,0.20161403007944378,-8.90076911021845,8.657279726317897,3.4401214215904474,1.2464203759004102,0,8.617073259092416,0.0,8.617073259092416,8.617073259092416,1.4286006583716422,8.68123753712732,3.75357962409959,0.001,0.0,-inf,1.3841628414997373,2.5403187988420437,5.0,2.9092063903808594,-10.10928503390722
