t,ins_ref,ins_vel_ref,tws_ref,tws_vel_ref,xm,xm_dot,pm,mode_impedance,xr,dx,xc,x_ref,v_cmd,x_cmd,dF,ke_hat,be_hat,xe_hat,hysteresis_current,dfdt_abs,f_safe,tws_meas,tws_meas_vel
0.0,0.0,0.0,0.0,0.0,0.003367034485563636,0.0,0.00047138482797890905,0,0.0,0.0,0.0,0.0,-0.003367034485563636,0.0033333641407079996,4.9995286151720215,100.0,0.5,0.0,0.2,0.0,5.0,-1.0899520175300381e-10,0.0
0.01006317138671875,0.0,0.0,0.0,0.0,0.0033333641407079996,-0.003367034485563636,0.0004330006348434836,0,0.0,0.0,0.0,0.0,-0.0033333641407079996,0.0032998199260657127,4.999566999365157,100.0,0.5,0.0,0.33000000000000007,0.003814323701778986,5.0,-1.0899520175300381e-10,0.0
0.020126819610595703,0.0,0.0,0.0,0.0,0.0032998199260657127,-0.0033333641407079996,0.0004286411482421198,0,0.0,0.0,0.0,0.0,-0.0032998199260657127,0.0032666116991276473,4.999571358851758,100.0,0.5,0.0,0.4470000000000001,0.00043319147334865246,5.0,-1.0899520175300381e-10,0.0
0.030189990997314453,0.0,0.0,0.0,0.0,0.0032666116991276473,-0.0032998199260657127,0.0004243274386172135,0,0.0,0.0,0.0,0.0,-0.0032666116991276473,0.003233739225745465,4.999575672561383,100.0,0.5,0.0,0.5523000000000001,0.00042866303863208307,5.0,-1.1352204593029214e-10,-4.498426990186015e-10
0.040254831314086914,0.0,0.0,0.0,0.0,0.003233739225745465,-0.0032666116991276473,0.0004200573746130887,0,0.0,0.0,0.0,0.0,-0.003233739225745465,0.0032011921568122536,4.999579942625387,100.0,0.5,0.0,0.6470700000000001,0.00042425551421903943,5.0,-1.1352204593029214e-10,0.0
0.05041933059692383,0.0,0.0,0.0,0.0,0.0032011921568122536,-0.003233739225745465,0.0004158295096962609,0,0.0,0.0,0.0,0.0,-0.0032011921568122536,0.003168653641430112,4.999584170490304,100.0,0.5,0.0,0.7323630000000002,0.0004159442387847575,5.0,-1.1352204593029214e-10,0.0
0.06048417091369629,0.0,0.0,4.573172378757868,113.74230719596794,0.003168653641430112,-0.0032011921568122536,0.0004115995882320932,0,0.0,0.0,0.0,0.0,-0.003168653641430112,0.0031367616485099585,4.999588400411768,100.0,0.5,0.0,0.8091267000000002,0.0004202671210907109,5.0,-1.1352204593029214e-10,0.0
0.07054877281188965,0.0,0.0,4.573172378757868,113.74230719596794,0.0031367616485099585,-0.003168653641430112,0.0004074600943770931,0,0.0,0.0,0.0,0.0,-0.0031367616485099585,0.003105191391268185,4.999592539905623,100.0,0.5,0.0,0.8782140300000002,0.0004112923587909768,5.0,1.1374937436414712e-08,1.1414718235807452e-06
0.0806126594543457,0.0,0.0,4.573172378757868,113.74230719596794,0.003105191391268185,-0.0031367616485099585,0.00040335917829244634,0,0.0,0.0,0.0,0.0,-0.003105191391268185,0.0030739410971033316,4.999596640821707,100.0,0.5,0.0,0.9403926270000003,0.00040748830251589136,5.0,1.1374937436414712e-08,0.0
0.09067511558532715,0.0,0.0,6.283185307179586,56.66946418990334,0.0030739410971033316,-0.003105191391268185,0.00039929983968178465,0,0.0,0.0,0.0,0.0,-0.0030739410971033316,0.0030430096996645084,4.999600700160318,100.0,0.5,0.0,0.9963533643000003,0.00040341429148330277,5.0,1.1374937436414712e-08,0.0
0.1007375717163086,0.0,0.0,6.283185307179586,0.0,0.0030430096996645084,-0.0030739410971033316,0.0003952819469819979,0,0.0,0.0,0.0,0.0,-0.0030430096996645084,0.003012389548055483,4.999604718053018,100.0,0.5,0.0,1.0467180278700003,0.0003992954252407616,5.0,1.1374937436414712e-08,0.0
0.11080169677734375,0.0,0.0,6.283185307179586,0.0,0.003012389548055483,-0.0030430096996645084,0.00039130443973112253,0,0.0,0.0,0.0,0.0,-0.003012389548055483,0.0029820724829112974,4.999608695560269,100.0,0.5,0.0,1.0920462250830003,0.00039521639752619083,5.0,9.258332767103639e-09,-2.1031184096726312e-07
0.1208653450012207,0.0,0.0,6.283185307179586,0.0,0.0029820724829112974,-0.003012389548055483,0.0003873662521270268,0,0.0,0.0,0.0,0.0,-0.0029820724829112974,0.0029520619544651746,4.999612633747873,100.0,0.5,0.0,1.1328416025747003,0.00039132802702224743,5.0,9.258332767103639e-09,0.0
0.13092827796936035,0.0,0.0,6.283185307179586,0.0,0.0029520619544651746,-0.0029820724829112974,0.0003834679487960115,0,0.0,0.0,0.0,0.0,-0.0029520619544651746,0.002922355552899596,4.999616532051204,100.0,0.5,0.0,1.1695574423172306,0.0003873923580091186,5.0,9.258332767103639e-09,0.0
0.1409916877746582,0.0,0.0,6.283185307179586,0.0,0.002922355552899596,-0.0029520619544651746,0.00037960915786129174,0,0.0,0.0,0.0,0.0,-0.002922355552899596,0.0028929466913739797,4.999620390842138,100.0,0.5,0.0,1.2026016980855077,0.0003834476593299736,5.0,9.258332767103639e-09,0.0
0.15105676651000977,0.0,0.0,6.283185307179586,0.0,0.0028929466913739797,-0.002922355552899596,0.00037578898126336126,0,0.0,0.0,0.0,0.0,-0.0028929466913739797,0.0028638289551481256,4.9996242110187366,100.0,0.5,0.0,1.2323415282769568,0.0003795476119340109,5.0,9.258332767103639e-09,0.0
0.16112375259399414,-1.2567591217326535,-62.579153197912404,6.283185307179586,0.0,0.0028638289551481256,-0.0028929466913739797,0.0003720065868069978,0,-1.2567591217326535,0.0,-1.2567591217326535,-1.2567591217326535,-63.8387761486002,-0.6398002421514037,4.999627993413193,100.0,0.5,0.0,1.2591073754492612,0.00037572262689235903,5.0,0.3927863538265228,39.01727302405594
0.17118573188781738,-1.8260715562542962,-56.56447758767887,6.283185307179586,0.0,-0.6398002421514037,-63.8387761486002,0.0,0,-1.8260715562542962,0.0,-1.8260715562542962,-1.8260715562542962,-57.75074890178176,-1.2208870818039173,5.0,100.0,0.5,0.0,1.2831966379043354,0.03697151186102737,5.0,0.3927863538265228,0.0
0.18124938011169434,-2.4244397802092092,-59.33047056114484,6.283185307179586,0.0,-1.2208870818039173,-57.75074890178176,0.0,0,-2.4244397802092092,0.0,-2.4244397802092092,-2.4244397802092092,-60.53402325955013,-1.8300801974640148,5.0,100.0,0.5,0.0,1.3048769741139017,0.0,5.0,0.3927863538265228,0.0
0.19131255149841309,-2.4244397802092092,-59.33047056114484,6.283185307179586,0.0,-1.8300801974640148,-60.53402325955013,0.0,0,-2.4244397802092092,0.0,-2.4244397802092092,-2.4244397802092092,-59.924830143890034,-2.4331140335219903,5.0,100.0,0.5,0.0,1.3243892767025116,0.0,5.0,0.3927863538265228,0.0
0.20137834548950195,-2.4244397802092092,-59.33047056114484,6.283185307179586,0.0,-2.4331140335219903,-59.924830143890034,0.0,0,-2.4244397802092092,0.0,-2.4244397802092092,-2.4244397802092092,-59.32179630783206,-3.030235014337964,5.0,100.0,0.5,0.0,1.3419503490322606,0.0,5.0,0.7309792637825012,33.59823479949786
0.2114415168762207,-4.184364242815491,-58.36410238470048,6.283185307179586,0.0,-3.030235014337964,-59.32179630783206,0.0,0,-4.184364242815491,0.0,-4.184364242815491,-4.184364242815491,-59.51823161317801,-3.6291771796957963,5.0,100.0,0.5,0.0,1.3577553141290348,0.0,5.0,0.7309792637825012,0.0
0.22150373458862305,-4.184364242815491,-58.36410238470048,6.283185307179586,0.0,-3.6291771796957963,-59.51823161317801,0.0,0,-4.184364242815491,0.0,-4.184364242815491,-4.184364242815491,-58.91928944782018,-4.222035897579813,5.0,100.0,0.5,0.0,1.3719797827161315,0.0,5.0,0.7309792637825012,0.0
0.2315669059753418,-5.1780741393534155,-49.307591405181675,6.283185307179586,0.0,-4.222035897579813,-58.91928944782018,0.0,0,-5.1780741393534155,0.0,-5.1780741393534155,-5.1780741393534155,-50.26362964695528,-4.727847417235682,5.0,100.0,0.5,0.0,1.3847818044445184,0.0,5.0,0.7309792637825012,0.0
0.24163055419921875,-5.661973844277538,-48.27836507997308,6.283185307179586,0.0,-4.727847417235682,-50.26362964695528,0.0,0,-5.661973844277538,0.0,-5.661973844277538,-5.661973844277538,-49.21249150701493,-5.223104619982813,5.0,100.0,0.5,0.0,1.3963036240000668,0.0,5.0,1.0221668481826782,28.93459488272921
0.2516927719116211,-5.661973844277538,-48.27836507997308,6.283185307179586,0.0,-5.223104619982813,-49.21249150701493,0.0,0,-5.661973844277538,0.0,-5.661973844277538,-5.661973844277538,-48.717234304267805,-5.7133080378984715,5.0,100.0,0.5,0.0,1.4066732616000603,0.0,5.0,1.0221668481826782,0.0
0.26175856590270996,-6.542653071243503,-43.68198959793116,6.283185307179586,0.0,-5.7133080378984715,-48.717234304267805,0.0,0,-6.542653071243503,0.0,-6.542653071243503,-6.542653071243503,-44.511334631276185,-6.161349962565317,5.0,100.0,0.5,0.0,1.4160059354400545,0.0,5.0,1.0221668481826782,0.0
0.2718203067779541,-6.542653071243503,-43.68198959793116,6.283185307179586,0.0,-6.161349962565317,-44.511334631276185,0.0,0,-6.542653071243503,0.0,-6.542653071243503,-6.542653071243503,-44.063292706609346,-6.604703395889255,5.0,100.0,0.5,0.0,1.424405341896049,0.0,5.0,1.0221668481826782,0.0
0.28195905685424805,-7.376626463746494,-41.45065573385863,6.283185307179586,0.0,-6.604703395889255,-44.063292706609346,0.0,0,-7.376626463746494,0.0,-7.376626463746494,-7.376626463746494,-42.22257880171587,-7.032787569936478,5.0,100.0,0.5,0.0,1.4319648077064442,0.0,5.0,1.0221668481826782,0.0
0.2920241355895996,-7.376626463746494,-41.45065573385863,6.283185307179586,0.0,-7.032787569936478,-42.22257880171587,0.0,0,-7.376626463746494,0.0,-7.376626463746494,-7.376626463746494,-41.79449462766865,-7.453452449068191,5.0,100.0,0.5,0.0,1.4387683269357998,0.0,5.0,1.2728816270828247,24.909370854652266
0.30208921432495117,-8.10564918366592,-36.248508212304266,6.283185307179586,0.0,-7.453452449068191,-41.79449462766865,0.0,0,-8.10564918366592,0.0,-8.10564918366592,-8.10564918366592,-36.900704946901996,-7.824860949748737,5.0,100.0,0.5,0.0,1.4448914942422197,0.0,5.0,1.2728816270828247,0.0
0.31215524673461914,-8.491589375457513,-38.39996418437317,6.283185307179586,0.0,-7.824860949748737,-36.900704946901996,0.0,0,-8.491589375457513,0.0,-8.491589375457513,-8.491589375457513,-39.066692610081944,-8.218107543700357,5.0,100.0,0.5,0.0,1.4504023448179977,0.0,5.0,1.2728816270828247,0.0
0.3222198486328125,-8.491589375457513,-38.39996418437317,6.283185307179586,0.0,-8.218107543700357,-39.066692610081944,0.0,0,-8.491589375457513,0.0,-8.491589375457513,-8.491589375457513,-38.67344601613033,-8.607340381883981,5.0,100.0,0.5,0.0,1.455362110336198,0.0,5.0,1.2728816270828247,0.0
0.3322896957397461,-8.491589375457513,-38.39996418437317,6.283185307179586,0.0,-8.607340381883981,-38.67344601613033,0.0,0,-8.491589375457513,0.0,-8.491589375457513,-8.491589375457513,-38.2842131779467,-8.992856555195157,5.0,100.0,0.5,0.0,1.4598258993025781,0.0,5.0,1.4887501001358032,21.43711525712662
0.34235286712646484,-9.562053080617464,-35.47157597338516,6.283185307179586,0.0,-8.992856555195157,-38.2842131779467,0.0,0,-9.562053080617464,0.0,-9.562053080617464,-9.562053080617464,-36.04077249880746,-9.355541025760397,5.0,100.0,0.5,0.0,1.4638433093723204,0.0,5.0,1.4887501001358032,0.0
0.3524162769317627,-9.562053080617464,-35.47157597338516,6.283185307179586,0.0,-9.355541025760397,-36.04077249880746,0.0,0,-9.562053080617464,0.0,-9.562053080617464,-9.562053080617464,-35.67808802824222,-9.71458424665809,5.0,100.0,0.5,0.0,1.4674589784350887,0.0,5.0,1.4887501001358032,0.0
0.36248326301574707,-9.562053080617464,-35.47157597338516,6.283185307179586,0.0,-9.71458424665809,-35.67808802824222,0.0,0,-9.562053080617464,0.0,-9.562053080617464,-9.562053080617464,-35.31904480734453,-10.070140579233248,5.0,100.0,0.5,0.0,1.47071308059158,0.0,5.0,1.4887501001358032,0.0
0.372546911239624,-10.535436860007165,-32.15027900044369,6.283185307179586,0.0,-10.070140579233248,-35.31904480734453,0.0,0,-10.535436860007165,0.0,-10.535436860007165,-10.535436860007165,-32.6155752812176,-10.398372255482798,5.0,100.0,0.5,0.0,1.4736417725324222,0.0,5.0,1.674614429473877,18.46888178156835
0.3826117515563965,-10.535436860007165,-32.15027900044369,6.283185307179586,0.0,-10.398372255482798,-32.6155752812176,0.0,0,-10.535436860007165,0.0,-10.535436860007165,-10.535436860007165,-32.28734360496806,-10.723339213119566,5.0,100.0,0.5,0.0,1.4762775952791802,0.0,5.0,1.674614429473877,0.0
0.39267587661743164,-10.535436860007165,-32.15027900044369,6.283185307179586,0.0,-10.723339213119566,-32.28734360496806,0.0,0,-10.535436860007165,0.0,-10.535436860007165,-10.535436860007165,-31.96237664733129,-11.045012568946218,5.0,100.0,0.5,0.0,1.4786498357512623,0.0,5.0,1.674614429473877,0.0
0.4027392864227295,-10.535436860007165,-32.15027900044369,6.283185307179586,0.0,-11.045012568946218,-31.96237664733129,0.0,0,-10.535436860007165,0.0,-10.535436860007165,-10.535436860007165,-31.640703291504636,-11.363425932696465,5.0,100.0,0.5,0.0,1.4807848521761362,0.0,5.0,1.674614429473877,0.0
0.41275668144226074,-11.661372491539844,-27.99556769349354,6.283185307179586,0.0,-11.363425932696465,-31.640703291504636,0.0,0,-11.661372491539844,0.0,-11.661372491539844,-11.661372491539844,-28.29351425233692,-11.646853241452861,5.0,100.0,0.5,0.0,1.4827063669585225,0.0,5.0,1.8346458673477173,15.975354626808835
0.4228188991546631,-11.89880319380222,-23.60968573309381,6.283185307179586,0.0,-11.646853241452861,-28.29351425233692,0.0,0,-11.89880319380222,0.0,-11.89880319380222,-11.89880319380222,-23.86163568544317,-11.88695421469382,5.0,100.0,0.5,0.0,1.4844357302626703,0.0,5.0,1.8346458673477173,0.0
0.43288087844848633,-11.89880319380222,-23.60968573309381,6.283185307179586,0.0,-11.88695421469382,-23.86163568544317,0.0,0,-11.89880319380222,0.0,-11.89880319380222,-11.89880319380222,-23.62153471220221,-12.124633607856325,5.0,100.0,0.5,0.0,1.4859921572364034,0.0,5.0,1.8346458673477173,0.0
0.4429440498352051,-10.405144544640553,74.23521716292277,6.283185307179586,0.0,-12.124633607856325,-23.62153471220221,0.0,0,-10.405144544640553,0.0,-10.405144544640553,-10.405144544640553,75.95470622613854,-11.360288381474819,5.0,100.0,0.5,0.0,1.4873929415127631,0.0,5.0,1.8346458673477173,0.0
0.45301127433776855,-10.405144544640553,74.23521716292277,6.283185307179586,0.0,-11.360288381474819,75.95470622613854,0.0,0,-10.405144544640553,0.0,-10.405144544640553,-10.405144544640553,75.19036099975703,-10.60333013686147,5.0,100.0,0.5,0.0,1.4886536473614869,0.0,5.0,1.972434401512146,13.686844286560095
0.4630756378173828,-9.101082398774292,64.92377265250329,6.283185307179586,0.0,-10.60333013686147,75.19036099975703,0.0,0,-9.101082398774292,0.0,-9.101082398774292,-9.101082398774292,66.42602039059047,-9.934794523146298,5.0,100.0,0.5,0.0,1.4897882826253381,0.0,5.0,1.972434401512146,0.0
0.47313952445983887,-8.511068824144616,58.68520230794061,6.283185307179586,0.0,-9.934794523146298,66.42602039059047,0.0,0,-8.511068824144616,0.0,-8.511068824144616,-8.511068824144616,60.10892800694229,-9.32986508548488,5.0,100.0,0.5,0.0,1.4908094543628043,0.0,5.0,1.972434401512146,0.0
0.4832024574279785,-7.956990415634705,54.872810850178375,6.283185307179586,0.0,-9.32986508548488,60.10892800694229,0.0,0,-7.956990415634705,0.0,-7.956990415634705,-7.956990415634705,56.24568552002855,-8.76386852234977,5.0,100.0,0.5,0.0,1.4917285089265238,0.0,5.0,1.972434401512146,0.0
0.4932675361633301,-7.956990415634705,54.872810850178375,6.283185307179586,0.0,-8.76386852234977,56.24568552002855,0.0,0,-7.956990415634705,0.0,-7.956990415634705,-7.956990415634705,55.67968895689344,-8.203448069038751,5.0,100.0,0.5,0.0,1.4925556580338712,0.0,5.0,1.972434401512146,0.0
0.5033385753631592,-6.957661539881206,49.64101924402389,6.283185307179586,0.0,-8.203448069038751,55.67968895689344,0.0,0,-6.957661539881206,0.0,-6.957661539881206,-6.957661539881206,50.886805773181436,-7.690965053342952,5.0,100.0,0.5,0.0,1.4933000922304842,0.0,5.0,2.091071128845215,11.779988636632655
0.5134022235870361,-6.507586240394431,44.86743901075673,6.283185307179586,0.0,-7.690965053342952,50.886805773181436,0.0,0,-6.507586240394431,0.0,-6.507586240394431,-6.507586240394431,46.05081782370525,-7.227525822343339,5.0,100.0,0.5,0.0,1.493970083007436,0.0,5.0,2.091071128845215,0.0
0.5234651565551758,-6.086354410291919,41.96414303183428,6.283185307179586,0.0,-7.227525822343339,46.05081782370525,0.0,0,-6.086354410291919,0.0,-6.086354410291919,-6.086354410291919,43.1053144438857,-6.793759932523935,5.0,100.0,0.5,0.0,1.4945730747066923,0.0,5.0,2.091071128845215,0.0
0.533644437789917,-6.086354410291919,41.96414303183428,6.283185307179586,0.0,-6.793759932523935,43.1053144438857,0.0,0,-6.086354410291919,0.0,-6.086354410291919,-6.086354410291919,42.6715485540663,-6.35939423907018,5.0,100.0,0.5,0.0,1.4951157672360234,0.0,5.0,2.091071128845215,0.0
0.5436809062957764,-5.320218892228256,37.96466609905829,6.283185307179586,0.0,-6.35939423907018,42.6715485540663,0.0,0,-5.320218892228256,0.0,-5.320218892228256,-5.320218892228256,39.003841445900214,-5.967933412790869,5.0,100.0,0.5,0.0,1.495604190512421,0.0,5.0,2.1932194232940674,10.177712846826301
0.5537471771240234,-5.320218892228256,37.96466609905829,6.283185307179586,0.0,-5.967933412790869,39.003841445900214,0.0,0,-5.320218892228256,0.0,-5.320218892228256,-5.320218892228256,38.61238061962091,-5.579250732150406,5.0,100.0,0.5,0.0,1.4960437714611792,0.0,5.0,2.1932194232940674,0.0
0.5638108253479004,-5.320218892228256,37.96466609905829,6.283185307179586,0.0,-5.579250732150406,38.61238061962091,0.0,0,-5.320218892228256,0.0,-5.320218892228256,-5.320218892228256,38.22369793898044,-5.194580882276776,5.0,100.0,0.5,0.0,1.4964393943150611,0.0,5.0,2.1932194232940674,0.0
0.5738866329193115,-4.3523050647072985,32.13383810434282,6.283185307179586,0.0,-5.194580882276776,38.22369793898044,0.0,0,-4.3523050647072985,0.0,-4.3523050647072985,-4.3523050647072985,32.9761139219123,-4.8623199039466565,5.0,100.0,0.5,0.0,1.496795454883555,0.0,5.0,2.1932194232940674,0.0
0.5839531421661377,-4.3523050647072985,32.13383810434282,6.283185307179586,0.0,-4.8623199039466565,32.9761139219123,0.0,0,-4.3523050647072985,0.0,-4.3523050647072985,-4.3523050647072985,32.64385294358218,-4.533710256438052,5.0,100.0,0.5,0.0,1.4971159093951996,0.0,5.0,2.2811694145202637,8.736890720477476
0.5940163135528564,-3.8058687806577476,27.153196914167864,6.283185307179586,0.0,-4.533710256438052,32.64385294358218,0.0,0,-3.8058687806577476,0.0,-3.8058687806577476,-3.8058687806577476,27.88103838994817,-4.253138588680319,5.0,100.0,0.5,0.0,1.4974043184556796,0.0,5.0,2.2811694145202637,0.0
0.6040830612182617,-3.8058687806577476,27.153196914167864,6.283185307179586,0.0,-4.253138588680319,27.88103838994817,0.0,0,-3.8058687806577476,0.0,-3.8058687806577476,-3.8058687806577476,27.600466722190436,-3.9752916547406123,5.0,100.0,0.5,0.0,1.4976638866101117,0.0,5.0,2.2811694145202637,0.0
0.6141481399536133,-3.32745100924731,23.74203805459056,6.283185307179586,0.0,-3.9752916547406123,27.600466722190436,0.0,0,-3.32745100924731,0.0,-3.32745100924731,-3.32745100924731,24.389878700083862,-3.729805605278594,5.0,100.0,0.5,0.0,1.4978974979491007,0.0,5.0,2.2811694145202637,0.0
0.6242046356201172,-3.32745100924731,23.74203805459056,6.283185307179586,0.0,-3.729805605278594,24.389878700083862,0.0,0,-3.32745100924731,0.0,-3.32745100924731,-3.32745100924731,24.144392650621842,-3.486997625217247,5.0,100.0,0.5,0.0,1.4981077481541907,0.0,5.0,2.3568952083587646,7.5300379326695115
0.6342728137969971,-3.32745100924731,23.74203805459056,6.283185307179586,0.0,-3.486997625217247,24.144392650621842,0.0,0,-3.32745100924731,0.0,-3.32745100924731,-3.32745100924731,23.901584670560496,-3.246352212044263,5.0,100.0,0.5,0.0,1.4982969733387717,0.0,5.0,2.3568952083587646,0.0
0.6443190574645996,-2.7211537738044584,20.094307679840803,6.283185307179586,0.0,-3.246352212044263,23.901584670560496,0.0,0,-2.7211537738044584,0.0,-2.7211537738044584,-2.7211537738044584,20.619506118080608,-3.039203629276404,5.0,100.0,0.5,0.0,1.4984672760048947,0.0,5.0,2.3568952083587646,0.0
0.6543829441070557,-2.7211537738044584,20.094307679840803,6.283185307179586,0.0,-3.039203629276404,20.619506118080608,0.0,0,-2.7211537738044584,0.0,-2.7211537738044584,-2.7211537738044584,20.412357535312747,-2.833775976935733,5.0,100.0,0.5,0.0,1.4986205484044053,0.0,5.0,2.3568952083587646,0.0
0.664433479309082,-2.3794383176719083,16.97650610615901,6.283185307179586,0.0,-2.833775976935733,20.412357535312747,0.0,0,-2.3794383176719083,0.0,-2.3794383176719083,-2.3794383176719083,17.430843765422836,-2.658586668070329,5.0,100.0,0.5,0.0,1.4987584935639648,0.0,5.0,2.422095775604248,6.487273158581425
0.674501895904541,-2.2249413491744128,15.34217044195655,6.283185307179586,0.0,-2.658586668070329,17.430843765422836,0.0,0,-2.2249413491744128,0.0,-2.2249413491744128,-2.2249413491744128,15.775815760852467,-2.4997491828568585,5.0,100.0,0.5,0.0,1.4988826442075682,0.0,5.0,2.422095775604248,0.0
0.6845674514770508,-2.2249413491744128,15.34217044195655,6.283185307179586,0.0,-2.4997491828568585,15.775815760852467,0.0,0,-2.2249413491744128,0.0,-2.2249413491744128,-2.2249413491744128,15.616978275638996,-2.342555620148736,5.0,100.0,0.5,0.0,1.4989943797868115,0.0,5.0,2.422095775604248,0.0
0.6946296691894531,-2.2249413491744128,15.34217044195655,6.283185307179586,0.0,-2.342555620148736,15.616978275638996,0.0,0,-2.2249413491744128,0.0,-2.2249413491744128,-2.2249413491744128,15.459784712930874,-2.1869959005803556,5.0,100.0,0.5,0.0,1.4990949418081305,0.0,5.0,2.422095775604248,0.0
0.7046921253204346,-1.8194579975428151,13.436039498509363,6.283185307179586,0.0,-2.1869959005803556,15.459784712930874,0.0,0,-1.8194579975428151,0.0,-1.8194579975428151,-1.8194579975428151,13.803577401546903,-2.048098008526683,5.0,100.0,0.5,0.0,1.4991854476273176,0.0,5.0,2.422095775604248,0.0
0.7147581577301025,-1.8194579975428151,13.436039498509363,6.283185307179586,0.0,-2.048098008526683,13.803577401546903,0.0,0,-1.8194579975428151,0.0,-1.8194579975428151,-1.8194579975428151,13.664679509493231,-1.9105489017163981,5.0,100.0,0.5,0.0,1.4992669028645857,0.0,5.0,2.47823429107666,5.577025106584557
0.7249445915222168,-1.8194579975428151,13.436039498509363,6.283185307179586,0.0,-1.9105489017163981,13.664679509493231,0.0,0,-1.8194579975428151,0.0,-1.8194579975428151,-1.8194579975428151,13.527130402682946,-1.7727556834721725,5.0,100.0,0.5,0.0,1.4993402125781272,0.0,5.0,2.47823429107666,0.0
0.7350070476531982,-1.48787176167627,10.987395029507214,6.283185307179586,0.0,-1.7727556834721725,13.527130402682946,0.0,0,-1.48787176167627,0.0,-1.48787176167627,-1.48787176167627,11.272278951303116,-1.6593288710284995,5.0,100.0,0.5,0.0,1.4994061913203147,0.0,5.0,2.47823429107666,0.0
0.7450697422027588,-1.3912642240970134,9.593517089254117,6.283185307179586,0.0,-1.6593288710284995,11.272278951303116,0.0,0,-1.3912642240970134,0.0,-1.3912642240970134,-1.3912642240970134,9.861581736185602,-1.5600947862417387,5.0,100.0,0.5,0.0,1.4994655721882832,0.0,5.0,2.47823429107666,0.0
0.755131721496582,-1.3912642240970134,9.593517089254117,6.283185307179586,0.0,-1.5600947862417387,9.861581736185602,0.0,0,-1.3912642240970134,0.0,-1.3912642240970134,-1.3912642240970134,9.762347651398843,-1.4618662463142595,5.0,100.0,0.5,0.0,1.4995190149694548,0.0,5.0,2.47823429107666,0.0
0.7651975154876709,-1.3912642240970134,9.593517089254117,6.283185307179586,0.0,-1.4618662463142595,9.762347651398843,0.0,0,-1.3912642240970134,0.0,-1.3912642240970134,-1.3912642240970134,9.664119111471363,-1.364589214232844,5.0,100.0,0.5,0.0,1.4995671134725095,0.0,5.0,2.5265698432922363,4.801961202302281
0.7752621173858643,-1.137902037447233,8.402277390108086,6.283185307179586,0.0,-1.364589214232844,9.664119111471363,0.0,0,-1.137902037447233,0.0,-1.137902037447233,-1.137902037447233,8.628964566893696,-1.2777421210734423,5.0,100.0,0.5,0.0,1.4996104021252585,0.0,5.0,2.5265698432922363,0.0
0.7853248119354248,-1.137902037447233,8.402277390108086,6.283185307179586,0.0,-1.2777421210734423,8.628964566893696,0.0,0,-1.137902037447233,0.0,-1.137902037447233,-1.137902037447233,8.542117473734296,-1.1917854021287904,5.0,100.0,0.5,0.0,1.499649361912733,0.0,5.0,2.5265698432922363,0.0
0.7953884601593018,-0.9944854760944523,7.0972280068456985,6.283185307179586,0.0,-1.1917854021287904,8.542117473734296,0.0,0,-0.9944854760944523,0.0,-0.9944854760944523,-0.9944854760944523,7.294527932880037,-1.1183758390530414,5.0,100.0,0.5,0.0,1.4996844257214597,0.0,5.0,2.5265698432922363,0.0
0.805452823638916,-0.9944854760944523,7.0972280068456985,6.283185307179586,0.0,-1.1183758390530414,7.294527932880037,0.0,0,-0.9944854760944523,0.0,-0.9944854760944523,-0.9944854760944523,7.221118369804287,-1.0456998790500114,5.0,100.0,0.5,0.0,1.4997159831493136,0.0,5.0,2.5681872367858887,4.135124250823206
0.8155224323272705,-0.8700982927914463,6.206048348637154,6.283185307179586,0.0,-1.0456998790500114,7.221118369804287,0.0,0,-0.8700982927914463,0.0,-0.8700982927914463,-0.8700982927914463,6.3816499348957185,-0.9814391614195486,5.0,100.0,0.5,0.0,1.4997443848343823,0.0,5.0,2.5681872367858887,0.0
0.8255856037139893,-0.8700982927914463,6.206048348637154,6.283185307179586,0.0,-0.9814391614195486,6.3816499348957185,0.0,0,-0.8700982927914463,0.0,-0.8700982927914463,-0.8700982927914463,6.317389217265256,-0.9178661910095993,5.0,100.0,0.5,0.0,1.499769946350944,0.0,5.0,2.5681872367858887,0.0
0.8356482982635498,-0.7607961108164545,5.428165564327839,6.283185307179586,0.0,-0.9178661910095993,6.317389217265256,0.0,0,-0.7607961108164545,0.0,-0.7607961108164545,-0.7607961108164545,5.585235644520983,-0.8616636707314668,5.0,100.0,0.5,0.0,1.4997929517158495,0.0,5.0,2.5681872367858887,0.0
0.8457131385803223,-0.7112314082397472,4.904903507840086,6.283185307179586,0.0,-0.8616636707314668,5.585235644520983,0.0,0,-0.7112314082397472,0.0,-0.7112314082397472,-0.7112314082397472,5.055335770331806,-0.8107825234554092,5.0,100.0,0.5,0.0,1.4998136565442648,0.0,5.0,2.6040210723876953,3.5602984721070707
0.8557770252227783,-0.7112314082397472,4.904903507840086,6.283185307179586,0.0,-0.8107825234554092,5.055335770331806,0.0,0,-0.7112314082397472,0.0,-0.7112314082397472,-0.7112314082397472,5.004454623055748,-0.7604182594216611,5.0,100.0,0.5,0.0,1.4998322908898385,0.0,5.0,2.6040210723876953,0.0
0.865839958190918,-0.6221115736723234,4.437850130067836,6.283185307179586,0.0,-0.7604182594216611,5.004454623055748,0.0,0,-0.6221115736723234,0.0,-0.6221115736723234,-0.6221115736723234,4.576156815817173,-0.7143687001323975,5.0,100.0,0.5,0.0,1.4998490618008549,0.0,5.0,2.6040210723876953,0.0
0.8759016990661621,-0.6221115736723234,4.437850130067836,6.283185307179586,0.0,-0.7143687001323975,4.576156815817173,0.0,0,-0.6221115736723234,0.0,-0.6221115736723234,-0.6221115736723234,4.53010725652791,-0.6687879347801504,5.0,100.0,0.5,0.0,1.4998641556207692,0.0,5.0,2.6040210723876953,0.0
0.8859655857086182,-0.544073152482479,3.881473083083307,6.283185307179586,0.0,-0.6687879347801504,4.53010725652791,0.0,0,-0.544073152482479,0.0,-0.544073152482479,-0.544073152482479,4.006187865380978,-0.6284701142345732,5.0,100.0,0.5,0.0,1.4998777400586922,0.0,5.0,2.6040210723876953,0.0
0.8960332870483398,-0.544073152482479,3.881473083083307,6.283185307179586,0.0,-0.6284701142345732,4.006187865380978,0.0,0,-0.544073152482479,0.0,-0.544073152482479,-0.544073152482479,3.9658700448354014,-0.5885429190710217,5.0,100.0,0.5,0.0,1.499889966052823,0.0,5.0,2.6348745822906494,3.064603215951879
0.9060959815979004,-0.47584514127138505,3.3946503005306754,6.283185307179586,0.0,-0.5885429190710217,3.9658700448354014,0.0,0,-0.47584514127138505,0.0,-0.47584514127138505,-0.47584514127138505,3.507348078330312,-0.5532495466797956,5.0,100.0,0.5,0.0,1.4999009694475407,0.0,5.0,2.6348745822906494,0.0
0.9161627292633057,-0.47584514127138505,3.3946503005306754,6.283185307179586,0.0,-0.5532495466797956,3.507348078330312,0.0,0,-0.47584514127138505,0.0,-0.47584514127138505,-0.47584514127138505,3.472054705939086,-0.518297248074624,5.0,100.0,0.5,0.0,1.4999108725027868,0.0,5.0,2.6348745822906494,0.0
0.9262275695800781,-0.4160037710893422,2.968362958512973,6.283185307179586,0.0,-0.518297248074624,3.472054705939086,0.0,0,-0.4160037710893422,0.0,-0.4160037710893422,-0.4160037710893422,3.070656435498255,-0.4873915813836643,5.0,100.0,0.5,0.0,1.4999197852525081,0.0,5.0,2.6348745822906494,0.0
0.9362912178039551,-0.38904519745401894,2.682493196833629,6.283185307179586,0.0,-0.4873915813836643,3.070656435498255,0.0,0,-0.38904519745401894,0.0,-0.38904519745401894,-0.38904519745401894,2.780839580763274,-0.4594061900758292,5.0,100.0,0.5,0.0,1.4999278067272575,0.0,5.0,2.6614389419555664,2.639635157545605
0.946354866027832,-0.3638845322752138,2.5088312714464416,6.283185307179586,0.0,-0.4594061900758292,2.780839580763274,0.0,0,-0.3638845322752138,0.0,-0.3638845322752138,-0.3638845322752138,2.604352929247057,-0.43319689834506336,5.0,100.0,0.5,0.0,1.4999350260545317,0.0,5.0,2.6614389419555664,0.0
0.956416130065918,-0.3638845322752138,2.5088312714464416,6.283185307179586,0.0,-0.43319689834506336,2.604352929247057,0.0,0,-0.3638845322752138,0.0,-0.3638845322752138,-0.3638845322752138,2.578143637516291,-0.40725751447990066,5.0,100.0,0.5,0.0,1.4999415234490785,0.0,5.0,2.6614389419555664,0.0
0.9664778709411621,-0.3638845322752138,2.5088312714464416,6.283185307179586,0.0,-0.40725751447990066,2.578143637516291,0.0,0,-0.3638845322752138,0.0,-0.3638845322752138,-0.3638845322752138,2.5522042536511282,-0.3815778966189671,5.0,100.0,0.5,0.0,1.4999473711041706,0.0,5.0,2.6614389419555664,0.0
0.9765400886535645,-0.297579451632958,2.1974751490102093,6.283185307179586,0.0,-0.3815778966189671,2.5522042536511282,0.0,0,-0.297579451632958,0.0,-0.297579451632958,-0.297579451632958,2.2814735939962185,-0.35862121261108015,5.0,100.0,0.5,0.0,1.4999526339937534,0.0,5.0,2.6843109130859375,2.273054686759549
0.9866046905517578,-0.297579451632958,2.1974751490102093,6.283185307179586,0.0,-0.35862121261108015,2.2814735939962185,0.0,0,-0.297579451632958,0.0,-0.297579451632958,-0.297579451632958,2.2585169099883315,-0.3358901390317098,5.0,100.0,0.5,0.0,1.499957370594378,0.0,5.0,2.6843109130859375,0.0
0.996666669845581,-0.2602916839768166,1.8567979321994117,6.283185307179586,0.0,-0.3358901390317098,2.2585169099883315,0.0,0,-0.2602916839768166,0.0,-0.2602916839768166,-0.2602916839768166,1.9323963872543048,-0.3164464065956981,5.0,100.0,0.5,0.0,1.4999616335349404,0.0,5.0,2.6843109130859375,0.0
1.0067291259765625,-0.2602916839768166,1.8567979321994117,6.283185307179586,0.0,-0.3164464065956981,1.9323963872543048,0.0,0,-0.2602916839768166,0.0,-0.2602916839768166,-0.2602916839768166,1.9129526548182931,-0.2971974044259445,5.0,100.0,0.5,0.0,1.4999654701814462,0.0,5.0,2.6843109130859375,0.0
1.0167608261108398,-0.22760094779794757,1.6238720645922435,6.283185307179586,0.0,-0.2971974044259445,1.9129526548182931,0.0,0,-0.22760094779794757,0.0,-0.22760094779794757,-0.22760094779794757,1.6934685212202405,-0.280209036034225,5.0,100.0,0.5,0.0,1.4999689231633018,0.0,5.0,2.7040042877197266,1.963114364483316
1.0268275737762451,-0.22760094779794757,1.6238720645922435,6.283185307179586,0.0,-0.280209036034225,1.6934685212202405,0.0,0,-0.22760094779794757,0.0,-0.22760094779794757,-0.22760094779794757,1.676480152828521,-0.2633323333696402,5.0,100.0,0.5,0.0,1.4999720308469717,0.0,5.0,2.7040042877197266,0.0
1.036890983581543,-0.1990102357313634,1.419905724749539,6.283185307179586,0.0,-0.2633323333696402,1.676480152828521,0.0,0,-0.1990102357313634,0.0,-0.1990102357313634,-0.1990102357313634,1.4842278223878158,-0.24839594054852676,5.0,100.0,0.5,0.0,1.4999748277622746,0.0,5.0,2.7040042877197266,0.0
1.0469529628753662,-0.18611748657113067,1.2832793700315812,6.283185307179586,0.0,-0.24839594054852676,1.4842278223878158,0.0,0,-0.18611748657113067,0.0,-0.18611748657113067,-0.18611748657113067,1.3455578240089774,-0.23485696558470656,5.0,100.0,0.5,0.0,1.4999773449860472,0.0,5.0,2.7040042877197266,0.0
1.0570156574249268,-0.18611748657113067,1.2832793700315812,6.283185307179586,0.0,-0.23485696558470656,1.3455578240089774,0.0,0,-0.18611748657113067,0.0,-0.18611748657113067,-0.18611748657113067,1.332018849045157,-0.22145326677250796,5.0,100.0,0.5,0.0,1.4999796104874425,0.0,5.0,2.7040042877197266,0.0
1.0670795440673828,-0.18611748657113067,1.2832793700315812,6.283185307179586,0.0,-0.22145326677250796,1.332018849045157,0.0,0,-0.18611748657113067,0.0,-0.18611748657113067,-0.18611748657113067,1.3186151502329584,-0.2081828733755383,5.0,100.0,0.5,0.0,1.4999816494386984,0.0,5.0,2.7209603786468506,1.684845182535358
1.077141523361206,-0.18611748657113067,1.2832793700315812,6.283185307179586,0.0,-0.2081828733755383,1.3186151502329584,0.0,0,-0.18611748657113067,0.0,-0.18611748657113067,-0.18611748657113067,1.3053447568359888,-0.19504852146095386,5.0,100.0,0.5,0.0,1.4999834844948285,0.0,5.0,2.7209603786468506,0.0
1.0872023105621338,-0.1423342100286717,1.0883230822827348,6.283185307179586,0.0,-0.19504852146095386,1.3053447568359888,0.0,0,-0.1423342100286717,0.0,-0.1423342100286717,-0.1423342100286717,1.141037393715017,-0.18356878705448587,5.0,100.0,0.5,0.0,1.4999851360453458,0.0,5.0,2.7209603786468506,0.0
1.097264289855957,-0.1423342100286717,1.0883230822827348,6.283185307179586,0.0,-0.18356878705448587,1.141037393715017,0.0,0,-0.1423342100286717,0.0,-0.1423342100286717,-0.1423342100286717,1.129557659308549,-0.1722032012753438,5.0,100.0,0.5,0.0,1.4999866224408112,0.0,5.0,2.7209603786468506,0.0
1.107330560684204,-0.1423342100286717,1.0883230822827348,6.283185307179586,0.0,-0.1722032012753438,1.129557659308549,0.0,0,-0.1423342100286717,0.0,-0.1423342100286717,-0.1423342100286717,1.1181920735294069,-0.16094717702519762,5.0,100.0,0.5,0.0,1.49998796019673,0.0,5.0,2.7355594635009766,1.4502972454465788
1.1173946857452393,-0.11642233524195839,0.8596309396215325,6.283185307179586,0.0,-0.16094717702519762,1.1181920735294069,0.0,0,-0.11642233524195839,0.0,-0.11642233524195839,-0.11642233524195839,0.9041557814047717,-0.15184764016648203,5.0,100.0,0.5,0.0,1.499989164177057,0.0,5.0,2.7355594635009766,0.0
1.1274595260620117,-0.11642233524195839,0.8596309396215325,6.283185307179586,0.0,-0.15184764016648203,0.9041557814047717,0.0,0,-0.11642233524195839,0.0,-0.11642233524195839,-0.11642233524195839,0.8950562445460561,-0.14283904199059594,5.0,100.0,0.5,0.0,1.4999902477593516,0.0,5.0,2.7355594635009766,0.0
1.1375236511230469,-0.10180280479209475,0.7263276008195027,6.283185307179586,0.0,-0.14283904199059594,0.8950562445460561,0.0,0,-0.10180280479209475,0.0,-0.10180280479209475,-0.10180280479209475,0.7673638380180039,-0.13511619635746683,5.0,100.0,0.5,0.0,1.4999912229834167,0.0,5.0,2.7355594635009766,0.0
1.1475880146026611,-0.09519577317244704,0.6564156418128907,6.283185307179586,0.0,-0.13511619635746683,0.7673638380180039,0.0,0,-0.09519577317244704,0.0,-0.09519577317244704,-0.09519577317244704,0.6963360649979105,-0.12810801709536357,5.0,100.0,0.5,0.0,1.4999921006850752,0.0,5.0,2.7481298446655273,1.2489991234927629
1.1576511859893799,-0.09519577317244704,0.6564156418128907,6.283185307179586,0.0,-0.12810801709536357,0.6963360649979105,0.0,0,-0.09519577317244704,0.0,-0.09519577317244704,-0.09519577317244704,0.6893278857358072,-0.12117119243955966,5.0,100.0,0.5,0.0,1.4999928906165678,0.0,5.0,2.7481298446655273,0.0
1.1677143573760986,-2.1837440474928638,-103.94795938408767,6.283185307179586,0.0,-0.12117119243955966,0.6893278857358072,0.0,0,-2.1837440474928638,0.0,-2.1837440474928638,-2.1837440474928638,-100.0,-1.1274883311114348,5.0,100.0,0.5,0.0,1.4999936015549111,0.0,5.0,2.7481298446655273,0.0
1.177781343460083,-2.1837440474928638,-103.94795938408767,6.283185307179586,0.0,-1.1274883311114348,-100.0,0.0,0,-2.1837440474928638,0.0,-2.1837440474928638,-2.1837440474928638,-100.0,-2.1341869395098723,5.0,100.0,0.5,0.0,1.49999424139942,0.0,5.0,2.7481298446655273,0.0
1.1878447532653809,-2.1837440474928638,-103.94795938408767,6.283185307179586,0.0,-2.1341869395098723,-100.0,0.0,0,-2.1837440474928638,0.0,-2.1837440474928638,-2.1837440474928638,-100.0,-3.1405279200396574,5.0,100.0,0.5,0.0,1.499994817259478,0.0,5.0,2.758953332901001,1.0755289156341066
1.1979072093963623,-2.1837440474928638,-103.94795938408767,6.283185307179586,0.0,-3.1405279200396574,-100.0,0.0,0,-2.1837440474928638,0.0,-2.1837440474928638,-2.1837440474928638,-100.0,-4.146773533137802,5.0,100.0,0.5,0.0,1.49999533553353,0.0,5.0,2.758953332901001,0.0
1.2079689502716064,-2.1837440474928638,-103.94795938408767,6.283185307179586,0.0,-4.146773533137802,-100.0,0.0,0,-2.1837440474928638,0.0,-2.1837440474928638,-2.1837440474928638,-100.0,-5.152947620662216,5.0,100.0,0.5,0.0,1.4999958019801771,0.0,5.0,2.758953332901001,0.0
1.218031883239746,-2.1837440474928638,-103.94795938408767,6.283185307179586,0.0,-5.152947620662216,-100.0,0.0,0,-2.1837440474928638,0.0,-2.1837440474928638,-2.1837440474928638,-100.0,-6.159240917476181,5.0,100.0,0.5,0.0,1.4999962217821596,0.0,5.0,2.758953332901001,0.0
1.2280972003936768,-2.1837440474928638,-103.94795938408767,6.283185307179586,0.0,-6.159240917476181,-100.0,0.0,0,-2.1837440474928638,0.0,-2.1837440474928638,-2.1837440474928638,-99.97246251410435,-7.165495459340086,5.0,100.0,0.5,0.0,1.4999965996039437,0.0,5.0,2.7682721614837646,0.9258355638723736
1.2381584644317627,-7.467259323954175,-74.99811920862717,6.283185307179586,0.0,-7.165495459340086,-99.97246251410435,0.0,0,-7.467259323954175,0.0,-7.467259323954175,-7.467259323954175,-75.29988307324126,-7.923107464976964,5.0,100.0,0.5,0.0,1.4999969396435495,0.0,5.0,2.7682721614837646,0.0
1.2482225894927979,-7.467259323954175,-74.99811920862717,6.283185307179586,0.0,-7.923107464976964,-75.29988307324126,0.0,0,-7.467259323954175,0.0,-7.467259323954175,-7.467259323954175,-74.54227106760439,-8.673310203334918,5.0,100.0,0.5,0.0,1.4999972456791948,0.0,5.0,2.7682721614837646,0.0
1.2582828998565674,-7.467259323954175,-74.99811920862717,6.283185307179586,0.0,-8.673310203334918,-74.54227106760439,0.0,0,-7.467259323954175,0.0,-7.467259323954175,-7.467259323954175,-73.79206832924643,-9.415681313111625,5.0,100.0,0.5,0.0,1.4999975211112755,0.0,5.0,2.7682721614837646,0.0
1.268322229385376,-9.079584305285076,-53.204682101381756,6.283185307179586,0.0,-9.415681313111625,-73.79206832924643,0.0,0,-9.079584305285076,0.0,-9.079584305285076,-9.079584305285076,-52.86858509355521,-9.946446460587683,5.0,100.0,0.5,0.0,1.499997769000148,0.0,5.0,2.7762951850891113,0.799159304645198
1.2783842086791992,-9.54001224480117,-46.18930276068197,6.283185307179586,0.0,-9.946446460587683,-52.86858509355521,0.0,0,-9.54001224480117,0.0,-9.54001224480117,-9.54001224480117,-45.78286854489546,-10.407112735898252,5.0,100.0,0.5,0.0,1.4999979921001332,0.0,5.0,2.7762951850891113,0.0
1.288447618484497,-9.54001224480117,-46.18930276068197,6.283185307179586,0.0,-10.407112735898252,-45.78286854489546,0.0,0,-9.54001224480117,0.0,-9.54001224480117,-9.54001224480117,-45.322202269584885,-10.863208630615686,5.0,100.0,0.5,0.0,1.49999819289012,0.0,5.0,2.7762951850891113,0.0
1.2985119819641113,-10.38144411256278,-41.82185702394905,6.283185307179586,0.0,-10.863208630615686,-45.322202269584885,0.0,0,-10.38144411256278,0.0,-10.38144411256278,-10.38144411256278,-41.340092505896145,-11.279270347875903,5.0,100.0,0.5,0.0,1.499998373601108,0.0,5.0,2.7762951850891113,0.0
1.30857515335083,-10.760562854648274,-37.80195545950678,6.283185307179586,0.0,-11.279270347875903,-41.340092505896145,0.0,0,-10.760562854648274,0.0,-10.760562854648274,-10.760562854648274,-37.28324796627915,-11.6544580620141,5.0,100.0,0.5,0.0,1.499998536240997,0.0,5.0,2.783203363418579,0.6864812357846853
1.3186402320861816,-10.760562854648274,-37.80195545950678,6.283185307179586,0.0,-11.6544580620141,-37.28324796627915,0.0,0,-10.760562854648274,0.0,-10.760562854648274,-10.760562854648274,-36.908060252140956,-12.025940594420996,5.0,100.0,0.5,0.0,1.4999986826168974,0.0,5.0,2.783203363418579,0.0
1.3287034034729004,-11.457767962408068,-34.63772783295636,6.283185307179586,0.0,-12.025940594420996,-36.908060252140956,0.0,0,-11.457767962408068,0.0,-11.457767962408068,-11.457767962408068,-34.06955520094343,-12.368788367477364,5.0,100.0,0.5,0.0,1.4999988143552079,0.0,5.0,2.783203363418579,0.0
1.3387651443481445,-11.457767962408068,-34.63772783295636,6.283185307179586,0.0,-12.368788367477364,-34.06955520094343,0.0,0,-11.457767962408068,0.0,-11.457767962408068,-11.457767962408068,-33.726707427887064,-12.708137758191937,5.0,100.0,0.5,0.0,1.499998932919687,0.0,5.0,2.783203363418579,0.0
1.3488285541534424,-12.06889828273963,-30.282906609894958,6.283185307179586,0.0,-12.708137758191937,-33.726707427887064,0.0,0,-12.06889828273963,0.0,-12.06889828273963,-12.06889828273963,-29.64366713444265,-13.006454128697673,5.0,100.0,0.5,0.0,1.4999990396277183,0.0,5.0,2.783203363418579,0.0
1.3588931560516357,-12.06889828273963,-30.282906609894958,6.283185307179586,0.0,-13.006454128697673,-29.64366713444265,0.0,0,-12.06889828273963,0.0,-12.06889828273963,-12.06889828273963,-29.345350763936914,-13.301803401699543,5.0,100.0,0.5,0.0,1.4999991356649467,0.0,5.0,2.789151430130005,0.5909887714976074
1.3689560890197754,-12.614279368572365,-27.18579168597017,6.283185307179586,0.0,-13.301803401699543,-29.345350763936914,0.0,0,-12.614279368572365,0.0,-12.614279368572365,-12.614279368572365,-26.49826765284299,-13.568453692861924,5.0,100.0,0.5,0.0,1.499999222098452,0.0,5.0,2.789151430130005,0.0
1.3790230751037598,-12.614279368572365,-27.18579168597017,6.283185307179586,0.0,-13.568453692861924,-26.49826765284299,0.0,0,-12.614279368572365,0.0,-12.614279368572365,-12.614279368572365,-26.231617361680613,-13.832527019802367,5.0,100.0,0.5,0.0,1.4999992998886067,0.0,5.0,2.789151430130005,0.0
1.3890929222106934,-12.614279368572365,-27.18579168597017,6.283185307179586,0.0,-13.832527019802367,-26.231617361680613,0.0,0,-12.614279368572365,0.0,-12.614279368572365,-12.614279368572365,-25.96754403474017,-14.094016217974765,5.0,100.0,0.5,0.0,1.4999993698997462,0.0,5.0,2.789151430130005,0.0
1.3991613388061523,-13.376866875339658,-25.273185653882635,6.283185307179586,0.0,-14.094016217974765,-25.96754403474017,0.0,0,-13.376866875339658,0.0,-13.376866875339658,-13.376866875339658,-24.556036311247528,-14.341256621489624,5.0,100.0,0.5,0.0,1.499999432909772,0.0,5.0,2.794274091720581,0.5087852237745678
1.4092254638671875,-13.376866875339658,-25.273185653882635,6.283185307179586,0.0,-14.341256621489624,-24.556036311247528,0.0,0,-13.376866875339658,0.0,-13.376866875339658,-13.376866875339658,-24.30879590773267,-14.585903383588224,5.0,100.0,0.5,0.0,1.4999994896187947,0.0,5.0,2.794274091720581,0.0
1.41929030418396,-13.806379269888549,-21.352695356185183,6.283185307179586,0.0,-14.585903383588224,-24.30879590773267,0.0,0,-13.806379269888549,0.0,-13.806379269888549,-13.806379269888549,-20.573171242485508,-14.792969066953455,5.0,100.0,0.5,0.0,1.499999540656915,0.0,5.0,2.794274091720581,0.0
1.4293572902679443,-13.806379269888549,-21.352695356185183,6.283185307179586,0.0,-14.792969066953455,-20.573171242485508,0.0,0,-13.806379269888549,0.0,-13.806379269888549,-13.806379269888549,-20.366105559120278,-14.997994368202075,5.0,100.0,0.5,0.0,1.4999995865912235,0.0,5.0,2.794274091720581,0.0
1.4394230842590332,-14.200113581960231,-19.552015060374906,6.283185307179586,0.0,-14.997994368202075,-20.366105559120278,0.0,0,-14.200113581960231,0.0,-14.200113581960231,-14.200113581960231,-18.75413427413306,-15.186769620286718,5.0,100.0,0.5,0.0,1.4999996279321013,0.0,5.0,2.7986834049224854,0.4380492195457022
1.4494872093200684,-14.200113581960231,-19.552015060374906,6.283185307179586,0.0,-15.186769620286718,-18.75413427413306,0.0,0,-14.200113581960231,0.0,-14.200113581960231,-14.200113581960231,-18.56535902204842,-15.37361371528763,5.0,100.0,0.5,0.0,1.4999996651388914,0.0,5.0,2.7986834049224854,0.0
1.459550142288208,-14.543556386606497,-17.098573590739736,6.283185307179586,0.0,-15.37361371528763,-18.56535902204842,0.0,0,-14.543556386606497,0.0,-14.543556386606497,-14.543556386606497,-16.268516262058604,-15.537322703923817,5.0,100.0,0.5,0.0,1.4999996986250022,0.0,5.0,2.7986834049224854,0.0
1.4696130752563477,-14.708925832454895,-16.4311877431057,6.283185307179586,0.0,-15.537322703923817,-16.268516262058604,0.0,0,-14.708925832454895,0.0,-14.708925832454895,-14.708925832454895,-15.602790871636778,-15.694332542580998,5.0,100.0,0.5,0.0,1.4999997287625022,0.0,5.0,2.7986834049224854,0.0
1.4796769618988037,-14.708925832454895,-16.4311877431057,6.283185307179586,0.0,-15.694332542580998,-15.602790871636778,0.0,0,-14.708925832454895,0.0,-14.708925832454895,-14.708925832454895,-15.445781032979596,-15.849777132001103,5.0,100.0,0.5,0.0,1.4999997558862521,0.0,5.0,2.7986834049224854,0.0
1.4897403717041016,-15.008610264190155,-14.86480145180852,6.283185307179586,0.0,-15.849777132001103,-15.445781032979596,0.0,0,-15.008610264190155,0.0,-15.008610264190155,-15.008610264190155,-14.023634583997572,-15.990902713779619,5.0,100.0,0.5,0.0,1.4999997802976268,0.0,5.0,2.802480459213257,0.3773128953540714
1.4998047351837158,-15.146268454461493,-13.74649535945524,6.283185307179586,0.0,-15.990902713779619,-14.023634583997572,0.0,0,-15.146268454461493,0.0,-15.146268454461493,-15.146268454461493,-12.901861100137115,-16.12075173345489,5.0,100.0,0.5,0.0,1.499999802267864,0.0,5.0,2.802480459213257,0.0
1.5098676681518555,-15.146268454461493,-13.74649535945524,6.283185307179586,0.0,-16.12075173345489,-12.901861100137115,0.0,0,-15.146268454461493,0.0,-15.146268454461493,-15.146268454461493,-12.772012080461842,-16.24927563488885,5.0,100.0,0.5,0.0,1.4999998220410777,0.0,5.0,2.802480459213257,0.0
1.5199291706085205,-15.146268454461493,-13.74649535945524,6.283185307179586,0.0,-16.24927563488885,-12.772012080461842,0.0,0,-15.146268454461493,0.0,-15.146268454461493,-15.146268454461493,-12.643488179027884,-16.376488122262955,5.0,100.0,0.5,0.0,1.49999983983697,0.0,5.0,2.802480459213257,0.0
1.5299932956695557,-15.146268454461493,-13.74649535945524,6.283185307179586,0.0,-16.376488122262955,-12.643488179027884,0.0,0,-15.146268454461493,0.0,-15.146268454461493,-15.146268454461493,-12.516275691653778,-16.502453486122153,5.0,100.0,0.5,0.0,1.499999855853273,0.0,5.0,2.805748701095581,0.32474177958874256
1.540062665939331,-15.584709966407573,-10.898233291186305,6.283185307179586,0.0,-16.502453486122153,-12.516275691653778,0.0,0,-15.584709966407573,0.0,-15.584709966407573,-15.584709966407573,-9.980489771471724,-16.60295073310481,5.0,100.0,0.5,0.0,1.4999998702679456,0.0,5.0,2.805748701095581,0.0
1.5501258373260498,-15.67727390061089,-9.19001277007791,6.283185307179586,0.0,-16.60295073310481,-9.980489771471724,0.0,0,-15.67727390061089,0.0,-15.67727390061089,-15.67727390061089,-8.264335937583992,-16.686116162042136,5.0,100.0,0.5,0.0,1.4999998832411512,0.0,5.0,2.805748701095581,0.0
1.5601880550384521,-15.753105576696395,-7.5157991051806485,6.283185307179586,0.0,-16.686116162042136,-8.264335937583992,0.0,0,-15.753105576696395,0.0,-15.753105576696395,-15.753105576696395,-6.582788519834907,-16.752353613283418,5.0,100.0,0.5,0.0,1.4999998949170363,0.0,5.0,2.805748701095581,0.0
1.5702519416809082,-15.753105576696395,-7.5157991051806485,6.283185307179586,0.0,-16.752353613283418,-6.582788519834907,0.0,0,-15.753105576696395,0.0,-15.753105576696395,-15.753105576696395,-6.516551068593626,-16.817935444537518,5.0,100.0,0.5,0.0,1.4999999054253328,0.0,5.0,2.808563470840454,0.27969012816564404
1.5803189277648926,-15.889847066568686,-6.799874064109442,6.283185307179586,0.0,-16.817935444537518,-6.516551068593626,0.0,0,-15.889847066568686,0.0,-15.889847066568686,-15.889847066568686,-5.87178568614061,-16.877046629328035,5.0,100.0,0.5,0.0,1.4999999148827996,0.0,5.0,2.808563470840454,0.0
1.5903913974761963,-15.951704555181953,-6.145753077519843,6.283185307179586,0.0,-16.877046629328035,-5.87178568614061,0.0,0,-15.951704555181953,0.0,-15.951704555181953,-15.951704555181953,-5.220411003373761,-16.929629061040075,5.0,100.0,0.5,0.0,1.4999999233945198,0.0,5.0,2.808563470840454,0.0
1.6004691123962402,-15.996647437253687,-4.465229061138039,6.283185307179586,0.0,-16.929629061040075,-5.220411003373761,0.0,0,-15.996647437253687,0.0,-15.996647437253687,-15.996647437253687,-3.5322474373516517,-16.96522604374076,5.0,100.0,0.5,0.0,1.499999931055068,0.0,5.0,2.808563470840454,0.0
1.6105475425720215,-15.996647437253687,-4.465229061138039,6.283185307179586,0.0,-16.96522604374076,-3.5322474373516517,0.0,0,-15.996647437253687,0.0,-15.996647437253687,-15.996647437253687,-3.4966504546509665,-17.000466791197073,5.0,100.0,0.5,0.0,1.4999999379495614,0.0,5.0,2.8109872341156006,0.2404901589704769
1.6206214427947998,-15.996647437253687,-4.465229061138039,6.283185307179586,0.0,-17.000466791197073,-3.4966504546509665,0.0,0,-15.996647437253687,0.0,-15.996647437253687,-15.996647437253687,-3.461409707194653,-17.03533668721751,5.0,100.0,0.5,0.0,1.4999999441546055,0.0,5.0,2.8109872341156006,0.0
1.630692481994629,-16.09776578607403,-3.3494791225177716,6.283185307179586,0.0,-17.03533668721751,-3.461409707194653,0.0,0,-16.09776578607403,0.0,-16.09776578607403,-16.09776578607403,-2.4119082213742944,-17.05962710946136,5.0,100.0,0.5,0.0,1.499999949739145,0.0,5.0,2.8109872341156006,0.0
1.6407825946807861,-16.127187642108417,-2.9245475507735517,6.283185307179586,0.0,-17.05962710946136,-2.4119082213742944,0.0,0,-16.127187642108417,0.0,-16.127187642108417,-16.127187642108417,-1.992108083420609,-17.07972770450608,5.0,100.0,0.5,0.0,1.4999999547652307,0.0,5.0,2.8109872341156006,0.0
1.6508545875549316,-16.127187642108417,-2.9245475507735517,6.283185307179586,0.0,-17.07972770450608,-1.992108083420609,0.0,0,-16.127187642108417,0.0,-16.127187642108417,-16.127187642108417,-1.9720074883758887,-17.099589749876763,5.0,100.0,0.5,0.0,1.4999999592887079,0.0,5.0,2.8109872341156006,0.0
1.6609232425689697,-16.140083112681367,-0.63893970379921,6.283185307179586,0.0,-17.099589749876763,-1.9720074883758887,0.0,0,-16.140083112681367,0.0,-16.140083112681367,-16.140083112681367,0.32056693339618625,-17.096362072015488,5.0,100.0,0.5,0.0,1.499999963359837,0.0,5.0,2.8130738735198975,0.2072411261869243
1.670992374420166,-16.140083112681367,-0.63893970379921,6.283185307179586,0.0,-17.096362072015488,0.32056693339618625,0.0,0,-16.140083112681367,0.0,-16.140083112681367,-16.140083112681367,0.3173392555349108,-17.093166741209945,5.0,100.0,0.5,0.0,1.4999999670238533,0.0,5.0,2.8130738735198975,0.0
1.6810576915740967,-16.140083112681367,-0.63893970379921,6.283185307179586,0.0,-17.093166741209945,0.3173392555349108,0.0,0,-16.140083112681367,0.0,-16.140083112681367,-16.140083112681367,0.31414392472936803,-17.090004782975562,5.0,100.0,0.5,0.0,1.499999970321468,0.0,5.0,2.8130738735198975,0.0
1.6911249160766602,-16.15636549146485,-0.5408295106796953,6.283185307179586,0.0,-17.090004782975562,0.31414392472936803,0.0,0,-16.15636549146485,0.0,-16.15636549146485,-16.15636549146485,0.3928097808310166,-17.086050278725132,5.0,100.0,0.5,0.0,1.499999973289321,0.0,5.0,2.8130738735198975,0.0
1.7011935710906982,-16.1575155723988,-0.11442167706213667,6.283185307179586,0.0,-17.086050278725132,0.3928097808310166,0.0,0,-16.1575155723988,0.0,-16.1575155723988,-16.1575155723988,0.8141130292641949,-17.077853255491036,5.0,100.0,0.5,0.0,1.4999999759603888,0.0,5.0,2.8130738735198975,0.0
1.7112605571746826,-16.1575155723988,-0.11442167706213667,6.283185307179586,0.0,-17.077853255491036,0.8141130292641949,0.0,0,-16.1575155723988,0.0,-16.1575155723988,-16.1575155723988,0.8059160060300985,-17.06974011027347,5.0,100.0,0.5,0.0,1.4999999783643498,0.0,5.0,2.814870595932007,0.17847669571807503
1.7213337421417236,-16.1575155723988,-0.11442167706213667,6.283185307179586,0.0,-17.06974011027347,0.8059160060300985,0.0,0,-16.1575155723988,0.0,-16.1575155723988,-16.1575155723988,0.7978028608125345,-17.06170369448927,5.0,100.0,0.5,0.0,1.4999999805279147,0.0,5.0,2.814870595932007,0.0
1.7314014434814453,-16.193724165166206,-1.199187055673448,6.283185307179586,0.0,-17.06170369448927,0.7978028608125345,0.0,0,-16.193724165166206,0.0,-16.193724165166206,-16.193724165166206,-0.33120752635038264,-17.065038192946034,5.0,100.0,0.5,0.0,1.4999999824751233,0.0,5.0,2.814870595932007,0.0
1.7414746284484863,-16.193724165166206,-1.199187055673448,6.283185307179586,0.0,-17.065038192946034,-0.33120752635038264,0.0,0,-16.193724165166206,0.0,-16.193724165166206,-16.193724165166206,-0.32787302789361994,-17.06834091860171,5.0,100.0,0.5,0.0,1.4999999842276113,0.0,5.0,2.814870595932007,0.0
1.7515504360198975,-16.193724165166206,-1.199187055673448,6.283185307179586,0.0,-17.06834091860171,-0.32787302789361994,0.0,0,-16.193724165166206,0.0,-16.193724165166206,-16.193724165166206,-0.32457030223794425,-17.071611226510452,5.0,100.0,0.5,0.0,1.49999998580485,0.0,5.0,2.816417694091797,0.15354582238943706
1.7616212368011475,-16.254222690049428,-2.0055896247404488,6.283185307179586,0.0,-17.071611226510452,-0.32457030223794425,0.0,0,-16.254222690049428,0.0,-16.254222690049428,-16.254222690049428,-1.1882010882794245,-17.08357736295858,5.0,100.0,0.5,0.0,1.4999999872243652,0.0,5.0,2.816417694091797,0.0
1.7716903686523438,-16.271875999635796,-1.751178918011196,6.283185307179586,0.0,-17.08357736295858,-1.1882010882794245,0.0,0,-16.271875999635796,0.0,-16.271875999635796,-16.271875999635796,-0.9394775546884133,-17.093037086327975,5.0,100.0,0.5,0.0,1.4999999885019286,0.0,5.0,2.816417694091797,0.0
1.7817587852478027,-16.271875999635796,-1.751178918011196,6.283185307179586,0.0,-17.093037086327975,-0.9394775546884133,0.0,0,-16.271875999635796,0.0,-16.271875999635796,-16.271875999635796,-0.9300178313190173,-17.1024008932949,5.0,100.0,0.5,0.0,1.499999989651736,0.0,5.0,2.816417694091797,0.0
1.7918391227722168,-16.31170056995544,-1.9803473103960365,6.283185307179586,0.0,-17.1024008932949,-0.9300178313190173,0.0,0,-16.31170056995544,0.0,-16.31170056995544,-16.31170056995544,-1.189646987056579,-17.114392936459332,5.0,100.0,0.5,0.0,1.4999999906865624,0.0,5.0,2.816417694091797,0.0
1.8020708560943604,-16.31170056995544,-1.9803473103960365,6.283185307179586,0.0,-17.114392936459332,-1.189646987056579,0.0,0,-16.31170056995544,0.0,-16.31170056995544,-16.31170056995544,-1.1776549438921458,-17.12644238779074,5.0,100.0,0.5,0.0,1.4999999916179063,0.0,5.0,2.817749261856079,0.13014097634859606
1.8121390342712402,-16.346529990051994,-1.7318724855502121,6.283185307179586,0.0,-17.12644238779074,-1.1776549438921458,0.0,0,-16.346529990051994,0.0,-16.346529990051994,-16.346529990051994,-0.9519600878114676,-17.136026891572104,5.0,100.0,0.5,0.0,1.4999999924561158,0.0,5.0,2.817749261856079,0.0
1.8223106861114502,-16.346529990051994,-1.7318724855502121,6.283185307179586,0.0,-17.136026891572104,-0.9519600878114676,0.0,0,-16.346529990051994,0.0,-16.346529990051994,-16.346529990051994,-0.9423755840301022,-17.14561240791557,5.0,100.0,0.5,0.0,1.4999999932105044,0.0,5.0,2.817749261856079,0.0
1.8323841094970703,-16.369378458410523,-1.1349426477107414,6.283185307179586,0.0,-17.14561240791557,-0.9423755840301022,0.0,0,-16.369378458410523,0.0,-16.369378458410523,-16.369378458410523,-0.35870869820569307,-17.1492258325047,5.0,100.0,0.5,0.0,1.4999999938894542,0.0,5.0,2.817749261856079,0.0
1.842452049255371,-16.379732814747893,-1.0255825391596873,6.283185307179586,0.0,-17.1492258325047,-0.35870869820569307,0.0,0,-16.379732814747893,0.0,-16.379732814747893,-16.379732814747893,-0.2560895214028791,-17.151804126378916,5.0,100.0,0.5,0.0,1.499999994500509,0.0,5.0,2.8188958168029785,0.11388178459789713
1.8525207042694092,-16.379732814747893,-1.0255825391596873,6.283185307179586,0.0,-17.151804126378916,-0.2560895214028791,0.0,0,-16.379732814747893,0.0,-16.379732814747893,-16.379732814747893,-0.25351122752866373,-17.15435664347109,5.0,100.0,0.5,0.0,1.499999995050458,0.0,5.0,2.8188958168029785,0.0
1.8625881671905518,-16.342723296196773,1.8418706150719735,6.283185307179586,0.0,-17.15435664347109,-0.25351122752866373,0.0,0,-16.342723296196773,0.0,-16.342723296196773,-16.342723296196773,2.65350396234629,-17.127642590719063,5.0,100.0,0.5,0.0,1.4999999955454122,0.0,5.0,2.8188958168029785,0.0
1.8726577758789062,-16.342723296196773,1.8418706150719735,6.283185307179586,0.0,-17.127642590719063,2.65350396234629,0.0,0,-16.342723296196773,0.0,-16.342723296196773,-16.342723296196773,2.626789909594263,-17.10119184422293,5.0,100.0,0.5,0.0,1.499999995990871,0.0,5.0,2.8188958168029785,0.0
1.8827245235443115,-16.310327164332413,1.6108595583176868,6.283185307179586,0.0,-17.10119184422293,2.626789909594263,0.0,0,-16.310327164332413,0.0,-16.310327164332413,-16.310327164332413,2.401724238208205,-17.077014292355003,5.0,100.0,0.5,0.0,1.499999996391784,0.0,5.0,2.819883108139038,0.09807450915377874
1.8927679061889648,-16.260486422307626,4.958190399827696,6.283185307179586,0.0,-17.077014292355003,2.401724238208205,0.0,0,-16.260486422307626,0.0,-16.260486422307626,-16.260486422307626,5.774718269875073,-17.019016587105575,5.0,100.0,0.5,0.0,1.4999999967526056,0.0,5.0,2.819883108139038,0.0
1.9028356075286865,-16.260486422307626,4.958190399827696,6.283185307179586,0.0,-17.019016587105575,5.774718269875073,0.0,0,-16.260486422307626,0.0,-16.260486422307626,-16.260486422307626,5.716720564625646,-16.96146235181828,5.0,100.0,0.5,0.0,1.499999997077345,0.0,5.0,2.819883108139038,0.0
1.9129061698913574,-16.170130431685223,4.485984930238709,6.283185307179586,0.0,-16.96146235181828,5.716720564625646,0.0,0,-16.170130431685223,0.0,-16.170130431685223,-16.170130431685223,5.277316850371767,-16.908316803369036,5.0,100.0,0.5,0.0,1.4999999973696108,0.0,5.0,2.819883108139038,0.0
1.9229934215545654,-16.038606913001292,12.943141186506296,6.283185307179586,0.0,-16.908316803369036,5.277316850371767,0.0,0,-16.038606913001292,0.0,-16.038606913001292,-16.038606913001292,13.81285107687404,-16.768983098370192,5.0,100.0,0.5,0.0,1.4999999976326497,0.0,5.0,2.819883108139038,0.0
1.9330639839172363,-15.917750825106182,12.102355804770514,6.283185307179586,0.0,-16.768983098370192,13.81285107687404,0.0,0,-15.917750825106182,0.0,-15.917750825106182,-15.917750825106182,12.953588078034525,-16.638533181809997,5.0,100.0,0.5,0.0,1.4999999978693848,0.0,5.0,2.820732831954956,0.0843769975614953
1.9431285858154297,-15.917750825106182,12.102355804770514,6.283185307179586,0.0,-16.638533181809997,12.953588078034525,0.0,0,-15.917750825106182,0.0,-15.917750825106182,-15.917750825106182,12.82313816147433,-16.509473401129227,5.0,100.0,0.5,0.0,1.4999999980824463,0.0,5.0,2.820732831954956,0.0
1.9531936645507812,-15.69774399977196,10.954255244324271,6.283185307179586,0.0,-16.509473401129227,12.82313816147433,0.0,0,-15.69774399977196,0.0,-15.69774399977196,-15.69774399977196,11.765984645681538,-16.391047839271504,5.0,100.0,0.5,0.0,1.4999999982742018,0.0,5.0,2.820732831954956,0.0
1.9632577896118164,-15.554242286821168,14.272261420761527,6.283185307179586,0.0,-16.391047839271504,11.765984645681538,0.0,0,-15.554242286821168,0.0,-15.554242286821168,-15.554242286821168,15.109066973211863,-16.238988299697546,5.0,100.0,0.5,0.0,1.4999999984467816,0.0,5.0,2.820732831954956,0.0
1.9733633995056152,-15.554242286821168,14.272261420761527,6.283185307179586,0.0,-16.238988299697546,15.109066973211863,0.0,0,-15.554242286821168,0.0,-15.554242286821168,-15.554242286821168,14.957007433637905,-16.087838617394553,5.0,100.0,0.5,0.0,1.4999999986021035,0.0,5.0,2.821465015411377,0.0724531684990327
1.983431100845337,-15.554242286821168,14.272261420761527,6.283185307179586,0.0,-16.087838617394553,14.957007433637905,0.0,0,-15.554242286821168,0.0,-15.554242286821168,-15.554242286821168,14.805857751334912,-15.93877766347571,5.0,100.0,0.5,0.0,1.499999998741893,0.0,5.0,2.821465015411377,0.0
1.9935007095336914,-15.177067333241176,12.499892671463137,6.283185307179586,0.0,-15.93877766347571,14.805857751334912,0.0,0,-15.177067333241176,0.0,-15.177067333241176,-15.177067333241176,13.26160300169767,-15.805238510668307,5.0,100.0,0.5,0.0,1.499999998867704,0.0,5.0,2.821465015411377,0.0
2.0035717487335205,-15.014414769211973,16.135245143633043,6.283185307179586,0.0,-15.805238510668307,13.26160300169767,0.0,0,-15.014414769211973,0.0,-15.014414769211973,-15.014414769211973,16.92606888508938,-15.634775407427565,5.0,100.0,0.5,0.0,1.4999999989809338,0.0,5.0,2.821465015411377,0.0
2.0136382579803467,-15.014414769211973,16.135245143633043,6.283185307179586,0.0,-15.634775407427565,16.92606888508938,0.0,0,-15.014414769211973,0.0,-15.014414769211973,-15.014414769211973,16.755605781848637,-15.466104946888409,5.0,100.0,0.5,0.0,1.4999999990828403,0.0,5.0,2.8220949172973633,0.06257401354743973
2.0237088203430176,-14.720992833762603,14.59923365096895,6.283185307179586,0.0,-15.466104946888409,16.755605781848637,0.0,0,-14.720992833762603,0.0,-14.720992833762603,-14.720992833762603,15.344345764094756,-15.311578755956708,5.0,100.0,0.5,0.0,1.4999999991745563,0.0,5.0,2.8220949172973633,0.0
2.0337791442871094,-14.720992833762603,14.59923365096895,6.283185307179586,0.0,-15.311578755956708,15.344345764094756,0.0,0,-14.720992833762603,0.0,-14.720992833762603,-14.720992833762603,15.189819573163055,-15.158612352202649,5.0,100.0,0.5,0.0,1.499999999257101,0.0,5.0,2.8220949172973633,0.0
2.0438504219055176,-14.40971347238333,15.453999864475971,6.283185307179586,0.0,-15.158612352202649,15.189819573163055,0.0,0,-14.40971347238333,0.0,-14.40971347238333,-14.40971347238333,16.20289874429529,-14.995428460725893,5.0,100.0,0.5,0.0,1.4999999993313908,0.0,5.0,2.8220949172973633,0.0
2.0539188385009766,-14.40971347238333,15.453999864475971,6.283185307179586,0.0,-14.995428460725893,16.20289874429529,0.0,0,-14.40971347238333,0.0,-14.40971347238333,-14.40971347238333,16.039714852818534,-14.833933929515345,5.0,100.0,0.5,0.0,1.499999999398252,0.0,5.0,2.8226377964019775,0.053919014918304524
2.0639843940734863,-14.00481321318812,20.110063786942582,6.283185307179586,0.0,-14.833933929515345,16.039714852818534,0.0,0,-14.00481321318812,0.0,-14.00481321318812,-14.00481321318812,20.939184503269807,-14.623169404254647,5.0,100.0,0.5,0.0,1.499999999458427,0.0,5.0,2.8226377964019775,0.0
2.074052333831787,-14.00481321318812,20.110063786942582,6.283185307179586,0.0,-14.623169404254647,20.939184503269807,0.0,0,-14.00481321318812,0.0,-14.00481321318812,-14.00481321318812,20.728419978009107,-14.414476920631293,5.0,100.0,0.5,0.0,1.4999999995125846,0.0,5.0,2.8226377964019775,0.0
2.084123134613037,-13.650870159093643,17.584392679341,6.283185307179586,0.0,-14.414476920631293,20.728419978009107,0.0,0,-13.650870159093643,0.0,-13.650870159093643,-13.650870159093643,18.347999440878652,-14.229697873527718,5.0,100.0,0.5,0.0,1.499999999561326,0.0,5.0,2.8226377964019775,0.0
2.094193458557129,-13.402445875947102,24.63628326709851,6.283185307179586,0.0,-14.229697873527718,18.347999440878652,0.0,0,-13.402445875947102,0.0,-13.402445875947102,-13.402445875947102,25.463535264679123,-13.973271824650592,5.0,100.0,0.5,0.0,1.4999999996051936,0.0,5.0,2.8231048583984375,0.04638003693356693
2.1042654514312744,-13.172079427735905,23.041061528508752,6.283185307179586,0.0,-13.973271824650592,25.463535264679123,0.0,0,-13.172079427735905,0.0,-13.172079427735905,-13.172079427735905,23.84225392542344,-13.73313281301016,5.0,100.0,0.5,0.0,1.4999999996446745,0.0,5.0,2.8231048583984375,0.0
2.1143336296081543,-13.172079427735905,23.041061528508752,6.283185307179586,0.0,-13.73313281301016,23.84225392542344,0.0,0,-13.172079427735905,0.0,-13.172079427735905,-13.172079427735905,23.602114913783005,-13.495502514706999,5.0,100.0,0.5,0.0,1.499999999680207,0.0,5.0,2.8231048583984375,0.0
2.124403238296509,-13.172079427735905,23.041061528508752,6.283185307179586,0.0,-13.495502514706999,23.602114913783005,0.0,0,-13.172079427735905,0.0,-13.172079427735905,-13.172079427735905,23.364484615479846,-13.260231297424038,5.0,100.0,0.5,0.0,1.4999999997121862,0.0,5.0,2.8231048583984375,0.0
2.1344850063323975,-12.42360349377419,24.749188809417397,6.283185307179586,0.0,-13.260231297424038,23.364484615479846,0.0,0,-12.42360349377419,0.0,-12.42360349377419,-12.42360349377419,25.585816613067244,-13.002281029322308,5.0,100.0,0.5,0.0,1.4999999997409676,0.0,5.0,2.8231048583984375,0.0
2.1445236206054688,-12.207202572619288,21.608686058558536,6.283185307179586,0.0,-13.002281029322308,25.585816613067244,0.0,0,-12.207202572619288,0.0,-12.207202572619288,-12.207202572619288,22.403764515261557,-12.777378279088875,5.0,100.0,0.5,0.0,1.499999999766871,0.0,5.0,2.823507308959961,0.040090250564066024
2.1546003818511963,-12.207202572619288,21.608686058558536,6.283185307179586,0.0,-12.777378279088875,22.403764515261557,0.0,0,-12.207202572619288,0.0,-12.207202572619288,-12.207202572619288,22.178861765028124,-12.553887184380692,5.0,100.0,0.5,0.0,1.4999999997901838,0.0,5.0,2.823507308959961,0.0
2.164670705795288,-11.744544403793181,22.95071681497787,6.283185307179586,0.0,-12.553887184380692,22.178861765028124,0.0,0,-11.744544403793181,0.0,-11.744544403793181,-11.744544403793181,23.76005959556538,-12.314615687322421,5.0,100.0,0.5,0.0,1.4999999998111657,0.0,5.0,2.823507308959961,0.0
2.174753427505493,-11.744544403793181,22.95071681497787,6.283185307179586,0.0,-12.314615687322421,23.76005959556538,0.0,0,-11.744544403793181,0.0,-11.744544403793181,-11.744544403793181,23.52078809850711,-12.07746212652047,5.0,100.0,0.5,0.0,1.4999999998300493,0.0,5.0,2.823507308959961,0.0
2.184962034225464,-11.340401899443627,20.065775566880397,6.283185307179586,0.0,-12.07746212652047,23.52078809850711,0.0,0,-11.340401899443627,0.0,-11.340401899443627,-11.340401899443627,20.80283579395724,-11.865094157239831,5.0,100.0,0.5,0.0,1.4999999998470446,0.0,5.0,2.8238537311553955,0.033934326685039005
2.19503116607666,-11.093055761681065,24.73581686183131,6.283185307179586,0.0,-11.865094157239831,20.80283579395724,0.0,0,-11.093055761681065,0.0,-11.093055761681065,-11.093055761681065,25.507855257390077,-11.60825219941194,5.0,100.0,0.5,0.0,1.4999999998623403,0.0,5.0,2.8238537311553955,0.0
2.205164670944214,-11.093055761681065,24.73581686183131,6.283185307179586,0.0,-11.60825219941194,25.507855257390077,0.0,0,-11.093055761681065,0.0,-11.093055761681065,-11.093055761681065,25.251013299562185,-11.352370933230162,5.0,100.0,0.5,0.0,1.4999999998761062,0.0,5.0,2.8238537311553955,0.0
2.2152459621429443,-10.642973506051192,22.386711158093544,6.283185307179586,0.0,-11.352370933230162,25.251013299562185,0.0,0,-10.642973506051192,0.0,-10.642973506051192,-10.642973506051192,23.096108585272514,-11.11953233702453,5.0,100.0,0.5,0.0,1.4999999998884959,0.0,5.0,2.8238537311553955,0.0
2.2253143787384033,-10.642973506051192,22.386711158093544,6.283185307179586,0.0,-11.11953233702453,23.096108585272514,0.0,0,-10.642973506051192,0.0,-10.642973506051192,-10.642973506051192,22.863269989066882,-10.88933541004015,5.0,100.0,0.5,0.0,1.4999999998996465,0.0,5.0,2.8241519927978516,0.029623490409661377
2.2353808879852295,-10.17243506299543,23.399189911108802,6.283185307179586,0.0,-10.88933541004015,22.863269989066882,0.0,0,-10.17243506299543,0.0,-10.17243506299543,-10.17243506299543,24.116090258153523,-10.646570564459154,5.0,100.0,0.5,0.0,1.499999999909682,0.0,5.0,2.8241519927978516,0.0
2.245447874069214,-9.959648906658552,21.148546874917386,6.283185307179586,0.0,-10.646570564459154,24.116090258153523,0.0,0,-9.959648906658552,0.0,-9.959648906658552,-9.959648906658552,21.83546853271799,-10.426753206603003,5.0,100.0,0.5,0.0,1.499999999918714,0.0,5.0,2.8241519927978516,0.0
2.2555198669433594,-9.959648906658552,21.148546874917386,6.283185307179586,0.0,-10.426753206603003,21.83546853271799,0.0,0,-9.959648906658552,0.0,-9.959648906658552,-9.959648906658552,21.61565117486184,-10.20904052199978,5.0,100.0,0.5,0.0,1.4999999999268425,0.0,5.0,2.8241519927978516,0.0
2.265601396560669,-9.490907542414373,23.258257668959477,6.283185307179586,0.0,-10.20904052199978,21.61565117486184,0.0,0,-9.490907542414373,0.0,-9.490907542414373,-9.490907542414373,23.976390648544886,-9.96732182956029,5.0,100.0,0.5,0.0,1.4999999999341584,0.0,5.0,2.824408531188965,0.02544637578337472
2.275669574737549,-9.490907542414373,23.258257668959477,6.283185307179586,0.0,-9.96732182956029,23.976390648544886,0.0,0,-9.490907542414373,0.0,-9.490907542414373,-9.490907542414373,23.734671956105394,-9.728356923336428,5.0,100.0,0.5,0.0,1.4999999999407425,0.0,5.0,2.824408531188965,0.0
2.2857398986816406,-8.868589048617089,30.96424484629258,6.283185307179586,0.0,-9.728356923336428,23.734671956105394,0.0,0,-8.868589048617089,0.0,-8.868589048617089,-8.868589048617089,31.82401272101192,-9.407878806034939,5.0,100.0,0.5,0.0,1.4999999999466684,0.0,5.0,2.824408531188965,0.0
2.2958080768585205,-8.868589048617089,30.96424484629258,6.283185307179586,0.0,-9.407878806034939,31.82401272101192,0.0,0,-8.868589048617089,0.0,-8.868589048617089,-8.868589048617089,31.503534603710428,-9.090695606443282,5.0,100.0,0.5,0.0,1.4999999999520015,0.0,5.0,2.824408531188965,0.0
2.305877923965454,-8.323590159423903,27.078883398153618,5.203195008561343,-53.660533897077485,-9.090695606443282,31.503534603710428,0.0,0,-8.323590159423903,0.0,-8.323590159423903,-8.323590159423903,27.845988845172997,-8.810290756231009,5.0,100.0,0.5,0.0,1.4999999999568012,0.0,5.0,2.824408531188965,0.0
2.3159449100494385,-8.323590159423903,27.078883398153618,5.203195008561343,-53.660533897077485,-8.810290756231009,27.845988845172997,0.0,0,-8.323590159423903,0.0,-8.323590159423903,-8.323590159423903,27.565583994960726,-8.532788405756836,5.0,100.0,0.5,0.0,1.4999999999611213,0.0,5.0,2.824629545211792,0.02195433876468359
2.3260161876678467,-7.738835754425713,29.05039548842822,2.5484124945732565,-131.8886720782485,-8.532788405756836,27.565583994960726,0.0,0,-7.738835754425713,0.0,-7.738835754425713,-7.738835754425713,29.84434813975934,-8.232217690300894,5.0,100.0,0.5,0.0,1.4999999999650093,0.0,5.0,2.824629545211792,0.0
2.3360884189605713,-7.738835754425713,29.05039548842822,2.5484124945732565,-131.8886720782485,-8.232217690300894,29.84434813975934,0.0,0,-7.738835754425713,0.0,-7.738835754425713,-7.738835754425713,29.5437774243034,-7.934645930822534,5.0,100.0,0.5,0.0,1.4999999999685083,0.0,5.0,2.824629545211792,0.0
2.346160888671875,-7.227932906620084,25.403742109498676,0.2289157364337484,-115.33288123305124,-7.934645930822534,29.5437774243034,0.0,0,-7.227932906620084,0.0,-7.227932906620084,-7.227932906620084,26.110455133701127,-7.671649162339976,5.0,100.0,0.5,0.0,1.4999999999716573,0.0,5.0,2.824629545211792,0.0
2.356501817703247,-6.758526423761323,46.60402141458205,-0.8917960448028699,-111.26747874089554,-7.671649162339976,26.110455133701127,0.0,0,-6.758526423761323,0.0,-6.758526423761323,-6.758526423761323,47.5171441531607,-7.180277746878664,5.0,100.0,0.5,0.0,1.4999999999744915,0.0,5.0,2.824820041656494,0.01842159869042953
2.3665683269500732,-6.758526423761323,46.60402141458205,-0.8917960448028699,-111.26747874089554,-7.180277746878664,47.5171441531607,0.0,0,-6.758526423761323,0.0,-6.758526423761323,-6.758526423761323,47.02577273769939,-6.706892370775467,5.0,100.0,0.5,0.0,1.4999999999770424,0.0,5.0,2.824820041656494,0.0
2.3766446113586426,-5.910306018230009,42.16626456095683,-2.9169291357965714,-100.67229829551216,-6.706892370775467,47.02577273769939,0.0,0,-5.910306018230009,0.0,-5.910306018230009,-5.910306018230009,42.962850913502294,-6.273986465968055,5.0,100.0,0.5,0.0,1.4999999999793383,0.0,5.0,2.824820041656494,0.0
2.3867130279541016,-5.356308199090341,55.13430463421014,-3.874840797004051,-95.33213221613896,-6.273986465968055,42.962850913502294,0.0,0,-5.356308199090341,0.0,-5.356308199090341,-5.356308199090341,56.051982901087854,-5.7096317511183585,5.0,100.0,0.5,0.0,1.4999999999814047,0.0,5.0,2.824820041656494,0.0
2.396768093109131,-4.838134393970125,51.56172957962905,-4.770809541479865,-89.15483117434664,-5.7096317511183585,56.051982901087854,0.0,0,-4.838134393970125,0.0,-4.838134393970125,-4.838134393970125,52.43322693677729,-5.182412237980626,5.0,100.0,0.5,0.0,1.499999999983264,0.0,5.0,2.7864022254943848,-3.820742637644046
2.4068410396575928,-4.838134393970125,51.56172957962905,-4.770809541479865,-89.15483117434664,-5.182412237980626,52.43322693677729,0.0,0,-4.838134393970125,0.0,-4.838134393970125,-4.838134393970125,51.90600742363955,-4.659565799658237,5.0,100.0,0.5,0.0,1.4999999999849378,0.0,5.0,2.7864022254943848,0.0
2.416909694671631,-3.2657960403373223,78.11692365819124,-6.283185307179586,-75.13786199942436,-4.659565799658237,51.90600742363955,0.0,0,-3.2657960403373223,0.0,-3.2657960403373223,-3.2657960403373223,79.51069341751216,-3.8590000577103583,5.0,100.0,0.5,0.0,1.4999999999864442,0.0,5.0,2.7864022254943848,0.0
2.4269790649414062,-3.2657960403373223,78.11692365819124,-6.283185307179586,-75.13786199942436,-3.8590000577103583,79.51069341751216,0.0,0,-3.2657960403373223,0.0,-3.2657960403373223,-3.2657960403373223,78.71012767556428,-3.066438638163806,5.0,100.0,0.5,0.0,1.4999999999878,0.0,5.0,2.7864022254943848,0.0
2.437077522277832,-1.891175236051965,68.30848335877366,-6.283185307179586,0.0,-3.066438638163806,78.71012767556428,0.0,0,-1.891175236051965,0.0,-1.891175236051965,-1.891175236051965,69.4837467608855,-2.3647599859239907,5.0,100.0,0.5,0.0,1.49999999998902,0.0,5.0,2.7864022254943848,0.0
2.4471447467803955,-1.891175236051965,68.30848335877366,-6.283185307179586,0.0,-2.3647599859239907,69.4837467608855,0.0,0,-1.891175236051965,0.0,-1.891175236051965,-1.891175236051965,68.78206810864569,-1.6723154645236424,5.0,100.0,0.5,0.0,1.4999999999901181,0.0,5.0,2.006333351135254,-77.48599171107163
2.457211971282959,-0.30345496734461597,78.92880901152408,-6.283185307179586,0.0,-1.6723154645236424,68.78206810864569,0.0,0,-0.30345496734461597,0.0,-0.30345496734461597,-0.30345496734461597,80.29766950870311,-0.8639407985468823,5.0,100.0,0.5,0.0,1.4999999999911062,0.0,5.0,2.006333351135254,0.0
2.467280149459839,-0.30345496734461597,78.92880901152408,-6.283185307179586,0.0,-0.8639407985468823,80.29766950870311,0.0,0,-0.30345496734461597,0.0,-0.30345496734461597,-0.30345496734461597,79.48929484272635,-0.0636284149157742,5.0,100.0,0.5,0.0,1.4999999999919957,0.0,5.0,2.006333351135254,0.0
2.477407693862915,-0.30345496734461597,78.92880901152408,-6.283185307179586,0.0,-0.0636284149157742,79.48929484272635,0.0,0,-0.30345496734461597,0.0,-0.30345496734461597,-0.30345496734461597,78.68898245909524,0.7332977489715949,5.0,100.0,0.5,0.0,1.4999999999927964,0.0,5.0,2.006333351135254,0.0
2.4874866008758545,2.762425103869678,101.47593193142782,-6.283185307179586,0.0,0.7332977489715949,78.68898245909524,0.8895515094469758,0,2.762425103869678,0.0,2.762425103869678,2.762425103869678,100.0,1.7411884502655401,4.110448490553024,100.0,0.5,0.0,1.3549999999935167,88.25872768792847,5.0,1.3346861600875854,-66.63889151724464
2.497558355331421,2.762425103869678,101.47593193142782,-6.283185307179586,0.0,1.7411884502655401,100.0,1.2437663830371757,0,2.762425103869678,0.0,2.762425103869678,2.762425103869678,100.0,2.7483638958221808,3.7562336169628243,100.0,0.5,0.0,1.224499999994165,35.16913315876502,5.0,1.3346861600875854,0.0
2.507628917694092,4.48438620142372,85.7312400654675,-6.283185307179586,0.0,2.7483638958221808,100.0,1.3847709454151054,0,4.48438620142372,0.0,4.48438620142372,4.48438620142372,87.46726237106904,3.629208416222129,3.6152290545848946,100.0,0.5,0.0,1.1070499999947485,14.001657236203508,5.0,1.3346861600875854,0.0
2.5177013874053955,4.48438620142372,85.7312400654675,-6.283185307179586,0.0,3.629208416222129,87.46726237106904,1.3827618019817884,0,4.48438620142372,0.0,4.48438620142372,4.48438620142372,86.5864178506691,4.50134748743328,3.6172381980182116,100.0,0.5,0.0,1.1463449999952737,0.19946879870606027,5.0,1.3346861600875854,0.0
2.5277767181396484,6.435261708424072,96.76866698022191,-6.283185307179586,0.0,4.50134748743328,86.5864178506691,1.4960528267473503,0,6.435261708424072,0.0,6.435261708424072,6.435261708424072,98.7025812012127,5.495808637359954,3.5039471732526497,100.0,0.5,0.0,1.0367104999957464,11.244397603783694,5.0,0.7563912272453308,-57.39711659054876
2.5378448963165283,6.435261708424072,96.76866698022191,-6.283185307179586,0.0,5.495808637359954,98.7025812012127,1.7564390212425207,0,6.435261708424072,0.0,6.435261708424072,6.435261708424072,97.70812005128603,6.479551399364272,3.243560978757479,100.0,0.5,0.0,0.9380394499961717,25.86229503696207,5.0,0.7563912272453308,0.0
2.547910213470459,9.045721602961525,130.03173731931182,-6.283185307179586,0.0,6.479551399364272,97.70812005128603,1.8842183964238584,0,9.045721602961525,0.0,9.045721602961525,9.045721602961525,100.0,7.486083114757339,3.1157816035761416,100.0,0.5,0.0,0.8492355049965545,12.695017278361446,5.0,0.7563912272453308,0.0
2.557973623275757,9.045721602961525,130.03173731931182,-6.283185307179586,0.0,7.486083114757339,100.0,2.0480516360660275,0,9.045721602961525,0.0,9.045721602961525,9.045721602961525,100.0,8.492424095287124,2.9519483639339725,100.0,0.5,0.0,0.7693119544968992,16.2800922164493,5.0,0.7563912272453308,0.0
2.5680394172668457,9.045721602961525,130.03173731931182,-6.283185307179586,0.0,8.492424095287124,100.0,2.1889393733401974,0,9.045721602961525,0.0,9.045721602961525,9.045721602961525,100.0,9.49900349439601,2.8110606266598026,100.0,0.5,0.0,0.6973807590472093,13.996683957459911,5.0,0.25847387313842773,-49.466277031668206
2.578110694885254,12.366937619209024,110.08265666066833,-6.283185307179586,0.0,9.49900349439601,100.0,2.3298604892154415,0,12.366937619209024,0.0,12.366937619209024,12.366937619209024,100.0,10.50613125623683,2.6701395107845585,100.0,0.5,0.0,0.6326426831424884,13.992377254864827,5.0,0.25847387313842773,0.0
2.588179349899292,13.574753331167397,119.82464335895392,-6.283185307179586,0.0,10.50613125623683,100.0,2.4708583758731564,0,13.574753331167397,0.0,13.574753331167397,13.574753331167397,100.0,11.51299675764064,2.5291416241268436,100.0,0.5,0.0,0.5743784148282396,14.003646610309962,5.0,0.25847387313842773,0.0
2.598249673843384,13.574753331167397,119.82464335895392,-6.283185307179586,0.0,11.51299675764064,100.0,2.6118195460696896,0,13.574753331167397,0.0,13.574753331167397,13.574753331167397,100.0,12.520029152049819,2.3881804539303104,100.0,0.5,0.0,0.5219405733454157,13.997679814385151,5.0,0.25847387313842773,0.0
2.6083219051361084,13.574753331167397,119.82464335895392,-6.283185307179586,0.0,12.520029152049819,100.0,2.7528040812869747,0,13.574753331167397,0.0,13.574753331167397,13.574753331167397,100.0,13.52725228132228,2.2471959187130253,100.0,0.5,0.0,0.4747465160108741,13.997348861430668,5.0,0.25847387313842773,0.0
2.618394136428833,17.852431108670164,141.65612131007097,-6.283185307179586,0.0,13.52725228132228,100.0,2.8938153193851193,0,17.852431108670164,0.0,17.852431108670164,17.852431108670164,100.0,14.534475410594741,2.1061846806148807,100.0,0.5,0.0,0.4322718644097867,14.0,5.0,-0.17023780941963196,-42.56372496804431
2.628459930419922,17.852431108670164,141.65612131007097,-6.283185307179586,0.0,14.534475410594741,100.0,3.034826557483264,0,17.852431108670164,0.0,17.852431108670164,17.852431108670164,100.0,15.541054809703628,1.9651734425167362,100.0,0.5,0.0,0.39404467796880804,14.008953314858239,5.0,-0.17023780941963196,0.0
2.638528347015381,20.259435624318115,119.67270027619699,-6.283185307179586,0.0,15.541054809703628,100.0,3.175747673358508,0,20.259435624318115,0.0,20.259435624318115,20.259435624318115,100.0,16.547896469249526,1.824252326641492,100.0,0.5,0.0,0.35964021017192727,13.996353303338859,5.0,-0.17023780941963196,0.0
2.648597002029419,21.50711014145479,124.01360770473535,-6.283185307179586,0.0,16.547896469249526,100.0,3.3167055056949337,0,21.50711014145479,0.0,21.50711014145479,21.50711014145479,100.0,17.554761970653335,1.6832944943050663,100.0,0.5,0.0,0.32867618915473457,13.999668489971821,5.0,-0.17023780941963196,0.0
2.6586644649505615,22.676759010967707,115.95865771606385,-6.283185307179586,0.0,17.554761970653335,100.0,3.457666675891467,0,22.676759010967707,0.0,22.676759010967707,22.676759010967707,100.0,18.561508262767592,1.542333324108533,100.0,0.5,0.0,0.3008085702392611,14.001657746412164,5.0,-0.5393627882003784,-36.6651441055274
2.6687300205230713,22.676759010967707,115.95865771606385,-6.283185307179586,0.0,18.561508262767592,100.0,3.598611156787463,0,22.676759010967707,0.0,22.676759010967707,22.676759010967707,100.0,19.56806382001857,1.401388843212537,100.0,0.5,0.0,0.275727713215335,14.002652896868634,5.0,-0.5393627882003784,0.0
2.678797721862793,22.676759010967707,115.95865771606385,-6.283185307179586,0.0,19.56806382001857,100.0,3.7395289348025997,0,22.676759010967707,0.0,22.676759010967707,22.676759010967707,100.0,20.574833953990737,1.2604710651974003,100.0,0.5,0.0,0.2531549418938015,13.997016127122457,5.0,-0.5393627882003784,0.0
2.688868284225464,26.26433009611165,119.20686809452324,-6.283185307179586,0.0,20.574833953990737,100.0,3.8804767535587033,0,26.26433009611165,0.0,26.26433009611165,26.26433009611165,100.0,21.581890190257827,1.1195232464412967,100.0,0.5,0.0,0.23283944770442136,13.99602263311158,5.0,-0.5393627882003784,0.0
2.6989402770996094,27.311327233737007,104.1189340714275,-6.283185307179586,0.0,21.581890190257827,100.0,4.021464626636096,0,27.311327233737007,0.0,27.311327233737007,27.311327233737007,100.0,22.589089477672378,0.9785353733639042,100.0,0.5,0.0,0.21455550293397924,13.9980115990058,5.0,-0.8571829795837402,-31.554846727423364
2.709007740020752,27.311327233737007,104.1189340714275,-6.283185307179586,0.0,22.589089477672378,100.0,4.162472526874133,0,27.311327233737007,0.0,27.311327233737007,27.311327233737007,100.0,23.595835769786635,0.8375274731258671,100.0,0.5,0.0,0.19809995264058133,14.00629943636622,5.0,-0.8571829795837402,0.0
2.719078779220581,29.32021975985495,99.98345802174588,-6.283185307179586,0.0,23.595835769786635,100.0,4.303417007770129,0,29.32021975985495,0.0,29.32021975985495,29.32021975985495,100.0,24.602939689769546,0.696582992229871,100.0,0.5,0.0,0.1832899573765232,13.995028526786772,5.0,-0.8571829795837402,0.0
2.7291500568389893,30.232099524268058,90.36291979863324,-6.283185307179586,0.0,24.602939689769546,100.0,4.4444115565677365,0,30.232099524268058,0.0,30.232099524268058,30.232099524268058,95.99207963313175,25.569702572923163,0.5555884434322635,100.0,0.5,0.0,0.1699609616388709,13.99966857629847,5.0,-0.8571829795837402,0.0
2.7392208576202393,30.232099524268058,90.36291979863324,-6.283185307179586,0.0,25.569702572923163,95.99207963313175,4.5396791565405605,0,30.232099524268058,0.0,30.232099524268058,30.232099524268058,95.02531674997815,26.52668360708737,0.46032084345943947,100.0,0.5,0.0,0.1579648654749838,9.459783987604544,5.0,-1.1308292150497437,-27.172241950757577
2.7492873668670654,31.922901566019124,84.08610212267946,-6.283185307179586,0.0,26.52668360708737,95.02531674997815,4.6639888724920135,0,31.922901566019124,0.0,31.922901566019124,31.922901566019124,89.48232008161122,27.42745820961637,0.33601112750798645,100.0,0.5,0.0,0.14716837892748544,12.348840387808327,5.0,-1.1308292150497437,0.0
2.7593576908111572,31.922901566019124,84.08610212267946,-6.283185307179586,0.0,27.42745820961637,89.48232008161122,4.734667350162404,0,31.922901566019124,0.0,31.922901566019124,31.922901566019124,88.58154547908222,28.319503068059028,0.2653326498375961,100.0,0.5,0.0,0.1374515410347369,7.018490970378072,5.0,-1.1308292150497437,0.0
2.7694265842437744,33.401466833933874,73.53735494801376,-6.283185307179586,0.0,28.319503068059028,88.58154547908222,4.850545884319087,0,33.401466833933874,0.0,33.401466833933874,33.401466833933874,78.6193187138886,29.11111260993414,0.14945411568091327,100.0,0.5,0.0,0.1287063869312632,11.50856694751637,5.0,-1.1308292150497437,0.0
2.7795042991638184,33.401466833933874,73.53735494801376,-6.283185307179586,0.0,29.11111260993414,78.6193187138886,4.861748952529666,0,33.401466833933874,0.0,33.401466833933874,33.401466833933874,77.8277091720135,29.895438075849782,0.1382510474703338,100.0,0.5,0.0,0.24612646193613769,1.1116675059241137,5.0,-1.1308292150497437,0.0
2.7895805835723877,34.72570554020619,65.7550071940337,-6.283185307179586,0.0,29.895438075849782,77.8277091720135,4.963638422339105,0,34.72570554020619,0.0,34.72570554020619,34.72570554020619,70.5852746583901,30.606675378364702,0.03636157766089543,100.0,0.5,0.0,0.22651381574252394,10.111809639154972,5.0,-1.3664408922195435,-23.382793460000475
2.799645185470581,34.72570554020619,65.7550071940337,-6.283185307179586,0.0,30.606675378364702,70.5852746583901,4.99078729955496,0,34.72570554020619,0.0,34.72570554020619,34.72570554020619,69.87403735587519,31.30992974737108,0.009212700445040412,100.0,0.5,0.0,0.283055337924342,2.6974616075702267,5.0,-1.3664408922195435,0.0
2.809710741043091,34.72570554020619,65.7550071940337,-6.283185307179586,0.0,31.30992974737108,69.87403735587519,5.082130538190703,1,-65.7050071940337,-2.243806303370004e-06,-65.70500943784,-65.70500943784,-31.259931991177396,30.995281164721007,-0.08213053819070293,0.001,0.0,316084.7862876855,0.25974980413190785,9.07483327450028,5.0,-1.3664408922195435,0.0
2.8197853565216064,36.42199948843725,56.25615747674422,-6.283185307179586,0.0,30.995281164721007,-31.259931991177396,4.026740043149167,1,321028.53013020876,2.021368641013889e-05,321028.5301504224,321028.5301504224,100.0,32.00274271257257,0.9732599568508329,499.75159837117866,0.0,0.5679579704883508,0.23877482371871708,104.75739717234697,5.0,-1.3664408922195435,0.0
2.8298630714416504,36.42199948843725,56.25615747674422,-6.283185307179586,0.0,32.00274271257257,100.0,5.48038397976016,1,-55.67819453575393,5.444813384407934e-05,-55.678140087620086,-55.678140087620086,-31.424725323448428,31.68605328932217,-0.4803839797601599,0.001,0.0,15965586.910511676,0.21989734134684538,144.24340717554787,5.0,-1.5693055391311646,-20.130024367739953
2.8399274349212646,36.42199948843725,56.25615747674422,-6.283185307179586,0.0,31.68605328932217,-31.424725323448428,4.121800207270621,1,15970530.6543542,7.39761757154326e-05,15970530.654428177,15970530.654428177,100.0,32.6924896372836,0.8781997927293794,25463.647625320464,0.0,0.5638760328292847,0.20290760721216086,134.98953761372005,5.0,-1.5693055391311646,0.0
2.8499958515167236,37.83393010778005,46.79551681863562,-6.283185307179586,0.0,32.6924896372836,100.0,5.576948549219704,1,-46.231444427449766,8.544692752213459e-05,-46.231358980522245,-46.231358980522245,-32.128331799170226,32.36900820821242,-0.5769485492197042,0.001,0.0,841598745.2003402,0.1876168464909448,144.52603625930402,5.0,-1.5693055391311646,0.0
2.8601229190826416,38.24527948379901,40.86025655971147,-6.283185307179586,0.0,32.36900820821242,-32.128331799170226,4.210377831158037,0,38.24527948379901,0.0,38.24527948379901,38.24527948379901,46.73652783529806,32.84231218339689,0.7896221688419631,0.001,0.0,841598745.2003402,0.17385516184185032,134.94239168115934,5.0,-1.5693055391311646,0.0
2.8701932430267334,38.24527948379901,40.86025655971147,-6.283185307179586,0.0,32.84231218339689,46.73652783529806,5.065288984028546,0,38.24527948379901,0.0,38.24527948379901,38.24527948379901,46.26322386011359,33.308197834366275,-0.06528898402854644,0.001,0.0,841598745.2003402,0.1614696456576653,84.89410644749726,5.0,-1.743973970413208,-17.34486718121123
2.880258798599243,38.24527948379901,40.86025655971147,-6.283185307179586,0.0,33.308197834366275,46.26322386011359,5.125779935412416,0,38.24527948379901,0.0,38.24527948379901,38.24527948379901,45.79733820914421,33.769173487183444,-0.1257799354124156,0.001,0.0,841598745.2003402,0.15032268109189878,6.009698217659956,5.0,-1.743973970413208,0.0
2.890329360961914,39.27030547443774,33.969411381209476,-6.283185307179586,0.0,33.769173487183444,45.79733820914421,5.185657670297124,0,39.27030547443774,0.0,39.27030547443774,39.27030547443774,39.47054336846377,34.166664055664064,-0.18565767029712443,0.001,0.0,841598745.2003402,0.14029041298270892,5.945818389116072,5.0,-1.743973970413208,0.0
2.9004018306732178,39.56850268369505,29.662044006468612,-6.283185307179586,0.0,34.166664055664064,39.47054336846377,5.1780384014776075,0,39.56850268369505,0.0,39.56850268369505,39.56850268369505,35.0638826344996,34.519843951460764,-0.17803840147760752,0.001,0.0,841598745.2003402,0.2679981456061504,0.7564449472572031,5.0,-1.743973970413208,0.0
2.9104793071746826,39.56850268369505,29.662044006468612,-6.283185307179586,0.0,34.519843951460764,35.0638826344996,5.183416979549503,1,841603715.5382961,6.798937354600828e-05,841603715.538364,841603715.538364,100.0,35.52759160160725,-0.1834169795495031,50000.0,5000.0,-147041395583.7846,0.39011171037855713,0.5337227103544967,5.0,-1.743973970413208,0.0
2.9205565452575684,39.56850268369505,29.662044006468612,-6.283185307179586,0.0,35.52759160160725,100.0,5.973862824225015,1,-147041395613.44656,1.1607109822238291e-05,-147041395613.44656,-147041395613.44656,-100.0,34.519867793318674,-0.9738628242250149,0.001,0.0,-1.9352029968534867e+30,0.3561005393407014,78.43873868753113,5.0,-1.8943650722503662,-14.923841294627014
2.9306230545043945,40.31899056441673,24.81943371728775,-6.283185307179586,0.0,34.519867793318674,-100.0,3.8327814910646145,1,-1.9352029968534867e+30,-1.0617645174093827e-05,-1.9352029968534867e+30,-1.9352029968534867e+30,-100.0,33.51321686863606,1.1672185089353855,0.001,5000.0,-6.506854277205779e+60,0.3254904854066313,212.6935247027616,5.0,-1.8943650722503662,0.0
2.9406909942626953,40.31899056441673,24.81943371728775,-6.283185307179586,0.0,33.51321686863606,-100.0,3.691850361609048,1,-6.506854277205779e+60,6.31053615312788e-05,-6.506854277205779e+60,-6.506854277205779e+60,-100.0,32.50642289280598,1.3081496383909519,0.001,5000.0,-7.1428065948184245e+121,0.2979414368659682,13.998010798522307,5.0,-1.8943650722503662,0.0
2.950765609741211,40.31899056441673,24.81943371728775,-6.283185307179586,0.0,32.50642289280598,-100.0,3.550899204992837,1,-7.1428065948184245e+121,0.0001974063591351606,-7.1428065948184245e+121,-7.1428065948184245e+121,-100.0,31.498961344954417,1.4491007950071628,0.001,5000.0,-8.354211125865043e+243,0.27314729317937136,13.99072321090496,5.0,-1.8943650722503662,0.0
2.961026430130005,40.829896611402965,16.911541736367298,-6.283185307179586,0.0,31.498961344954417,-100.0,3.4098545882936184,0,40.829896611402965,0.0,40.829896611402965,40.829896611402965,26.242477002815846,31.768230688037367,1.5901454117063816,0.001,5000.0,-8.354211125865043e+243,0.2508325638614342,13.745939540395474,5.0,-2.0238535404205322,-12.619699328484792
2.971095561981201,40.829896611402965,16.911541736367298,-6.283185307179586,0.0,31.768230688037367,26.242477002815846,4.709977066353391,0,40.829896611402965,0.0,40.829896611402965,40.829896611402965,25.973207659732896,32.02975834056172,0.29002293364660936,0.001,5000.0,-8.354211125865043e+243,0.2307493074752908,129.1196199705447,5.0,-2.0238535404205322,0.0
2.9811630249023438,40.829896611402965,16.911541736367298,-6.283185307179586,0.0,32.02975834056172,25.973207659732896,4.74389824427597,0,40.829896611402965,0.0,40.829896611402965,40.829896611402965,25.711680007208543,32.288609725674576,0.25610175572403016,0.001,5000.0,-8.354211125865043e+243,0.2652163536267712,3.369386923823844,5.0,-2.0238535404205322,0.0
2.9912307262420654,40.829896611402965,16.911541736367298,-6.283185307179586,0.0,32.288609725674576,25.711680007208543,4.777522161666527,0,40.829896611402965,0.0,40.829896611402965,40.829896611402965,25.452828622095687,32.54486120249295,0.22247783833347334,0.001,5000.0,-8.354211125865043e+243,0.29719066464385696,3.3397809744211524,5.0,-2.0238535404205322,0.0
3.0012996196746826,41.368597629962736,13.389803829123693,-6.283185307179586,0.0,32.54486120249295,25.452828622095687,4.810808854569971,0,41.368597629962736,0.0,41.368597629962736,41.368597629962736,22.213540256593475,32.768526972097746,0.18919114543002902,0.001,5000.0,-8.354211125865043e+243,0.32705946292240035,3.3058938528056485,5.0,-2.0238535404205322,0.0
3.011502504348755,41.368597629962736,13.389803829123693,-6.283185307179586,0.0,32.768526972097746,22.213540256593475,4.8097291786596195,0,41.368597629962736,0.0,41.368597629962736,41.368597629962736,21.989874486988683,32.992887125485815,0.19027082134038054,0.001,5000.0,-8.354211125865043e+243,0.4443535166301603,0.105820652182339,5.0,-2.1353440284729004,-10.927349628452587
3.021533727645874,41.368597629962736,13.389803829123693,-6.283185307179586,0.0,32.992887125485815,21.989874486988683,4.838902942437902,0,41.368597629962736,0.0,41.368597629962736,41.368597629962736,21.765514333600613,33.21122185994281,0.16109705756209802,0.001,5000.0,-8.354211125865043e+243,0.47231752511041414,2.9082957196916257,5.0,-2.1353440284729004,0.0
3.0316002368927,41.59507404627455,7.497205559835751,-6.283185307179586,0.0,33.21122185994281,21.765514333600613,4.867226203727999,0,41.59507404627455,0.0,41.59507404627455,41.59507404627455,15.881057746167489,33.371088674593985,0.1327737962720006,0.001,5000.0,-8.354211125865043e+243,0.5005360203495998,2.813613000855024,5.0,-2.1353440284729004,0.0
3.041670083999634,41.59507404627455,7.497205559835751,-6.283185307179586,0.0,33.371088674593985,15.881057746167489,4.830762991904833,0,41.59507404627455,0.0,41.59507404627455,41.59507404627455,15.721190931516315,33.529398663613264,0.16923700809516706,0.001,5000.0,-8.354211125865043e+243,0.4999159173602176,3.621029339964827,5.0,-2.1353440284729004,0.0
3.051741600036621,41.13839775618377,-22.707153071969586,-6.283185307179586,0.0,33.529398663613264,15.721190931516315,4.85132772222102,0,41.13839775618377,0.0,41.13839775618377,41.13839775618377,-15.098153979399079,33.37733736368084,0.14867227777897973,0.001,5000.0,-8.354211125865043e+243,0.5502418354785815,2.0418703838294103,5.0,-2.2313380241394043,-9.531235944416826
3.061810255050659,41.13839775618377,-22.707153071969586,-6.283185307179586,0.0,33.37733736368084,-15.098153979399079,4.521845691121327,0,41.13839775618377,0.0,41.13839775618377,41.13839775618377,-14.946092679466652,33.226850312683446,0.47815430887867283,0.001,5000.0,-8.354211125865043e+243,0.5002176519307233,32.723539602888096,5.0,-2.2313380241394043,0.0
3.0718772411346436,41.13839775618377,-22.707153071969586,-6.283185307179586,0.0,33.226850312683446,-14.946092679466652,4.502298116981017,0,41.13839775618377,0.0,41.13839775618377,41.13839775618377,-14.79560562846926,33.077903156717525,0.49770188301898344,0.001,5000.0,-8.354211125865043e+243,0.5537394853281566,1.9417503885705132,5.0,-2.2313380241394043,0.0
3.0819430351257324,40.55852543706474,-19.22124935844021,-6.283185307179586,0.0,33.077903156717525,-14.79560562846926,4.482950385655761,0,40.55852543706474,0.0,40.55852543706474,40.55852543706474,-11.740627078092999,32.95972442322324,0.5170496143442387,0.001,5000.0,-8.354211125865043e+243,0.6025414544373491,1.9221266938687174,5.0,-2.2313380241394043,0.0
3.0921192169189453,40.19997476651552,-35.690870317241156,-6.283185307179586,0.0,32.95972442322324,-11.740627078092999,4.496955148470325,0,40.19997476651552,0.0,40.19997476651552,40.19997476651552,-28.450619973948882,32.67020574223873,0.5030448515296753,0.001,5000.0,-8.354211125865043e+243,0.6640532434215265,1.3762296212027227,5.0,-2.2313380241394043,0.0
3.1021909713745117,40.19997476651552,-35.690870317241156,-6.283185307179586,0.0,32.67020574223873,-28.450619973948882,4.289322604173934,0,40.19997476651552,0.0,40.19997476651552,40.19997476651552,-28.161101292964368,32.38657404481766,0.7106773958260657,0.001,5000.0,-8.354211125865043e+243,0.6026479190793739,20.61533024979944,5.0,-2.3139901161193848,-8.206325158602406
3.112429618835449,38.79191310881936,-46.667288095973355,-6.283185307179586,0.0,32.38657404481766,-28.161101292964368,4.252509353344829,0,38.79191310881936,0.0,38.79191310881936,38.79191310881936,-40.26194903197165,31.974346142589066,0.7474906466551712,0.001,5000.0,-8.354211125865043e+243,0.5926386281090894,3.5955189364176694,5.0,-2.3139901161193848,0.0
3.1224987506866455,38.79191310881936,-46.667288095973355,-6.283185307179586,0.0,31.974346142589066,-40.26194903197165,4.073788969642753,0,38.79191310881936,0.0,38.79191310881936,38.79191310881936,-39.84972112974306,31.57309404630028,0.9262110303572468,0.001,5000.0,-8.354211125865043e+243,0.5383747652981805,17.74933393893758,5.0,-2.3139901161193848,0.0
3.1327688694000244,38.79191310881936,-46.667288095973355,-6.283185307179586,0.0,31.57309404630028,-39.84972112974306,4.021735955184608,0,38.79191310881936,0.0,38.79191310881936,38.79191310881936,-39.44846903345427,31.16795358626565,0.9782640448153916,0.001,5000.0,-8.354211125865043e+243,0.4895372887683625,5.068394622384962,5.0,-2.3139901161193848,0.0
3.142853021621704,37.18555835546566,-53.164943836142086,-6.283185307179586,0.0,31.16795358626565,-39.44846903345427,3.969028811742649,0,37.18555835546566,0.0,37.18555835546566,37.18555835546566,-47.14733906694208,30.69251264226746,1.0309711882573511,0.001,5000.0,-8.354211125865043e+243,0.44558355989152626,5.226730247947428,5.0,-2.385155200958252,-7.05712124077927
3.1529202461242676,37.18555835546566,-53.164943836142086,-6.283185307179586,0.0,30.69251264226746,-47.14733906694208,3.8254783792480236,0,37.18555835546566,0.0,37.18555835546566,37.18555835546566,-46.67189812294389,30.22265616590301,1.1745216207519764,0.001,5000.0,-8.354211125865043e+243,0.4060252039023736,14.259186577002648,5.0,-2.385155200958252,0.0
3.1629858016967773,36.28181819277647,-44.910263608259356,-6.283185307179586,0.0,30.22265616590301,-46.67189812294389,3.764452881996983,0,36.28181819277647,0.0,36.28181819277647,36.28181819277647,-38.8511015813859,29.83159824388235,1.235547118003017,0.001,5000.0,-8.354211125865043e+243,0.37042268351213625,6.0628046620405724,5.0,-2.385155200958252,0.0
3.1730520725250244,36.28181819277647,-44.910263608259356,-6.283185307179586,0.0,29.83159824388235,-38.8511015813859,3.7879127383296707,0,36.28181819277647,0.0,36.28181819277647,36.28181819277647,-38.46004365936524,29.444449028340973,1.2120872616703293,0.001,5000.0,-8.354211125865043e+243,0.42439631803145544,2.330540945397258,5.0,-2.385155200958252,0.0
3.1831166744232178,34.873661173978796,-70.08708456830605,-6.283185307179586,0.0,29.444449028340973,-38.46004365936524,3.7376224273740837,0,34.873661173978796,0.0,34.873661173978796,34.873661173978796,-64.65787242266823,28.793693282822638,1.2623775726259163,0.001,5000.0,-8.354211125865043e+243,0.38706137188642203,4.996751134748244,5.0,-2.4464282989501953,-6.087980290898754
3.1931896209716797,34.873661173978796,-70.08708456830605,-6.283185307179586,0.0,28.793693282822638,-64.65787242266823,3.3845383353684872,0,34.873661173978796,0.0,34.873661173978796,34.873661173978796,-64.0071166771499,28.148953017812538,1.6154616646315128,0.001,5000.0,-8.354211125865043e+243,0.35335523469777985,35.05271176679782,5.0,-2.4464282989501953,0.0
3.2032582759857178,33.63910913996559,-61.29073593188932,-6.283185307179586,0.0,28.148953017812538,-64.0071166771499,3.3007822557222566,0,33.63910913996559,0.0,33.63910913996559,33.63910913996559,-55.80057980973627,27.587116230125005,1.6992177442777434,0.001,5000.0,-8.354211125865043e+243,0.3230197112280019,8.318497309665977,5.0,-2.4464282989501953,0.0
3.2133307456970215,32.924806465030606,-70.99532148555683,-6.283185307179586,0.0,27.587116230125005,-55.80057980973627,3.304190474120138,0,32.924806465030606,0.0,32.924806465030606,32.924806465030606,-65.65763125065124,26.925781728036874,1.695809525879862,0.001,5000.0,-8.354211125865043e+243,0.4407177401052017,0.3383696844535139,5.0,-2.4464282989501953,0.0
3.223404884338379,32.25386045796001,-66.37932589315353,-6.283185307179586,0.0,26.925781728036874,-65.65763125065124,3.11303312941865,0,32.25386045796001,0.0,32.25386045796001,32.25386045796001,-61.0512471632304,26.310742999886713,1.8869668705813498,0.001,5000.0,-8.354211125865043e+243,0.40164596609468156,18.975055983121816,5.0,-2.4464282989501953,0.0
3.2334861755371094,32.25386045796001,-66.37932589315353,-6.283185307179586,0.0,26.310742999886713,-61.0512471632304,3.072991548351836,0,32.25386045796001,0.0,32.25386045796001,32.25386045796001,-60.43620843508024,25.7014679837055,1.927008451648164,0.001,5000.0,-8.354211125865043e+243,0.3996099932512024,3.971870296917584,5.0,-2.4991843700408936,-5.233066881089774
3.243558645248413,30.498087489356042,-87.49044320329182,-6.283185307179586,0.0,25.7014679837055,-60.43620843508024,2.9938434333679678,0,30.498087489356042,0.0,30.498087489356042,30.498087489356042,-82.69382369764128,24.868536949199118,2.0061565666320322,0.001,5000.0,-8.354211125865043e+243,0.3646489939260822,7.857865771990871,5.0,-2.4991843700408936,0.0
3.2536275386810303,29.703035471581998,-79.08855560093308,-6.283185307179586,0.0,24.868536949199118,-82.69382369764128,2.654656935911464,0,29.703035471581998,0.0,29.703035471581998,29.703035471581998,-74.2540570785502,24.120880761535723,2.345343064088536,0.001,5000.0,-8.354211125865043e+243,0.333184094533474,33.686571392020355,5.0,-2.4991843700408936,0.0
3.263699769973755,29.703035471581998,-79.08855560093308,-6.283185307179586,0.0,24.120880761535723,-74.2540570785502,2.6343827358294996,0,29.703035471581998,0.0,29.703035471581998,29.703035471581998,-73.5064008908868,23.380507290266973,2.3656172641705004,0.001,5000.0,-8.354211125865043e+243,0.4011173066270204,2.0128807106136404,5.0,-2.4991843700408936,0.0
3.2737748622894287,28.262478339136337,-71.55874914545176,-6.283185307179586,0.0,23.380507290266973,-73.5064008908868,2.5382070117285087,0,28.262478339136337,0.0,28.262478339136337,28.262478339136337,-66.6767780965824,22.708732595632206,2.4617929882714913,0.001,5000.0,-8.354211125865043e+243,0.3660055759643184,9.545890110740743,5.0,-2.544607639312744,-4.508471768659189
3.283841609954834,27.477032736727715,-78.34477127146002,-6.283185307179586,0.0,22.708732595632206,-66.6767780965824,2.512454782422685,0,27.477032736727715,0.0,27.477032736727715,27.477032736727715,-73.57647113036451,21.96805682665185,2.487545217577315,0.001,5000.0,-8.354211125865043e+243,0.4130869196696074,2.5581478906362487,5.0,-2.544607639312744,0.0
3.293912172317505,26.738094509917648,-73.26505355323212,-6.283185307179586,0.0,21.96805682665185,-73.57647113036451,2.339763244427614,0,26.738094509917648,0.0,26.738094509917648,26.738094509917648,-68.49501586996632,21.278273497801223,2.660236755572386,0.001,5000.0,-8.354211125865043e+243,0.3767782277026467,17.148152384736306,5.0,-2.544607639312744,0.0
3.3039913177490234,26.738094509917648,-73.26505355323212,-6.283185307179586,0.0,21.278273497801223,-68.49501586996632,2.294008130992508,0,26.738094509917648,0.0,26.738094509917648,26.738094509917648,-67.8052325411157,20.594854698001384,2.705991869007492,0.001,5000.0,-8.354211125865043e+243,0.35893607603460315,4.539582620965551,5.0,-2.544607639312744,0.0
3.314072847366333,25.203717716447837,-76.00584274039662,-6.283185307179586,0.0,20.594854698001384,-67.8052325411157,2.205227332309037,0,25.203717716447837,0.0,25.203717716447837,25.203717716447837,-71.39697972195016,19.875063932348095,2.794772667690963,0.001,5000.0,-8.354211125865043e+243,0.3280424684311428,8.806282583452242,5.0,-2.5837182998657227,-3.8794371526546056
3.324139356613159,25.203717716447837,-76.00584274039662,-6.283185307179586,0.0,19.875063932348095,-71.39697972195016,2.068539153309232,0,25.203717716447837,0.0,25.203717716447837,25.203717716447837,-70.67718895629687,19.16359135617985,2.931460846690768,0.001,5000.0,-8.354211125865043e+243,0.30023822158802854,13.578508264212937,5.0,-2.5837182998657227,0.0
3.334207534790039,25.203717716447837,-76.00584274039662,-6.283185307179586,0.0,19.16359135617985,-70.67718895629687,1.9761309003022105,0,25.203717716447837,0.0,25.203717716447837,25.203717716447837,-69.96571638012863,18.45916405739167,3.0238690996977895,0.001,5000.0,-8.354211125865043e+243,0.2752143994292257,9.178249667772427,5.0,-2.5837182998657227,0.0
3.3442792892456055,22.856391880340393,-77.88341410379383,-6.283185307179586,0.0,18.45916405739167,-69.96571638012863,1.8846258042335478,0,22.856391880340393,0.0,22.856391880340393,22.856391880340393,-73.4861862808451,17.719029233294986,3.115374195766452,0.001,5000.0,-8.354211125865043e+243,0.25269295948630316,9.085318399327157,5.0,-2.5837182998657227,0.0
3.3545467853546143,22.856391880340393,-77.88341410379383,-6.283185307179586,0.0,17.719029233294986,-73.4861862808451,1.7458022298528473,0,22.856391880340393,0.0,22.856391880340393,22.856391880340393,-72.74605145674842,16.972109433017067,3.2541977701471527,0.001,5000.0,-8.354211125865043e+243,0.23242366353767285,13.520684391484258,5.0,-2.6173930168151855,-3.27973992801579
3.3646597862243652,21.532474537925424,-65.80916821674217,-6.0653683876915,10.827224507004816,16.972109433017067,-72.74605145674842,1.6486348060549056,0,21.532474537925424,0.0,21.532474537925424,21.532474537925424,-61.24880311183381,16.352700233875886,3.351365193945094,0.001,5000.0,-8.354211125865043e+243,0.21418129718390558,9.608169231803329,5.0,-2.6173930168151855,0.0
3.374678611755371,21.532474537925424,-65.80916821674217,-6.0653683876915,10.827224507004816,16.352700233875886,-61.24880311183381,1.6768900016242863,0,21.532474537925424,0.0,21.532474537925424,21.532474537925424,-60.62939391269263,15.74526491421399,3.3231099983757137,0.001,5000.0,-8.354211125865043e+243,0.26800083360532473,2.82021036117832,5.0,-2.6173930168151855,0.0
3.384770154953003,20.179137430792863,-67.21898563318754,-3.067262161130141,148.91312615893438,15.74526491421399,-60.62939391269263,1.5980431488630327,0,20.179137430792863,0.0,20.179137430792863,20.179137430792863,-62.78511311660867,15.111666233029533,3.4019568511369673,0.001,5000.0,-8.354211125865043e+243,0.24620075024479227,7.813161101045123,5.0,-2.6173930168151855,0.0
3.3948373794555664,20.179137430792863,-67.21898563318754,-3.067262161130141,148.91312615893438,15.111666233029533,-62.78511311660867,1.487782141458048,0,20.179137430792863,0.0,20.179137430792863,20.179137430792863,-62.15151443542421,14.485972984033802,3.512217858541952,0.001,5000.0,-8.354211125865043e+243,0.22658067522031305,10.952473283665041,5.0,-2.6173930168151855,0.0
3.4049065113067627,18.905964375113303,-63.36562688526715,-0.5095900629504229,127.294946390151,14.485972984033802,-62.15151443542421,1.4065210734104905,0,18.905964375113303,0.0,18.905964375113303,18.905964375113303,-58.94563549418765,13.892441608190271,3.5934789265895093,0.001,5000.0,-8.354211125865043e+243,0.20892260769828175,8.070315221654704,5.0,-2.6463871002197266,-2.879501811379727
3.414971113204956,18.905964375113303,-63.36562688526715,-0.5095900629504229,127.294946390151,13.892441608190271,-58.94563549418765,1.3554854702047616,0,18.905964375113303,0.0,18.905964375113303,18.905964375113303,-58.352104118344116,13.30515091031721,3.6445145297952384,0.001,5000.0,-8.354211125865043e+243,0.19303034692845358,5.0708019772635,5.0,-2.6463871002197266,0.0
3.425039052963257,17.789971856984128,-55.41324102661588,1.7323227019036778,111.31943125189252,13.30515091031721,-58.352104118344116,1.2792000862609685,0,17.789971856984128,0.0,17.789971856984128,17.789971856984128,-50.928420079948964,12.792406644966848,3.7207999137390315,0.001,5000.0,-8.354211125865043e+243,0.17872731223560823,7.577060031661157,5.0,-2.6463871002197266,0.0
3.4351141452789307,17.789971856984128,-55.41324102661588,1.7323227019036778,111.31943125189252,12.792406644966848,-50.928420079948964,1.2816527294958693,0,17.789971856984128,0.0,17.789971856984128,17.789971856984128,-50.4156758145986,12.284464056977681,3.7183472705041307,0.001,5000.0,-8.354211125865043e+243,0.31085458101204744,0.24343630391209606,5.0,-2.6463871002197266,0.0
3.4451956748962402,16.74303980923797,-52.09575602787878,3.6306437686020576,94.46121299486632,12.284464056977681,-50.4156758145986,1.2156682098308895,0,16.74303980923797,0.0,16.74303980923797,16.74303980923797,-47.63718027561849,11.804208413143918,3.7843317901691105,0.001,5000.0,-8.354211125865043e+243,0.2847691229108427,6.545090097408141,5.0,-2.671351432800293,-2.476244531157621
3.4552600383758545,16.74303980923797,-52.09575602787878,3.6306437686020576,94.46121299486632,11.804208413143918,-47.63718027561849,1.1762173750839637,0,16.74303980923797,0.0,16.74303980923797,16.74303980923797,-47.156924631784726,11.329603983068862,3.8237826249160363,0.001,5000.0,-8.354211125865043e+243,0.2960969172928285,3.919853930835757,5.0,-2.671351432800293,0.0
3.465329170227051,16.74303980923797,-52.09575602787878,3.6306437686020576,94.46121299486632,11.329603983068862,-47.156924631784726,1.1145753113117935,0,16.74303980923797,0.0,16.74303980923797,16.74303980923797,-46.68232020170967,10.859553545838084,3.8854246886882065,0.001,5000.0,-8.354211125865043e+243,0.27148722556354565,6.121884655313819,5.0,-2.671351432800293,0.0
3.4753992557525635,15.224195343622812,-50.22624032220756,5.843804032326118,73.18637411128451,10.859553545838084,-46.68232020170967,1.0535142944002351,0,15.224195343622812,0.0,15.224195343622812,15.224195343622812,-45.86159852442283,10.397723326360419,3.946485705599765,0.001,5000.0,-8.354211125865043e+243,0.2493385030071911,6.063604599668941,5.0,-2.671351432800293,0.0
3.4854729175567627,15.224195343622812,-50.22624032220756,5.843804032326118,73.18637411128451,10.397723326360419,-45.86159852442283,0.9970652804462304,0,15.224195343622812,0.0,15.224195343622812,15.224195343622812,-45.39976830494517,9.940381414467398,4.002934719553769,0.001,5000.0,-8.354211125865043e+243,0.229404652706472,5.603624089352876,5.0,-2.059283494949341,60.75923033229196
3.495537757873535,14.37194033822815,-42.429187030669226,6.283185307179586,21.8744274548422,9.940381414467398,-45.39976830494517,0.9376557149759841,0,14.37194033822815,0.0,14.37194033822815,14.37194033822815,-37.99762810690847,9.55794135515526,4.062344285024016,0.001,5000.0,-8.354211125865043e+243,0.21146418743582482,5.902683361130311,5.0,-2.059283494949341,0.0
3.505605459213257,14.37194033822815,-42.429187030669226,6.283185307179586,21.8744274548422,9.55794135515526,-37.99762810690847,0.9581355086526517,0,14.37194033822815,0.0,14.37194033822815,14.37194033822815,-37.615188047596334,9.179242876054591,4.041864491347348,0.001,5000.0,-8.354211125865043e+243,0.29088219336051857,2.034207510294877,5.0,-2.059283494949341,0.0
3.5156705379486084,13.597749291707803,-38.498934177301294,6.283185307179586,0.0,9.179242876054591,-37.615188047596334,0.9089421221716796,0,13.597749291707803,0.0,13.597749291707803,13.597749291707803,-34.08042776164808,8.836220687299141,4.09105787782832,0.001,5000.0,-8.354211125865043e+243,0.27041796827019937,4.88753121306347,5.0,-2.059283494949341,0.0
3.525737762451172,13.597749291707803,-38.498934177301294,6.283185307179586,0.0,8.836220687299141,-34.08042776164808,0.8962666186053991,0,13.597749291707803,0.0,13.597749291707803,13.597749291707803,-33.737405572892634,8.496578651262794,4.103733381394601,0.001,5000.0,-8.354211125865043e+243,0.36891672682790766,1.2590862121980895,5.0,-1.3802763223648071,67.44730609828301
3.5359010696411133,13.597749291707803,-38.498934177301294,6.283185307179586,0.0,8.496578651262794,-33.737405572892634,0.8521469554478649,0,13.597749291707803,0.0,13.597749291707803,13.597749291707803,-33.39776353685629,8.1571469209807,4.147853044552135,0.001,5000.0,-8.354211125865043e+243,0.35825713138833065,4.34107346486578,5.0,-1.3802763223648071,0.0
3.5459671020507812,12.574333432688618,-33.90185467198141,6.283185307179586,0.0,8.1571469209807,-33.39776353685629,0.8080229335687354,0,12.574333432688618,0.0,12.574333432688618,12.574333432688618,-29.484668160273493,7.860353295691082,4.1919770664312646,0.001,5000.0,-8.354211125865043e+243,0.3472977985208834,4.383457163991477,5.0,-1.3802763223648071,0.0
3.556169033050537,12.574333432688618,-33.90185467198141,6.283185307179586,0.0,7.860353295691082,-29.484668160273493,0.8056027797940168,0,12.574333432688618,0.0,12.574333432688618,12.574333432688618,-29.187874534983877,7.562580613655646,4.194397220205984,0.001,5000.0,-8.354211125865043e+243,0.4625680186687951,0.23722506795787182,5.0,-1.3802763223648071,0.0
3.5662403106689453,11.99661115728497,-28.635919245259647,6.283185307179586,0.0,7.562580613655646,-29.187874534983877,0.7668825405619517,0,11.99661115728497,0.0,11.99661115728497,11.99661115728497,-24.201888701630324,7.31883667365171,4.2331174594380485,0.001,5000.0,-8.354211125865043e+243,0.4585401155159857,3.844620384735754,5.0,-1.3802763223648071,0.0
3.5763182640075684,11.736504795441277,-25.884764132831535,6.283185307179586,0.0,7.31883667365171,-24.201888701630324,0.7826182472949362,0,11.736504795441277,0.0,11.736504795441277,11.736504795441277,-21.467096011041967,7.102492281736688,4.217381752705064,0.001,5000.0,-8.354211125865043e+243,0.5284854680235693,1.5613990464391747,5.0,-0.7956448197364807,58.01093565176248
3.5863864421844482,11.493631834035643,-24.208822298901957,6.283185307179586,0.0,7.102492281736688,-21.467096011041967,0.7796779593327168,0,11.493631834035643,0.0,11.493631834035643,11.493631834035643,-19.817682746603,6.9029643207910105,4.220322040667283,0.001,5000.0,-8.354211125865043e+243,0.6256369212212125,0.2920377361786667,5.0,-0.7956448197364807,0.0
3.59645414352417,11.493631834035643,-24.208822298901957,6.283185307179586,0.0,6.9029643207910105,-19.817682746603,0.7682381774447116,0,11.493631834035643,0.0,11.493631834035643,11.493631834035643,-19.618154785657325,6.705454597572581,4.231761822555288,0.001,5000.0,-8.354211125865043e+243,0.6925707000424413,1.136285384516726,5.0,-0.7956448197364807,0.0
3.6065266132354736,11.088051975308387,-20.13833250993422,6.283185307179586,0.0,6.705454597572581,-19.618154785657325,0.7425820958035881,0,11.088051975308387,0.0,11.088051975308387,11.088051975308387,-15.755735132198414,6.546755432674189,4.257417904196412,0.001,5000.0,-8.354211125865043e+243,0.7073499384756398,2.5471490484931607,5.0,-0.7956448197364807,0.0
3.6165993213653564,11.088051975308387,-20.13833250993422,6.283185307179586,0.0,6.546755432674189,-15.755735132198414,0.7589884092524024,0,11.088051975308387,0.0,11.088051975308387,11.088051975308387,-15.597035967300021,6.389651041684291,4.241011590747598,0.001,5000.0,-8.354211125865043e+243,0.7502428634359392,1.6287887266525158,5.0,-0.29227152466773987,49.97397805813293
3.6266632080078125,11.088051975308387,-20.13833250993422,6.283185307179586,0.0,6.389651041684291,-15.597035967300021,0.7385807861628007,0,11.088051975308387,0.0,11.088051975308387,11.088051975308387,-15.439931576310123,6.234265320533027,4.2614192138372,0.001,5000.0,-8.354211125865043e+243,0.775989229831598,2.0278073287818104,5.0,-0.29227152466773987,0.0
3.636725902557373,10.573700493922384,-17.044690493665488,6.283185307179586,0.0,6.234265320533027,-15.439931576310123,0.7183978291115227,0,10.573700493922384,0.0,10.573700493922384,10.573700493922384,-12.70525532027613,6.10641621707091,4.281602170888477,0.001,5000.0,-8.354211125865043e+243,0.7998726324980802,2.0057209281145623,5.0,-0.29227152466773987,0.0
3.6468026638031006,10.427175584946609,-14.538809392177372,6.283185307179586,0.0,6.10641621707091,-12.70525532027613,0.7278457171871662,0,10.427175584946609,0.0,10.427175584946609,10.427175584946609,-10.218050024301673,6.003451366579122,4.272154282812834,0.001,5000.0,-8.354211125865043e+243,0.8557851910690726,0.9375917365958507,5.0,-0.29227152466773987,0.0
3.656877040863037,10.427175584946609,-14.538809392177372,6.283185307179586,0.0,6.003451366579122,-10.218050024301673,0.7383026910780605,0,10.427175584946609,0.0,10.427175584946609,10.427175584946609,-10.115085173809884,5.9015481845447875,4.261697308921939,0.001,5000.0,-8.354211125865043e+243,0.9028718504384605,1.0379772197011823,5.0,0.14113764464855194,43.020939829605965
3.666945695877075,10.427175584946609,-14.538809392177372,6.283185307179586,0.0,5.9015481845447875,-10.115085173809884,0.7250658940981716,0,10.427175584946609,0.0,10.427175584946609,10.427175584946609,-10.01318199177555,5.80072890947682,4.274934105901829,0.001,5000.0,-8.354211125865043e+243,0.9363347051211414,1.3146539395215808,5.0,0.14113764464855194,0.0
3.6770122051239014,10.02723782264047,-13.260033644454237,6.283185307179586,0.0,5.80072890947682,-10.01318199177555,0.7119702274089994,0,10.02723782264047,0.0,10.02723782264047,10.02723782264047,-9.033524731290587,5.709792849237851,4.288029772591001,0.001,5000.0,-8.354211125865043e+243,0.9668939933042102,1.3009143853219076,5.0,0.14113764464855194,0.0
3.6870830059051514,10.02723782264047,-13.260033644454237,6.283185307179586,0.0,5.709792849237851,-9.033524731290587,0.7090357515803933,0,10.02723782264047,0.0,10.02723782264047,10.02723782264047,-8.942588671051617,5.6197338202630265,4.290964248419606,0.001,5000.0,-8.354211125865043e+243,1.0202045939737894,0.29138455742958647,5.0,0.14113764464855194,0.0
3.697153091430664,9.801504705920543,-11.202268326165544,6.283185307179586,0.0,5.6197338202630265,-8.942588671051617,0.6973368481263076,0,9.801504705920543,0.0,9.801504705920543,9.801504705920543,-7.020497440508028,5.549036810605467,4.302663151873692,0.001,5000.0,-8.354211125865043e+243,1.046861137913677,1.1617481722917273,5.0,0.5143072009086609,37.05723802590146
3.7072179317474365,9.801504705920543,-11.202268326165544,6.283185307179586,0.0,5.549036810605467,-7.020497440508028,0.7066601790796851,0,9.801504705920543,0.0,9.801504705920543,9.801504705920543,-6.949800430850469,5.479088179035521,4.293339820920314,0.001,5000.0,-8.354211125865043e+243,1.0784378284172234,0.9263267632612892,5.0,0.5143072009086609,0.0
3.7172837257385254,9.598739159581498,-10.089694413003263,6.283185307179586,0.0,5.479088179035521,-6.949800430850469,0.6975743407564682,0,9.598739159581498,0.0,9.598739159581498,9.598739159581498,-5.9700434324572855,5.418994951726552,4.302425659243532,0.001,5000.0,-8.354211125865043e+243,1.1076199298495575,0.9026449708051402,5.0,0.5143072009086609,0.0
3.7273499965667725,9.598739159581498,-10.089694413003263,6.283185307179586,0.0,5.418994951726552,-5.9700434324572855,0.6989588589171446,0,9.598739159581498,0.0,9.598739159581498,9.598739159581498,-5.909950205148317,5.359503792380075,4.301041141082855,0.001,5000.0,-8.354211125865043e+243,1.1468579368646017,0.13754032494251064,5.0,0.5143072009086609,0.0
3.737421989440918,9.396012383262367,-10.046169364269847,6.283185307179586,0.0,5.359503792380075,-5.909950205148317,0.6912310288817274,0,9.396012383262367,0.0,9.396012383262367,9.396012383262367,-6.009660773387555,5.298974531894483,4.308768971118273,0.001,5000.0,-8.354211125865043e+243,1.173560455156226,0.7672592834387636,5.0,0.8356098532676697,31.900603621730383
3.7474870681762695,9.396012383262367,-10.046169364269847,6.283185307179586,0.0,5.298974531894483,-6.009660773387555,0.6817598267313522,0,9.396012383262367,0.0,9.396012383262367,9.396012383262367,-5.949131512901964,5.239096054810164,4.318240173268648,0.001,5000.0,-8.354211125865043e+243,1.191994527898565,0.9409963299253222,5.0,0.8356098532676697,0.0
3.7575571537017822,9.396012383262367,-10.046169364269847,6.283185307179586,0.0,5.239096054810164,-5.949131512901964,0.6739821325444034,0,9.396012383262367,0.0,9.396012383262367,9.396012383262367,-5.889253035817645,5.1797907730580945,4.3260178674555965,0.001,5000.0,-8.354211125865043e+243,1.2140191492792283,0.7723563188459368,5.0,0.8356098532676697,0.0
3.76763653755188,9.396012383262367,-10.046169364269847,6.283185307179586,0.0,5.1797907730580945,-5.889253035817645,0.6662781778699569,0,9.396012383262367,0.0,9.396012383262367,9.396012383262367,-5.829947754065575,5.121028491818853,4.333721822130043,0.001,5000.0,-8.354211125865043e+243,1.2341000007935568,0.764327937999094,5.0,0.8356098532676697,0.0
3.777704954147339,9.065351433117485,-8.23423704706095,6.283185307179586,0.0,5.121028491818853,-5.829947754065575,0.6586445113139837,0,9.065351433117485,0.0,9.065351433117485,9.065351433117485,-4.289914105762318,5.077835849443301,4.341355488686016,0.001,5000.0,-8.354211125865043e+243,1.2523708851054671,0.7581794499262278,5.0,1.1122543811798096,27.476468150603836
3.7877702713012695,8.98991750104772,-7.493909119278614,6.283185307179586,0.0,5.077835849443301,-4.289914105762318,0.667997877864439,0,8.98991750104772,0.0,8.98991750104772,8.98991750104772,-3.581827467674194,5.0417836199904995,4.332002122135561,0.001,5000.0,-8.354211125865043e+243,1.2633018616096674,0.9292669478181947,5.0,1.1122543811798096,0.0
3.797835111618042,8.98991750104772,-7.493909119278614,6.283185307179586,0.0,5.0417836199904995,-3.581827467674194,0.6700314321219281,0,8.98991750104772,0.0,8.98991750104772,8.98991750104772,-3.5457752382213927,5.006095958418634,4.329968567878072,0.001,5000.0,-8.354211125865043e+243,1.2869716754487008,0.20204535725224382,5.0,1.1122543811798096,0.0
3.8079006671905518,8.98991750104772,-7.493909119278614,6.283185307179586,0.0,5.006095958418634,-3.5457752382213927,0.665395681796395,0,8.98991750104772,0.0,8.98991750104772,8.98991750104772,-3.5100875766495276,4.970764976851492,4.334604318203605,0.001,5000.0,-8.354211125865043e+243,1.308274507903831,0.46055583242656595,5.0,1.1122543811798096,0.0
3.817971706390381,8.98991750104772,-7.493909119278614,6.283185307179586,0.0,4.970764976851492,-3.5100875766495276,0.6608062209927137,0,8.98991750104772,0.0,8.98991750104772,8.98991750104772,-3.4747565950823853,4.935770566972552,4.339193779007286,0.001,5000.0,-8.354211125865043e+243,1.327447057113448,0.4557087617888686,5.0,1.1122543811798096,0.0
3.8280420303344727,8.686783917381073,-7.526397931139281,6.283185307179586,0.0,4.935770566972552,-3.4747565950823853,0.6562603134253335,0,8.686783917381073,0.0,8.686783917381073,8.686783917381073,-3.77538458073076,4.897751221231064,4.343739686574667,0.001,5000.0,-8.354211125865043e+243,1.3447023514021033,0.45141621983741814,5.0,1.350448489189148,23.653073062171504
3.838109254837036,8.686783917381073,-7.526397931139281,6.283185307179586,0.0,4.897751221231064,-3.77538458073076,0.6479313251650415,0,8.686783917381073,0.0,8.686783917381073,8.686783917381073,-3.737365234989272,4.8601263263623515,4.352068674834959,0.001,5000.0,-8.354211125865043e+243,1.3496845876912258,0.8273370935724328,5.0,1.350448489189148,0.0
3.8481733798980713,8.525144415451184,-8.052991037945285,6.283185307179586,0.0,4.8601263263623515,-3.737365234989272,0.6430440333408365,0,8.525144415451184,0.0,8.525144415451184,8.525144415451184,-4.3879729488564525,4.815965217840621,4.3569559666591635,0.001,5000.0,-8.354211125865043e+243,1.3647161289221033,0.48561517216503175,5.0,1.350448489189148,0.0
3.858243227005005,8.525144415451184,-8.052991037945285,6.283185307179586,0.0,4.815965217840621,-4.3879729488564525,0.6303554010091225,0,8.525144415451184,0.0,8.525144415451184,8.525144415451184,-4.343811840334722,4.772223696747162,4.369644598990877,0.001,5000.0,-8.354211125865043e+243,1.3537536272946464,1.2600620641973068,5.0,1.350448489189148,0.0
3.868314743041992,8.525144415451184,-8.052991037945285,6.283185307179586,0.0,4.772223696747162,-4.343811840334722,0.6246731991412555,0,8.525144415451184,0.0,8.525144415451184,8.525144415451184,-4.300070319241263,4.728915469566751,4.375326800858744,0.001,5000.0,-8.354211125865043e+243,1.3663100697380874,0.564185356702928,5.0,1.5555357933044434,20.363101578959828
3.878382921218872,8.233757658119588,-9.656647665357239,6.283185307179586,0.0,4.728915469566751,-4.300070319241263,0.6190474625469324,0,8.233757658119588,0.0,8.233757658119588,8.233757658119588,-6.151805476804402,4.6669779959167785,4.380952537453068,0.001,5000.0,-8.354211125865043e+243,1.3777855526299856,0.558764107615991,5.0,1.5555357933044434,0.0
3.888449192047119,8.233757658119588,-9.656647665357239,6.283185307179586,0.0,4.6669779959167785,-6.151805476804402,0.591858864660305,0,8.233757658119588,0.0,8.233757658119588,8.233757658119588,-6.08986800315443,4.60567573528875,4.408141135339695,0.001,5000.0,-8.354211125865043e+243,1.319087165444539,2.700960301041494,5.0,1.5555357933044434,0.0
3.898514747619629,8.06938381869292,-8.157725464752524,6.283185307179586,0.0,4.60567573528875,-6.08986800315443,0.5838959229088807,0,8.06938381869292,0.0,8.06938381869292,8.06938381869292,-4.6940173813483534,4.558427842478461,4.416104077091119,0.001,5000.0,-8.354211125865043e+243,1.3277983015497392,0.7911080212176324,5.0,1.5555357933044434,0.0
3.9085805416107178,7.942959465278547,-12.511789981909718,6.283185307179586,0.0,4.558427842478461,-4.6940173813483534,0.591239724133501,0,7.942959465278547,0.0,7.942959465278547,7.942959465278547,-9.127258359109632,4.466554740132219,4.4087602758664985,0.001,5000.0,-8.354211125865043e+243,1.3376208960351388,0.7295799249539271,5.0,1.732118010520935,17.542800634785287
3.9186506271362305,7.942959465278547,-12.511789981909718,6.283185307179586,0.0,4.466554740132219,-9.127258359109632,0.5340450800274144,0,7.942959465278547,0.0,7.942959465278547,7.942959465278547,-9.03538525676339,4.375567637840655,4.465954919972585,0.001,5000.0,-8.354211125865043e+243,1.2088588064316248,5.679658227448344,5.0,1.732118010520935,0.0
3.928718090057373,7.715852492402127,-11.321214713313228,6.283185307179586,0.0,4.375567637840655,-9.03538525676339,0.5222256167300579,0,7.715852492402127,0.0,7.715852492402127,7.715852492402127,-7.9809298587517565,4.295219922411432,4.477774383269942,0.001,5000.0,-8.354211125865043e+243,1.216254309996383,1.174026007340396,5.0,1.732118010520935,0.0
3.9387848377227783,7.715852492402127,-11.321214713313228,6.283185307179586,0.0,4.295219922411432,-7.9809298587517565,0.5215214905500829,0,7.715852492402127,0.0,7.715852492402127,7.715852492402127,-7.900582143322533,4.215686755564797,4.478478509449917,0.001,5000.0,-8.354211125865043e+243,1.2446288789967448,0.06994574646930954,5.0,1.732118010520935,0.0
3.9488525390625,7.449110710400312,-13.253679759487097,6.283185307179586,0.0,4.215686755564797,-7.900582143322533,0.5111903243458463,0,7.449110710400312,0.0,7.449110710400312,7.449110710400312,-10.020255804651583,4.114805812775953,4.488809675654154,0.001,5000.0,-8.354211125865043e+243,1.253211646448761,1.0261693166716623,5.0,1.8841569423675537,15.101652970848036
3.958918333053589,7.328688684954221,-11.978527320984687,6.283185307179586,0.0,4.114805812775953,-10.020255804651583,0.47587025574211755,0,7.328688684954221,0.0,7.328688684954221,7.328688684954221,-8.764644448806418,4.026582707349127,4.524129744257882,0.001,5000.0,-8.354211125865043e+243,1.1809363841037468,3.508920273452569,5.0,1.8841569423675537,0.0
3.968987464904785,7.328688684954221,-11.978527320984687,6.283185307179586,0.0,4.026582707349127,-8.764644448806418,0.4760751345408137,0,7.328688684954221,0.0,7.328688684954221,7.328688684954221,-8.676421343379594,3.9392186768461044,4.523924865459186,0.001,5000.0,-8.354211125865043e+243,1.2128427456933721,0.020347215800117616,5.0,1.8841569423675537,0.0
3.9791457653045654,7.328688684954221,-11.978527320984687,6.283185307179586,0.0,3.9392186768461044,-8.676421343379594,0.4647264013246587,0,7.328688684954221,0.0,7.328688684954221,7.328688684954221,-8.589057312876571,3.8519684525109747,4.535273598675341,0.001,5000.0,-8.354211125865043e+243,1.2216712961793832,1.117188187937468,5.0,1.8841569423675537,0.0
3.9892172813415527,6.920779001881069,-13.492135413285165,6.283185307179586,0.0,3.8519684525109747,-8.589057312876571,0.4533850102227708,0,6.920779001881069,0.0,6.920779001881069,6.920779001881069,-10.42332486391507,3.7469897689853258,4.546614989777229,0.001,5000.0,-8.354211125865043e+243,1.229330291077481,1.126085790881635,5.0,1.8841569423675537,0.0
3.9993982315063477,6.920779001881069,-13.492135413285165,6.283185307179586,0.0,3.7469897689853258,-10.42332486391507,0.4203453190187949,0,6.920779001881069,0.0,6.920779001881069,6.920779001881069,-10.318346180389423,3.641939200739679,4.579654680981205,0.001,5000.0,-8.354211125865043e+243,1.1679393245248975,3.2452463344948907,5.0,2.015064001083374,12.858039436091987
4.009464263916016,6.652898630299078,-13.334738295586586,6.283185307179586,0.0,3.641939200739679,-10.318346180389423,0.40668802629966083,0,6.652898630299078,0.0,6.652898630299078,6.652898630299078,-10.323778866027187,3.538019708084004,4.593311973700339,0.001,5000.0,-8.354211125865043e+243,1.173538352571644,1.3567701914030061,5.0,2.015064001083374,0.0
4.019533157348633,6.652898630299078,-13.334738295586586,6.283185307179586,0.0,3.538019708084004,-10.323778866027187,0.3920849704714887,0,6.652898630299078,0.0,6.652898630299078,6.652898630299078,-10.219859373371513,3.4351170331571925,4.607915029528511,0.001,5000.0,-8.354211125865043e+243,1.1755632925271293,1.450313872710874,5.0,2.015064001083374,0.0
4.029604434967041,6.418465868805741,-11.662838715469862,6.283185307179586,0.0,3.4351170331571925,-10.219859373371513,0.37871779090829183,0,6.418465868805741,0.0,6.418465868805741,6.418465868805741,-8.679489879821313,3.3477034809913477,4.621282209091708,0.001,5000.0,-8.354211125865043e+243,1.181350885684224,1.3272575803852789,5.0,2.015064001083374,0.0
4.0396833419799805,6.285010337679312,-13.140360299209066,6.283185307179586,0.0,3.3477034809913477,-8.679489879821313,0.38188358854057564,0,6.285010337679312,0.0,6.285010337679312,6.285010337679312,-10.203053442521101,3.2448678540961255,4.618116411459424,0.001,5000.0,-8.354211125865043e+243,1.2132157971158017,0.3141012838216989,5.0,2.1277759075164795,11.18294933055779
4.04974889755249,6.285010337679312,-13.140360299209066,6.283185307179586,0.0,3.2448678540961255,-10.203053442521101,0.3522509651482466,0,6.285010337679312,0.0,6.285010337679312,6.285010337679312,-10.100217815625879,3.14320355037849,4.647749034851754,0.001,5000.0,-8.354211125865043e+243,1.1631442978353375,2.943963021103302,5.0,2.1277759075164795,0.0
4.059818506240845,6.046591132822133,-11.88809320964937,6.283185307179586,0.0,3.14320355037849,-10.100217815625879,0.33904631889672987,0,6.046591132822133,0.0,6.046591132822133,6.046591132822133,-8.984705627205727,3.052731080532472,4.66095368110327,0.001,5000.0,-8.354211125865043e+243,1.1706868003710142,1.311336583196914,5.0,2.1277759075164795,0.0
4.069888353347778,5.933801579900451,-11.188271243233018,6.283185307179586,0.0,3.052731080532472,-8.984705627205727,0.3375352950024888,0,5.933801579900451,0.0,5.933801579900451,5.933801579900451,-8.307200743865039,2.969078839155146,4.662464704997511,0.001,5000.0,-8.354211125865043e+243,1.2036181203339127,0.15005430352568658,5.0,2.1277759075164795,0.0
4.079960107803345,5.933801579900451,-11.188271243233018,6.283185307179586,0.0,2.969078839155146,-8.307200743865039,0.33259903004307007,0,5.933801579900451,0.0,5.933801579900451,5.933801579900451,-8.223548502487713,2.8862532778846486,4.66740096995693,0.001,5000.0,-8.354211125865043e+243,1.2332563083005215,0.490109740184401,5.0,2.224822521209717,9.635522204336711
4.09002423286438,5.730533186784748,-10.123844423952882,4.223338750167793,-102.59128711925325,2.8862532778846486,-8.223548502487713,0.3218399738789737,0,5.730533186784748,0.0,5.730533186784748,5.730533186784748,-7.279564515052782,2.8129908302152837,4.678160026121026,0.001,5000.0,-8.354211125865043e+243,1.2415946114530776,1.0690503246776784,5.0,2.224822521209717,0.0
4.100095748901367,5.358568813864151,-36.949805963535226,3.1653258501434394,-105.09977355052331,2.8129908302152837,-7.279564515052782,0.3210230710796119,0,5.358568813864151,0.0,5.358568813864151,5.358568813864151,-34.40422797988636,2.466488096375691,4.678976928920388,0.001,5000.0,-8.354211125865043e+243,1.26743515030777,0.08111021184513867,5.0,2.224822521209717,0.0
4.110162258148193,5.358568813864151,-36.949805963535226,3.1653258501434394,-105.09977355052331,2.466488096375691,-34.40422797988636,0.0012660536937331712,0,5.358568813864151,0.0,5.358568813864151,5.358568813864151,-34.057725246046765,2.123645690260496,4.998733946306267,0.001,5000.0,-8.354211125865043e+243,1.145691635276993,31.764438848222746,5.0,2.224822521209717,0.0
4.1202263832092285,5.358568813864151,-36.949805963535226,3.1653258501434394,-105.09977355052331,2.123645690260496,-34.057725246046765,-0.043266855823998196,0,5.358568813864151,0.0,5.358568813864151,5.358568813864151,-33.71488283993157,1.7843348929412768,5.043266855823998,0.001,5000.0,-8.354211125865043e+243,1.0546529513618867,4.4249161499540115,5.0,2.308380126953125,8.302520610253008
4.13029670715332,5.358568813864151,-36.949805963535226,3.1653258501434394,-105.09977355052331,1.7843348929412768,-33.71488283993157,-0.08734194338753692,0,5.358568813864151,0.0,5.358568813864151,5.358568813864151,-33.375572042612355,1.448232070652797,5.087341943387537,0.001,5000.0,-8.354211125865043e+243,0.9742708049970803,4.376729865715724,5.0,2.308380126953125,0.0
4.140365839004517,4.09679199999863,-31.32988519783455,5.151870957286127,49.32586291265743,1.448232070652797,-33.375572042612355,-0.13100323053473198,0,4.09679199999863,0.0,4.09679199999863,4.09679199999863,-28.681325268488717,1.159436024857336,5.131003230534732,0.001,5000.0,-8.354211125865043e+243,0.9032343792914844,4.336152092596519,5.0,2.308380126953125,0.0
4.150438547134399,3.8319930155454243,-26.41945430880897,5.5687712530922715,41.59486615525805,1.159436024857336,-28.681325268488717,-0.1244922092048601,0,3.8319930155454243,0.0,3.8319930155454243,3.8319930155454243,-23.74689731812088,0.9202404591816076,5.12449220920486,0.001,5000.0,-8.354211125865043e+243,0.9581935351095472,0.6464022630175859,5.0,2.308380126953125,0.0
4.160504341125488,3.8319930155454243,-26.41945430880897,5.5687712530922715,41.59486615525805,0.9202404591816076,-23.74689731812088,-0.10863530889578374,0,3.8319930155454243,0.0,3.8319930155454243,3.8319930155454243,-23.507701752445154,0.6836167761375359,5.108635308895784,0.001,5000.0,-8.354211125865043e+243,0.9777248096353415,1.575325336790549,5.0,2.308380126953125,0.0
4.170634031295776,3.3506853739502733,-23.906382530115913,6.251587388042603,33.915239047021885,0.6836167761375359,-23.507701752445154,-0.1393706688651965,0,3.3506853739502733,0.0,3.3506853739502733,3.3506853739502733,-21.239313932303176,0.4684691065738216,5.139370668865197,0.001,5000.0,-8.354211125865043e+243,0.9482952373635305,3.0341855923258367,5.0,2.380324125289917,7.102290112269635
4.18070125579834,3.3506853739502733,-23.906382530115913,6.251587388042603,33.915239047021885,0.4684691065738216,-21.239313932303176,-0.14680746440269676,0,3.3506853739502733,0.0,3.3506853739502733,3.3506853739502733,-21.02416626273946,0.25681410482760253,5.146807464402697,0.001,5000.0,-8.354211125865043e+243,0.9957738313343424,0.7387135883983305,5.0,2.380324125289917,0.0
4.190767049789429,2.929770604298795,-20.90347161287134,6.283185307179586,1.5692160345255528,0.25681410482760253,-21.02416626273946,-0.17428768795153024,0,2.929770604298795,0.0,2.929770604298795,2.929770604298795,-18.230515113400145,0.07330949534468456,5.17428768795153,0.001,5000.0,-8.354211125865043e+243,0.9743389528920233,2.7300601992412528,5.0,2.380324125289917,0.0
4.200832366943359,2.740250407807627,-18.89302938212894,6.283185307179586,0.0,0.07330949534468456,-18.230515113400145,-0.17204182178574562,0,2.740250407807627,0.0,2.740250407807627,2.740250407807627,-16.226088469666,-0.09001123127024119,5.172041821785745,0.001,5000.0,-8.354211125865043e+243,1.026905057602821,0.22312920014721796,5.0,2.380324125289917,0.0
4.2108986377716064,2.740250407807627,-18.89302938212894,6.283185307179586,0.0,-0.09001123127024119,-16.226088469666,0.0,0,2.740250407807627,0.0,2.740250407807627,2.740250407807627,-16.062767743051072,-0.25170340162302424,5.0,0.001,5000.0,-8.354211125865043e+243,0.9292145518425389,17.090919241212667,5.0,2.380324125289917,0.0
4.220965623855591,2.3959921249525324,-17.09513985617842,6.283185307179586,0.0,-0.25170340162302424,-16.062767743051072,0.0,0,2.3959921249525324,0.0,2.3959921249525324,2.3959921249525324,-14.447444329602863,-0.39714562263827524,5.0,0.001,5000.0,-8.354211125865043e+243,0.986293096658285,0.0,5.0,2.4422688484191895,6.153254073512694
4.23103404045105,2.3959921249525324,-17.09513985617842,6.283185307179586,0.0,-0.39714562263827524,-14.447444329602863,0.0,0,2.3959921249525324,0.0,2.3959921249525324,2.3959921249525324,-14.302002108587612,-0.5411441380166682,5.0,0.001,5000.0,-8.354211125865043e+243,1.0376637869924565,0.0,5.0,2.4422688484191895,0.0
4.2410969734191895,2.0950829875411423,-14.94782195183388,6.283185307179586,0.0,-0.5411441380166682,-14.302002108587612,0.0,0,2.0950829875411423,0.0,2.0950829875411423,2.0950829875411423,-12.311594826276071,-0.6650348914843791,5.0,0.001,5000.0,-8.354211125865043e+243,1.083897408293211,0.0,5.0,2.4422688484191895,0.0
4.251161336898804,2.0950829875411423,-14.94782195183388,6.283185307179586,0.0,-0.6650348914843791,-12.311594826276071,0.0,0,2.0950829875411423,0.0,2.0950829875411423,2.0950829875411423,-12.187704072808359,-0.7876963752550975,5.0,0.001,5000.0,-8.354211125865043e+243,1.1255076674638897,0.0,5.0,2.4422688484191895,0.0
4.261225461959839,2.0950829875411423,-14.94782195183388,6.283185307179586,0.0,-0.7876963752550975,-12.187704072808359,0.0,0,2.0950829875411423,0.0,2.0950829875411423,2.0950829875411423,-12.06504258903764,-0.9091204727378877,5.0,0.001,5000.0,-8.354211125865043e+243,1.162956900717501,0.0,5.0,2.495603322982788,5.2994646072206955
4.271294116973877,1.7131376258760393,-12.651390379648639,6.283185307179586,0.0,-0.9091204727378877,-12.06504258903764,0.0,0,1.7131376258760393,0.0,1.7131376258760393,1.7131376258760393,-10.029132281034713,-1.0101003457657791,5.0,0.001,5000.0,-8.354211125865043e+243,1.1966612106457508,0.0,5.0,2.495603322982788,0.0
4.281363010406494,1.6021887670723813,-11.046961240964226,6.283185307179586,0.0,-1.0101003457657791,-10.029132281034713,0.0,0,1.6021887670723813,0.0,1.6021887670723813,1.6021887670723813,-8.434672128126065,-1.0950281605629468,5.0,0.001,5000.0,-8.354211125865043e+243,1.2269950895811759,0.0,5.0,2.495603322982788,0.0
4.291426420211792,1.6021887670723813,-11.046961240964226,6.283185307179586,0.0,-1.0950281605629468,-8.434672128126065,0.0,0,1.6021887670723813,0.0,1.6021887670723813,1.6021887670723813,-8.349744313328898,-1.179055059357431,5.0,0.001,5000.0,-8.354211125865043e+243,1.2542955806230585,0.0,5.0,2.495603322982788,0.0
4.301492214202881,1.4009187874878972,-9.995352488232255,6.283185307179586,0.0,-1.179055059357431,-8.349744313328898,0.0,0,1.4009187874878972,0.0,1.4009187874878972,1.4009187874878972,-7.415378641386927,-1.253696733127552,5.0,0.001,5000.0,-8.354211125865043e+243,1.2788660225607527,0.0,5.0,2.495603322982788,0.0
4.311557769775391,1.4009187874878972,-9.995352488232255,6.283185307179586,0.0,-1.253696733127552,-7.415378641386927,0.0,0,1.4009187874878972,0.0,1.4009187874878972,1.4009187874878972,-7.340736967616806,-1.3275853290182758,5.0,0.001,5000.0,-8.354211125865043e+243,1.3009794203046776,0.0,5.0,2.541524887084961,4.562248330096168
4.321623086929321,1.2250612302510233,-8.740165605138515,6.283185307179586,0.0,-1.3275853290182758,-7.340736967616806,0.0,0,1.2250612302510233,0.0,1.2250612302510233,1.2250612302510233,-6.187519045869216,-1.3898646706109359,5.0,0.001,5000.0,-8.354211125865043e+243,1.32088147827421,0.0,5.0,2.541524887084961,0.0
4.3316874504089355,1.1455434755418274,-7.899051148610921,6.283185307179586,0.0,-1.3898646706109359,-6.187519045869216,0.0,0,1.1455434755418274,0.0,1.1455434755418274,1.1455434755418274,-5.363643002458158,-1.4438463233625642,5.0,0.001,5000.0,-8.354211125865043e+243,1.338793330446789,0.0,5.0,2.541524887084961,0.0
4.341753005981445,1.1455434755418274,-7.899051148610921,6.283185307179586,0.0,-1.4438463233625642,-5.363643002458158,0.0,0,1.1455434755418274,0.0,1.1455434755418274,1.1455434755418274,-5.309661349706529,-1.4972910147492424,5.0,0.001,5000.0,-8.354211125865043e+243,1.35491399740211,0.0,5.0,2.541524887084961,0.0
4.351818323135376,1.0019518252346347,-7.147636904974545,6.283185307179586,0.0,-1.4972910147492424,-5.309661349706529,0.0,0,1.0019518252346347,0.0,1.0019518252346347,1.0019518252346347,-4.6483940649906685,-1.5440785752698225,5.0,0.001,5000.0,-8.354211125865043e+243,1.3694225976618992,0.0,5.0,2.5810647010803223,3.9283227135987873
4.361883640289307,1.0019518252346347,-7.147636904974545,6.283185307179586,0.0,-1.5440785752698225,-4.6483940649906685,0.0,0,1.0019518252346347,0.0,1.0019518252346347,1.0019518252346347,-4.601606504470088,-1.590395204154904,5.0,0.001,5000.0,-8.354211125865043e+243,1.3824803378957093,0.0,5.0,2.5810647010803223,0.0
4.371946096420288,1.4332417274982105,21.413650605771107,6.283185307179586,0.0,-1.590395204154904,-4.601606504470088,0.0,0,1.4332417274982105,0.0,1.4332417274982105,1.4332417274982105,24.437287537424222,-1.3444960703493933,5.0,0.001,5000.0,-8.354211125865043e+243,1.3942323041061386,0.0,5.0,2.5810647010803223,0.0
4.382012605667114,1.4332417274982105,21.413650605771107,6.283185307179586,0.0,-1.3444960703493933,24.437287537424222,0.0,0,1.4332417274982105,0.0,1.4332417274982105,1.4332417274982105,24.19138840361871,-1.100973235290802,5.0,0.001,5000.0,-8.354211125865043e+243,1.404809073695525,0.0,5.0,2.5810647010803223,0.0
4.392076730728149,1.8095022963548797,18.725986152615242,6.283185307179586,0.0,-1.100973235290802,24.19138840361871,0.0,0,1.8095022963548797,0.0,1.8095022963548797,1.8095022963548797,21.636461684260922,-0.8832211790221046,5.0,0.001,5000.0,-8.354211125865043e+243,1.4143281663259724,0.0,5.0,2.6151082515716553,3.3826636975267697
4.402106285095215,1.8095022963548797,18.725986152615242,6.283185307179586,0.0,-0.8832211790221046,21.636461684260922,0.0,0,1.8095022963548797,0.0,1.8095022963548797,1.8095022963548797,21.418709627992225,-0.6684010663357689,5.0,0.001,5000.0,-8.354211125865043e+243,1.4228953496933752,0.0,5.0,2.6151082515716553,0.0
4.412168979644775,2.3200146996858617,25.305130356083907,6.283185307179586,0.0,-0.6684010663357689,21.418709627992225,0.0,0,2.3200146996858617,0.0,2.3200146996858617,2.3200146996858617,28.29354612210554,-0.38369175398511746,5.0,0.001,5000.0,-8.354211125865043e+243,1.430605814724038,0.0,5.0,2.6151082515716553,0.0
4.42223334312439,2.5501451956892676,22.86587686042377,6.283185307179586,0.0,-0.38369175398511746,28.29354612210554,0.0,0,2.5501451956892676,0.0,2.5501451956892676,2.5501451956892676,25.799713810098154,-0.12403405653026595,5.0,0.001,5000.0,-8.354211125865043e+243,1.437545233251634,0.0,5.0,2.6151082515716553,0.0
4.432287216186523,2.5501451956892676,22.86587686042377,6.283185307179586,0.0,-0.12403405653026595,25.799713810098154,0.0,0,2.5501451956892676,0.0,2.5501451956892676,2.5501451956892676,25.540056112643306,0.132742425626024,5.0,0.001,5000.0,-8.354211125865043e+243,1.4437907099264708,0.0,5.0,2.6444199085235596,2.915459223600275
4.442352056503296,3.1831251932947446,31.528382864567586,6.283185307179586,0.0,0.132742425626024,25.540056112643306,0.27398450071407643,0,3.1831251932947446,0.0,3.1831251932947446,3.1831251932947446,34.578765632236305,0.4807721800655819,4.726015499285923,0.001,5000.0,-8.354211125865043e+243,1.3044116389338236,27.221942136279843,5.0,2.6444199085235596,0.0
4.4524147510528564,3.1831251932947446,31.528382864567586,6.283185307179586,0.0,0.4807721800655819,34.578765632236305,0.41309576153154454,0,3.1831251932947446,0.0,3.1831251932947446,3.1831251932947446,34.23073587779675,0.8252256194105339,4.586904238468455,0.001,5000.0,-8.354211125865043e+243,1.1789704750404413,13.824454288294312,5.0,2.6444199085235596,0.0
4.462478399276733,3.7380448591762114,27.574421551100606,6.283185307179586,0.0,0.8252256194105339,34.23073587779675,0.45783894549544224,0,3.7380448591762114,0.0,3.7380448591762114,3.7380448591762114,30.487240790866284,1.1320384860464443,4.542161054504557,0.001,5000.0,-8.354211125865043e+243,1.0839238855978663,4.446020267057853,5.0,2.6444199085235596,0.0
4.472543716430664,4.245130399440449,50.13839957266511,6.283185307179586,0.0,1.1320384860464443,30.487240790866284,0.463357795955165,0,4.245130399440449,0.0,4.245130399440449,4.245130399440449,53.25149148605911,1.6680316367734678,4.536642204044835,0.001,5000.0,-8.354211125865043e+243,1.1239750450505999,0.5483036823700664,5.0,2.6444199085235596,0.0
4.482607364654541,4.245130399440449,50.13839957266511,6.283185307179586,0.0,1.6680316367734678,53.25149148605911,0.7660393440088766,0,4.245130399440449,0.0,4.245130399440449,4.245130399440449,52.715498335332086,2.198541867966621,4.233960655991123,0.001,5000.0,-8.354211125865043e+243,1.0165775405455397,30.076721813027124,5.0,2.6696574687957764,2.507794361525705
4.492671012878418,5.155762082650358,45.363985360516544,6.283185307179586,0.0,2.198541867966621,52.715498335332086,0.8349508448686478,0,5.155762082650358,0.0,5.155762082650358,5.155762082650358,48.32120557520028,2.684829482629078,4.165049155131352,0.001,5000.0,-8.354211125865043e+243,0.9199197864909858,6.847566541154741,5.0,2.6696574687957764,0.0
4.502734661102295,5.828504600993484,66.74125161210677,6.283185307179586,0.0,2.684829482629078,48.32120557520028,0.8590881833200739,0,5.828504600993484,0.0,5.828504600993484,5.828504600993484,69.88492673047116,3.3881268013959556,4.140911816679926,0.001,5000.0,-8.354211125865043e+243,0.9167549493494569,2.398468022178872,5.0,2.6696574687957764,0.0
4.512990951538086,5.828504600993484,66.74125161210677,6.283185307179586,0.0,3.3881268013959556,69.88492673047116,1.1731870195001455,0,5.828504600993484,0.0,5.828504600993484,5.828504600993484,69.1816294117043,4.097673685463657,3.8268129804998545,0.001,5000.0,-8.354211125865043e+243,0.8300794544145113,30.62499430437071,5.0,2.6696574687957764,0.0
4.5230560302734375,7.0425573504299415,60.38667421491054,6.283185307179586,0.0,4.097673685463657,69.1816294117043,1.265490610081955,0,7.0425573504299415,0.0,7.0425573504299415,7.0425573504299415,63.331557879876826,4.7351108019570916,3.734509389918045,0.001,5000.0,-8.354211125865043e+243,0.7520715089730602,9.170677449110428,5.0,2.691387176513672,2.158920788326701
4.533141613006592,7.719454948368742,67.22024582406245,5.009054974056668,-126.5292630158819,4.7351108019570916,63.331557879876826,1.2962310910727612,0,7.719454948368742,0.0,7.719454948368742,7.719454948368742,70.20458997047409,5.443165002351482,3.7037689089272385,0.001,5000.0,-8.354211125865043e+243,0.7447633345079633,3.0479628003797163,5.0,2.691387176513672,0.0
4.543208837509155,7.719454948368742,67.22024582406245,5.009054974056668,-126.5292630158819,5.443165002351482,70.20458997047409,1.4640890000339484,0,7.719454948368742,0.0,7.719454948368742,7.719454948368742,69.4965357700797,6.142802230099307,3.5359109999660516,0.001,5000.0,-8.354211125865043e+243,0.675287001057167,16.673702758734,5.0,2.691387176513672,0.0
4.55327296257019,8.944267400915356,60.81512162425948,1.9891518665095203,-149.9460381849518,6.142802230099307,69.4965357700797,1.5549576699147,0,8.944267400915356,0.0,8.944267400915356,8.944267400915356,63.616586795075534,6.783047515561144,3.4450423300853,0.001,5000.0,-8.354211125865043e+243,0.6127583009514503,9.028968671361612,5.0,2.691387176513672,0.0
4.563337087631226,9.629879051671672,68.3055508126798,0.5905499921680089,-139.33875144793583,6.783047515561144,63.616586795075534,1.5857925201293157,0,9.629879051671672,0.0,9.629879051671672,9.629879051671672,71.15238234879033,7.49913398990996,3.4142074798706843,0.001,5000.0,-8.354211125865043e+243,0.6188699085453686,3.063838140684241,5.0,2.710097074508667,1.8590685113237941
4.573401689529419,10.272512531823532,63.87961076750495,-0.7203792909961918,-130.31013001760255,7.49913398990996,71.15238234879033,1.7614025820752977,0,10.272512531823532,0.0,10.272512531823532,10.272512531823532,66.65298930941852,8.169969792633795,3.2385974179247023,0.001,5000.0,-8.354211125865043e+243,0.5619829176908318,17.44828694888615,5.0,2.710097074508667,0.0
4.583465576171875,10.272512531823532,63.87961076750495,-0.7203792909961918,-130.31013001760255,8.169969792633795,66.65298930941852,1.8103256640629166,0,10.272512531823532,0.0,10.272512531823532,10.272512531823532,65.98215350669469,8.834006705950303,3.1896743359370836,0.001,5000.0,-8.354211125865043e+243,0.5152554174816909,4.861251296415583,5.0,2.710097074508667,0.0
4.593534708023071,10.272512531823532,63.87961076750495,-0.7203792909961918,-130.31013001760255,8.834006705950303,65.98215350669469,1.8965824738999895,0,10.272512531823532,0.0,10.272512531823532,10.272512531823532,65.31811659337818,9.49170343420084,3.1034175261000105,0.001,5000.0,-8.354211125865043e+243,0.4687298757335218,8.566459463615514,5.0,2.710097074508667,0.0
4.603600978851318,12.704140456919685,80.62376370734219,-4.233243233993686,-116.47354003185872,9.49170343420084,65.31811659337818,1.9820196467218996,0,12.704140456919685,0.0,12.704140456919685,12.704140456919685,83.83620073006104,10.33562133596092,3.0179803532781007,0.001,5000.0,-8.354211125865043e+243,0.42685688816016965,8.487470114768216,5.0,2.726205825805664,1.6002700078160157
4.6136651039123535,13.41387179846253,70.39750756180575,-5.258560311984764,-101.70012584510934,10.33562133596092,83.83620073006104,2.2853489943351395,0,13.41387179846253,0.0,13.41387179846253,13.41387179846253,73.47575802430737,11.075090553671906,2.7146510056648605,0.001,5000.0,-8.354211125865043e+243,0.3891711993441527,30.13966398208099,5.0,2.726205825805664,0.0
4.62372899055481,13.41387179846253,70.39750756180575,-5.258560311984764,-101.70012584510934,11.075090553671906,73.47575802430737,2.2852702577571407,0,13.41387179846253,0.0,13.41387179846253,13.41387179846253,72.73628880659638,11.807100319014436,2.7147297422428593,0.001,5000.0,-8.354211125865043e+243,0.5002540794097374,0.007823674967350763,5.0,2.726205825805664,0.0
4.633792161941528,14.924762924326453,75.1263937592683,-6.283185307179586,-50.94766891332403,11.807100319014436,72.73628880659638,2.380356932727985,0,14.924762924326453,0.0,14.924762924326453,14.924762924326453,78.24405636458032,12.59448366820329,2.619643067272015,0.001,5000.0,-8.354211125865043e+243,0.4552286714687637,9.448976999073926,5.0,2.726205825805664,0.0
4.643855333328247,15.605464560121467,67.90832228484105,-6.283185307179586,0.0,12.59448366820329,78.24405636458032,2.545668277194264,0,15.605464560121467,0.0,15.605464560121467,15.605464560121467,70.91930317675923,13.308156770697686,2.454331722805736,0.001,5000.0,-8.354211125865043e+243,0.41470580432188736,16.42736053213353,5.0,2.2471632957458496,-47.60353487490523
4.6539201736450195,15.605464560121467,67.90832228484105,-6.283185307179586,0.0,13.308156770697686,70.91930317675923,2.5723349796652686,0,15.605464560121467,0.0,15.605464560121467,15.605464560121467,70.20563007426483,14.014765226733559,2.4276650203347314,0.001,5000.0,-8.354211125865043e+243,0.45397385159213766,2.649490864407066,5.0,2.2471632957458496,0.0
4.6639838218688965,17.279310809788257,83.11180060093771,-6.283185307179586,0.0,14.014765226733559,70.20563007426483,2.6641234324853467,0,17.279310809788257,0.0,17.279310809788257,17.279310809788257,86.37634618399241,14.884026389593075,2.3358765675146533,0.001,5000.0,-8.354211125865043e+243,0.4135764664329239,9.120793054183007,5.0,2.2471632957458496,0.0
4.674047946929932,17.279310809788257,83.11180060093771,-6.283185307179586,0.0,14.884026389593075,86.37634618399241,2.9475271563829546,0,17.279310809788257,0.0,17.279310809788257,17.279310809788257,85.5070850211329,15.744580386850322,2.0524728436170454,0.001,5000.0,-8.354211125865043e+243,0.3772188197896315,28.159797516313667,5.0,2.2471632957458496,0.0
4.684116363525391,18.743144155663952,72.66850583429779,-6.283185307179586,0.0,15.744580386850322,85.5070850211329,3.059312104370374,0,18.743144155663952,0.0,18.743144155663952,18.743144155663952,75.66706960311141,16.506427966172037,1.940687895629626,0.001,5000.0,-8.354211125865043e+243,0.34449693781066837,11.102535033943283,5.0,2.2471632957458496,0.0
4.694182634353638,18.743144155663952,72.66850583429779,-6.283185307179586,0.0,16.506427966172037,75.66706960311141,3.0675706112951997,0,18.743144155663952,0.0,18.743144155663952,18.743144155663952,74.9052220237897,17.26044421751348,1.9324293887048003,0.001,5000.0,-8.354211125865043e+243,0.44972280121057495,0.820413742659445,5.0,1.5420432090759277,-70.047796120414
4.704275369644165,20.259382324490005,75.12863490956511,-6.283185307179586,0.0,17.26044421751348,74.9052220237897,3.165514410689785,0,20.259382324490005,0.0,20.259382324490005,20.259382324490005,78.12757301654163,18.048965130860783,1.8344855893102152,0.001,5000.0,-8.354211125865043e+243,0.4097505210895175,9.704386033636629,5.0,1.5420432090759277,0.0
4.714337348937988,20.259382324490005,75.12863490956511,-6.283185307179586,0.0,18.048965130860783,78.12757301654163,3.308130848485926,0,20.259382324490005,0.0,20.259382324490005,20.259382324490005,77.33905210319433,18.827149071727042,1.6918691515140738,0.001,5000.0,-8.354211125865043e+243,0.37377546898056574,14.173795595434143,5.0,1.5420432090759277,0.0
4.724401473999023,20.259382324490005,75.12863490956511,-6.283185307179586,0.0,18.827149071727042,77.33905210319433,3.4091913910737297,0,20.259382324490005,0.0,20.259382324490005,20.259382324490005,76.56086816232806,19.59766722369414,1.5908086089262703,0.001,5000.0,-8.354211125865043e+243,0.3413979220825092,10.04166203966158,5.0,1.5420432090759277,0.0
4.734466075897217,20.259382324490005,75.12863490956511,-6.283185307179586,0.0,19.59766722369414,76.56086816232806,3.5092820929404605,0,20.259382324490005,0.0,20.259382324490005,20.259382324490005,75.79035001036098,20.360466924273158,1.4907179070595395,0.001,5000.0,-8.354211125865043e+243,0.3122581298742583,9.944824731189563,5.0,0.9349280595779419,-60.32182451319468
4.744526386260986,23.631272485705644,83.96651719524918,-6.283185307179586,0.0,20.360466924273158,75.79035001036098,3.6083688695018523,0,23.631272485705644,0.0,23.631272485705644,23.631272485705644,87.23732275668166,21.23810146650971,1.3916311304981477,0.001,5000.0,-8.354211125865043e+243,0.28603231688683245,9.849276312412364,5.0,0.9349280595779419,0.0
4.754590749740601,23.631272485705644,83.96651719524918,-6.283185307179586,0.0,21.23810146650971,87.23732275668166,3.8457074328781764,0,23.631272485705644,0.0,23.631272485705644,23.631272485705644,86.35968821444511,22.10725675868604,1.1542925671218236,0.001,5000.0,-8.354211125865043e+243,0.2624290851981492,23.58207390433207,5.0,0.9349280595779419,0.0
4.764654159545898,23.631272485705644,83.96651719524918,-6.283185307179586,0.0,22.10725675868604,86.35968821444511,3.958612828360497,0,23.631272485705644,0.0,23.631272485705644,23.631272485705644,85.49053292226878,22.96758302595614,1.041387171639503,0.001,5000.0,-8.354211125865043e+243,0.2411861766783343,11.21939756670567,5.0,0.9349280595779419,0.0
4.7747180461883545,26.09881497617173,81.80938382195632,-6.283185307179586,0.0,22.96758302595614,85.49053292226878,4.070366952856547,0,26.09881497617173,0.0,26.09881497617173,26.09881497617173,84.94061577217191,23.822415754427695,0.9296330471434526,0.001,5000.0,-8.354211125865043e+243,0.22206755901050088,11.104469720932496,5.0,0.4121958613395691,-51.94138376252636
4.784768342971802,26.09881497617173,81.80938382195632,-6.283185307179586,0.0,23.822415754427695,84.94061577217191,4.184544363341597,0,26.09881497617173,0.0,26.09881497617173,26.09881497617173,84.08578304370036,24.667502829285443,0.8154556366584034,0.001,5000.0,-8.354211125865043e+243,0.2048608031094508,11.360600880274328,5.0,0.4121958613395691,0.0
4.794835090637207,26.09881497617173,81.80938382195632,-6.283185307179586,0.0,24.667502829285443,84.08578304370036,4.294308226536966,0,26.09881497617173,0.0,26.09881497617173,26.09881497617173,83.2406959688426,25.5054659110965,0.7056917734630339,0.001,5000.0,-8.354211125865043e+243,0.18937472279850573,10.903607286450297,5.0,0.4121958613395691,0.0
4.804906368255615,26.09881497617173,81.80938382195632,-6.283185307179586,0.0,25.5054659110965,83.2406959688426,4.403172187241936,0,26.09881497617173,0.0,26.09881497617173,26.09881497617173,82.40273288703155,26.33536671051733,0.5968278127580637,0.001,5000.0,-8.354211125865043e+243,0.17543725051865516,10.809349600887725,5.0,0.4121958613395691,0.0
4.814975023269653,28.70557294614436,64.78249115965275,-6.283185307179586,0.0,26.33536671051733,82.40273288703155,4.510978668342743,0,28.70557294614436,0.0,28.70557294614436,28.70557294614436,67.15269739527977,27.011504053852498,0.48902133165725736,0.001,5000.0,-8.354211125865043e+243,0.16289352546678965,10.707138237480443,5.0,-0.037881653755903244,-44.70085770820014
4.825041055679321,28.70557294614436,64.78249115965275,-6.283185307179586,0.0,27.011504053852498,67.15269739527977,4.453137541492148,0,28.70557294614436,0.0,28.70557294614436,28.70557294614436,66.47656005194462,27.680659261818608,0.5468624585078521,0.001,5000.0,-8.354211125865043e+243,0.1516041729201107,5.7461693442434125,5.0,-0.037881653755903244,0.0
4.83510684967041,29.918900702805193,60.23560664575866,-6.283185307179586,0.0,27.680659261818608,66.47656005194462,4.5400578971740515,0,29.918900702805193,0.0,29.918900702805193,29.918900702805193,62.47384808674524,28.309508146490366,0.4599421028259485,0.001,5000.0,-8.354211125865043e+243,0.14144375562809963,8.63522100281937,5.0,-0.037881653755903244,0.0
4.8451783657073975,30.469088593932458,54.427115557127365,-6.283185307179586,0.0,28.309508146490366,62.47384808674524,4.588069621376104,0,30.469088593932458,0.0,30.469088593932458,30.469088593932458,56.58669600456946,28.879421962780512,0.4119303786238957,0.001,5000.0,-8.354211125865043e+243,0.13980457516245398,4.76708015215697,5.0,-0.037881653755903244,0.0
4.855247259140015,30.469088593932458,54.427115557127365,-6.283185307179586,0.0,28.879421962780512,56.58669600456946,4.608986034834967,0,30.469088593932458,0.0,30.469088593932458,30.469088593932458,56.01678218827931,29.443448973072424,0.3910139651650333,0.001,5000.0,-8.354211125865043e+243,0.22499904286224665,2.0773299070884748,5.0,-0.037881653755903244,0.0
4.865315675735474,31.716610019446943,62.10589910055799,-6.283185307179586,0.0,29.443448973072424,56.01678218827931,4.682250678112933,0,31.716610019446943,0.0,31.716610019446943,31.716610019446943,64.37906014693252,30.09164417065585,0.3177493218870673,0.001,5000.0,-8.354211125865043e+243,0.20749913857602198,7.276679762238833,5.0,-0.42540282011032104,-38.48878944174757
4.875383377075195,31.716610019446943,62.10589910055799,-6.283185307179586,0.0,30.09164417065585,64.37906014693252,4.8566207853611445,0,31.716610019446943,0.0,31.716610019446943,31.716610019446943,63.73086494934908,30.733267485088035,0.1433792146388555,0.001,5000.0,-8.354211125865043e+243,0.1917492247184198,17.319753672096137,5.0,-0.42540282011032104,0.0
4.885450601577759,31.716610019446943,62.10589910055799,-6.283185307179586,0.0,30.733267485088035,63.73086494934908,4.939966097405816,0,31.716610019446943,0.0,31.716610019446943,31.716610019446943,63.0892416349169,31.368401044323218,0.06003390259418406,0.001,5000.0,-8.354211125865043e+243,0.17757430224657783,8.278876866553311,5.0,-0.42540282011032104,0.0
4.895622730255127,33.39127643148185,55.45471077318276,-6.283185307179586,0.0,31.368401044323218,63.0892416349169,5.02246856255442,1,-8.354211125865043e+243,0.0002888999130063208,-8.354211125865043e+243,-8.354211125865043e+243,-100.0,30.3511881765864,-0.02246856255441987,0.001,0.0,-inf,0.16481687202192005,8.110639155810384,5.0,-0.42540282011032104,0.0
4.905690670013428,33.39127643148185,55.45471077318276,-6.283185307179586,0.0,30.3511881765864,-100.0,3.249166344722097,1,-inf,0.00035054105607230425,-inf,-inf,-100.0,29.344394200756323,1.7508336552779031,0.001,5000.0,-inf,0.15333518481972805,176.13357453497642,5.0,-0.7590623497962952,-33.140795206971674
4.9157555103302,34.33272801686055,46.851452864908545,-6.283185307179586,0.0,29.344394200756323,-100.0,3.108215188105886,1,-inf,0.00046850943433436745,-inf,-inf,-100.0,28.337910169079077,1.891784811894114,0.001,5000.0,-inf,0.14300166633775524,14.004311263768802,5.0,-0.7590623497962952,0.0
4.925825119018555,34.33272801686055,46.851452864908545,-6.283185307179586,0.0,28.337910169079077,-100.0,2.967307423671071,1,-inf,0.0006370506791814361,-inf,-inf,-100.0,27.330949300243628,2.032692576328929,0.001,5000.0,-inf,0.13370149970397974,13.993370427370708,5.0,-0.7590623497962952,0.0
4.935904264450073,35.20542728725556,43.309228209885234,-6.283185307179586,0.0,27.330949300243628,-100.0,2.826332902034108,1,-inf,0.0008055207111526175,-inf,-inf,-100.0,26.323034757091772,2.173667097965892,0.001,5000.0,-inf,0.12533134973358176,13.98675340035482,5.0,-0.7590623497962952,0.0
4.945978403091431,35.60242565121942,39.12709603513125,-6.283185307179586,0.0,26.323034757091772,-100.0,2.6852248659928484,0,35.60242565121942,0.0,35.60242565121942,35.60242565121942,48.406486929258904,26.810688417558183,2.3147751340071516,0.001,5000.0,-inf,0.11779821476022359,14.00695792114356,5.0,-0.7590623497962952,0.0
4.956044435501099,35.60242565121942,39.12709603513125,-6.283185307179586,0.0,26.810688417558183,48.406486929258904,4.237561247750735,0,35.60242565121942,0.0,35.60242565121942,35.60242565121942,47.91883326879249,27.293040946275323,0.762438752249265,0.001,5000.0,-inf,0.11101839328420124,154.21531727505047,5.0,-1.0463463068008423,-28.53993960208432
4.966108560562134,36.34442544254097,37.066001604744265,-6.283185307179586,0.0,27.293040946275323,47.91883326879249,4.30021406516647,0,36.34442544254097,0.0,36.34442544254097,36.34442544254097,46.11738610100991,27.75717208748393,0.69978593483353,0.001,5000.0,-inf,0.10491655395578112,6.2253615724932985,5.0,-1.0463463068008423,0.0
4.976176500320435,36.68169108327371,33.510876412192886,-6.283185307179586,0.0,27.75717208748393,46.11738610100991,4.34717795325785,0,36.68169108327371,0.0,36.68169108327371,36.68169108327371,42.43539540798267,28.184409092071174,0.6528220467421502,0.001,5000.0,-inf,0.11022910728323093,4.664696970664651,5.0,-1.0463463068008423,0.0
4.986248016357422,36.68169108327371,33.510876412192886,-6.283185307179586,0.0,28.184409092071174,42.43539540798267,4.370171226969791,0,36.68169108327371,0.0,36.68169108327371,36.68169108327371,42.00815840339543,28.607494933115273,0.6298287730302086,0.001,5000.0,-inf,0.19175396601599798,2.2830002581041,5.0,-1.0463463068008423,0.0
4.9963133335113525,37.30969163713704,31.218076860103064,-6.283185307179586,0.0,28.607494933115273,42.00815840339543,4.425130874670093,0,37.30969163713704,0.0,37.30969163713704,37.30969163713704,39.920273564124834,29.009305147409865,0.574869125329907,0.001,5000.0,-inf,0.1775785694143982,5.460299646776554,5.0,-1.2937008142471313,-24.574934268185803
5.006379127502441,37.30969163713704,31.218076860103064,-6.283185307179586,0.0,29.009305147409865,39.920273564124834,4.4605054562786295,0,37.30969163713704,0.0,37.30969163713704,37.30969163713704,39.51846334983024,29.407089858333652,0.5394945437213705,0.001,5000.0,-inf,0.2126921098945691,3.514335942087944,5.0,-1.2937008142471313,0.0
5.016448497772217,37.85917811556557,27.298943848607497,-6.283185307179586,0.0,29.407089858333652,39.51846334983024,4.512177213665014,0,37.85917811556557,0.0,37.85917811556557,37.85917811556557,35.751032105839414,29.76708023813398,0.487822786334986,0.001,5000.0,-inf,0.1964228989051122,5.131577844692479,5.0,-1.2937008142471313,0.0
5.026518106460571,38.10764851984635,24.630374611374467,-6.283185307179586,0.0,29.76708023813398,35.751032105839414,4.524901554397152,0,38.10764851984635,0.0,38.10764851984635,38.10764851984635,32.97094289308684,30.099084731153447,0.475098445602848,0.001,5000.0,-inf,0.3021744939264063,1.263638054461215,5.0,-1.2937008142471313,0.0
5.03661584854126,38.340127888195894,23.02779956040937,-6.283185307179586,0.0,30.099084731153447,32.97094289308684,4.543581291292352,0,38.340127888195894,0.0,38.340127888195894,38.340127888195894,31.268842717451818,30.414829440075888,0.45641870870764834,0.001,5000.0,-inf,0.378460509848409,1.8498924557524479,5.0,-1.2937008142471313,0.0
5.04668402671814,38.340127888195894,23.02779956040937,-6.283185307179586,0.0,30.414829440075888,31.268842717451818,4.570764548785143,0,38.340127888195894,0.0,38.340127888195894,38.340127888195894,30.953098008529377,30.726470745952188,0.42923545121485684,0.001,5000.0,-inf,0.41972820577744996,2.699918199224356,5.0,-1.506675362586975,-21.153235927916835
5.056761980056763,38.340127888195894,23.02779956040937,-6.283185307179586,0.0,30.726470745952188,30.953098008529377,4.6112368845186005,0,38.340127888195894,0.0,38.340127888195894,38.340127888195894,30.641456702653077,31.035273916828963,0.3887631154813995,0.001,5000.0,-inf,0.4144643695061659,4.015928073247764,5.0,-1.506675362586975,0.0
5.066833257675171,38.89961189262419,18.577583185895875,-6.283185307179586,0.0,31.035273916828963,30.641456702653077,4.651352915382586,0,38.89961189262419,0.0,38.89961189262419,38.89961189262419,26.441921161691106,31.301577845612417,0.3486470846174141,0.001,5000.0,-inf,0.4107811110458569,3.9832117020249385,5.0,-1.506675362586975,0.0
5.076905012130737,38.89961189262419,18.577583185895875,-6.283185307179586,0.0,31.301577845612417,26.441921161691106,4.646640110002649,0,38.89961189262419,0.0,38.89961189262419,38.89961189262419,26.17561723290765,31.565212235105157,0.3533598899973507,0.001,5000.0,-inf,0.5197029999412712,0.4679229821108198,5.0,-1.506675362586975,0.0
5.086975336074829,39.216246451781295,15.695901267088416,-6.283185307179586,0.0,31.565212235105157,26.17561723290765,4.680885885243799,0,39.216246451781295,0.0,39.216246451781295,39.216246451781295,23.346935483764554,31.800323438528476,0.3191141147562009,0.001,5000.0,-inf,0.5242669011079047,3.4006627225970827,5.0,-1.6900484561920166,-18.209254699559636
5.097040891647339,39.345128592656735,12.899913590321486,-6.283185307179586,0.0,31.800323438528476,23.346935483764554,4.685514636231633,0,39.345128592656735,0.0,39.345128592656735,39.345128592656735,20.444718744449744,32.006110891215066,0.3144853637683669,0.001,5000.0,-inf,0.6218402109971143,0.45986045722857744,5.0,-1.6900484561920166,0.0
5.107104778289795,39.46687156269799,12.064715674697434,-6.283185307179586,0.0,32.006110891215066,20.444718744449744,4.685302712214607,0,39.46687156269799,0.0,39.46687156269799,39.46687156269799,19.525476346180355,32.20261307180298,0.31469728778539263,0.001,5000.0,-inf,0.7096561898974029,0.02105787004115389,5.0,-1.6900484561920166,0.0
5.117168426513672,39.46687156269799,12.064715674697434,-6.283185307179586,0.0,32.20261307180298,19.525476346180355,4.703620593514221,0,39.46687156269799,0.0,39.46687156269799,39.46687156269799,19.32897416559244,32.39713306833391,0.2963794064857792,0.001,5000.0,-inf,0.7461507009087598,1.8202028620349155,5.0,-1.6900484561920166,0.0
5.12744140625,39.66284199985878,9.705967792377155,-6.283185307179586,0.0,32.39713306833391,19.32897416559244,4.728888371222672,0,39.66284199985878,0.0,39.66284199985878,39.66284199985878,16.971676723902025,32.57148275941007,0.2711116287773283,0.001,5000.0,-inf,0.758391845172581,2.459634726923191,5.0,-1.6900484561920166,0.0
5.137560606002808,39.66284199985878,9.705967792377155,-6.283185307179586,0.0,32.57148275941007,16.971676723902025,4.7297243535564295,0,39.66284199985878,0.0,39.66284199985878,39.66284199985878,16.797327032825866,32.741458266968465,0.2702756464435705,0.001,5000.0,-inf,0.8325526606553229,0.0826134827040908,5.0,-1.847934365272522,-15.602608203944113
5.147730350494385,39.833311816191376,8.486471923789132,-6.283185307179586,0.0,32.741458266968465,16.797327032825866,4.751777427703844,0,39.833311816191376,0.0,39.833311816191376,39.833311816191376,15.578325473012043,32.89988585663563,0.2482225722961564,0.001,5000.0,-inf,0.845534669986577,2.1684983497549055,5.0,-1.847934365272522,0.0
5.157838821411133,39.833311816191376,8.486471923789132,-6.283185307179586,0.0,32.89988585663563,15.578325473012043,4.761767274659109,0,39.833311816191376,0.0,39.833311816191376,39.833311816191376,15.41989788334488,33.05575744592864,0.23823272534089135,0.001,5000.0,-inf,0.8952482230184284,0.9882648956048883,5.0,-1.847934365272522,0.0
5.168045282363892,39.99173714640953,7.867812781037806,-6.283185307179586,0.0,33.05575744592864,15.41989788334488,4.782005021263459,0,39.99173714640953,0.0,39.99173714640953,39.99173714640953,14.803792481518691,33.20685177584401,0.21799497873654072,0.001,5000.0,-inf,0.9079431031032901,1.9828368224815869,5.0,-1.847934365272522,0.0
5.178109884262085,40.06293750712428,7.111565207232622,-5.6940823342911395,58.840210406446396,33.20685177584401,14.803792481518691,4.796997173433348,0,40.06293750712428,0.0,40.06293750712428,40.06293750712428,13.967650938512897,33.34743062199307,0.20300282656665214,0.001,5000.0,-inf,0.9352619340197158,1.4895921688248535,5.0,-1.9838759899139404,-13.506905292083195
5.188250541687012,40.06293750712428,7.111565207232622,-5.6940823342911395,58.840210406446396,33.34743062199307,13.967650938512897,4.808316796464159,0,40.06293750712428,0.0,40.06293750712428,40.06293750712428,13.827072092363835,33.4876462232715,0.1916832035358409,0.001,5000.0,-inf,0.9718784333624082,1.1162612596483605,5.0,-1.9838759899139404,0.0
5.198317050933838,40.21491826339281,7.5475797904298005,-2.3477082792376898,166.18567909028042,33.4876462232715,13.827072092363835,4.826541192181648,0,40.21491826339281,0.0,40.21491826339281,40.21491826339281,14.274851830551114,33.631344151220816,0.17345880781835188,0.001,5000.0,-inf,0.9824666304314337,1.810398746043462,5.0,-1.9838759899139404,0.0
5.208385705947876,40.21491826339281,7.5475797904298005,-2.3477082792376898,166.18567909028042,33.631344151220816,14.274851830551114,4.8511366994764265,0,40.21491826339281,0.0,40.21491826339281,40.21491826339281,14.131153902601795,33.77362586481639,0.14886330052357355,0.001,5000.0,-inf,0.9716192842611768,2.4427798211862832,5.0,-1.9838759899139404,0.0
5.218463659286499,40.34778632719823,6.599510344030726,0.5778347459467565,145.31070073306836,33.77362586481639,14.131153902601795,4.869619160100313,0,40.34778632719823,0.0,40.34778632719823,40.34778632719823,13.173670806412566,33.906389504501796,0.1303808398996873,0.001,5000.0,-inf,0.9814745285813291,1.8339498113226547,5.0,-2.1009225845336914,-11.614123491838184
5.228528022766113,40.39960986267681,5.160090735731864,1.8928721816612808,130.93881817413285,33.906389504501796,13.173670806412566,4.8786312386943775,0,40.39960986267681,0.0,40.39960986267681,40.39960986267681,11.65331109390688,34.023672663091894,0.12136876130562246,0.001,5000.0,-inf,1.0205849762233945,0.8954444672352238,5.0,-2.1009225845336914,0.0
5.238593101501465,40.44831745799382,4.825093572708326,3.128841720481332,122.43816675841039,34.023672663091894,11.65331109390688,4.879847283771935,0,40.44831745799382,0.0,40.44831745799382,40.44831745799382,11.249738367610249,34.136902165513995,0.12015271622806534,0.001,5000.0,-inf,1.068526478601055,0.1208182379424428,5.0,-2.1009225845336914,0.0
5.2486584186553955,40.44831745799382,4.825093572708326,3.128841720481332,122.43816675841039,34.136902165513995,11.249738367610249,4.891663686848062,0,40.44831745799382,0.0,40.44831745799382,40.44831745799382,11.136508865188148,34.24899465922967,0.1083363131519377,0.001,5000.0,-inf,1.089956946969888,1.1739722549639824,5.0,-2.1009225845336914,0.0
5.2587244510650635,40.44831745799382,4.825093572708326,3.128841720481332,122.43816675841039,34.24899465922967,11.136508865188148,4.9062243409440365,0,40.44831745799382,0.0,40.44831745799382,40.44831745799382,11.02441637147247,34.35996679172259,0.09377565905596352,0.001,5000.0,-inf,1.100462476500399,1.4465137308706983,5.0,-2.1009225845336914,0.0
5.268763542175293,40.45141841742103,0.10286266275516959,6.283185307179586,104.63348140728571,34.35996679172259,11.02441637147247,4.920639514555888,0,40.45141841742103,0.0,40.45141841742103,40.45141841742103,6.19431428845361,34.422152077229775,0.0793604854441119,0.001,5000.0,-inf,1.1102593140622234,1.4359042520455918,5.0,-2.135223627090454,-3.4167478091528722
5.278836250305176,40.45141841742103,0.10286266275516959,6.283185307179586,104.63348140728571,34.422152077229775,6.19431428845361,4.881044433696705,0,40.45141841742103,0.0,40.45141841742103,40.45141841742103,6.132129002946426,34.483919222891245,0.11895556630329462,0.001,5000.0,-inf,1.038681288807724,3.930927050463775,5.0,-2.135223627090454,0.0
5.2889015674591064,40.41945511594539,-1.585803208333081,6.283185307179586,0.0,34.483919222891245,6.132129002946426,4.889069981234239,0,40.41945511594539,0.0,40.41945511594539,40.41945511594539,4.349732684721063,34.52770066189778,0.11093001876576114,0.001,5000.0,-inf,1.07523198809709,0.7973467119612204,5.0,-2.135223627090454,0.0
5.29897403717041,40.41945511594539,-1.585803208333081,6.283185307179586,0.0,34.52770066189778,4.349732684721063,4.877375419512901,0,40.41945511594539,0.0,40.41945511594539,40.41945511594539,4.305951245714526,34.571072225398595,0.12262458048709934,0.001,5000.0,-inf,1.0964085427695318,1.1610421333125598,5.0,-2.135223627090454,0.0
5.309044599533081,40.391584572783124,-1.3866683748435669,6.283185307179586,0.0,34.571072225398595,4.305951245714526,4.883009624012949,0,40.391584572783124,0.0,40.391584572783124,40.391584572783124,4.433843972540962,34.61572352763042,0.11699037598705075,0.001,5000.0,-inf,1.134851346626589,0.559472678599678,5.0,-1.4456623792648315,68.4729633750799
5.319112777709961,40.391584572783124,-1.3866683748435669,6.283185307179586,0.0,34.61572352763042,4.433843972540962,4.890539733593669,0,40.391584572783124,0.0,40.391584572783124,40.391584572783124,4.389192670309135,34.65991470148775,0.10946026640633111,0.001,5000.0,-inf,1.1633779418359593,0.7479118315577147,5.0,-1.4456623792648315,0.0
5.329179048538208,40.349248391006235,-2.103545774702757,6.283185307179586,0.0,34.65991470148775,4.389192670309135,4.896279984911377,0,40.349248391006235,0.0,40.349248391006235,40.349248391006235,3.5857879148157275,34.69601021377094,0.10372001508862283,0.001,5000.0,-inf,1.1947766633719448,0.5702460638750646,5.0,-1.4456623792648315,0.0
5.339245319366455,40.349248391006235,-2.103545774702757,6.283185307179586,0.0,34.69601021377094,3.5857879148157275,4.893299309076089,0,40.349248391006235,0.0,40.349248391006235,40.349248391006235,3.549692402532538,34.731742378851806,0.10670069092391099,0.001,5000.0,-inf,1.2252989970347503,0.2961052693837775,5.0,-1.4456623792648315,0.0
5.349302053451538,40.349248391006235,-2.103545774702757,6.283185307179586,0.0,34.731742378851806,3.549692402532538,4.897940857064579,0,40.349248391006235,0.0,40.349248391006235,40.349248391006235,3.513960237451672,34.76708134254541,0.1020591429354214,0.001,5000.0,-inf,1.2527690973312753,0.4615363147937187,5.0,-0.8519428372383118,59.03701311016808
5.359367370605469,40.349248391006235,-2.103545774702757,6.283185307179586,0.0,34.76708134254541,3.513960237451672,4.902530990330875,0,40.349248391006235,0.0,40.349248391006235,40.349248391006235,3.4786212737580677,34.80209476892419,0.0974690096691253,0.001,5000.0,-inf,1.2774921875981478,0.4560346381637437,5.0,-0.8519428372383118,0.0
5.36943244934082,40.14679550247806,-5.025947808948477,6.283185307179586,0.0,34.80209476892419,3.4786212737580677,4.907079480386968,0,40.14679550247806,0.0,40.14679550247806,40.14679550247806,0.31875292460538773,34.80530304220747,0.09292051961303205,0.001,5000.0,-inf,1.2997429688383328,0.4519080452016338,5.0,-0.8519428372383118,0.0
5.379499912261963,40.14679550247806,-5.025947808948477,6.283185307179586,0.0,34.80530304220747,0.31875292460538773,4.8759299551551,0,40.14679550247806,0.0,40.14679550247806,40.14679550247806,0.31554465132211007,34.80847977628462,0.12407004484489992,0.001,5000.0,-inf,1.2361816831570338,3.0940789626799683,5.0,-0.8519428372383118,0.0
5.38956618309021,39.987002237733016,-7.942330830862888,6.283185307179586,0.0,34.80847977628462,0.31554465132211007,4.876342615193069,0,39.987002237733016,0.0,39.987002237733016,39.987002237733016,-2.763808369414493,34.78065853272072,0.12365738480693089,0.001,5000.0,-inf,1.2625635148413306,0.0409943309702195,5.0,-0.3407447934150696,50.783259515407025
5.399631023406982,39.914582323691505,-7.1774842897907885,6.283185307179586,0.0,34.78065853272072,-2.763808369414493,4.841654110886757,0,39.914582323691505,0.0,39.914582323691505,39.914582323691505,-2.043560498820005,34.760090422622426,0.1583458891132432,0.001,5000.0,-inf,1.1913642826377717,3.4465031947408025,5.0,-0.3407447934150696,0.0
5.409694671630859,39.914582323691505,-7.1774842897907885,6.283185307179586,0.0,34.760090422622426,-2.043560498820005,4.84597705417894,0,39.914582323691505,0.0,39.914582323691505,39.914582323691505,-2.0229923887217094,34.739731738862744,0.15402294582106002,0.001,5000.0,-inf,1.2222278543739944,0.4295602544936537,5.0,-0.3407447934150696,0.0
5.419759511947632,39.78422915601512,-6.494592946376248,6.283185307179586,0.0,34.739731738862744,-2.0229923887217094,4.8433325195535675,0,39.78422915601512,0.0,39.78422915601512,39.78422915601512,-1.4500955292238702,34.72513675891704,0.15666748044643253,0.001,5000.0,-inf,1.250005068936595,0.26274978461064574,5.0,-0.3407447934150696,0.0
5.429825067520142,39.58757589234618,-19.370695155578424,6.283185307179586,0.0,34.72513675891704,-1.4500955292238702,4.847018190956147,0,39.58757589234618,0.0,39.58757589234618,39.58757589234618,-14.508256022149283,34.57910310166589,0.15298180904385283,0.001,5000.0,-inf,1.2750045620429353,0.36616671340484197,5.0,0.09940177947282791,43.72799590814345
5.439889192581177,39.406997660881494,-18.113983654491864,6.283185307179586,0.0,34.57910310166589,-14.508256022149283,4.695991874011733,0,39.406997660881494,0.0,39.406997660881494,39.406997660881494,-13.286089095276264,34.44539023943898,0.30400812598826743,0.001,5000.0,-inf,1.1525041058386418,15.006403043334263,5.0,0.09940177947282791,0.0
5.449960231781006,39.406997660881494,-18.113983654491864,6.283185307179586,0.0,34.44539023943898,-13.286089095276264,4.689493742568695,0,39.406997660881494,0.0,39.406997660881494,39.406997660881494,-13.152376233049349,34.312932142825034,0.3105062574313049,0.001,5000.0,-inf,1.182574078494398,0.6452294856669535,5.0,0.09940177947282791,0.0
5.460038661956787,38.74078794120962,-33.08021891865324,6.283185307179586,0.0,34.312932142825034,-13.152376233049349,4.6722867376650115,0,38.74078794120962,0.0,38.74078794120962,38.74078794120962,-28.652363120268653,34.024161301746275,0.32771326233498854,0.001,5000.0,-inf,1.175414458637781,1.7073100278089506,5.0,0.09940177947282791,0.0
5.470107555389404,38.74078794120962,-33.08021891865324,6.283185307179586,0.0,34.024161301746275,-28.652363120268653,4.476858951041793,0,38.74078794120962,0.0,38.74078794120962,38.74078794120962,-28.363592279189895,33.73857131372091,0.5231410489582071,0.001,5000.0,-inf,1.062873012774003,19.409062965166513,5.0,0.09940177947282791,0.0
5.480183839797974,38.74078794120962,-33.08021891865324,6.283185307179586,0.0,33.73857131372091,-28.363592279189895,4.439764061129029,0,38.74078794120962,0.0,38.74078794120962,38.74078794120962,-28.07800229116453,33.45564937701067,0.5602359388709708,0.001,5000.0,-inf,1.004073753070155,3.681405606338033,5.0,0.4783723056316376,37.61014584269929
5.490253925323486,37.55899410376264,-39.149239174327995,1.7063994612886275,-151.61500936368168,33.45564937701067,-28.07800229116453,4.40301088986985,0,37.55899410376264,0.0,37.55899410376264,37.55899410376264,-35.045894447576025,33.10273422260549,0.5969891101301501,0.001,5000.0,-inf,0.9521748281337528,3.649737747118897,5.0,0.4783723056316376,0.0
5.50032901763916,37.55899410376264,-39.149239174327995,1.7063994612886275,-151.61500936368168,33.10273422260549,-35.045894447576025,4.283923846689008,0,37.55899410376264,0.0,37.55899410376264,37.55899410376264,-34.69297929317084,32.75319925352103,0.7160761533109916,0.001,5000.0,-inf,0.8619573453203775,11.819945609389377,5.0,0.4783723056316376,0.0
5.51040244102478,36.89374277896612,-33.07491871457943,-1.071671118443231,-138.11991826713037,32.75319925352103,-34.69297929317084,4.238518102561237,0,36.89374277896612,0.0,36.89374277896612,36.89374277896612,-28.934375189134343,32.4617310418425,0.7614818974387632,0.001,5000.0,-inf,0.7966317326704103,4.5074789760736715,5.0,0.4783723056316376,0.0
5.520474433898926,36.45327644476465,-43.793995671603014,-2.260677079816824,-118.21861941005349,32.4617310418425,-28.934375189134343,4.255298593966606,0,36.45327644476465,0.0,36.45327644476465,36.45327644476465,-39.802450268680865,32.06084104636281,0.7447014060333936,0.001,5000.0,-inf,0.8293956846520719,1.6660547336609544,5.0,0.4783723056316376,0.0
5.530545234680176,36.45327644476465,-43.793995671603014,-2.260677079816824,-118.21861941005349,32.06084104636281,-39.802450268680865,4.0904932438039845,0,36.45327644476465,0.0,36.45327644476465,36.45327644476465,-39.40156027320118,31.66403578238099,0.9095067561960155,0.001,5000.0,-inf,0.7514561161868647,16.364671860996346,5.0,0.8046696186065674,32.40033439867424
5.540613174438477,35.655207712862556,-39.622434328332744,-4.4150039968506345,-106.95780122657851,31.66403578238099,-39.40156027320118,4.038949406801327,0,35.655207712862556,0.0,35.655207712862556,35.655207712862556,-35.631262397851174,31.305302379047216,0.9610505931986726,0.001,5000.0,-inf,0.6813105045681782,5.11960125309256,5.0,0.8046696186065674,0.0
5.550689220428467,35.29428791622655,-35.80518334656845,-5.389280023089803,-96.65341739300955,31.305302379047216,-35.631262397851174,4.0264297090881,0,35.29428791622655,0.0,35.29428791622655,35.29428791622655,-31.816197809389113,30.984720906693184,0.9735702909119004,0.001,5000.0,-inf,0.7392537807267048,1.2425208981444853,5.0,0.8046696186065674,0.0
5.560772657394409,34.550005743236596,-73.94697970675712,-3.9379955494301395,144.1900765825427,30.984720906693184,-31.816197809389113,4.019698948843155,0,34.550005743236596,0.0,34.550005743236596,34.550005743236596,-70.3816948702137,30.275031522913192,0.9803010511568448,0.001,5000.0,-inf,0.8099309693006311,0.6675065523469962,5.0,0.8046696186065674,0.0
5.570838451385498,33.85593948182524,-69.15443026659788,-2.584627666345154,134.84502863680368,30.275031522913192,-70.3816948702137,3.5346874645057103,0,33.85593948182524,0.0,33.85593948182524,33.85593948182524,-65.57352230768583,29.614981956093956,1.4653125354942897,0.001,5000.0,-inf,0.7339378723705681,48.184125839135994,5.0,0.5438764095306396,-25.908856202183852
5.580903053283691,33.85593948182524,-69.15443026659788,-2.584627666345154,134.84502863680368,29.614981956093956,-65.57352230768583,3.490362250776296,0,33.85593948182524,0.0,33.85593948182524,33.85593948182524,-64.91347274086661,28.961653695127907,1.509637749223704,0.001,5000.0,-inf,0.6847462661861903,4.40407024319272,5.0,0.5438764095306396,0.0
5.591027498245239,32.178807144759695,-83.5281047530561,-0.25431731113769285,116.05906293445516,28.961653695127907,-64.91347274086661,3.4054967899092414,0,32.178807144759695,0.0,32.178807144759695,32.178807144759695,-80.3109513034243,28.148549888846837,1.5945032100907586,0.001,5000.0,-inf,0.6212716395675713,8.382233415201462,5.0,0.5438764095306396,0.0
5.601094961166382,31.41951074612154,-75.50308018002883,0.8006955947097424,104.90860244304224,28.148549888846837,-80.3109513034243,3.1376874714043144,0,31.41951074612154,0.0,31.41951074612154,31.41951074612154,-72.23211932275413,27.421355705849464,1.8623125285956856,0.001,5000.0,-inf,0.5641444756108142,26.601470559429963,5.0,0.5438764095306396,0.0
5.611160039901733,31.41951074612154,-75.50308018002883,0.8006955947097424,104.90860244304224,27.421355705849464,-72.23211932275413,3.116668605591384,0,31.41951074612154,0.0,31.41951074612154,31.41951074612154,-71.50492513975675,26.701653004352394,1.883331394408616,0.001,5000.0,-inf,0.6065515944994073,2.0882962136307897,5.0,0.07549647986888885,-46.53514810735266
5.621227979660034,29.228788137886752,-108.65287814078127,2.8354195421946593,100.91584041045995,26.701653004352394,-71.50492513975675,3.0231821692117684,0,29.228788137886752,0.0,29.228788137886752,29.228788137886752,-100.0,25.694859028522316,1.9768178307882316,0.001,5000.0,-inf,0.5508964350494666,9.285557782816303,5.0,0.07549647986888885,0.0
5.631296396255493,29.228788137886752,-108.65287814078127,2.8354195421946593,100.91584041045995,25.694859028522316,-100.0,2.5972802639931247,0,29.228788137886752,0.0,29.228788137886752,29.228788137886752,-100.0,24.688017368976418,2.4027197360068753,0.001,5000.0,-inf,0.5008067915445199,42.30078296628411,5.0,0.07549647986888885,0.0
5.641369342803955,27.318724518717186,-95.00495076414616,4.609469881810958,88.23976514543558,24.688017368976418,-100.0,2.456322431656699,0,27.318724518717186,0.0,27.318724518717186,27.318724518717186,-92.37424361440539,23.757536550593912,2.543677568343301,0.001,5000.0,-inf,0.45572611239006794,13.993703992993916,5.0,0.07549647986888885,0.0
5.651443958282471,26.286365694281354,-102.34292341503016,5.484981704373901,86.79389112063723,23.757536550593912,-92.37424361440539,2.402312680939094,0,26.286365694281354,0.0,26.286365694281354,26.286365694281354,-99.81409427134271,22.751947931473826,2.597687319060906,0.001,5000.0,-inf,0.41515350115106114,5.360973908411923,5.0,0.02965552732348442,-4.5501441363356685
5.661484003067017,26.286365694281354,-102.34292341503016,5.484981704373901,86.79389112063723,22.751947931473826,-99.81409427134271,2.1871317676929087,0,26.286365694281354,0.0,26.286365694281354,26.286365694281354,-98.80850565222264,21.759906109631455,2.8128682323070913,0.001,5000.0,-inf,0.37863815103595505,21.4322662760829,5.0,0.02965552732348442,0.0
5.671553611755371,24.42621406951825,-92.60143613775467,6.283185307179586,39.73590053958622,21.759906109631455,-98.80850565222264,2.058301798826178,0,24.42621406951825,0.0,24.42621406951825,24.42621406951825,-89.93512817786788,20.85429456154332,2.941698201173822,0.001,5000.0,-inf,0.34577433593235957,12.793939948800876,5.0,0.02965552732348442,0.0
5.681617736816406,24.42621406951825,-92.60143613775467,6.283185307179586,39.73590053958622,20.85429456154332,-89.93512817786788,2.0202499568373864,0,24.42621406951825,0.0,24.42621406951825,24.42621406951825,-89.02951662977975,19.958290372057707,2.9797500431626136,0.001,5000.0,-inf,0.35547775984231605,3.780938905073339,5.0,0.02965552732348442,0.0
5.691682815551758,22.380952945132364,-101.70423269418262,6.283185307179586,0.0,19.958290372057707,-89.02951662977975,1.903865485790282,0,22.380952945132364,0.0,22.380952945132364,22.380952945132364,-99.28157012110796,18.959013551819428,3.096134514209718,0.001,5000.0,-inf,0.32492998385808447,11.56319529208723,5.0,0.02965552732348442,0.0
5.701747894287109,22.380952945132364,-101.70423269418262,6.283185307179586,0.0,18.959013551819428,-99.28157012110796,1.6614461960436406,0,22.380952945132364,0.0,22.380952945132364,22.380952945132364,-98.28229330086968,17.96979453145526,3.3385538039563594,0.001,5000.0,-inf,0.29743698547227604,24.085185632497076,5.0,0.4183199405670166,38.61513888395395
5.711812973022461,22.380952945132364,-101.70423269418262,6.283185307179586,0.0,17.96979453145526,-98.28229330086968,1.53294830139504,0,22.380952945132364,0.0,22.380952945132364,22.380952945132364,-97.29307428050552,16.990532078417566,3.46705169860496,0.001,5000.0,-inf,0.27269328692504846,12.766705360910654,5.0,0.4183199405670166,0.0
5.721882343292236,22.380952945132364,-101.70423269418262,6.283185307179586,0.0,16.990532078417566,-97.29307428050552,1.4057437481734043,0,22.380952945132364,0.0,22.380952945132364,22.380952945132364,-96.31381182746782,16.02071264503332,3.5942562518265957,0.001,5000.0,-inf,0.2504239582325436,12.632821101380866,5.0,0.4183199405670166,0.0
5.73194694519043,22.380952945132364,-101.70423269418262,6.283185307179586,0.0,16.02071264503332,-96.31381182746782,1.2797616520299866,0,22.380952945132364,0.0,22.380952945132364,22.380952945132364,-95.34399239408359,15.061113318202494,3.7202383479700134,0.001,5000.0,-inf,0.23038156240928925,12.517345188390616,5.0,0.4183199405670166,0.0
5.742011308670044,16.001979383366983,-126.75637007351243,6.283185307179586,0.0,15.061113318202494,-95.34399239408359,1.1551159406075135,0,16.001979383366983,0.0,16.001979383366983,16.001979383366983,-100.0,14.054676970241069,3.8448840593924865,0.001,5000.0,-inf,0.21234340616836034,12.384857887430991,5.0,0.7529639005661011,33.250384952502785
5.752077341079712,16.001979383366983,-126.75637007351243,6.283185307179586,0.0,14.054676970241069,-100.0,0.9676547758337497,0,16.001979383366983,0.0,16.001979383366983,16.001979383366983,-100.0,13.048073729274272,4.03234522416625,0.001,5000.0,-inf,0.19610906555152433,18.623143374117877,5.0,0.7529639005661011,0.0
5.76215934753418,16.001979383366983,-126.75637007351243,6.283185307179586,0.0,13.048073729274272,-100.0,0.8267303220983981,0,16.001979383366983,0.0,16.001979383366983,16.001979383366983,-100.0,12.039873083827494,4.173269677901602,0.001,5000.0,-inf,0.1814981589963719,13.977818242012912,5.0,0.7529639005661011,0.0
5.772226095199585,16.001979383366983,-126.75637007351243,6.283185307179586,0.0,12.039873083827494,-100.0,0.6855822317358493,0,16.001979383366983,0.0,16.001979383366983,16.001979383366983,-100.0,11.033198317286967,4.314417768264151,0.001,5000.0,-inf,0.16834834309673471,14.021220661724653,5.0,0.7529639005661011,0.0
5.782292127609253,12.23465109424241,-93.56094045988084,6.283185307179586,0.0,11.033198317286967,-100.0,0.5446477644201755,0,12.23465109424241,0.0,12.23465109424241,12.23465109424241,-92.35948768292539,10.10350472093031,4.4553522355798245,0.001,5000.0,-inf,0.15651350878706125,14.000994789199432,5.0,1.0410956144332886,28.62415916627191
5.792356491088867,11.443273908896755,-78.89701918195483,6.283185307179586,0.0,10.10350472093031,-92.35948768292539,0.49089578410098955,0,11.443273908896755,0.0,11.443273908896755,11.443273908896755,-77.55724999398839,9.3229403665115,4.5091042158990104,0.001,5000.0,-inf,0.14586215790835513,5.340822639013641,5.0,1.0410956144332886,0.0
5.802420616149902,10.701282453847872,-73.78755548942198,6.283185307179586,0.0,9.3229403665115,-77.55724999398839,0.5296391513717261,0,10.701282453847872,0.0,10.701282453847872,10.701282453847872,-72.4092134020856,8.594204987261726,4.470360848628274,0.001,5000.0,-inf,0.1733427491024616,3.8496508177086963,5.0,1.0410956144332886,0.0
5.812484502792358,10.701282453847872,-73.78755548942198,6.283185307179586,0.0,8.594204987261726,-72.4092134020856,0.4790965641957857,0,10.701282453847872,0.0,10.701282453847872,10.701282453847872,-71.68047802283583,7.872820781962844,4.520903435804215,0.001,5000.0,-inf,0.16100847419221545,5.022173735812834,5.0,1.0410956144332886,0.0
5.822549819946289,9.357800033399043,-66.76350904028581,6.283185307179586,0.0,7.872820781962844,-71.68047802283583,0.38539012924644,0,9.357800033399043,0.0,9.357800033399043,9.357800033399043,-65.27852978884961,7.215771676295762,4.61460987075356,0.001,5000.0,-inf,0.1499076267729939,9.30983430688539,5.0,1.0410956144332886,0.0
5.832614898681641,9.357800033399043,-66.76350904028581,6.283185307179586,0.0,7.215771676295762,-65.27852978884961,0.3574227367929107,0,9.357800033399043,0.0,9.357800033399043,9.357800033399043,-64.62148068318253,6.565351385224529,4.642577263207089,0.001,5000.0,-inf,0.2114935007820266,2.778656102837971,5.0,1.2891796827316284,24.648000758006443
5.842682123184204,9.357800033399043,-66.76350904028581,6.283185307179586,0.0,6.565351385224529,-64.62148068318253,0.27293438709960893,0,9.357800033399043,0.0,9.357800033399043,9.357800033399043,-63.9710603921113,5.921340358590099,4.727065612900391,0.001,5000.0,-inf,0.19534415070382397,8.392417361089743,5.0,1.2891796827316284,0.0
5.852753400802612,7.651528792850098,-56.50706900370629,6.283185307179586,0.0,5.921340358590099,-63.9710603921113,0.18927704628150088,0,7.651528792850098,0.0,7.651528792850098,7.651528792850098,-54.77688056944629,5.369667187304815,4.810722953718499,0.001,5000.0,-inf,0.18080973563344158,8.306527134670562,5.0,1.2891796827316284,0.0
5.862821102142334,7.651528792850098,-56.50706900370629,6.283185307179586,0.0,5.369667187304815,-54.77688056944629,0.2039846005282112,0,7.651528792850098,0.0,7.651528792850098,7.651528792850098,-54.22520739816101,4.823743994135663,4.796015399471789,0.001,5000.0,-inf,0.2817675509805989,1.4608651717430583,5.0,1.2891796827316284,0.0
5.872887372970581,7.651528792850098,-56.50706900370629,6.283185307179586,0.0,4.823743994135663,-54.22520739816101,0.13307208519738278,0,7.651528792850098,0.0,7.651528792850098,7.651528792850098,-53.67928420499186,4.28339378146177,4.866927914802617,0.001,5000.0,-inf,0.258590795882539,7.0445666067159705,5.0,1.5027825832366943,21.21966556926648
5.882952451705933,7.651528792850098,-56.50706900370629,6.283185307179586,0.0,4.28339378146177,-53.67928420499186,0.06288228735472923,0,7.651528792850098,0.0,7.651528792850098,7.651528792850098,-53.138933992317966,3.7485462269164405,4.9371177126452706,0.001,5000.0,-inf,0.23773171629428513,6.973596500157125,5.0,1.5027825832366943,0.0
5.89301609992981,5.850565589429763,-44.73879229077318,6.283185307179586,0.0,3.7485462269164405,-53.138933992317966,-0.006592868154878029,0,5.850565589429763,0.0,5.850565589429763,5.850565589429763,-42.63677292825986,3.3194647427651134,5.006592868154878,0.001,5000.0,-inf,0.21895854466485662,6.903575518942614,5.0,1.5027825832366943,0.0
5.903080224990845,5.850565589429763,-44.73879229077318,6.283185307179586,0.0,3.3194647427651134,-42.63677292825986,0.038357334704517354,0,5.850565589429763,0.0,5.850565589429763,5.850565589429763,-42.207691444108534,2.8946812575340215,4.961642665295483,0.001,5000.0,-inf,0.2192571253256852,4.466379599497145,5.0,1.5027825832366943,0.0
5.9131457805633545,5.850565589429763,-44.73879229077318,6.283185307179586,0.0,2.8946812575340215,-42.207691444108534,-0.016821538386322332,0,5.850565589429763,0.0,5.850565589429763,5.850565589429763,-41.782907958877445,2.47411307549288,5.016821538386322,0.001,5000.0,-inf,0.2023314127931167,5.481950071542974,5.0,1.6866966485977173,18.271625846795207
5.923213720321655,3.923088987852841,-63.769850679554246,6.283185307179586,0.0,2.47411307549288,-41.782907958877445,-0.07145324901977124,0,3.923088987852841,0.0,3.923088987852841,3.923088987852841,-62.32087476719428,1.8466702626521607,5.071453249019771,0.001,5000.0,-inf,0.18709827151380504,5.426304879149315,5.0,1.6866966485977173,0.0
5.933284521102905,3.362862787699945,-55.672257971570886,6.283185307179586,0.0,1.8466702626521607,-62.32087476719428,-0.36467491090064036,0,3.362862787699945,0.0,3.362862787699945,3.362862787699945,-54.1560654465231,1.3012753164438897,5.36467491090064,0.001,5000.0,-inf,0.17338844436242454,29.116022474279756,5.0,1.6866966485977173,0.0
5.9433557987213135,3.362862787699945,-55.672257971570886,6.283185307179586,0.0,1.3012753164438897,-54.1560654465231,-0.35938211016308647,0,3.362862787699945,0.0,3.362862787699945,3.362862787699945,-53.61067050031483,0.761347370526212,5.359382110163087,0.001,5000.0,-inf,0.30522683154302915,0.5255341912012983,5.0,1.6866966485977173,0.0
5.953427791595459,2.1971520279747763,-57.85112052579766,6.283185307179586,0.0,0.761347370526212,-53.61067050031483,-0.4295180731294787,0,2.1971520279747763,0.0,2.1971520279747763,2.1971520279747763,-56.4153158683491,0.19313271110753194,5.429518073129478,0.001,5000.0,-inf,0.27970414838872626,6.963464315630035,5.0,1.845048427581787,15.721990768138241
5.963496208190918,2.1971520279747763,-57.85112052579766,6.283185307179586,0.0,0.19313271110753194,-56.4153158683491,-0.5371145791284365,0,2.1971520279747763,0.0,2.1971520279747763,2.1971520279747763,-55.84710120893042,-0.36915916951274064,5.537114579128437,0.001,5000.0,-inf,0.2567337335498536,10.686536952343186,5.0,1.845048427581787,0.0
5.973620414733887,1.1808589951859205,-50.589151822910374,6.283185307179586,0.0,-0.36915916951274064,-55.84710120893042,0.0,0,1.1808589951859205,0.0,1.1808589951859205,1.1808589951859205,-49.03913365821171,-0.8656414873567266,5.0,0.001,5000.0,-inf,0.23606036019486829,53.052511013958124,5.0,1.845048427581787,0.0
5.983695030212402,0.6735708505256468,-50.37575335135462,6.283185307179586,0.0,-0.8656414873567266,-49.03913365821171,0.0,0,0.6735708505256468,0.0,0.6735708505256468,0.6735708505256468,-48.83654101347224,-1.3576508593682173,5.0,0.001,5000.0,-inf,0.3624543241753815,0.0,5.0,1.845048427581787,0.0
5.993771314620972,0.6735708505256468,-50.37575335135462,6.283185307179586,0.0,-1.3576508593682173,-48.83654101347224,0.0,0,0.6735708505256468,0.0,0.6735708505256468,0.6735708505256468,-48.344531641460755,-1.844784109786655,5.0,0.001,5000.0,-inf,0.47620889175784337,0.0,5.0,1.845048427581787,0.0
6.003842353820801,-0.24339530039854435,-45.57885324697138,6.283185307179586,0.0,-1.844784109786655,-48.344531641460755,0.0,0,-0.24339530039854435,0.0,-0.24339530039854435,-0.24339530039854435,-43.977464437583265,-2.2876828780466463,5.0,0.001,5000.0,-inf,0.5785880025820591,0.0,5.0,1.9813908338546753,13.538067280604153
6.013875961303711,-0.24339530039854435,-45.57885324697138,6.283185307179586,0.0,-2.2876828780466463,-43.977464437583265,0.0,0,-0.24339530039854435,0.0,-0.24339530039854435,-0.24339530039854435,-43.53456566932328,-2.724491621911612,5.0,0.001,5000.0,-inf,0.6707292023238532,0.0,5.0,1.9813908338546753,0.0
6.023946285247803,-1.1827205171088688,-46.67419546918033,6.283185307179586,0.0,-2.724491621911612,-43.53456566932328,0.0,0,-1.1827205171088688,0.0,-1.1827205171088688,-1.1827205171088688,-45.13242436437759,-3.1789897556431157,5.0,0.001,5000.0,-inf,0.753656282091468,0.0,5.0,1.9813908338546753,0.0
6.034020900726318,-1.1827205171088688,-46.67419546918033,6.283185307179586,0.0,-3.1789897556431157,-45.13242436437759,0.0,0,-1.1827205171088688,0.0,-1.1827205171088688,-1.1827205171088688,-44.67792623064609,-3.629102682794362,5.0,0.001,5000.0,-inf,0.8282906538823211,0.0,5.0,1.9813908338546753,0.0
6.044103145599365,-1.1827205171088688,-46.67419546918033,6.283185307179586,0.0,-3.629102682794362,-44.67792623064609,0.0,0,-1.1827205171088688,0.0,-1.1827205171088688,-1.1827205171088688,-44.22781330349484,-4.075018326719597,5.0,0.001,5000.0,-inf,0.8954615884940891,0.0,5.0,2.098783254623413,11.643480419977298
6.0541672706604,-2.4267419460858264,-41.20218933854317,6.283185307179586,0.0,-4.075018326719597,-44.22781330349484,0.0,0,-2.4267419460858264,0.0,-2.4267419460858264,-2.4267419460858264,-39.553912957909404,-4.473093853381297,5.0,0.001,5000.0,-inf,0.9559154296446802,0.0,5.0,2.098783254623413,0.0
6.064235687255859,-2.788624436942078,-35.97471508646993,6.283185307179586,0.0,-4.473093853381297,-39.553912957909404,0.0,0,-2.788624436942078,0.0,-2.788624436942078,-2.788624436942078,-34.29024567003071,-4.818342331947799,5.0,0.001,5000.0,-inf,1.0103238866802122,0.0,5.0,2.098783254623413,0.0
6.0743067264556885,-2.788624436942078,-35.97471508646993,6.283185307179586,0.0,-4.818342331947799,-34.29024567003071,0.0,0,-2.788624436942078,0.0,-2.788624436942078,-2.788624436942078,-33.9449971914642,-5.1602037293011245,5.0,0.001,5000.0,-inf,1.059291498012191,0.0,5.0,2.098783254623413,0.0
6.084371089935303,-3.4628175074955663,-33.48217643026876,6.283185307179586,0.0,-5.1602037293011245,-33.9449971914642,0.0,0,-3.4628175074955663,0.0,-3.4628175074955663,-3.4628175074955663,-31.7847902084632,-5.480097411082382,5.0,0.001,5000.0,-inf,1.103362348210972,0.0,5.0,2.098783254623413,0.0
6.094749689102173,-3.4628175074955663,-33.48217643026876,6.283185307179586,0.0,-5.480097411082382,-31.7847902084632,0.0,0,-3.4628175074955663,0.0,-3.4628175074955663,-3.4628175074955663,-31.464896526681944,-5.806658959959858,5.0,0.001,5000.0,-inf,1.1430261133898747,0.0,5.0,2.199859142303467,9.738875743722865
6.104815483093262,-4.050531636215614,-29.282408602159713,6.283185307179586,0.0,-5.806658959959858,-31.464896526681944,0.0,0,-4.050531636215614,0.0,-4.050531636215614,-4.050531636215614,-27.526281278415468,-6.083732836649155,5.0,0.001,5000.0,-inf,1.1787235020508873,0.0,5.0,2.199859142303467,0.0
6.114881277084351,-4.050531636215614,-29.282408602159713,6.283185307179586,0.0,-6.083732836649155,-27.526281278415468,0.0,0,-4.050531636215614,0.0,-4.050531636215614,-4.050531636215614,-27.24920740172617,-6.358017744775385,5.0,0.001,5000.0,-inf,1.2108511518457985,0.0,5.0,2.199859142303467,0.0
6.1249473094940186,-4.572352811891103,-25.88220196090971,6.283185307179586,0.0,-6.358017744775385,-27.24920740172617,0.0,0,-4.572352811891103,0.0,-4.572352811891103,-4.572352811891103,-24.09653702802543,-6.600574267460253,5.0,0.001,5000.0,-inf,1.2397660366612189,0.0,5.0,2.199859142303467,0.0
6.135331153869629,-4.807040720161492,-23.390738122522805,6.283185307179586,0.0,-6.600574267460253,-24.09653702802543,0.0,0,-4.807040720161492,0.0,-4.807040720161492,-4.807040720161492,-21.597204575224044,-6.824836278717599,5.0,0.001,5000.0,-inf,1.265789432995097,0.0,5.0,2.28688645362854,8.381030009413818
6.1453986167907715,-4.807040720161492,-23.390738122522805,6.283185307179586,0.0,-6.824836278717599,-21.597204575224044,0.0,0,-4.807040720161492,0.0,-4.807040720161492,-4.807040720161492,-21.3729425639667,-7.040007585496044,5.0,0.001,5000.0,-inf,1.2892104896955874,0.0,5.0,2.28688645362854,0.0
6.155465364456177,-5.241380931286935,-21.567652277034686,6.283185307179586,0.0,-7.040007585496044,-21.3729425639667,0.0,0,-5.241380931286935,0.0,-5.241380931286935,-5.241380931286935,-19.769025622825577,-7.23901737803196,5.0,0.001,5000.0,-inf,1.3102894407260286,0.0,5.0,2.28688645362854,0.0
6.165527820587158,-5.241380931286935,-21.567652277034686,6.283185307179586,0.0,-7.23901737803196,-19.769025622825577,0.0,0,-5.241380931286935,0.0,-5.241380931286935,-5.241380931286935,-19.570015830289663,-7.435939803806861,5.0,0.001,5000.0,-inf,1.3292604966534256,0.0,5.0,2.28688645362854,0.0
6.17559552192688,-5.6205900730342275,-18.859976759598705,6.283185307179586,0.0,-7.435939803806861,-19.570015830289663,0.0,0,-5.6205900730342275,0.0,-5.6205900730342275,-5.6205900730342275,-17.04462702882607,-7.60754001818003,5.0,0.001,5000.0,-inf,1.3463344469880831,0.0,5.0,2.3618175983428955,7.44272621782272
6.185664653778076,-5.787926584775751,-16.612468947040565,6.283185307179586,0.0,-7.60754001818003,-17.04462702882607,0.0,0,-5.787926584775751,0.0,-5.787926584775751,-5.787926584775751,-14.792855513636287,-7.75649123080253,5.0,0.001,5000.0,-inf,1.361701002289275,0.0,5.0,2.3618175983428955,0.0
6.195734024047852,-5.787926584775751,-16.612468947040565,6.283185307179586,0.0,-7.75649123080253,-14.792855513636287,0.0,0,-5.787926584775751,0.0,-5.787926584775751,-5.787926584775751,-14.643904301013787,-7.903946125404594,5.0,0.001,5000.0,-inf,1.3755309020603477,0.0,5.0,2.3618175983428955,0.0
6.205798625946045,-5.787926584775751,-16.612468947040565,6.283185307179586,0.0,-7.903946125404594,-14.643904301013787,0.0,0,-5.787926584775751,0.0,-5.787926584775751,-5.787926584775751,-14.496449406411722,-8.049847117617428,5.0,0.001,5000.0,-inf,1.387977811854313,0.0,5.0,2.3618175983428955,0.0
6.215868711471558,-6.2062435817130295,-13.87510500756815,6.283185307179586,0.0,-8.049847117617428,-14.496449406411722,0.0,0,-6.2062435817130295,0.0,-6.2062435817130295,-6.2062435817130295,-12.031501471663752,-8.171005366437415,5.0,0.001,5000.0,-inf,1.3991800306688815,0.0,5.0,2.4263346195220947,6.406799725359282
6.2259368896484375,-6.2062435817130295,-13.87510500756815,6.283185307179586,0.0,-8.171005366437415,-12.031501471663752,0.0,0,-6.2062435817130295,0.0,-6.2062435817130295,-6.2062435817130295,-11.910343222843764,-8.2909208241528,5.0,0.001,5000.0,-inf,1.4092620276019936,0.0,5.0,2.4263346195220947,0.0
6.23600435256958,-6.2062435817130295,-13.87510500756815,6.283185307179586,0.0,-8.2909208241528,-11.910343222843764,0.0,0,-6.2062435817130295,0.0,-6.2062435817130295,-6.2062435817130295,-11.790427765128381,-8.409620518502638,5.0,0.001,5000.0,-inf,1.4183358248417943,0.0,5.0,2.4263346195220947,0.0
6.246068716049194,-6.560550506719663,-11.716476022446484,6.283185307179586,0.0,-8.409620518502638,-11.790427765128381,0.0,0,-6.560550506719663,0.0,-6.560550506719663,-6.560550506719663,-9.867406010663508,-8.508929679194887,5.0,0.001,5000.0,-inf,1.426502242357615,0.0,5.0,2.4263346195220947,0.0
6.256135702133179,-6.560550506719663,-11.716476022446484,6.283185307179586,0.0,-8.508929679194887,-9.867406010663508,0.0,0,-6.560550506719663,0.0,-6.560550506719663,-6.560550506719663,-9.76809684997126,-8.60726497425056,5.0,0.001,5000.0,-inf,1.4338520181218537,0.0,5.0,2.4263346195220947,0.0
6.266203165054321,-6.759394725901104,-9.897503161331468,6.283185307179586,0.0,-8.60726497425056,-9.76809684997126,0.0,0,-6.759394725901104,0.0,-6.759394725901104,-6.759394725901104,-8.049632912982013,-8.688304355130816,5.0,0.001,5000.0,-inf,1.4404668163096686,0.0,5.0,2.4818837642669678,5.517690522426941
6.276268720626831,-6.759394725901104,-9.897503161331468,6.283185307179586,0.0,-8.688304355130816,-8.049632912982013,0.0,0,-6.759394725901104,0.0,-6.759394725901104,-6.759394725901104,-7.968593532101756,-8.768512676162926,5.0,0.001,5000.0,-inf,1.4464201346787018,0.0,5.0,2.4818837642669678,0.0
6.2863311767578125,-6.944832062898996,-9.20069278192001,6.283185307179586,0.0,-8.768512676162926,-7.968593532101756,0.0,0,-6.944832062898996,0.0,-6.944832062898996,-6.944832062898996,-7.37701216865608,-8.842743537487744,5.0,0.001,5000.0,-inf,1.4517781212108316,0.0,5.0,2.4818837642669678,0.0
6.296395540237427,-6.944832062898996,-9.20069278192001,6.283185307179586,0.0,-8.842743537487744,-7.37701216865608,0.0,0,-6.944832062898996,0.0,-6.944832062898996,-6.944832062898996,-7.302781307331262,-8.916241382976859,5.0,0.001,5000.0,-inf,1.4566003090897484,0.0,5.0,2.4818837642669678,0.0
6.306461572647095,-7.106594347576436,-8.045156137165609,6.283185307179586,0.0,-8.916241382976859,-7.302781307331262,0.0,0,-7.106594347576436,0.0,-7.106594347576436,-7.106594347576436,-6.235509101765187,-8.979008219686007,5.0,0.001,5000.0,-inf,1.4609402781807734,0.0,5.0,2.529712200164795,4.751468498342018
6.316526889801025,-7.106594347576436,-8.045156137165609,6.283185307179586,0.0,-8.979008219686007,-6.235509101765187,0.0,0,-7.106594347576436,0.0,-7.106594347576436,-7.106594347576436,-6.172742265056039,-9.041138828293269,5.0,0.001,5000.0,-inf,1.464846250362696,0.0,5.0,2.529712200164795,0.0
6.3265910148620605,-7.254802720404425,-7.370186035591427,6.283185307179586,0.0,-9.041138828293269,-6.172742265056039,0.0,0,-7.254802720404425,0.0,-7.254802720404425,-7.254802720404425,-5.583849927702583,-9.09733539228772,5.0,0.001,5000.0,-inf,1.4683616253264264,0.0,5.0,2.529712200164795,0.0
6.33673095703125,-7.3219005150227465,-6.661030730385951,6.283185307179586,0.0,-9.09733539228772,-5.583849927702583,0.0,0,-7.3219005150227465,0.0,-7.3219005150227465,-7.3219005150227465,-4.885595853120978,-9.146875051700396,5.0,0.001,5000.0,-inf,1.471525462793784,0.0,5.0,2.529712200164795,0.0
6.3469133377075195,-7.391299816817436,-6.836435932046434,6.283185307179586,0.0,-9.146875051700396,-4.885595853120978,0.0,0,-7.391299816817436,0.0,-7.391299816817436,-7.391299816817436,-5.080860697163473,-9.198610309482012,5.0,0.001,5000.0,-inf,1.4743729165144055,0.0,5.0,2.529712200164795,0.0
6.356977939605713,-7.391299816817436,-6.836435932046434,6.283185307179586,0.0,-9.198610309482012,-5.080860697163473,0.0,0,-7.391299816817436,0.0,-7.391299816817436,-7.391299816817436,-5.029125439381858,-9.249226454925466,5.0,0.001,5000.0,-inf,1.476935624862965,0.0,5.0,2.570892810821533,4.091628369735159
6.367042303085327,-7.391299816817436,-6.836435932046434,6.283185307179586,0.0,-9.249226454925466,-5.029125439381858,0.0,0,-7.391299816817436,0.0,-7.391299816817436,-7.391299816817436,-4.978509293938403,-9.2993319820463,5.0,0.001,5000.0,-inf,1.4792420623766684,0.0,5.0,2.570892810821533,0.0
6.37712025642395,-7.5797392983810825,-6.2651399977830815,6.283185307179586,0.0,-9.2993319820463,-4.978509293938403,0.0,0,-7.5797392983810825,0.0,-7.5797392983810825,-7.5797392983810825,-4.545547314117863,-9.345141795776485,5.0,0.001,5000.0,-inf,1.4813178561390017,0.0,5.0,2.570892810821533,0.0
6.3872175216674805,-7.5797392983810825,-6.2651399977830815,6.283185307179586,0.0,-9.345141795776485,-4.545547314117863,0.0,0,-7.5797392983810825,0.0,-7.5797392983810825,-7.5797392983810825,-4.499737500387679,-9.39057683884416,5.0,0.001,5000.0,-inf,1.4831860705251017,0.0,5.0,2.570892810821533,0.0
6.397339582443237,-7.686210420027429,-5.295155703445221,6.283185307179586,0.0,-9.39057683884416,-4.499737500387679,0.0,0,-7.686210420027429,0.0,-7.686210420027429,-7.686210420027429,-3.5907892846284897,-9.426923026216103,5.0,0.001,5000.0,-inf,1.4848674634725914,0.0,5.0,2.6063499450683594,3.502956071134142
6.407494783401489,-7.686210420027429,-5.295155703445221,6.283185307179586,0.0,-9.426923026216103,-3.5907892846284897,0.0,0,-7.686210420027429,0.0,-7.686210420027429,-7.686210420027429,-3.554443097256546,-9.463019110163415,5.0,0.001,5000.0,-inf,1.4863807171253325,0.0,5.0,2.6063499450683594,0.0
6.417622804641724,-7.791834263816333,-5.241644014945469,6.283185307179586,0.0,-9.463019110163415,-3.554443097256546,0.0,0,-7.791834263816333,0.0,-7.791834263816333,-7.791834263816333,-3.5704591685983864,-9.499180796460369,5.0,0.001,5000.0,-inf,1.487742645412799,0.0,5.0,2.6063499450683594,0.0
6.4279091358184814,-7.791834263816333,-5.241644014945469,6.283185307179586,0.0,-9.499180796460369,-3.5704591685983864,0.0,0,-7.791834263816333,0.0,-7.791834263816333,-7.791834263816333,-3.534297482301433,-9.535535750840502,5.0,0.001,5000.0,-inf,1.488968380871519,0.0,5.0,2.6063499450683594,0.0
6.4379754066467285,-7.884388708777186,-4.582008176257742,6.283185307179586,0.0,-9.535535750840502,-3.534297482301433,0.0,0,-7.884388708777186,0.0,-7.884388708777186,-7.884388708777186,-2.9308611341944255,-9.565038592777286,5.0,0.001,5000.0,-inf,1.4900715427843672,0.0,5.0,2.636878490447998,3.032756211364013
6.44807505607605,-7.9271346879730284,-4.280827838332458,6.283185307179586,0.0,-9.565038592777286,-2.9308611341944255,0.0,0,-7.9271346879730284,0.0,-7.9271346879730284,-7.9271346879730284,-2.6429239335282,-9.591731197974282,5.0,0.001,5000.0,-inf,1.4910643885059307,0.0,5.0,2.636878490447998,0.0
6.458138942718506,-7.9271346879730284,-4.280827838332458,6.283185307179586,0.0,-9.591731197974282,-2.6429239335282,0.0,0,-7.9271346879730284,0.0,-7.9271346879730284,-7.9271346879730284,-2.616231328331205,-9.61806065349305,5.0,0.001,5000.0,-inf,1.4919579496553377,0.0,5.0,2.636878490447998,0.0
6.468202114105225,-8.004969185771811,-3.8746845345134364,6.283185307179586,0.0,-9.61806065349305,-2.616231328331205,0.0,0,-8.004969185771811,0.0,-8.004969185771811,-8.004969185771811,-2.261593066792198,-9.640819452131195,5.0,0.001,5000.0,-inf,1.492762154689804,0.0,5.0,2.636878490447998,0.0
6.478413343429565,-8.018463108405012,-1.3326178728102407,6.283185307179586,0.0,-9.640819452131195,-2.261593066792198,0.0,0,-8.018463108405012,0.0,-8.018463108405012,-8.018463108405012,0.28973847091594274,-9.637860866160588,5.0,0.001,5000.0,-inf,1.4934859392208235,0.0,5.0,2.6631641387939453,2.574190385019496
6.488541603088379,-8.018463108405012,-1.3326178728102407,6.283185307179586,0.0,-9.637860866160588,0.28973847091594274,0.0,0,-8.018463108405012,0.0,-8.018463108405012,-8.018463108405012,0.286779884945336,-9.634956285020937,5.0,0.001,5000.0,-inf,1.4941373452987414,0.0,5.0,2.6631641387939453,0.0
6.498611688613892,-8.018463108405012,-1.3326178728102407,6.283185307179586,0.0,-9.634956285020937,0.286779884945336,0.0,0,-8.018463108405012,0.0,-8.018463108405012,-8.018463108405012,0.28387530380568493,-9.632097636433032,5.0,0.001,5000.0,-inf,1.4947236107688675,0.0,5.0,2.6631641387939453,0.0
6.508683204650879,-8.05367668903354,-1.1668322714238624,6.283185307179586,0.0,-9.632097636433032,0.28387530380568493,0.0,0,-8.05367668903354,0.0,-8.05367668903354,-8.05367668903354,0.4115886759756293,-9.627952314482302,5.0,0.001,5000.0,-inf,1.495251249691981,0.0,5.0,2.6631641387939453,0.0
6.518866539001465,-8.047557147614024,0.60835763679571,6.283185307179586,0.0,-9.627952314482302,0.4115886759756293,0.0,0,-8.047557147614024,0.0,-8.047557147614024,-8.047557147614024,2.1887528036639887,-9.605663512871807,5.0,0.001,5000.0,-inf,1.495726124722783,0.0,5.0,2.6631641387939453,0.0
6.528935194015503,-8.04184213612985,0.5689244897851922,6.283185307179586,0.0,-9.605663512871807,2.1887528036639887,0.0,0,-8.04184213612985,0.0,-8.04184213612985,-8.04184213612985,2.1327458665271495,-9.58418963050913,5.0,0.001,5000.0,-inf,1.4961535122505047,0.0,5.0,2.6857969760894775,2.2478511046387726
6.539002418518066,-8.04184213612985,0.5689244897851922,6.283185307179586,0.0,-9.58418963050913,2.1327458665271495,0.0,0,-8.04184213612985,0.0,-8.04184213612985,-8.04184213612985,2.111271984164472,-9.562934981458573,5.0,0.001,5000.0,-inf,1.4965381610254544,0.0,5.0,2.6857969760894775,0.0
6.549066543579102,-7.911812681202227,6.467708634798446,6.283185307179586,0.0,-9.562934981458573,2.111271984164472,0.0,0,-7.911812681202227,0.0,-7.911812681202227,-7.911812681202227,8.118830935054792,-9.481226051578782,5.0,0.001,5000.0,-inf,1.496884344922909,0.0,5.0,2.6857969760894775,0.0
6.559219121932983,-7.911812681202227,6.467708634798446,6.283185307179586,0.0,-9.481226051578782,8.118830935054792,0.0,0,-7.911812681202227,0.0,-7.911812681202227,-7.911812681202227,8.037122005175,-9.399628540681535,5.0,0.001,5000.0,-inf,1.497195910430618,0.0,5.0,2.6857969760894775,0.0
6.569285869598389,-7.911812681202227,6.467708634798446,6.283185307179586,0.0,-9.399628540681535,8.037122005175,0.0,0,-7.911812681202227,0.0,-7.911812681202227,-7.911812681202227,7.955524494277753,-9.31954228305169,5.0,0.001,5000.0,-inf,1.4974763193875562,0.0,5.0,2.7052836418151855,1.9357459204698861
6.579351902008057,-7.634915375694035,9.172621538381945,6.283185307179586,0.0,-9.31954228305169,7.955524494277753,0.0,0,-7.634915375694035,0.0,-7.634915375694035,-7.634915375694035,10.8572484457396,-9.210252868317058,5.0,0.001,5000.0,-inf,1.4977286874488005,0.0,5.0,2.7052836418151855,0.0
6.589418649673462,-7.634915375694035,9.172621538381945,6.283185307179586,0.0,-9.210252868317058,10.8572484457396,0.0,0,-7.634915375694035,0.0,-7.634915375694035,-7.634915375694035,10.747959031004967,-9.102055876833818,5.0,0.001,5000.0,-inf,1.4979558187039204,0.0,5.0,2.7052836418151855,0.0
6.599485158920288,-7.479092904260123,7.749559087757844,6.283185307179586,0.0,-9.102055876833818,10.747959031004967,0.0,0,-7.479092904260123,0.0,-7.479092904260123,-7.479092904260123,9.372522060331539,-9.007707296847409,5.0,0.001,5000.0,-inf,1.4981602368335283,0.0,5.0,2.7052836418151855,0.0
6.609555244445801,-7.479092904260123,7.749559087757844,6.283185307179586,0.0,-9.007707296847409,9.372522060331539,0.0,0,-7.479092904260123,0.0,-7.479092904260123,-7.479092904260123,9.27817348034513,-8.91427529637979,5.0,0.001,5000.0,-inf,1.4983442131501756,0.0,5.0,2.7052836418151855,0.0
6.619619846343994,-7.171619684823188,15.282403144764158,6.283185307179586,0.0,-8.91427529637979,9.27817348034513,0.0,0,-7.171619684823188,0.0,-7.171619684823188,-7.171619684823188,17.02505875632076,-8.74292485770407,5.0,0.001,5000.0,-inf,1.4985097918351582,0.0,5.0,2.7220613956451416,1.6670062064717865
6.629697799682617,-7.171619684823188,15.282403144764158,6.283185307179586,0.0,-8.74292485770407,17.02505875632076,0.0,0,-7.171619684823188,0.0,-7.171619684823188,-7.171619684823188,16.85370831764504,-8.57307397169608,5.0,0.001,5000.0,-inf,1.4986588126516422,0.0,5.0,2.7220613956451416,0.0
6.639770746231079,-6.834623507559826,16.74681185612227,6.283185307179586,0.0,-8.57307397169608,16.85370831764504,0.0,0,-6.834623507559826,0.0,-6.834623507559826,-6.834623507559826,18.485262320258528,-8.386872912409817,5.0,0.001,5000.0,-inf,1.498792931386478,0.0,5.0,2.7220613956451416,0.0
6.649836778640747,-6.834623507559826,16.74681185612227,6.283185307179586,0.0,-8.386872912409817,18.485262320258528,0.0,0,-6.834623507559826,0.0,-6.834623507559826,-6.834623507559826,18.299061260972262,-8.202673968690371,5.0,0.001,5000.0,-inf,1.4989136382478305,0.0,5.0,2.7220613956451416,0.0
6.659904718399048,-6.834623507559826,16.74681185612227,6.283185307179586,0.0,-8.202673968690371,18.299061260972262,0.0,0,-6.834623507559826,0.0,-6.834623507559826,-6.834623507559826,18.114862317252815,-8.020294626150356,5.0,0.001,5000.0,-inf,1.4990222744230475,0.0,5.0,2.7365076541900635,1.4348773325755424
6.669972658157349,-6.834623507559826,16.74681185612227,6.283185307179586,0.0,-8.020294626150356,18.114862317252815,0.0,0,-6.834623507559826,0.0,-6.834623507559826,-6.834623507559826,17.9324829747128,-7.839751467844193,5.0,0.001,5000.0,-inf,1.4991200469807429,0.0,5.0,2.7365076541900635,0.0
6.680046796798706,-5.226203554676672,39.96328559953572,6.283185307179586,0.0,-7.839751467844193,17.9324829747128,0.0,0,-5.226203554676672,0.0,-5.226203554676672,-5.226203554676672,42.576833512703246,-7.410826544127228,5.0,0.001,5000.0,-inf,1.4992080422826688,0.0,5.0,2.7365076541900635,0.0
6.690119981765747,-5.226203554676672,39.96328559953572,6.283185307179586,0.0,-7.410826544127228,42.576833512703246,0.0,0,-5.226203554676672,0.0,-5.226203554676672,-5.226203554676672,42.14790858898628,-6.986262864936433,5.0,0.001,5000.0,-inf,1.4992872380544018,0.0,5.0,2.7365076541900635,0.0
6.70025372505188,-5.226203554676672,39.96328559953572,6.283185307179586,0.0,-6.986262864936433,42.14790858898628,0.0,0,-5.226203554676672,0.0,-5.226203554676672,-5.226203554676672,41.723344909795486,-6.563449198581789,5.0,0.001,5000.0,-inf,1.4993585142489616,0.0,5.0,2.748945951461792,1.2274138904573688
6.710398197174072,-5.226203554676672,39.96328559953572,6.283185307179586,0.0,-6.563449198581789,41.723344909795486,0.0,0,-5.226203554676672,0.0,-5.226203554676672,-5.226203554676672,41.300531243440844,-6.144477110750968,5.0,0.001,5000.0,-inf,1.4994226628240654,0.0,5.0,2.748945951461792,0.0
6.720475912094116,-3.9966744417909514,30.559930763628227,6.283185307179586,0.0,-6.144477110750968,41.300531243440844,0.0,0,-3.9966744417909514,0.0,-3.9966744417909514,-3.9966744417909514,32.70773343258824,-5.8148578975365535,5.0,0.001,5000.0,-inf,1.4994803965416588,0.0,5.0,2.748945951461792,0.0
6.730545282363892,-3.737954477359987,25.772477893187318,6.283185307179586,0.0,-5.8148578975365535,32.70773343258824,0.0,0,-3.737954477359987,0.0,-3.737954477359987,-3.737954477359987,27.849381313363885,-5.534432165308129,5.0,0.001,5000.0,-inf,1.4995323568874928,0.0,5.0,2.748945951461792,0.0
6.7406182289123535,-3.737954477359987,25.772477893187318,6.283185307179586,0.0,-5.534432165308129,27.849381313363885,0.0,0,-3.737954477359987,0.0,-3.737954477359987,-3.737954477359987,27.56895558113546,-5.2567315493424305,5.0,0.001,5000.0,-inf,1.4995791211987437,0.0,5.0,2.759655475616455,1.0631967620535396
6.750689268112183,-3.267949227191067,23.317935473545703,6.283185307179586,0.0,-5.2567315493424305,27.56895558113546,0.0,0,-3.267949227191067,0.0,-3.267949227191067,-3.267949227191067,25.306717795697065,-5.001866602402952,5.0,0.001,5000.0,-inf,1.4996212090788692,0.0,5.0,2.759655475616455,0.0
6.7607574462890625,-3.05621296549277,21.072661574274278,6.283185307179586,0.0,-5.001866602402952,25.306717795697065,0.0,0,-3.05621296549277,0.0,-3.05621296549277,-3.05621296549277,23.01831521118446,-4.770114103525162,5.0,0.001,5000.0,-inf,1.4996590881709824,0.0,5.0,2.759655475616455,0.0
6.770877361297607,-3.05621296549277,21.072661574274278,6.283185307179586,0.0,-4.770114103525162,23.01831521118446,0.0,0,-3.05621296549277,0.0,-3.05621296549277,-3.05621296549277,22.78656271230667,-4.53951602553974,5.0,0.001,5000.0,-inf,1.4996931793538844,0.0,5.0,2.759655475616455,0.0
6.780945301055908,-1.5745813587986717,73.6924827103782,6.283185307179586,0.0,-4.53951602553974,22.78656271230667,0.0,0,-1.5745813587986717,0.0,-1.5745813587986717,-1.5745813587986717,76.65741737711927,-3.7677337653599836,5.0,0.001,5000.0,-inf,1.499723861418496,0.0,5.0,2.759655475616455,0.0
6.791016578674316,-1.5745813587986717,73.6924827103782,6.283185307179586,0.0,-3.7677337653599836,76.65741737711927,0.0,0,-1.5745813587986717,0.0,-1.5745813587986717,-1.5745813587986717,75.88563511693951,-3.003468466848059,5.0,0.001,5000.0,-inf,1.4997514752766463,0.0,5.0,2.76887583732605,0.9155106292315704
6.80108380317688,-1.5745813587986717,73.6924827103782,6.283185307179586,0.0,-3.003468466848059,75.88563511693951,0.0,0,-1.5745813587986717,0.0,-1.5745813587986717,-1.5745813587986717,75.12136981842758,-2.2472047719458526,5.0,0.001,5000.0,-inf,1.499776327748982,0.0,5.0,2.76887583732605,0.0
6.811151504516602,0.827943851991982,79.56636584644117,6.283185307179586,0.0,-2.2472047719458526,75.12136981842758,0.0,0,0.827943851991982,0.0,0.827943851991982,0.827943851991982,82.64151447037901,-1.4151946859957887,5.0,0.001,5000.0,-inf,1.4997986949740838,0.0,5.0,2.76887583732605,0.0
6.82122278213501,0.827943851991982,79.56636584644117,6.283185307179586,0.0,-1.4151946859957887,82.64151447037901,0.0,0,0.827943851991982,0.0,0.827943851991982,0.827943851991982,81.80950438442895,-0.5912684555158216,5.0,0.001,5000.0,-inf,1.4998188254766753,0.0,5.0,2.76887583732605,0.0
6.831294775009155,2.1813151662978023,67.21431704117273,6.283185307179586,0.0,-0.5912684555158216,81.80950438442895,0.0,0,2.1813151662978023,0.0,2.1813151662978023,2.1813151662978023,69.98690066298636,0.11363910924530651,5.0,0.001,5000.0,-inf,1.499836942929008,0.0,5.0,2.77681565284729,0.7883063084388685
6.841368675231934,2.9506650571269426,76.36518658898682,6.283185307179586,0.0,0.11363910924530651,69.98690066298636,0.7157784819242066,0,2.9506650571269426,0.0,2.9506650571269426,2.9506650571269426,79.20221253686846,0.9115142957650015,4.284221518075793,0.001,5000.0,-inf,1.3548532486361071,71.05276666387303,5.0,2.77681565284729,0.0
6.851409435272217,2.9506650571269426,76.36518658898682,6.283185307179586,0.0,0.9115142957650015,79.20221253686846,0.9196341267757848,0,2.9506650571269426,0.0,2.9506650571269426,2.9506650571269426,78.40433735034875,1.6987534332172671,4.080365873224215,0.001,5000.0,-inf,1.2243679237724963,20.30281014920345,5.0,2.77681565284729,0.0
6.861473321914673,4.340313979382445,69.09374372569216,6.283185307179586,0.0,1.6987534332172671,78.40433735034875,1.021868854153905,0,4.340313979382445,0.0,4.340313979382445,4.340313979382445,71.73530427185734,2.420689403671333,3.978131145846095,0.001,5000.0,-inf,1.1069311313952466,10.158573025537388,5.0,2.77681565284729,0.0
6.871541738510132,4.340313979382445,69.09374372569216,6.283185307179586,0.0,2.420689403671333,71.73530427185734,1.05624955923256,0,4.340313979382445,0.0,4.340313979382445,4.340313979382445,71.01336830140328,3.135681579576623,3.94375044076744,0.001,5000.0,-inf,1.0523196417410672,3.4147082366616948,5.0,2.7836508750915527,0.6788775751835189
6.881609916687012,5.959084067694764,80.57836788655153,6.283185307179586,0.0,3.135681579576623,71.01336830140328,1.14912910415476,0,5.959084067694764,0.0,5.959084067694764,5.959084067694764,83.40177037466967,3.9753854639760196,3.8508708958452402,0.001,5000.0,-inf,0.9520876775669604,9.225059716909303,5.0,2.7836508750915527,0.0
6.8916778564453125,5.959084067694764,80.57836788655153,6.283185307179586,0.0,3.9753854639760196,83.40177037466967,1.3905716687033394,0,5.959084067694764,0.0,5.959084067694764,5.959084067694764,82.56206649027028,4.8066153757208845,3.6094283312966606,0.001,5000.0,-inf,0.8618789098102644,23.981327892781202,5.0,2.7836508750915527,0.0
6.901742696762085,7.377519450516628,70.46904589767573,6.283185307179586,0.0,4.8066153757208845,82.56206649027028,1.4985468175036267,0,7.377519450516628,0.0,7.377519450516628,7.377519450516628,73.03994997247148,5.541750808938859,3.5014531824963733,0.001,5000.0,-inf,0.780691018829238,10.72795448332679,5.0,2.7836508750915527,0.0
6.911811590194702,8.092177081786671,71.02891783290607,6.283185307179586,0.0,5.541750808938859,73.03994997247148,1.506244612976155,0,8.092177081786671,0.0,8.092177081786671,8.092177081786671,73.57934410575389,6.282613383581565,3.493755387023845,0.001,5000.0,-inf,0.8440987345278579,0.7645125578141594,5.0,2.789536952972412,0.5845804129569995
6.921880006790161,8.092177081786671,71.02891783290607,6.283185307179586,0.0,6.282613383581565,73.57934410575389,1.6153593147589582,0,8.092177081786671,0.0,8.092177081786671,8.092177081786671,72.83848153111119,7.015981559817438,3.384640685241042,0.001,5000.0,-inf,0.7646888610750722,10.837324890987883,5.0,2.789536952972412,0.0
6.931945562362671,8.092177081786671,71.02891783290607,6.283185307179586,0.0,7.015981559817438,72.83848153111119,1.7106222336855532,0,8.092177081786671,0.0,8.092177081786671,8.092177081786671,72.10511335487531,7.7417595853530505,3.2893777663144466,0.001,5000.0,-inf,0.6932199749675649,9.464248469977097,5.0,2.789536952972412,0.0
6.942009210586548,9.971392832357532,62.19916146748286,6.283185307179586,0.0,7.7417595853530505,72.10511335487531,1.8048974754981804,0,9.971392832357532,0.0,9.971392832357532,9.971392832357532,64.42879471448734,8.390148310848033,3.1951025245018196,0.001,5000.0,-inf,0.6288979774708084,9.367899166919432,5.0,2.789536952972412,0.0
6.952037811279297,10.552783456902429,57.74946767610372,6.283185307179586,0.0,8.390148310848033,64.42879471448734,1.8189087106635982,0,10.552783456902429,0.0,10.552783456902429,10.552783456902429,59.91210282215812,8.99098286671438,3.181091289336402,0.001,5000.0,-inf,0.687100733716064,1.3971276347205988,5.0,2.794605255126953,0.5053847799728978
6.962106943130493,10.552783456902429,57.74946767610372,6.283185307179586,0.0,8.99098286671438,59.91210282215812,1.8578586295615942,0,10.552783456902429,0.0,10.552783456902429,10.552783456902429,59.31126826629177,9.588195847149343,3.142141370438406,0.001,5000.0,-inf,0.6598581615777567,3.8682499617252,5.0,2.794605255126953,0.0
6.972149133682251,10.552783456902429,57.74946767610372,6.283185307179586,0.0,9.588195847149343,59.31126826629177,1.9354601012638257,0,10.552783456902429,0.0,10.552783456902429,10.552783456902429,58.7140552858568,10.17781357839636,3.0645398987361743,0.001,5000.0,-inf,0.598872345419981,7.727544234723564,5.0,2.794605255126953,0.0
6.982201099395752,12.191255941816975,54.35016052455649,6.283185307179586,0.0,10.17781357839636,58.7140552858568,2.0120344538340587,0,12.191255941816975,0.0,12.191255941816975,12.191255941816975,56.36360288797711,10.744378582115692,2.9879655461659413,0.001,5000.0,-inf,0.543985110877983,7.617848563429194,5.0,2.794605255126953,0.0
6.9922661781311035,12.191255941816975,54.35016052455649,6.283185307179586,0.0,10.744378582115692,56.36360288797711,2.0678490303759682,0,12.191255941816975,0.0,12.191255941816975,12.191255941816975,55.797037884257776,11.305980161620138,2.9321509696240318,0.001,5000.0,-inf,0.49458659979018466,5.545369093425182,5.0,2.794605255126953,0.0
7.002329587936401,12.191255941816975,54.35016052455649,6.283185307179586,0.0,11.305980161620138,55.797037884257776,2.140807601469397,0,12.191255941816975,0.0,12.191255941816975,12.191255941816975,55.23543630475333,11.861836992929296,2.859192398530603,0.001,5000.0,-inf,0.4501279398111662,7.249885725116752,5.0,2.7989683151245117,0.43355682437394866
7.01239538192749,13.57442325673682,45.79770437448246,6.283185307179586,0.0,11.861836992929296,55.23543630475333,2.213011542057635,0,13.57442325673682,0.0,13.57442325673682,13.57442325673682,47.51029063828998,12.340065790951082,2.786988457942365,0.001,5000.0,-inf,0.4101151458300496,7.173198721547382,5.0,2.7989683151245117,0.0
7.022465467453003,13.57442325673682,45.79770437448246,6.283185307179586,0.0,12.340065790951082,47.51029063828998,2.2027121171160515,0,13.57442325673682,0.0,13.57442325673682,13.57442325673682,47.0320618402682,12.813682676123785,2.7972878828839485,0.001,5000.0,-inf,0.5022586807251135,1.0227743265426898,5.0,2.7989683151245117,0.0
7.032530307769775,13.57442325673682,45.79770437448246,6.283185307179586,0.0,12.813682676123785,47.0320618402682,2.264236193060012,0,13.57442325673682,0.0,13.57442325673682,13.57442325673682,46.558444955095496,13.282285989994062,2.735763806939988,0.001,5000.0,-inf,0.45703281265260215,6.112772185906828,5.0,2.7989683151245117,0.0
7.042597055435181,14.706165301732055,37.442676402594266,6.283185307179586,0.0,13.282285989994062,46.558444955095496,2.325104488150124,0,14.706165301732055,0.0,14.706165301732055,14.706165301732055,38.86655571433226,13.67354579899366,2.674895511849876,0.001,5000.0,-inf,0.41632953138734197,6.046470728504306,5.0,2.802725315093994,0.3732089145726263
7.052648544311523,15.059093193554158,35.319769711555814,6.283185307179586,0.0,13.67354579899366,38.86655571433226,2.302961969002435,0,15.059093193554158,0.0,15.059093193554158,15.059093193554158,36.70531710611631,14.042488885588421,2.697038030997565,0.001,5000.0,-inf,0.46982505372094346,2.202909381893032,5.0,2.802725315093994,0.0
7.0627124309539795,15.392094609718837,33.03396730978886,6.283185307179586,0.0,14.042488885588421,36.70531710611631,2.333001615043542,0,15.392094609718837,0.0,15.392094609718837,15.392094609718837,34.383573033919276,14.388521266964393,2.666998384956458,0.001,5000.0,-inf,0.49277370586926367,2.9848951114354105,5.0,2.802725315093994,0.0
7.072763204574585,15.696817971655376,30.36161193139178,6.283185307179586,0.0,14.388521266964393,34.383573033919276,2.3582287077142077,0,15.696817971655376,0.0,15.696817971655376,15.696817971655376,31.669908636082766,14.70682834925092,2.6417712922857923,0.001,5000.0,-inf,0.528730787865564,2.50996526465848,5.0,2.802725315093994,0.0
7.082827091217041,15.983547367654296,28.390704734557524,6.283185307179586,0.0,14.70682834925092,31.669908636082766,2.3756550552559568,0,15.983547367654296,0.0,15.983547367654296,15.983547367654296,29.6674237529609,15.005397938874426,2.6243449447440432,0.001,5000.0,-inf,0.5861737121010555,1.7315723200054112,5.0,2.8059611320495605,0.3215275639051432
7.092893123626709,15.983547367654296,28.390704734557524,6.283185307179586,0.0,15.005397938874426,29.6674237529609,2.3974299489720288,0,15.983547367654296,0.0,15.983547367654296,15.983547367654296,29.368854163337396,15.301025776717392,2.6025700510279712,0.001,5000.0,-inf,0.6239641731301737,2.1632052063689162,5.0,2.8059611320495605,0.0
7.102964878082275,16.49969522129462,25.68677037393239,6.283185307179586,0.0,15.301025776717392,29.368854163337396,2.435832150373809,0,16.49969522129462,0.0,16.49969522129462,16.49969522129462,26.885439818509617,15.571809324999329,2.564167849626191,0.001,5000.0,-inf,0.6048200072479848,3.8128611624915316,5.0,2.8059611320495605,0.0
7.113030195236206,16.702114723612215,20.151166055461463,6.283185307179586,0.0,15.571809324999329,26.885439818509617,2.4489077036850024,0,16.702114723612215,0.0,16.702114723612215,16.702114723612215,21.28147145407435,15.786014084686908,2.5510922963149976,0.001,5000.0,-inf,0.6685901897904534,1.2990701744641269,5.0,2.8059611320495605,0.0
7.123095750808716,16.702114723612215,20.151166055461463,6.283185307179586,0.0,15.786014084686908,21.28147145407435,2.4228566863969108,0,16.702114723612215,0.0,16.702114723612215,16.702114723612215,21.06726669438677,15.99806782836014,2.5771433136030892,0.001,5000.0,-inf,0.6844468188380568,2.588135061241936,5.0,2.8087456226348877,0.2766355582926714
7.133161544799805,17.06967085808826,18.23134064637423,6.283185307179586,0.0,15.99806782836014,21.06726669438677,2.450402162914288,0,17.06967085808826,0.0,17.06967085808826,17.06967085808826,19.302943676102345,16.192367282825376,2.549597837085712,0.001,5000.0,-inf,0.6939357564193294,2.7365428441872286,5.0,2.8087456226348877,0.0
7.143226146697998,17.235923691650566,16.567235087235048,6.283185307179586,0.0,16.192367282825376,19.302943676102345,2.4599608563565765,0,17.235923691650566,0.0,17.235923691650566,17.235923691650566,17.610791496060237,16.369612888345312,2.5400391436434235,0.001,5000.0,-inf,0.7600507556563679,0.9497338830664017,5.0,2.8087456226348877,0.0
7.153289794921875,17.235923691650566,16.567235087235048,6.283185307179586,0.0,16.369612888345312,17.610791496060237,2.4678537193289465,0,17.235923691650566,0.0,17.235923691650566,17.235923691650566,17.4335458905403,16.545057961482524,2.5321462806710535,0.001,5000.0,-inf,0.8248850826715457,0.7842944026643794,5.0,2.8087456226348877,0.0
7.163357734680176,17.235923691650566,16.567235087235048,6.283185307179586,0.0,16.545057961482524,17.4335458905403,2.4906435735129566,0,17.235923691650566,0.0,17.235923691650566,17.235923691650566,17.25810081740309,16.718811480854818,2.5093564264870434,0.001,5000.0,-inf,0.8355692528710509,2.2636065303450428,5.0,2.811143398284912,0.23815951501373497
7.173421382904053,17.688190038599465,14.980671805736254,6.283185307179586,0.0,16.718811480854818,17.25810081740309,2.5132146154937054,0,17.688190038599465,0.0,17.688190038599465,17.688190038599465,15.950050363480901,16.87932717686601,2.4867853845062946,0.001,5000.0,-inf,0.8458545045757947,2.242828989908138,5.0,2.811143398284912,0.0
7.183485746383667,17.688190038599465,14.980671805736254,6.283185307179586,0.0,16.87932717686601,15.950050363480901,2.5226063083960506,0,17.688190038599465,0.0,17.688190038599465,17.688190038599465,15.78953466746971,17.038238792933395,2.4773936916039494,0.001,5000.0,-inf,0.8973115755609181,0.9331631276402554,5.0,2.811143398284912,0.0
7.193549871444702,17.94281989129685,12.655918680460845,6.283185307179586,0.0,17.038238792933395,15.78953466746971,2.5432487776853727,0,17.94281989129685,0.0,17.94281989129685,17.94281989129685,13.5604997788243,17.174713358597618,2.4567512223146273,0.001,5000.0,-inf,0.9076007136081737,2.0510942743788716,5.0,2.811143398284912,0.0
7.203656196594238,18.075572137588036,13.201898653928856,6.283185307179586,0.0,17.174713358597618,13.5604997788243,2.5400648679919096,0,18.075572137588036,0.0,18.075572137588036,18.075572137588036,14.102757432919274,17.317240410719737,2.4599351320080904,0.001,5000.0,-inf,0.9668406422473564,0.3150412881391707,5.0,2.811143398284912,0.0
7.213764429092407,18.19975665707968,12.345760294901126,6.283185307179586,0.0,17.317240410719737,14.102757432919274,2.5654412318299564,0,18.19975665707968,0.0,18.19975665707968,18.19975665707968,13.228276541261067,17.45095490554888,2.4345587681700436,0.001,5000.0,-inf,0.9553749282153785,2.510464994017863,5.0,2.8132081031799316,0.20425973535863387
7.223893165588379,18.19975665707968,12.345760294901126,6.283185307179586,0.0,17.45095490554888,13.228276541261067,2.575416452189454,0,18.19975665707968,0.0,18.19975665707968,18.19975665707968,13.094562046431925,17.58358627404734,2.424583547810546,0.001,5000.0,-inf,0.9942147002086047,0.9848435057487052,5.0,2.8132081031799316,0.0
7.2340168952941895,18.496812625393996,14.761308865775005,6.283185307179586,0.0,17.58358627404734,13.094562046431925,2.5926476988309473,0,18.496812625393996,0.0,18.496812625393996,18.496812625393996,15.67453521712166,17.74227103184969,2.4073523011690527,0.001,5000.0,-inf,1.0060600225958936,1.7020650631953653,5.0,2.8132081031799316,0.0
7.24416446685791,18.496812625393996,14.761308865775005,6.283185307179586,0.0,17.74227103184969,15.67453521712166,2.6406632966301733,0,18.496812625393996,0.0,18.496812625393996,18.496812625393996,15.515850459319312,17.899719234757622,2.3593367033698267,0.001,5000.0,-inf,0.9190981837935648,4.731732858222945,5.0,2.8132081031799316,0.0
7.254239320755005,18.496812625393996,14.761308865775005,6.283185307179586,0.0,17.899719234757622,15.515850459319312,2.6611191974592603,0,18.496812625393996,0.0,18.496812625393996,18.496812625393996,15.35840225641138,18.054452893583775,2.3388808025407397,0.001,5000.0,-inf,0.9278757404589677,2.0303918089557444,5.0,2.8149867057800293,0.17653879830560618
7.26430344581604,18.8736942240581,12.494909548526968,6.283185307179586,0.0,18.054452893583775,15.35840225641138,2.6812074276658424,0,18.8736942240581,0.0,18.8736942240581,18.8736942240581,13.314150879001291,18.188448173111535,2.3187925723341576,0.001,5000.0,-inf,0.9368829644972582,1.9960235077321196,5.0,2.8149867057800293,0.0
7.274365425109863,18.977420951532544,10.288788647344663,6.283185307179586,0.0,18.188448173111535,13.314150879001291,2.6795242530256282,0,18.977420951532544,0.0,18.977420951532544,18.977420951532544,11.077761425765672,18.299912379199505,2.3204757469743718,0.001,5000.0,-inf,0.9931946680475324,0.16728067024024001,5.0,2.8149867057800293,0.0
7.284426927566528,19.074083744935457,9.621099692003186,6.283185307179586,0.0,18.299912379199505,11.077761425765672,2.672765347345588,0,19.074083744935457,0.0,19.074083744935457,19.074083744935457,10.395271057739139,18.404504424484646,2.327234652654412,0.001,5000.0,-inf,1.038340741849951,0.6717590846050073,5.0,2.8149867057800293,0.0
7.294491767883301,19.074083744935457,9.621099692003186,6.283185307179586,0.0,18.404504424484646,10.395271057739139,2.6805833300052417,0,19.074083744935457,0.0,19.074083744935457,19.074083744935457,10.290679012453998,18.50807846549616,2.3194166699947583,0.001,5000.0,-inf,1.075588790072784,0.7767617183777499,5.0,2.8165175914764404,0.1521023332938529
7.304558515548706,19.168762252112817,4.709508205168696,6.283185307179586,0.0,18.50807846549616,10.290679012453998,2.6940377752940026,0,19.168762252112817,0.0,19.168762252112817,19.168762252112817,5.3701919917853544,18.56213883319224,2.3059622247059974,0.001,5000.0,-inf,1.0910752634647907,1.336523546229086,5.0,2.8165175914764404,0.0
7.314621686935425,19.168762252112817,4.709508205168696,6.283185307179586,0.0,18.56213883319224,5.3701919917853544,2.6524013565647673,0,19.168762252112817,0.0,19.168762252112817,19.168762252112817,5.316131624089273,18.615635976839805,2.3475986434352327,0.001,5000.0,-inf,1.0147592529175944,4.137504682091227,5.0,2.8165175914764404,0.0
7.3246917724609375,19.168762252112817,4.709508205168696,6.283185307179586,0.0,18.615635976839805,5.316131624089273,2.659350352998466,0,19.168762252112817,0.0,19.168762252112817,19.168762252112817,5.262634480441708,18.668631156147367,2.340649647001534,0.001,5000.0,-inf,1.0571590657859635,0.6900632984787709,5.0,2.8165175914764404,0.0
7.3347554206848145,19.15897207207026,-0.32413971340443704,6.283185307179586,0.0,18.668631156147367,5.262634480441708,2.6662347066650485,0,19.15897207207026,0.0,19.15897207207026,19.15897207207026,0.16620120251845583,18.670303746583897,2.3337652933349515,0.001,5000.0,-inf,1.0955116503096942,0.6840813106174358,5.0,2.817835569381714,0.13096422648661454
7.344819068908691,19.15897207207026,-0.32413971340443704,6.283185307179586,0.0,18.670303746583897,0.16620120251845583,2.6155045365469305,0,19.15897207207026,0.0,19.15897207207026,19.15897207207026,0.16452861208192493,18.671959504658652,2.3844954634530695,0.001,5000.0,-inf,0.9909604852787248,5.040932372591867,5.0,2.817835569381714,0.0
7.354892730712891,19.15897207207026,-0.32413971340443704,6.283185307179586,0.0,18.671959504658652,0.16452861208192493,2.6157196167730308,0,19.15897207207026,0.0,19.15897207207026,19.15897207207026,0.16287285400717044,18.673600230707006,2.3842803832269692,0.001,5000.0,-inf,1.0418644367508523,0.02135074913976438,5.0,2.817835569381714,0.0
7.364961862564087,19.15897207207026,-0.32413971340443704,6.283185307179586,0.0,18.673600230707006,0.16287285400717044,2.6159327608390526,0,19.15897207207026,0.0,19.15897207207026,19.15897207207026,0.16123212795881647,18.675223698262073,2.3840672391609474,0.001,5000.0,-inf,1.0876779930757672,0.021168067830641672,5.0,2.817835569381714,0.0
7.375033140182495,18.79866621943521,-8.953752645013125,6.283185307179586,0.0,18.675223698262073,0.16123212795881647,2.6161436390362787,0,18.79866621943521,0.0,18.79866621943521,18.79866621943521,-8.83031012383999,18.58629119354824,2.3838563609637213,0.001,5000.0,-inf,1.1289101937681905,0.020938574549931255,5.0,2.817835569381714,0.0
7.385193347930908,18.79866621943521,-8.953752645013125,6.283185307179586,0.0,18.58629119354824,-8.83031012383999,2.5137776658583544,0,18.79866621943521,0.0,18.79866621943521,18.79866621943521,-8.741377619126158,18.497476980930593,2.4862223341416456,0.001,5000.0,-inf,1.0210191743913712,10.075185046675127,5.0,2.818969964981079,0.11165082717353045
7.3952648639678955,18.651261072416123,-7.304003659464987,6.283185307179586,0.0,18.497476980930593,-8.741377619126158,2.5022330011390217,0,18.651261072416123,0.0,18.651261072416123,18.651261072416123,-7.150219567979457,18.425463429883706,2.4977669988609783,0.001,5000.0,-inf,1.0480930396876322,1.1462688116600612,5.0,2.818969964981079,0.0
7.405330181121826,18.534444817065307,-11.669117059230302,6.283185307179586,0.0,18.425463429883706,-7.150219567979457,2.5080626845039244,0,18.534444817065307,0.0,18.534444817065307,18.534444817065307,-11.560135672048702,18.30910699800207,2.4919373154960756,0.001,5000.0,-inf,1.0907322105715953,0.5791852631912514,5.0,2.818969964981079,0.0
7.4153971672058105,18.534444817065307,-11.669117059230302,6.283185307179586,0.0,18.30910699800207,-11.560135672048702,2.4476736229998024,0,18.534444817065307,0.0,18.534444817065307,18.534444817065307,-11.443779240167064,18.193902631643116,2.5523263770001976,0.001,5000.0,-inf,0.9866589895144358,5.998723053784225,5.0,2.818969964981079,0.0
7.425461292266846,18.322027797768108,-10.56018340729089,6.283185307179586,0.0,18.193902631643116,-11.443779240167064,2.4327085760283658,0,18.322027797768108,0.0,18.322027797768108,18.322027797768108,-10.432058241165898,18.08891309286002,2.5672914239716342,0.001,5000.0,-inf,1.0061907401307284,1.486969496173708,5.0,2.8199470043182373,0.09708139865441107
7.435526132583618,18.322027797768108,-10.56018340729089,6.283185307179586,0.0,18.08891309286002,-10.432058241165898,2.4281272505887443,0,18.322027797768108,0.0,18.322027797768108,18.322027797768108,-10.327068702382803,17.9849727954302,2.5718727494112557,0.001,5000.0,-inf,1.0555716661176557,0.4551811350635054,5.0,2.8199470043182373,0.0
7.445592164993286,17.902757067078515,-20.82281153794746,6.283185307179586,0.0,17.9849727954302,-10.327068702382803,2.4146255043363998,0,17.902757067078515,0.0,17.902757067078515,17.902757067078515,-20.905027266299143,17.77454211344264,2.5853744956636002,0.001,5000.0,-inf,1.072905377418343,1.3413175820273293,5.0,2.8199470043182373,0.0
7.455655574798584,17.902757067078515,-20.82281153794746,6.283185307179586,0.0,17.77454211344264,-20.905027266299143,2.279385623218978,0,17.902757067078515,0.0,17.902757067078515,17.902757067078515,-20.694596584311583,17.566283907259393,2.720614376781022,0.001,5000.0,-inf,0.9706148396765087,13.438773113087867,5.0,2.8199470043182373,0.0
7.465718984603882,17.536469398722296,-18.208258755995928,6.283185307179586,0.0,17.566283907259393,-20.694596584311583,2.2523337811731996,0,17.536469398722296,0.0,17.536469398722296,17.536469398722296,-18.238073264533025,17.38274670193935,2.7476662188268004,0.001,5000.0,-inf,0.9530466620416478,2.6881387689823817,5.0,2.8199470043182373,0.0
7.475784540176392,17.266107013871498,-26.648071444029956,6.283185307179586,0.0,17.38274670193935,-18.238073264533025,2.251203805626179,0,17.266107013871498,0.0,17.266107013871498,17.266107013871498,-26.76471113209781,17.11334501465705,2.748796194373821,0.001,5000.0,-inf,1.007741995837483,0.112261617243141,5.0,2.8207874298095703,0.0834951916244256
7.485849857330322,17.016981002373814,-24.917377525426975,6.283185307179586,0.0,17.11334501465705,-26.76471113209781,2.128221190731009,0,17.016981002373814,0.0,17.016981002373814,17.016981002373814,-25.01374153771021,16.861573772873548,2.871778809268991,0.001,5000.0,-inf,0.9119677962537347,12.218454025280582,5.0,2.8207874298095703,0.0
7.495913505554199,17.016981002373814,-24.917377525426975,6.283185307179586,0.0,16.861573772873548,-25.01374153771021,2.1104829128251947,0,17.016981002373814,0.0,17.016981002373814,17.016981002373814,-24.76197029592671,16.61237801448525,2.8895170871748053,0.001,5000.0,-inf,0.9300869457333496,1.762609096741742,5.0,2.8207874298095703,0.0
7.50597882270813,16.365877619384193,-32.39109396978914,6.283185307179586,0.0,16.61237801448525,-24.76197029592671,2.078113219068668,0,16.365877619384193,0.0,16.365877619384193,16.365877619384193,-32.6375943648902,16.283870276061293,2.921886780931332,0.001,5000.0,-inf,0.8995638679586331,3.2159636165946015,5.0,2.8207874298095703,0.0
7.516042470932007,16.365877619384193,-32.39109396978914,6.283185307179586,0.0,16.283870276061293,-32.6375943648902,1.9533658949996793,0,16.365877619384193,0.0,16.365877619384193,16.365877619384193,-32.30908662646624,15.95872299381777,3.0466341050003205,0.001,5000.0,-inf,0.8146074811627698,12.395835118025504,5.0,2.82151198387146,0.07199715707178393
7.526106595993042,15.794238196441011,-28.321023378592745,6.283185307179586,0.0,15.95872299381777,-32.30908662646624,1.9111303528698258,0,15.794238196441011,0.0,15.794238196441011,15.794238196441011,-28.485508175969503,15.672041277107672,3.088869647130174,0.001,5000.0,-inf,0.7640326739683745,4.196643212769188,5.0,2.82151198387146,0.0
7.536169052124023,15.794238196441011,-28.321023378592745,6.283185307179586,0.0,15.672041277107672,-28.485508175969503,1.9092306970353794,0,15.794238196441011,0.0,15.794238196441011,15.794238196441011,-28.198826459259408,15.388291822916216,3.0907693029646204,0.001,5000.0,-inf,0.8376294065715371,0.18878649603226816,5.0,2.82151198387146,0.0
7.546231985092163,15.028871508847919,-38.08540330575111,6.283185307179586,0.0,15.388291822916216,-28.198826459259408,1.8723725906156763,0,15.028871508847919,0.0,15.028871508847919,15.028871508847919,-38.4448236198194,15.00142413985802,3.1276274093843237,0.001,5000.0,-inf,0.8019553165666183,3.6627598073444316,5.0,2.82151198387146,0.0
7.5562968254089355,14.681374745471393,-34.41981496321211,6.283185307179586,0.0,15.00142413985802,-38.4448236198194,1.7157511433819292,0,14.681374745471393,0.0,14.681374745471393,14.681374745471393,-34.73986435759874,14.651772952472452,3.2842488566180705,0.001,5000.0,-inf,0.7267597849099565,15.56124511709805,5.0,2.8221354484558105,0.06194480634845434
7.56636381149292,14.681374745471393,-34.41981496321211,6.283185307179586,0.0,14.651772952472452,-34.73986435759874,1.7038495697701561,0,14.681374745471393,0.0,14.681374745471393,14.681374745471393,-34.39021317021317,14.30556715506266,3.2961504302298437,0.001,5000.0,-inf,0.7821005815974145,1.1822380117031661,5.0,2.8221354484558105,0.0
7.57642936706543,14.076208173438532,-30.174903988964516,6.283185307179586,0.0,14.30556715506266,-34.39021317021317,1.6588772700066405,0,14.076208173438532,0.0,14.076208173438532,14.076208173438532,-30.404262970588643,13.999531356490998,3.3411227299933595,0.001,5000.0,-inf,0.726034674515095,4.4679401389765605,5.0,2.8221354484558105,0.0
7.586496829986572,14.076208173438532,-30.174903988964516,6.283185307179586,0.0,13.999531356490998,-30.404262970588643,1.6558917602028533,0,14.076208173438532,0.0,14.076208173438532,14.076208173438532,-30.098227172016983,13.69651857044459,3.344108239797147,0.001,5000.0,-inf,0.8034312070635855,0.2965503649899084,5.0,2.8221354484558105,0.0
7.5965659618377686,12.307439248176363,-87.81357880642045,6.283185307179586,0.0,13.69651857044459,-30.098227172016983,1.616530328142073,0,12.307439248176363,0.0,12.307439248176363,12.307439248176363,-89.20265812868868,12.798325244269638,3.383469671857927,0.001,5000.0,-inf,0.7632387045886388,3.9091187445423916,5.0,2.8226723670959473,0.05332323064901854
7.606632471084595,12.307439248176363,-87.81357880642045,6.283185307179586,0.0,12.798325244269638,-89.20265812868868,0.8997389529108626,0,12.307439248176363,0.0,12.307439248176363,12.307439248176363,-88.30446480251372,11.909407532799097,4.100261047089138,0.001,5000.0,-inf,0.691914834129775,71.20555474155103,5.0,2.8226723670959473,0.0
7.616695165634155,12.307439248176363,-87.81357880642045,6.283185307179586,0.0,11.909407532799097,-88.30446480251372,0.7842724065667366,0,12.307439248176363,0.0,12.307439248176363,12.307439248176363,-87.41554709104318,11.029771583539201,4.215727593433264,0.001,5000.0,-inf,0.6277233507167975,11.474714429165358,5.0,2.8226723670959473,0.0
7.6267571449279785,12.307439248176363,-87.81357880642045,6.283185307179586,0.0,11.029771583539201,-87.41554709104318,0.6700125507850565,0,12.307439248176363,0.0,12.307439248176363,12.307439248176363,-86.53591114178329,10.15904903745845,4.3299874492149435,0.001,5000.0,-inf,0.5699510156451177,11.355604344348123,5.0,2.8226723670959473,0.0
7.636821269989014,12.307439248176363,-87.81357880642045,6.283185307179586,0.0,10.15904903745845,-86.53591114178329,0.5569077538263503,0,12.307439248176363,0.0,12.307439248176363,12.307439248176363,-85.66518859570255,9.296903866054137,4.4430922461736495,0.001,5000.0,-inf,0.517955914080606,11.23841330197786,5.0,2.823134660720825,0.045934805268643984
7.6468894481658936,8.797430361521528,-69.69608919733714,2.997705590190315,-65.23775147177969,9.296903866054137,-85.66518859570255,0.44491465529055396,0,8.797430361521528,0.0,8.797430361521528,8.797430361521528,-70.19556270186976,8.590162433545368,4.555085344709446,0.001,5000.0,-inf,0.47116032267254543,11.123472049091491,5.0,2.823134660720825,0.0
7.656954765319824,8.797430361521528,-69.69608919733714,2.997705590190315,-65.23775147177969,8.590162433545368,-70.19556270186976,0.500667113677654,0,8.797430361521528,0.0,8.797430361521528,8.797430361521528,-69.48882126936098,7.890735408816447,4.499332886322346,0.001,5000.0,-inf,0.4290442904052909,5.539066234522761,5.0,2.823134660720825,0.0
7.667019367218018,8.797430361521528,-69.69608919733714,2.997705590190315,-65.23775147177969,7.890735408816447,-69.48882126936098,0.40981474454069267,0,8.797430361521528,0.0,8.797430361521528,8.797430361521528,-68.78939424463206,7.198397540926352,4.590185255459307,0.001,5000.0,-inf,0.3911398613647618,9.026921288687015,5.0,2.823134660720825,0.0
7.6770830154418945,8.797430361521528,-69.69608919733714,2.997705590190315,-65.23775147177969,7.198397540926352,-68.78939424463206,0.3198817132833687,0,8.797430361521528,0.0,8.797430361521528,8.797430361521528,-68.09705637674197,6.513092720469303,4.680118286716631,0.001,5000.0,-inf,0.35702587522828566,8.936424371824664,5.0,2.823134660720825,0.0
7.687151908874512,8.797430361521528,-69.69608919733714,2.997705590190315,-65.23775147177969,6.513092720469303,-68.09705637674197,0.2308624170982828,0,8.797430361521528,0.0,8.797430361521528,8.797430361521528,-67.41175155628493,5.834330977943004,4.769137582901717,0.001,5000.0,-inf,0.3263232877054571,8.841020791492005,5.0,2.8235325813293457,0.03951979541579845
7.697220802307129,6.293844988557493,-49.83933089454583,0.3219274073877971,-53.26720458316761,5.834330977943004,-67.41175155628493,0.14268882134917138,0,6.293844988557493,0.0,6.293844988557493,6.293844988557493,-49.37981688393134,5.337130864016549,4.8573111786508285,0.001,5000.0,-inf,0.2986909589349114,8.757029393466592,5.0,2.8235325813293457,0.0
7.7072858810424805,6.293844988557493,-49.83933089454583,0.3219274073877971,-53.26720458316761,5.337130864016549,-49.37981688393134,0.25340015212300354,0,6.293844988557493,0.0,6.293844988557493,6.293844988557493,-48.88261677000489,4.845123477436434,4.746599847876997,0.001,5000.0,-inf,0.27382186304142025,10.999549400938207,5.0,2.8235325813293457,0.0
7.7173497676849365,5.503095327295477,-39.264170323545855,-1.2068083613230742,-75.90840001949903,4.845123477436434,-48.88261677000489,0.18949111914105193,0,5.503095327295477,0.0,5.503095327295477,5.503095327295477,-38.60619847368681,4.45659507230109,4.810508880858948,0.001,5000.0,-inf,0.25143967673727824,6.350333151840315,5.0,2.8235325813293457,0.0
7.727416753768921,5.145991916867188,-35.48364792999486,-1.8971871036662522,-68.59961433097915,4.45659507230109,-38.60619847368681,0.23786132538528454,0,5.145991916867188,0.0,5.145991916867188,5.145991916867188,-34.79425108542876,4.10632183082142,4.762138674614715,0.001,5000.0,-inf,0.23758436174135125,4.804834916895836,5.0,2.8238754272460938,0.034056460780598714
7.737483024597168,4.811648432150927,-33.1796572889945,-2.794878706895097,-89.08533023043076,4.10632183082142,-34.79425108542876,0.22694254546071124,0,4.811648432150927,0.0,4.811648432150927,4.811648432150927,-32.47433068766499,3.779426423153329,4.7730574545392885,0.001,5000.0,-inf,0.3449859252758928,1.0846896642134831,5.0,2.8238754272460938,0.0
7.747554540634155,4.811648432150927,-33.1796572889945,-2.794878706895097,-89.08533023043076,3.779426423153329,-32.47433068766499,0.2043763923648163,0,4.811648432150927,0.0,4.811648432150927,4.811648432150927,-32.1474352799969,3.4556530131828285,4.795623607635184,0.001,5000.0,-inf,0.40440160704892375,2.2405914872221318,5.0,2.8238754272460938,0.0
7.757625579833984,4.811648432150927,-33.1796572889945,-2.794878706895097,-89.08533023043076,3.4556530131828285,-32.1474352799969,0.16231706904562704,0,4.811648432150927,0.0,4.811648432150927,4.811648432150927,-31.8236618700264,3.135155667007686,4.837682930954373,0.001,5000.0,-inf,0.39550403521860833,4.176264483202784,5.0,2.8238754272460938,0.0
7.7676990032196045,3.93540864644625,-29.0590638245036,-5.2314699307918,-80.80557519138192,3.135155667007686,-31.8236618700264,0.12068517468081214,0,3.93540864644625,0.0,3.93540864644625,3.93540864644625,-28.258810845065035,2.8504927009911927,4.879314825319188,0.001,5000.0,-inf,0.3888953027473815,4.132844691532049,5.0,2.2636494636535645,-55.61425765070649
7.777770280838013,3.93540864644625,-29.0590638245036,-5.2314699307918,-80.80557519138192,2.8504927009911927,-28.258810845065035,0.11648086968811666,0,3.93540864644625,0.0,3.93540864644625,3.93540864644625,-27.97414787904854,2.56875729156289,4.883519130311884,0.001,5000.0,-inf,0.5000057724726434,0.41745497959572453,5.0,2.2636494636535645,0.0
7.787818670272827,3.441614980895258,-24.553309306183493,-6.283185307179586,-52.29531024806523,2.56875729156289,-27.97414787904854,0.07988454202831918,0,3.441614980895258,0.0,3.441614980895258,3.441614980895258,-23.680451616851126,2.3308068917244884,4.920115457971681,0.001,5000.0,-inf,0.4987626736950592,3.6420092888719973,5.0,2.2636494636535645,0.0
7.797885179519653,3.2187084600767166,-22.192786552774656,-6.283185307179586,0.0,2.3308068917244884,-23.680451616851126,0.08950844867291713,0,3.2187084600767166,0.0,3.2187084600767166,3.2187084600767166,-21.30488498442243,2.116341070026232,4.910491551327083,0.001,5000.0,-inf,0.5841920365152689,0.9560321665260704,5.0,2.2636494636535645,0.0
7.80795431137085,3.2187084600767166,-22.192786552774656,-6.283185307179586,0.0,2.116341070026232,-21.30488498442243,0.08323889995944822,0,3.2187084600767166,0.0,3.2187084600767166,3.2187084600767166,-21.09041916272417,1.9039788586797657,4.916761100040552,0.001,5000.0,-inf,0.6718207652555833,0.6226503740463026,5.0,1.5605628490447998,-69.82594179906708
7.818022966384888,2.814234026584852,-20.07964130163646,-6.283185307179586,0.0,1.9039788586797657,-21.09041916272417,0.05565284858792552,0,2.814234026584852,0.0,2.814234026584852,2.814234026584852,-19.169386133731376,1.7109689228683391,4.9443471514120745,0.001,5000.0,-inf,0.6824675142441494,2.739795070251312,5.0,1.5605628490447998,0.0
7.828092098236084,2.814234026584852,-20.07964130163646,-6.283185307179586,0.0,1.7109689228683391,-19.169386133731376,0.04784178786425375,0,2.814234026584852,0.0,2.814234026584852,2.814234026584852,-18.976376197919947,1.5198932888735803,4.952158212135746,0.001,5000.0,-inf,0.7553357036404028,0.7757432159102929,5.0,1.5605628490447998,0.0
7.8381617069244385,2.4608258815605843,-17.55719374498521,-4.095201609893982,108.69826919658166,1.5198932888735803,-18.976376197919947,0.023021298463101803,0,2.4608258815605843,0.0,2.4608258815605843,2.4608258815605843,-16.616261152298204,1.3525740412064309,4.976978701536898,0.001,5000.0,-inf,0.7664889738025437,2.4648911560840348,5.0,1.5605628490447998,0.0
7.848231077194214,2.4608258815605843,-17.55719374498521,-4.095201609893982,108.69826919658166,1.3525740412064309,-16.616261152298204,0.0231977542459183,0,2.4608258815605843,0.0,2.4608258815605843,2.4608258815605843,-16.448941904631056,1.1869435546226763,4.976802245754081,0.001,5000.0,-inf,0.8398400764222893,0.017524013725680004,5.0,1.5605628490447998,0.0
7.858258008956909,2.151435799198154,-15.351118025067974,-0.2995682923353087,188.32929159463893,1.1869435546226763,-16.448941904631056,0.0016826786008641292,0,2.151435799198154,0.0,2.151435799198154,2.151435799198154,-14.386625780492496,1.042689839626245,4.998317321399136,0.001,5000.0,-inf,0.8528270316414239,2.1457287387852695,5.0,0.9508734345436096,-60.80518237587978
7.868328809738159,2.012261112484412,-13.873819255667142,1.6545902771427337,194.80297337126632,1.042689839626245,-14.386625780492496,0.0021103197427493614,0,2.012261112484412,0.0,2.012261112484412,2.012261112484412,-12.904247982808975,0.9127337289595285,4.99788968025725,0.001,5000.0,-inf,0.9175443284772816,0.04246346950695542,5.0,0.9508734345436096,0.0
7.878398180007935,1.8818801331944779,-12.975619004856753,3.485275971448713,182.19129980710278,0.9127337289595285,-12.904247982808975,-0.0012597577737557542,0,1.8818801331944779,0.0,1.8818801331944779,1.8818801331944779,-12.006472600621803,0.7918361107099545,5.001259757773756,0.001,5000.0,-inf,0.9757898956295535,0.33468602566149247,5.0,0.9508734345436096,0.0
7.88847017288208,1.8818801331944779,-12.975619004856753,3.485275971448713,182.19129980710278,0.7918361107099545,-12.006472600621803,-0.00920767050682439,0,1.8818801331944779,0.0,1.8818801331944779,1.8818801331944779,-11.88557498237223,0.6721246841823794,5.009207670506824,0.001,5000.0,-inf,1.0188951316062187,0.7891102418738479,5.0,0.9508734345436096,0.0
7.898541212081909,1.6452211204540803,-11.73933940953344,6.283185307179586,138.78874482281762,0.6721246841823794,-11.88557498237223,-0.024758294038189174,0,1.6452211204540803,0.0,1.6452211204540803,1.6452211204540803,-10.766242973261738,0.5636974291637757,5.024758294038189,0.001,5000.0,-inf,1.0333626140995604,1.5440932383252632,5.0,0.4259249269962311,-52.124562036883596
7.908608913421631,1.6452211204540803,-11.73933940953344,6.283185307179586,138.78874482281762,0.5636974291637757,-10.766242973261738,-0.02874478964968878,0,1.6452211204540803,0.0,1.6452211204540803,1.6452211204540803,-10.657815718243135,0.45639772357871244,5.028744789649688,0.001,5000.0,-inf,1.0800263526896043,0.3959687993297002,5.0,0.4259249269962311,0.0
7.918678045272827,1.6452211204540803,-11.73933940953344,6.283185307179586,138.78874482281762,0.45639772357871244,-10.657815718243135,-0.04268247588141161,0,1.6452211204540803,0.0,1.6452211204540803,1.6452211204540803,-10.550516012658072,0.3501631867491006,5.042682475881412,0.001,5000.0,-inf,1.0935328479778086,1.3841993965017871,5.0,0.4259249269962311,0.0
7.928760290145874,1.3454057069301957,-9.935269439325628,6.283185307179586,0.0,0.3501631867491006,-10.550516012658072,-0.05648231398170663,0,1.3454057069301957,0.0,1.3454057069301957,1.3454057069301957,-8.940026919144533,0.2600276461786546,5.056482313981706,0.001,5000.0,-inf,1.1061872572944818,1.3687267343790157,5.0,0.4259249269962311,0.0
7.938835620880127,1.3454057069301957,-9.935269439325628,6.283185307179586,0.0,0.2600276461786546,-8.940026919144533,-0.05299639872643368,0,1.3454057069301957,0.0,1.3454057069301957,1.3454057069301957,-8.849891378574087,0.17086206357730704,5.0529963987264335,0.001,5000.0,-inf,1.1455685315650337,0.34598519365939506,5.0,0.7595117092132568,33.109263707139306
7.948901176452637,1.176324118887761,-8.393154400292758,6.283185307179586,0.0,0.17086206357730704,-8.849891378574087,-0.06457822488491788,0,1.176324118887761,0.0,1.176324118887761,1.176324118887761,-7.387692344982304,0.09650083572628267,5.064578224884918,0.001,5000.0,-inf,1.1600466268051801,1.150639532517763,5.0,0.7595117092132568,0.0
7.958968877792358,1.176324118887761,-8.393154400292758,6.283185307179586,0.0,0.09650083572628267,-7.387692344982304,-0.060366806448143476,0,1.176324118887761,0.0,1.176324118887761,1.176324118887761,-7.31333111713128,0.022872402240511833,5.060366806448143,0.001,5000.0,-inf,1.1940419641246622,0.418309830085884,5.0,0.7595117092132568,0.0
7.969037055969238,1.0290671642750133,-7.340366207053055,6.283185307179586,0.0,0.022872402240511833,-7.31333111713128,-0.06993117485764115,0,1.0290671642750133,0.0,1.0290671642750133,1.0290671642750133,-6.334171445018553,-0.04090116447083968,5.069931174857641,0.001,5000.0,-inf,1.2101390506208487,0.9499601855935432,5.0,0.7595117092132568,0.0
7.979109525680542,0.9622957013753736,-6.63538782490608,6.283185307179586,0.0,-0.04090116447083968,-6.334171445018553,0.0,0,0.9622957013753736,0.0,0.9622957013753736,0.9622957013753736,-5.632190959059867,-0.09763123731424878,5.0,0.001,5000.0,-inf,1.0941251455587637,6.942803191471672,5.0,1.0467333793640137,28.515515894619735
7.989178419113159,0.9622957013753736,-6.63538782490608,6.283185307179586,0.0,-0.09763123731424878,-5.632190959059867,0.0,0,0.9622957013753736,0.0,0.9622957013753736,0.9622957013753736,-5.575460886216458,-0.15376995881528768,5.0,0.001,5000.0,-inf,1.1347126310028874,0.0,5.0,1.0467333793640137,0.0
7.999312162399292,0.8414223340707234,-6.00338249096334,6.283185307179586,0.0,-0.15376995881528768,-5.575460886216458,0.0,0,0.8414223340707234,0.0,0.8414223340707234,0.8414223340707234,-5.00819019807733,-0.20452167261072998,5.0,0.001,5000.0,-inf,1.1712413679025988,0.0,5.0,1.0467333793640137,0.0
8.009380340576172,0.8414223340707234,-6.00338249096334,6.283185307179586,0.0,-0.20452167261072998,-5.00819019807733,0.0,0,0.8414223340707234,0.0,0.8414223340707234,0.8414223340707234,-4.957438484281887,-0.25443404657140134,5.0,0.001,5000.0,-inf,1.2041172311123391,0.0,5.0,1.0467333793640137,0.0
8.019452095031738,0.7357481675829285,-5.249358431887539,6.283185307179586,0.0,-0.25443404657140134,-4.957438484281887,0.0,0,0.7357481675829285,0.0,0.7357481675829285,0.7357481675829285,-4.259176217733209,-0.29733142361939824,5.0,0.001,5000.0,-inf,1.2337055080011052,0.0,5.0,1.0467333793640137,0.0
8.029480218887329,0.7357481675829285,-5.249358431887539,6.283185307179586,0.0,-0.29733142361939824,-4.259176217733209,0.0,0,0.7357481675829285,0.0,0.7357481675829285,0.7357481675829285,-4.216278840685212,-0.3396127900434964,5.0,0.001,5000.0,-inf,1.2603349572009948,0.0,5.0,1.2940340042114258,24.660707068305555
8.039548397064209,0.6435174263211927,-4.5906911008706075,6.283185307179586,0.0,-0.3396127900434964,-4.216278840685212,0.0,0,0.6435174263211927,0.0,0.6435174263211927,0.6435174263211927,-3.6075608845059186,-0.3759343558126444,5.0,0.001,5000.0,-inf,1.2843014614808954,0.0,5.0,1.2940340042114258,0.0
8.049612522125244,0.6435174263211927,-4.5906911008706075,6.283185307179586,0.0,-0.3759343558126444,-3.6075608845059186,0.0,0,0.6435174263211927,0.0,0.6435174263211927,0.6435174263211927,-3.5712393187367706,-0.4118757549392972,5.0,0.001,5000.0,-inf,1.3058713153328059,0.0,5.0,1.2940340042114258,0.0
8.059677362442017,0.5626990164245641,-4.014697632506675,6.283185307179586,0.0,-0.4118757549392972,-3.5712393187367706,0.0,0,0.5626990164245641,0.0,0.5626990164245641,0.5626990164245641,-3.040122861142814,-0.44247410608006904,5.0,0.001,5000.0,-inf,1.3252841837995253,0.0,5.0,1.2940340042114258,0.0
8.069744110107422,0.5262114685951966,-3.6283427253113456,6.283185307179586,0.0,-0.44247410608006904,-3.040122861142814,0.0,0,0.5262114685951966,0.0,0.5262114685951966,0.5262114685951966,-2.6596571506360798,-0.4692482034920132,5.0,0.001,5000.0,-inf,1.342755765419573,0.0,5.0,1.5069626569747925,21.151682732160197
8.07976508140564,0.5262114685951966,-3.6283427253113456,6.283185307179586,0.0,-0.4692482034920132,-2.6596571506360798,0.0,0,0.5262114685951966,0.0,0.5262114685951966,0.5262114685951966,-2.632883053224136,-0.4956322489999362,5.0,0.001,5000.0,-inf,1.358480188877616,0.0,5.0,1.5069626569747925,0.0
8.089811325073242,0.46014874568837283,-3.282945225693501,6.283185307179586,0.0,-0.4956322489999362,-2.632883053224136,0.0,0,0.46014874568837283,0.0,0.46014874568837283,0.46014874568837283,-2.327164231005192,-0.5190115079191432,5.0,0.001,5000.0,-inf,1.3726321699898545,0.0,5.0,1.5069626569747925,0.0
8.099884271621704,0.46014874568837283,-3.282945225693501,6.283185307179586,0.0,-0.5190115079191432,-2.327164231005192,0.0,0,0.46014874568837283,0.0,0.46014874568837283,0.46014874568837283,-2.303784972085985,-0.5422174108021152,5.0,0.001,5000.0,-inf,1.385368952990869,0.0,5.0,1.5069626569747925,0.0
8.109956979751587,0.4022832422708609,-2.8704541819460454,6.283185307179586,0.0,-0.5422174108021152,-2.303784972085985,0.0,0,0.4022832422708609,0.0,0.4022832422708609,0.4022832422708609,-1.9259535288730694,-0.5616169785701715,5.0,0.001,5000.0,-inf,1.3968320576917823,0.0,5.0,1.690295934677124,18.20099176292369
8.12003493309021,0.4022832422708609,-2.8704541819460454,6.283185307179586,0.0,-0.5616169785701715,-1.9259535288730694,0.0,0,0.4022832422708609,0.0,0.4022832422708609,0.4022832422708609,-1.906553961105013,-0.5808311404277547,5.0,0.001,5000.0,-inf,1.4071488519226043,0.0,5.0,1.690295934677124,0.0
8.130110025405884,0.35182426480672613,-2.509935733847207,6.283185307179586,0.0,-0.5808311404277547,-1.906553961105013,0.0,0,0.35182426480672613,0.0,0.35182426480672613,0.35182426480672613,-1.5772803286127262,-0.5967223853462243,5.0,0.001,5000.0,-inf,1.4164339667303438,0.0,5.0,1.690295934677124,0.0
8.140180110931396,0.35182426480672613,-2.509935733847207,6.283185307179586,0.0,-0.5967223853462243,-1.5772803286127262,0.0,0,0.35182426480672613,0.0,0.35182426480672613,0.35182426480672613,-1.5613890836942566,-0.6124457069576275,5.0,0.001,5000.0,-inf,1.4247905700573096,0.0,5.0,1.690295934677124,0.0
8.150251388549805,0.30763379259107193,-2.194899335378144,6.283185307179586,0.0,-0.6124457069576275,-1.5613890836942566,0.0,0,0.30763379259107193,0.0,0.30763379259107193,0.30763379259107193,-1.2748198358294445,-0.6252847714377193,5.0,0.001,5000.0,-inf,1.4323115130515789,0.0,5.0,1.690295934677124,0.0
8.160324811935425,0.2876531816336601,-1.9835445316240494,6.283185307179586,0.0,-0.6252847714377193,-1.2748198358294445,0.0,0,0.2876531816336601,0.0,0.2876531816336601,0.2876531816336601,-1.07060657855267,-0.6360694447829105,5.0,0.001,5000.0,-inf,1.439080361746421,0.0,5.0,1.8481475114822388,15.670102482781473
8.1703941822052,0.269026736251352,-1.8549070319767436,6.283185307179586,0.0,-0.6360694447829105,-1.07060657855267,0.0,0,0.269026736251352,0.0,0.269026736251352,0.269026736251352,-0.9498108509424811,-0.6456334419273008,5.0,0.001,5000.0,-inf,1.4451723255717788,0.0,5.0,1.8481475114822388,0.0
8.180465698242188,0.269026736251352,-1.8549070319767436,6.283185307179586,0.0,-0.6456334419273008,-0.9498108509424811,0.0,0,0.269026736251352,0.0,0.269026736251352,0.269026736251352,-0.9402468537980908,-0.6551031531940551,5.0,0.001,5000.0,-inf,1.4506550930146012,0.0,5.0,1.8481475114822388,0.0
8.190577983856201,0.23525389781036365,-1.6784192727749945,6.283185307179586,0.0,-0.6551031531940551,-0.9402468537980908,0.0,0,0.23525389781036365,0.0,0.23525389781036365,0.23525389781036365,-0.7880622217705757,-0.6630722634622134,5.0,0.001,5000.0,-inf,1.4555895837131412,0.0,5.0,1.8481475114822388,0.0
8.200650691986084,0.21998899841207803,-1.5169074252707286,6.283185307179586,0.0,-0.6630722634622134,-0.7880622217705757,0.0,0,0.21998899841207803,0.0,0.21998899841207803,0.21998899841207803,-0.6338461633964372,-0.6694568108653516,5.0,0.001,5000.0,-inf,1.460030625341827,0.0,5.0,1.8481475114822388,0.0
8.21071720123291,0.21998899841207803,-1.5169074252707286,6.283185307179586,0.0,-0.6694568108653516,-0.6338461633964372,0.0,0,0.21998899841207803,0.0,0.21998899841207803,0.21998899841207803,-0.6274616159932991,-0.6757731590247766,5.0,0.001,5000.0,-inf,1.4640275628076442,0.0,5.0,1.9840593338012695,13.501385533608072
8.220762491226196,0.19240157167204405,-1.3725822270842758,6.283185307179586,0.0,-0.6757731590247766,-0.6274616159932991,0.0,0,0.19240157167204405,0.0,0.19240157167204405,0.19240157167204405,-0.5044074963874551,-0.680840078600776,5.0,0.001,5000.0,-inf,1.4676248065268798,0.0,5.0,1.9840593338012695,0.0
8.230828523635864,0.17990950642376324,-1.2405710723126595,6.283185307179586,0.0,-0.680840078600776,-0.5044074963874551,0.0,0,0.17990950642376324,0.0,0.17990950642376324,0.17990950642376324,-0.37982148728812026,-0.6846633740017065,5.0,0.001,5000.0,-inf,1.470862325874192,0.0,5.0,1.9840593338012695,0.0
8.240893840789795,0.16823172277638923,-1.160035399268537,6.283185307179586,0.0,-0.6846633740017065,-0.37982148728812026,0.0,0,0.16823172277638923,0.0,0.16823172277638923,0.16823172277638923,-0.30714030249044133,-0.6877548385570269,5.0,0.001,5000.0,-inf,1.473776093286773,0.0,5.0,1.9840593338012695,0.0
8.250967741012573,0.16823172277638923,-1.160035399268537,6.283185307179586,0.0,-0.6877548385570269,-0.30714030249044133,0.0,0,0.16823172277638923,0.0,0.16823172277638923,0.16823172277638923,-0.30404883793512094,-0.690817796213237,5.0,0.001,5000.0,-inf,1.476398483958096,0.0,5.0,1.9840593338012695,0.0
8.261033535003662,0.14710725468186941,-1.0495556809097093,6.283185307179586,0.0,-0.690817796213237,-0.30404883793512094,0.0,0,0.14710725468186941,0.0,0.14710725468186941,0.14710725468186941,-0.21163063001460292,-0.6929480265371684,5.0,0.001,5000.0,-inf,1.4787586355622864,0.0,5.0,2.101080894470215,11.625666169260287
8.271104097366333,0.14710725468186941,-1.0495556809097093,6.283185307179586,0.0,-0.6929480265371684,-0.21163063001460292,0.0,0,0.14710725468186941,0.0,0.14710725468186941,0.14710725468186941,-0.20950039969067147,-0.6950578133772576,5.0,0.001,5000.0,-inf,1.480882772006058,0.0,5.0,2.101080894470215,0.0
8.281168460845947,0.14710725468186941,-1.0495556809097093,6.283185307179586,0.0,-0.6950578133772576,-0.20950039969067147,0.0,0,0.14710725468186941,0.0,0.14710725468186941,0.14710725468186941,-0.20739061285058225,-0.6971450678872458,5.0,0.001,5000.0,-inf,1.4827944948054523,0.0,5.0,2.101080894470215,0.0
8.291239500045776,0.12029566148863476,-0.888347994128738,6.283185307179586,0.0,-0.6971450678872458,-0.20739061285058225,0.0,0,0.12029566148863476,0.0,0.12029566148863476,0.12029566148863476,-0.07090726475285736,-0.6978591777301245,5.0,0.001,5000.0,-inf,1.484515045324907,0.0,5.0,2.101080894470215,0.0
8.301305770874023,0.12029566148863476,-0.888347994128738,6.283185307179586,0.0,-0.6978591777301245,-0.07090726475285736,0.0,0,0.12029566148863476,0.0,0.12029566148863476,0.12029566148863476,-0.07019315490997868,-0.6985657610377375,5.0,0.001,5000.0,-inf,1.4860635407924163,0.0,5.0,2.2018375396728516,10.009331849079842
8.31136965751648,0.10519359043828205,-0.7505056518338689,6.283185307179586,0.0,-0.6985657610377375,-0.07019315490997868,0.0,0,0.10519359043828205,0.0,0.10519359043828205,0.10519359043828205,0.053253699642150654,-0.6980298218412475,5.0,0.001,5000.0,-inf,1.4874571867131747,0.0,5.0,2.2018375396728516,0.0
8.321434736251831,0.10519359043828205,-0.7505056518338689,6.283185307179586,0.0,-0.6980298218412475,0.053253699642150654,0.0,0,0.10519359043828205,0.0,0.10519359043828205,0.10519359043828205,0.05271776044566068,-0.6974992134316105,5.0,0.001,5000.0,-inf,1.4887114680418572,0.0,5.0,2.2018375396728516,0.0
8.331510782241821,0.09200953306168314,-0.6563632160725746,6.283185307179586,0.0,-0.6974992134316105,0.05271776044566068,0.0,0,0.09200953306168314,0.0,0.09200953306168314,0.09200953306168314,0.13314553042071897,-0.6961576329437297,5.0,0.001,5000.0,-inf,1.4898403212376716,0.0,5.0,2.2018375396728516,0.0
8.341577768325806,0.09200953306168314,-0.6563632160725746,6.283185307179586,0.0,-0.6961576329437297,0.13314553042071897,0.0,0,0.09200953306168314,0.0,0.09200953306168314,0.09200953306168314,0.13180394993283817,-0.6948307644139416,5.0,0.001,5000.0,-inf,1.4908562891139043,0.0,5.0,2.2885901927948,8.617539787798409
8.351643800735474,0.09200953306168314,-0.6563632160725746,6.283185307179586,0.0,-0.6948307644139416,0.13180394993283817,0.0,0,0.09200953306168314,0.0,0.09200953306168314,0.09200953306168314,0.13047708140305014,-0.6935173778838196,5.0,0.001,5000.0,-inf,1.4917706602025138,0.0,5.0,2.2885901927948,0.0
8.3617103099823,0.07524213771338868,-0.5556327890760426,6.283185307179586,0.0,-0.6935173778838196,0.13047708140305014,0.0,0,0.07524213771338868,0.0,0.07524213771338868,0.07524213771338868,0.2131267265211657,-0.6913719357205486,5.0,0.001,5000.0,-inf,1.4925935941822623,0.0,5.0,2.2885901927948,0.0
8.371774911880493,0.07524213771338868,-0.5556327890760426,6.283185307179586,0.0,-0.6913719357205486,0.2131267265211657,0.0,0,0.07524213771338868,0.0,0.07524213771338868,0.07524213771338868,0.21098128435789465,-0.6892484930855168,5.0,0.001,5000.0,-inf,1.4933342347640362,0.0,5.0,2.2885901927948,0.0
8.381843328475952,0.07524213771338868,-0.5556327890760426,6.283185307179586,0.0,-0.6892484930855168,0.21098128435789465,0.0,0,0.07524213771338868,0.0,0.07524213771338868,0.07524213771338868,0.20885784172286292,-0.6871456253258226,5.0,0.001,5000.0,-inf,1.4940008112876324,0.0,5.0,2.2885901927948,0.0
8.391908884048462,0.06153632167895243,-0.45439810780485573,6.283185307179586,0.0,-0.6871456253258226,0.20885784172286292,0.0,0,0.06153632167895243,0.0,0.06153632167895243,0.06153632167895243,0.29428383919991924,-0.6841834949882643,5.0,0.001,5000.0,-inf,1.494600730158869,0.0,5.0,2.3632850646972656,7.420839452366289
8.401974439620972,0.06153632167895243,-0.45439810780485573,6.283185307179586,0.0,-0.6841834949882643,0.29428383919991924,0.0,0,0.06153632167895243,0.0,0.06153632167895243,0.06153632167895243,0.2913217088623609,-0.6812511801382316,5.0,0.001,5000.0,-inf,1.4951406571429824,0.0,5.0,2.3632850646972656,0.0
8.412038803100586,0.06153632167895243,-0.45439810780485573,6.283185307179586,0.0,-0.6812511801382316,0.2913217088623609,0.0,0,0.06153632167895243,0.0,0.06153632167895243,0.06153632167895243,0.28838939401232827,-0.6783487244532258,5.0,0.001,5000.0,-inf,1.4956265914286844,0.0,5.0,2.3632850646972656,0.0
8.422107934951782,0.05030910878845314,-0.37156249160043475,6.283185307179586,0.0,-0.6783487244532258,0.28838939401232827,0.0,0,0.05030910878845314,0.0,0.05030910878845314,0.05030910878845314,0.35709534164124423,-0.6747530843747921,5.0,0.001,5000.0,-inf,1.496063932285816,0.0,5.0,2.3632850646972656,0.0
8.432176113128662,0.04704478075661983,-0.3243913123707108,6.283185307179586,0.0,-0.6747530843747921,0.35709534164124423,0.0,0,0.04704478075661983,0.0,0.04704478075661983,0.04704478075661983,0.3974065527607011,-0.6707519243929377,5.0,0.001,5000.0,-inf,1.4964575390572343,0.0,5.0,2.427598237991333,6.387766700608586
8.442318201065063,0.04704478075661983,-0.3243913123707108,6.283185307179586,0.0,-0.6707519243929377,0.3974065527607011,0.0,0,0.04704478075661983,0.0,0.04704478075661983,0.04704478075661983,0.39340539277884673,-0.6667619723047201,5.0,0.001,5000.0,-inf,1.496811785151511,0.0,5.0,2.427598237991333,0.0
8.452388763427734,0.04704478075661983,-0.3243913123707108,6.283185307179586,0.0,-0.6667619723047201,0.39340539277884673,0.0,0,0.04704478075661983,0.0,0.04704478075661983,0.04704478075661983,0.3894154406906291,-0.6628403398242582,5.0,0.001,5000.0,-inf,1.49713060663636,0.0,5.0,2.427598237991333,0.0
8.462456941604614,0.03847314556350045,-0.28410256963508435,6.283185307179586,0.0,-0.6628403398242582,0.3894154406906291,0.0,0,0.03847314556350045,0.0,0.03847314556350045,0.03847314556350045,0.41721091575267427,-0.6586397859871209,5.0,0.001,5000.0,-inf,1.4974175459727244,0.0,5.0,2.427598237991333,0.0
8.472532987594604,0.03847314556350045,-0.28410256963508435,6.283185307179586,0.0,-0.6586397859871209,0.41721091575267427,0.0,0,0.03847314556350045,0.0,0.03847314556350045,0.03847314556350045,0.413010361915537,-0.6544782745861174,5.0,0.001,5000.0,-inf,1.497675791375452,0.0,5.0,2.4829719066619873,5.495575221238938
8.48259949684143,0.03364889995702754,-0.24004784079593539,6.283185307179586,0.0,-0.6544782745861174,0.413010361915537,0.0,0,0.03364889995702754,0.0,0.03364889995702754,0.03364889995702754,0.4480793337472096,-0.6499676798296394,5.0,0.001,5000.0,-inf,1.4979082122379066,0.0,5.0,2.4829719066619873,0.0
8.492665767669678,0.03146442641549452,-0.2169629673963083,6.283185307179586,0.0,-0.6499676798296394,0.4480793337472096,0.0,0,0.03146442641549452,0.0,0.03146442641549452,0.03146442641549452,0.4644691388488257,-0.6452922076866244,5.0,0.001,5000.0,-inf,1.498117391014116,0.0,5.0,2.4829719066619873,0.0
8.502731084823608,0.03146442641549452,-0.2169629673963083,6.283185307179586,0.0,-0.6452922076866244,0.4644691388488257,0.0,0,0.03146442641549452,0.0,0.03146442641549452,0.03146442641549452,0.4597936667058107,-0.6406642386058617,5.0,0.001,5000.0,-inf,1.4983056519127045,0.0,5.0,2.4829719066619873,0.0
8.51276445388794,0.03146442641549452,-0.2169629673963083,6.283185307179586,0.0,-0.6406642386058617,0.4597936667058107,0.0,0,0.03146442641549452,0.0,0.03146442641549452,0.03146442641549452,0.455165697625048,-0.6360973931761659,5.0,0.001,5000.0,-inf,1.498475086721434,0.0,5.0,2.530648946762085,4.751847539386451
8.522831439971924,0.025728653319282684,-0.19000273297056222,6.283185307179586,0.0,-0.6360973931761659,0.455165697625048,0.0,0,0.025728653319282684,0.0,0.025728653319282684,0.025728653319282684,0.47182331352488627,-0.6313475544448115,5.0,0.001,5000.0,-inf,1.4986275780492906,0.0,5.0,2.530648946762085,0.0
8.532902717590332,0.024057632575326678,-0.16589194987946823,6.283185307179586,0.0,-0.6313475544448115,0.47182331352488627,0.0,0,0.024057632575326678,0.0,0.024057632575326678,0.024057632575326678,0.48951323714066997,-0.6264175307356821,5.0,0.001,5000.0,-inf,1.4987648202443618,0.0,5.0,2.530648946762085,0.0
8.542975664138794,0.024057632575326678,-0.16589194987946823,6.283185307179586,0.0,-0.6264175307356821,0.48951323714066997,0.0,0,0.024057632575326678,0.0,0.024057632575326678,0.024057632575326678,0.48458321343154054,-0.6215363499285043,5.0,0.001,5000.0,-inf,1.4988883382199258,0.0,5.0,2.530648946762085,0.0
8.55305552482605,0.021035534194446155,-0.15008524352705194,6.283185307179586,0.0,-0.6215363499285043,0.48458321343154054,0.0,0,0.021035534194446155,0.0,0.021035534194446155,0.021035534194446155,0.4924866405958985,-0.6165721532009629,5.0,0.001,5000.0,-inf,1.4989995043979332,0.0,5.0,2.571699857711792,4.072567292681773
8.563122034072876,0.019675668975974038,-0.1356535253127163,6.283185307179586,0.0,-0.6165721532009629,0.4924866405958985,0.0,0,0.019675668975974038,0.0,0.019675668975974038,0.019675668975974038,0.5005942968642207,-0.6115329160826708,5.0,0.001,5000.0,-inf,1.49909955395814,0.0,5.0,2.571699857711792,0.0
8.573188781738281,0.019675668975974038,-0.1356535253127163,6.283185307179586,0.0,-0.6115329160826708,0.5005942968642207,0.0,0,0.019675668975974038,0.0,0.019675668975974038,0.019675668975974038,0.49555505974592856,-0.6065442883418937,5.0,0.001,5000.0,-inf,1.4991895985623263,0.0,5.0,2.571699857711792,0.0
8.5832679271698,0.017205615047350967,-0.12275358507357353,6.283185307179586,0.0,-0.6065442883418937,0.49555505974592856,0.0,0,0.017205615047350967,0.0,0.017205615047350967,0.017205615047350967,0.5009963183156712,-0.6014946735889346,5.0,0.001,5000.0,-inf,1.499270638706094,0.0,5.0,2.571699857711792,0.0
8.593336820602417,0.01608684323408598,-0.11093307544833575,6.283185307179586,0.0,-0.6014946735889346,0.5009963183156712,0.0,0,0.01608684323408598,0.0,0.01608684323408598,0.01608684323408598,0.5066484413746848,-0.5963932844249313,5.0,0.001,5000.0,-inf,1.4993435748354846,0.0,5.0,2.6070449352264404,3.510323924985793
8.603407859802246,0.015045121870787888,-0.10373447485675771,6.283185307179586,0.0,-0.5963932844249313,0.5066484413746848,0.0,0,0.015045121870787888,0.0,0.015045121870787888,0.015045121870787888,0.5077039314389615,-0.5912801782295021,5.0,0.001,5000.0,-inf,1.4994092173519364,0.0,5.0,2.6070449352264404,0.0
8.613478660583496,0.015045121870787888,-0.10373447485675771,6.283185307179586,0.0,-0.5912801782295021,0.5077039314389615,0.0,0,0.015045121870787888,0.0,0.015045121870787888,0.015045121870787888,0.5025908252435323,-0.5862186861539904,5.0,0.001,5000.0,-inf,1.4994682956167429,0.0,5.0,2.6070449352264404,0.0
8.623555183410645,0.015045121870787888,-0.10373447485675771,6.283185307179586,0.0,-0.5862186861539904,0.5025908252435323,0.0,0,0.015045121870787888,0.0,0.015045121870787888,0.015045121870787888,0.4975293331680206,-0.5812053204711469,5.0,0.001,5000.0,-inf,1.4995214660550689,0.0,5.0,2.6070449352264404,0.0
8.633620977401733,0.012298694939107097,-0.09083872428461623,6.283185307179586,0.0,-0.5812053204711469,0.4975293331680206,0.0,0,0.012298694939107097,0.0,0.012298694939107097,0.012298694939107097,0.5026652911256377,-0.5761455952042055,5.0,0.001,5000.0,-inf,1.499569319449562,0.0,5.0,2.637477159500122,3.0233307278713375
8.643685579299927,0.012298694939107097,-0.09083872428461623,6.283185307179586,0.0,-0.5761455952042055,0.5026652911256377,0.0,0,0.012298694939107097,0.0,0.012298694939107097,0.012298694939107097,0.4976055658586963,-0.5711373932815124,5.0,0.001,5000.0,-inf,1.4996123875046061,0.0,5.0,2.637477159500122,0.0
8.653755903244019,0.010754957476978202,-0.0767305114932402,6.283185307179586,0.0,-0.5711373932815124,0.4976055658586963,0.0,0,0.010754957476978202,0.0,0.010754957476978202,0.010754957476978202,0.5051618392652504,-0.566050249915918,5.0,0.001,5000.0,-inf,1.4996511487541455,0.0,5.0,2.637477159500122,0.0
8.66382646560669,0.01005833242370374,-0.0693517183890553,6.283185307179586,0.0,-0.566050249915918,0.5051618392652504,0.0,0,0.01005833242370374,0.0,0.01005833242370374,0.01005833242370374,0.5067568639505664,-0.5609469233147923,5.0,0.001,5000.0,-inf,1.499686033878731,0.0,5.0,2.637477159500122,0.0
8.673898696899414,0.00940505039852164,-0.06485357186625756,6.283185307179586,0.0,-0.5609469233147923,0.5067568639505664,0.0,0,0.00940505039852164,0.0,0.00940505039852164,0.00940505039852164,0.5054984018470565,-0.5558554264932861,5.0,0.001,5000.0,-inf,1.499717430490858,0.0,5.0,2.663679838180542,2.601477062917199
8.683960914611816,0.00940505039852164,-0.06485357186625756,6.283185307179586,0.0,-0.5558554264932861,0.5054984018470565,0.0,0,0.00940505039852164,0.0,0.00940505039852164,0.00940505039852164,0.5004069050255502,-0.5508202232701296,5.0,0.001,5000.0,-inf,1.4997456874417723,0.0,5.0,2.663679838180542,0.0
8.694024085998535,0.008226106368040175,-0.05868282615143514,6.283185307179586,0.0,-0.5508202232701296,0.5004069050255502,0.0,0,0.008226106368040175,0.0,0.008226106368040175,0.008226106368040175,0.5003635034867346,-0.5457849795788835,5.0,0.001,5000.0,-inf,1.4997711186975953,0.0,5.0,2.663679838180542,0.0
8.704091787338257,0.008226106368040175,-0.05868282615143514,6.283185307179586,0.0,-0.5457849795788835,0.5003635034867346,0.0,0,0.008226106368040175,0.0,0.008226106368040175,0.008226106368040175,0.49532825979548856,-0.5407981625941385,5.0,0.001,5000.0,-inf,1.4997940068278357,0.0,5.0,2.663679838180542,0.0
8.714152812957764,0.007193413330946477,-0.0513214594688766,6.283185307179586,0.0,-0.5407981625941385,0.49532825979548856,0.0,0,0.007193413330946477,0.0,0.007193413330946477,0.007193413330946477,0.49667011645620834,-0.535801151828029,5.0,0.001,5000.0,-inf,1.4998146061450521,0.0,5.0,2.6862411499023438,2.2424465034716463
8.724217414855957,0.0067268794699883545,-0.04638359777068993,6.283185307179586,0.0,-0.535801151828029,0.49667011645620834,0.0,0,0.0067268794699883545,0.0,0.0067268794699883545,0.0067268794699883545,0.4961444335273275,-0.5308076556205717,5.0,0.001,5000.0,-inf,1.499833145530547,0.0,5.0,2.6862411499023438,0.0
8.734285116195679,0.006290123072802307,-0.04337372093626212,6.283185307179586,0.0,-0.5308076556205717,0.4961444335273275,0.0,0,0.006290123072802307,0.0,0.006290123072802307,0.006290123072802307,0.4937240577571119,-0.5258369892628376,5.0,0.001,5000.0,-inf,1.4998498309774924,0.0,5.0,2.6862411499023438,0.0
8.744355916976929,0.006290123072802307,-0.04337372093626212,6.283185307179586,0.0,-0.5258369892628376,0.4937240577571119,0.0,0,0.006290123072802307,0.0,0.006290123072802307,0.006290123072802307,0.4887533913993778,-0.5209148512268942,5.0,0.001,5000.0,-inf,1.4998648478797434,0.0,5.0,2.6862411499023438,0.0
8.754430770874023,0.006290123072802307,-0.04337372093626212,6.283185307179586,0.0,-0.5209148512268942,0.4887533913993778,0.0,0,0.006290123072802307,0.0,0.006290123072802307,0.006290123072802307,0.48383125336343435,-0.5160403220384093,5.0,0.001,5000.0,-inf,1.499878363091769,0.0,5.0,2.7056665420532227,1.928106585891095
8.764495134353638,0.005142572780126066,-0.037980657498190004,6.283185307179586,0.0,-0.5160403220384093,0.48383125336343435,0.0,0,0.005142572780126066,0.0,0.005142572780126066,0.005142572780126066,0.4832022373203454,-0.5111771990878545,5.0,0.001,5000.0,-inf,1.499890526782592,0.0,5.0,2.7056665420532227,0.0
8.774558305740356,0.005142572780126066,-0.037980657498190004,6.283185307179586,0.0,-0.5111771990878545,0.4832022373203454,0.0,0,0.005142572780126066,0.0,0.005142572780126066,0.005142572780126066,0.4783391143697906,-0.5063635905989801,5.0,0.001,5000.0,-inf,1.4999014741043326,0.0,5.0,2.7056665420532227,0.0
8.78462815284729,0.004498275848639779,-0.032088262428258685,6.283185307179586,0.0,-0.5063635905989801,0.4783391143697906,0.0,0,0.004498275848639779,0.0,0.004498275848639779,0.004498275848639779,0.4787736040193612,-0.5015424136076695,5.0,0.001,5000.0,-inf,1.4999113266938995,0.0,5.0,2.7056665420532227,0.0
8.7946937084198,0.004498275848639779,-0.032088262428258685,6.283185307179586,0.0,-0.5015424136076695,0.4787736040193612,0.0,0,0.004498275848639779,0.0,0.004498275848639779,0.004498275848639779,0.4739524270280506,-0.49677181911469276,5.0,0.001,5000.0,-inf,1.4999201940245097,0.0,5.0,2.7056665420532227,0.0
8.80476689338684,0.003933368988835325,-0.02806337915083811,6.283185307179586,0.0,-0.49677181911469276,0.4739524270280506,0.0,0,0.003933368988835325,0.0,0.003933368988835325,0.003933368988835325,0.4726418089526899,-0.4920108107499554,5.0,0.001,5000.0,-inf,1.4999281746220587,0.0,5.0,2.7223923206329346,1.6604260355029585
8.814839601516724,0.003933368988835325,-0.02806337915083811,6.283185307179586,0.0,-0.4920108107499554,0.4726418089526899,0.0,0,0.003933368988835325,0.0,0.003933368988835325,0.003933368988835325,0.4678808005879526,-0.487297984006057,5.0,0.001,5000.0,-inf,1.499935357159853,0.0,5.0,2.7223923206329346,0.0
8.824905157089233,0.0034396890972838295,-0.02454008798328949,0.7350827987072899,-275.787865838197,-0.487297984006057,0.4678808005879526,0.0,0,0.0034396890972838295,0.0,0.0034396890972838295,0.0034396890972838295,0.4661975851200513,-0.48260544630526125,5.0,0.001,5000.0,-inf,1.4999418214438678,0.0,5.0,2.7223923206329346,0.0
8.834978103637695,0.0032159717441932805,-0.022177178250031987,-1.9735732710568525,-268.51000893469836,-0.48260544630526125,0.4661975851200513,0.0,0,0.0032159717441932805,0.0,0.0032159717441932805,0.0032159717441932805,0.4636442397994226,-0.4779351826602594,5.0,0.001,5000.0,-inf,1.499947639299481,0.0,5.0,2.7223923206329346,0.0
8.84511423110962,0.0032159717441932805,-0.022177178250031987,-1.9735732710568525,-268.51000893469836,-0.4779351826602594,0.4636442397994226,0.0,0,0.0032159717441932805,0.0,0.0032159717441932805,0.0032159717441932805,0.4589739761544207,-0.47328296393166247,5.0,0.001,5000.0,-inf,1.4999528753695328,0.0,5.0,2.73679256439209,1.4206849508397235
8.855179071426392,0.002812408874772225,-0.02006454828017936,-6.283185307179586,-214.26752885287902,-0.47328296393166247,0.4589739761544207,0.0,0,0.002812408874772225,0.0,0.002812408874772225,0.002812408874772225,0.4560308245262554,-0.4686930865032796,5.0,0.001,5000.0,-inf,1.4999575878325797,0.0,5.0,2.73679256439209,0.0
8.865246295928955,0.002812408874772225,-0.02006454828017936,-6.283185307179586,-214.26752885287902,-0.4686930865032796,0.4560308245262554,0.0,0,0.002812408874772225,0.0,0.002812408874772225,0.002812408874772225,0.4514409470978725,-0.46414832913919546,5.0,0.001,5000.0,-inf,1.499961829049322,0.0,5.0,2.73679256439209,0.0
8.87531590461731,0.002459554385310708,-0.017546938686408022,-6.283185307179586,0.0,-0.46414832913919546,0.4514409470978725,0.0,0,0.002459554385310708,0.0,0.002459554385310708,0.002459554385310708,0.44906094483809816,-0.4596264611474531,5.0,0.001,5000.0,-inf,1.49996564614439,0.0,5.0,2.73679256439209,0.0
8.885385036468506,0.002459554385310708,-0.017546938686408022,-6.283185307179586,0.0,-0.4596264611474531,0.44906094483809816,0.0,0,0.002459554385310708,0.0,0.002459554385310708,0.002459554385310708,0.4445390768463558,-0.45515033856967807,5.0,0.001,5000.0,-inf,1.499969081529951,0.0,5.0,2.4585745334625244,-27.63078635190491
8.895451545715332,0.00215064546496827,-0.015344306780373627,-6.283185307179586,0.0,-0.45515033856967807,0.4445390768463558,0.0,0,0.00215064546496827,0.0,0.00215064546496827,0.00215064546496827,0.44195667725427273,-0.4507013775914014,5.0,0.001,5000.0,-inf,1.499972173376956,0.0,5.0,2.4585745334625244,0.0
8.905517578125,0.00215064546496827,-0.015344306780373627,-6.283185307179586,0.0,-0.4507013775914014,0.44195667725427273,0.0,0,0.00215064546496827,0.0,0.00215064546496827,0.00215064546496827,0.43750771627599605,-0.4462974107398873,5.0,0.001,5000.0,-inf,1.4999749560392606,0.0,5.0,2.4585745334625244,0.0
8.915590047836304,0.0018807911836162775,-0.013418027713202708,-6.283185307179586,0.0,-0.4462974107398873,0.43750771627599605,0.0,0,0.0018807911836162775,0.0,0.0018807911836162775,0.0018807911836162775,0.4347601742103009,-0.44191830205347293,5.0,0.001,5000.0,-inf,1.4999774604353346,0.0,5.0,2.4585745334625244,0.0
8.925658941268921,0.0017582297744664901,-0.012125481982370323,-6.283185307179586,0.0,-0.44191830205347293,0.4347601742103009,0.0,0,0.0017582297744664901,0.0,0.0017582297744664901,0.0017582297744664901,0.4315510498455691,-0.4375730605218438,5.0,0.001,5000.0,-inf,1.4999797143918014,0.0,5.0,1.7240705490112305,-72.9478357643493
8.935727596282959,0.0016444363857797532,-0.011337990909880634,-6.283185307179586,0.0,-0.4375730605218438,0.4315510498455691,0.0,0,0.0016444363857797532,0.0,0.0016444363857797532,0.0016444363857797532,0.42787950599774294,-0.43326488938837543,5.0,0.001,5000.0,-inf,1.4999817429526212,0.0,5.0,1.7240705490112305,0.0
8.945793628692627,0.0016444363857797532,-0.011337990909880634,-6.283185307179586,0.0,-0.43326488938837543,0.42787950599774294,0.0,0,0.0016444363857797532,0.0,0.0016444363857797532,0.0016444363857797532,0.42357133486427456,-0.4290012066038253,5.0,0.001,5000.0,-inf,1.4999835686573593,0.0,5.0,1.7240705490112305,0.0
8.955864191055298,0.0016444363857797532,-0.011337990909880634,-6.283185307179586,0.0,-0.4290012066038253,0.42357133486427456,0.0,0,0.0016444363857797532,0.0,0.0016444363857797532,0.0016444363857797532,0.4193076520797244,-0.42477854274441124,5.0,0.001,5000.0,-inf,1.4999852117916235,0.0,5.0,1.7240705490112305,0.0
8.965932130813599,0.0013446464233596758,-0.009930111024105478,-6.283185307179586,0.0,-0.42477854274441124,0.4193076520797244,0.0,0,0.0013446464233596758,0.0,0.0013446464233596758,0.0013446464233596758,0.41619307814366546,-0.42058833590583905,5.0,0.001,5000.0,-inf,1.4999866906124613,0.0,5.0,1.7240705490112305,0.0
8.975997924804688,0.0013446464233596758,-0.009930111024105478,-6.283185307179586,0.0,-0.42058833590583905,0.41619307814366546,0.0,0,0.0013446464233596758,0.0,0.0013446464233596758,0.0013446464233596758,0.4120028713050933,-0.41644119987954487,5.0,0.001,5000.0,-inf,1.4999880215512151,0.0,5.0,1.0916552543640137,-62.82815793836898
8.986069679260254,0.0011761499483055706,-0.008390125477014163,-6.283185307179586,0.0,-0.41644119987954487,0.4120028713050933,0.0,0,0.0011761499483055706,0.0,0.0011761499483055706,0.0011761499483055706,0.40922722435083625,-0.41231956375935025,5.0,0.001,5000.0,-inf,1.4999892193960935,0.0,5.0,1.0916552543640137,0.0
8.996139764785767,0.0011761499483055706,-0.008390125477014163,-6.283185307179586,0.0,-0.41231956375935025,0.40922722435083625,0.0,0,0.0011761499483055706,0.0,0.0011761499483055706,0.0011761499483055706,0.40510558823064163,-0.40824011583900455,5.0,0.001,5000.0,-inf,1.4999902974564843,0.0,5.0,1.0916552543640137,0.0
9.006207942962646,0.0011761499483055706,-0.008390125477014163,-6.283185307179586,0.0,-0.40824011583900455,0.40510558823064163,0.0,0,0.0011761499483055706,0.0,0.0011761499483055706,0.0011761499483055706,0.40102614031029593,-0.40420251320477407,5.0,0.001,5000.0,-inf,1.4999912677108358,0.0,5.0,1.0916552543640137,0.0
9.016275644302368,0.0009614530554334686,-0.007101318817117442,-6.283185307179586,0.0,-0.40420251320477407,0.40102614031029593,0.0,0,0.0009614530554334686,0.0,0.0009614530554334686,0.0009614530554334686,0.3980626474430901,-0.4001949373558181,5.0,0.001,5000.0,-inf,1.499992140939752,0.0,5.0,0.5471395254135132,-54.08540744073697
9.026365280151367,0.0009614530554334686,-0.007101318817117442,-6.283185307179586,0.0,-0.4001949373558181,0.3980626474430901,0.0,0,0.0009614530554334686,0.0,0.0009614530554334686,0.0009614530554334686,0.39405507159413417,-0.3962190651789821,5.0,0.001,5000.0,-inf,1.4999929268457768,0.0,5.0,0.5471395254135132,0.0
9.03650450706482,0.0008410504033120938,-0.005999397992340937,-6.283185307179586,0.0,-0.3962190651789821,0.39405507159413417,0.0,0,0.0008410504033120938,0.0,0.0008410504033120938,0.0008410504033120938,0.39106071758995326,-0.39225401182640013,5.0,0.001,5000.0,-inf,1.499993634161199,0.0,5.0,0.5471395254135132,0.0
9.04662561416626,0.0007864747381155183,-0.005423049771065098,-6.283185307179586,0.0,-0.39225401182640013,0.39106071758995326,0.0,0,0.0007864747381155183,0.0,0.0007864747381155183,0.0007864747381155183,0.3876174367934505,-0.3883308942342278,5.0,0.001,5000.0,-inf,1.4999942707450793,0.0,5.0,0.5471395254135132,0.0
9.056720972061157,0.000735303727068283,-0.005070682456102782,-6.283185307179586,0.0,-0.3883308942342278,0.3876174367934505,0.0,0,0.000735303727068283,0.0,0.000735303727068283,0.000735303727068283,0.3839955155051933,-0.3844543220751672,5.0,0.001,5000.0,-inf,1.4999948436705712,0.0,5.0,0.07830610126256943,-46.44049562501476
9.066838264465332,0.0006876915984174765,-0.004741547157883815,-6.283185307179586,0.0,-0.3844543220751672,0.3839955155051933,0.0,0,0.0006876915984174765,0.0,0.0006876915984174765,0.0006876915984174765,0.38040046651570086,-0.38060569932474336,5.0,0.001,5000.0,-inf,1.4999953593035142,0.0,5.0,0.07830610126256943,0.0
9.076953649520874,0.0006876915984174765,-0.004741547157883815,-6.283185307179586,0.0,-0.38060569932474336,0.38040046651570086,0.0,0,0.0006876915984174765,0.0,0.0006876915984174765,0.0006876915984174765,0.376551843765277,-0.3767967324316833,5.0,0.001,5000.0,-inf,1.4999958233731627,0.0,5.0,0.07830610126256943,0.0
9.087060928344727,0.0006014343879334184,-0.004290666069285184,-6.283185307179586,0.0,-0.3767967324316833,0.376551843765277,0.0,0,0.0006014343879334184,0.0,0.0006014343879334184,0.0006014343879334184,0.37310750075033156,-0.373025630890329,5.0,0.001,5000.0,-inf,1.4999962410358467,0.0,5.0,0.07830610126256943,0.0
9.097174644470215,0.0005621473074901662,-0.0038771313298852903,-6.283185307179586,0.0,-0.373025630890329,0.37310750075033156,0.0,0,0.0005621473074901662,0.0,0.0005621473074901662,0.0005621473074901662,0.36971064686793387,-0.36928648235933603,5.0,0.001,5000.0,-inf,1.499996616932262,0.0,5.0,-0.3253641128540039,-39.91314459570957
9.107285737991333,0.0005621473074901662,-0.0038771313298852903,-6.283185307179586,0.0,-0.36928648235933603,0.36971064686793387,0.0,0,0.0005621473074901662,0.0,0.0005621473074901662,0.0005621473074901662,0.3659714983369409,-0.3655861103135875,5.0,0.001,5000.0,-inf,1.4999969552390358,0.0,5.0,-0.3253641128540039,0.0
9.117388486862183,0.0004917582646741151,-0.003507788793911178,-6.283185307179586,0.0,-0.3655861103135875,0.3659714983369409,0.0,0,0.0004917582646741151,0.0,0.0004917582646741151,0.0004917582646741151,0.36257007978435046,-0.3619231558494423,5.0,0.001,5000.0,-inf,1.499997259715132,0.0,5.0,-0.3253641128540039,0.0
9.127532482147217,0.0004917582646741151,-0.003507788793911178,-6.283185307179586,0.0,-0.3619231558494423,0.36257007978435046,0.0,0,0.0004917582646741151,0.0,0.0004917582646741151,0.0004917582646741151,0.35890712532020524,-0.35828240366242897,5.0,0.001,5000.0,-inf,1.499997533743619,0.0,5.0,-0.3253641128540039,0.0
9.137698888778687,0.0004299929142021594,-0.003067899725802323,-6.283185307179586,0.0,-0.35828240366242897,0.35890712532020524,0.0,0,0.0004299929142021594,0.0,0.0004299929142021594,0.0004299929142021594,0.3556444968508288,-0.354666777091199,5.0,0.001,5000.0,-inf,1.4999977803692572,0.0,5.0,-0.6729280948638916,-34.187495602823574
9.147762775421143,0.0004299929142021594,-0.003067899725802323,-6.283185307179586,0.0,-0.354666777091199,0.3556444968508288,0.0,0,0.0004299929142021594,0.0,0.0004299929142021594,0.0004299929142021594,0.3520288702795988,-0.3511239984458332,5.0,0.001,5000.0,-inf,1.4999980023323314,0.0,5.0,-0.6729280948638916,0.0
9.15782618522644,0.0003760797907638744,-0.002682897660196865,-6.283185307179586,0.0,-0.3511239984458332,0.3520288702795988,0.0,0,0.0003760797907638744,0.0,0.0003760797907638744,0.0003760797907638744,0.3488171805764002,-0.34761370821056425,5.0,0.001,5000.0,-inf,1.4999982020990985,0.0,5.0,-0.6729280948638916,0.0
9.167888641357422,0.0003516709851032489,-0.002424926010033018,-6.283185307179586,0.0,-0.34761370821056425,0.3488171805764002,0.0,0,0.0003516709851032489,0.0,0.0003516709851032489,0.0003516709851032489,0.3455404531856345,-0.3441367225589044,5.0,0.001,5000.0,-inf,1.4999983818891889,0.0,5.0,-0.6729280948638916,0.0
9.177952766418457,0.0003516709851032489,-0.002424926010033018,-6.283185307179586,0.0,-0.3441367225589044,0.3455404531856345,0.0,0,0.0003516709851032489,0.0,0.0003516709851032489,0.0003516709851032489,0.3420634675339746,-0.3406941530428311,5.0,0.001,5000.0,-inf,1.4999985437002699,0.0,5.0,-0.6729280948638916,0.0
9.1880202293396,0.0003074592011896254,-0.002193801605575037,-6.283185307179586,0.0,-0.3406941530428311,0.3420634675339746,0.0,0,0.0003074592011896254,0.0,0.0003074592011896254,0.0003074592011896254,0.33880781063844573,-0.3372832179718351,5.0,0.001,5000.0,-inf,1.4999986893302428,0.0,5.0,-0.9721840023994446,-29.725056837019846
9.19808292388916,0.0003074592011896254,-0.002193801605575037,-6.283185307179586,0.0,-0.3372832179718351,0.33880781063844573,0.0,0,0.0003074592011896254,0.0,0.0003074592011896254,0.0003074592011896254,0.3353968755674497,-0.33390822166012285,5.0,0.001,5000.0,-inf,1.4999988203972188,0.0,5.0,-0.9721840023994446,0.0
9.208144903182983,0.0002689253440592992,-0.001918415999159099,-6.283185307179586,0.0,-0.33390822166012285,0.3353968755674497,0.0,0,0.0002689253440592992,0.0,0.0002689253440592992,0.0002689253440592992,0.33225873100502307,-0.33056504118855834,5.0,0.001,5000.0,-inf,1.4999989383574968,0.0,5.0,-0.9721840023994446,0.0
9.218207359313965,0.0002514004742291884,-0.001733763365126736,-6.283185307179586,0.0,-0.33056504118855834,0.33225873100502307,0.0,0,0.0002514004742291884,0.0,0.0002514004742291884,0.0002514004742291884,0.32908267829766075,-0.32725366117472227,5.0,0.001,5000.0,-inf,1.499999044521747,0.0,5.0,-0.9721840023994446,0.0
9.228276491165161,0.0002514004742291884,-0.001733763365126736,-6.283185307179586,0.0,-0.32725366117472227,0.32908267829766075,0.0,0,0.0002514004742291884,0.0,0.0002514004742291884,0.0002514004742291884,0.3257712982838247,-0.32397342701896703,5.0,0.001,5000.0,-inf,1.4999991400695722,0.0,5.0,-1.2298458814620972,-25.589284445812517
9.238345384597778,0.00021988267046599817,-0.0015685990127101877,-6.283185307179586,0.0,-0.32397342701896703,0.3257712982838247,0.0,0,0.00021988267046599817,0.0,0.00021988267046599817,0.00021988267046599817,0.3226247106767229,-0.32072495318843414,5.0,0.001,5000.0,-inf,1.4999992260626152,0.0,5.0,-1.2298458814620972,0.0
9.248408555984497,0.00021988267046599817,-0.0015685990127101877,-6.283185307179586,0.0,-0.32072495318843414,0.3226247106767229,0.0,0,0.00021988267046599817,0.0,0.00021988267046599817,0.00021988267046599817,0.31937623684619,-0.31751101538020565,5.0,0.001,5000.0,-inf,1.4999993034563537,0.0,5.0,-1.2298458814620972,0.0
9.258471727371216,0.00019223981502983372,-0.0013716789996844323,-6.283185307179586,0.0,-0.31751101538020565,0.31937623684619,0.0,0,0.00019223981502983372,0.0,0.00019223981502983372,0.00019223981502983372,0.3163315761955511,-0.31432771651391894,5.0,0.001,5000.0,-inf,1.4999993731107182,0.0,5.0,-1.2298458814620972,0.0
9.26853609085083,0.00017977396734161858,-0.0012395816695607287,-6.283185307179586,0.0,-0.31432771651391894,0.3163315761955511,0.0,0,0.00017977396734161858,0.0,0.00017977396734161858,0.00017977396734161858,0.31326790881169986,-0.31117487441313935,5.0,0.001,5000.0,-inf,1.4999994357996465,0.0,5.0,-1.4516955614089966,-22.043090990926967
9.278602361679077,0.00017977396734161858,-0.0012395816695607287,-6.283185307179586,0.0,-0.31117487441313935,0.31326790881169986,0.0,0,0.00017977396734161858,0.0,0.00017977396734161858,0.00017977396734161858,0.31011506671092026,-0.3080531721637073,5.0,0.001,5000.0,-inf,1.4999994922196818,0.0,5.0,-1.4516955614089966,0.0
9.288664102554321,0.0001572151587999745,-0.0011216171469724864,-6.283185307179586,0.0,-0.3080531721637073,0.31011506671092026,0.0,0,0.0001572151587999745,0.0,0.0001572151587999745,0.0001572151587999745,0.30708877017553476,-0.3049633245325037,5.0,0.001,5000.0,-inf,1.4999995429977138,0.0,5.0,-1.4516955614089966,0.0
9.29873013496399,0.00014702773965334623,-0.0010137638586058856,-6.283185307179586,0.0,-0.3049633245325037,0.30708877017553476,0.0,0,0.00014702773965334623,0.0,0.00014702773965334623,0.00014702773965334623,0.30409658841355114,-0.30190227841786343,5.0,0.001,5000.0,-inf,1.4999995886979423,0.0,5.0,-1.4516955614089966,0.0
9.308757543563843,0.00014702773965334623,-0.0010137638586058856,-6.283185307179586,0.0,-0.30190227841786343,0.30409658841355114,0.0,0,0.00014702773965334623,0.0,0.00014702773965334623,0.00014702773965334623,0.3010355422989109,-0.2988836720321537,5.0,0.001,5000.0,-inf,1.4999996298281482,0.0,5.0,-1.4516955614089966,0.0
9.318822860717773,0.00012858317755807963,-0.0009173299093417252,-6.283185307179586,0.0,-0.2988836720321537,0.3010355422989109,0.0,0,0.00012858317755807963,0.0,0.00012858317755807963,0.00012858317755807963,0.2980949253003701,-0.2958832520670282,5.0,0.001,5000.0,-inf,1.4999996668453335,0.0,5.0,-1.642710566520691,-18.977544591041525
9.328886985778809,0.00012858317755807963,-0.0009173299093417252,-6.283185307179586,0.0,-0.2958832520670282,0.2980949253003701,0.0,0,0.00012858317755807963,0.0,0.00012858317755807963,0.00012858317755807963,0.29509450533524456,-0.29291338406051,5.0,0.001,5000.0,-inf,1.4999997001608003,0.0,5.0,-1.642710566520691,0.0
9.338950395584106,0.00011243174552364111,-0.0008021789933424942,-6.283185307179586,0.0,-0.29291338406051,0.29509450533524456,0.0,0,0.00011243174552364111,0.0,0.00011243174552364111,0.00011243174552364111,0.29222363681269115,-0.2899726178484693,5.0,0.001,5000.0,-inf,1.4999997301447205,0.0,5.0,-1.642710566520691,0.0
9.349016189575195,0.0001051283755742011,-0.0007249279106497559,-6.283185307179586,0.0,-0.2899726178484693,0.29222363681269115,0.0,0,0.0001051283755742011,0.0,0.0001051283755742011,0.0001051283755742011,0.2893528183133937,-0.2870600519885857,5.0,0.001,5000.0,-inf,1.4999997571302486,0.0,5.0,-1.642710566520691,0.0
9.359084367752075,0.0001051283755742011,-0.0007249279106497559,-6.283185307179586,0.0,-0.2870600519885857,0.2893528183133937,0.0,0,0.0001051283755742011,0.0,0.0001051283755742011,0.0001051283755742011,0.2864402524535101,-0.2841761204898533,5.0,0.001,5000.0,-inf,1.4999997814172237,0.0,5.0,-1.8071763515472412,-16.3352080323948
9.369156837463379,0.0001051283755742011,-0.0007249279106497559,-6.283185307179586,0.0,-0.2841761204898533,0.2864402524535101,0.0,0,0.0001051283755742011,0.0,0.0001051283755742011,0.0001051283755742011,0.28355632095477773,-0.2813200080355876,5.0,0.001,5000.0,-inf,1.4999998032755015,0.0,5.0,-1.8071763515472412,0.0
9.379229545593262,0.0001051283755742011,-0.0007249279106497559,-6.283185307179586,0.0,-0.2813200080355876,0.28355632095477773,0.0,0,0.0001051283755742011,0.0,0.0001051283755742011,0.0001051283755742011,0.280700208500512,-0.2784925967633647,5.0,0.001,5000.0,-inf,1.4999998229479514,0.0,5.0,-1.8071763515472412,0.0
9.389303922653198,8.039115083842897e-05,-0.0006147159163564985,-6.283185307179586,0.0,-0.2784925967633647,0.280700208500512,0.0,0,8.039115083842897e-05,0.0,8.039115083842897e-05,8.039115083842897e-05,0.2779582719978466,-0.27569234032432993,5.0,0.001,5000.0,-inf,1.4999998406531563,0.0,5.0,-1.8071763515472412,0.0
9.399373054504395,8.039115083842897e-05,-0.0006147159163564985,-6.283185307179586,0.0,-0.27569234032432993,0.2779582719978466,0.0,0,8.039115083842897e-05,0.0,8.039115083842897e-05,8.039115083842897e-05,0.27515801555881186,-0.27292173798575475,5.0,0.001,5000.0,-inf,1.4999998565878405,0.0,5.0,-1.948783040046692,-14.063445646769114
9.409440994262695,8.039115083842897e-05,-0.0006147159163564985,-6.283185307179586,0.0,-0.27292173798575475,0.27515801555881186,0.0,0,8.039115083842897e-05,0.0,8.039115083842897e-05,8.039115083842897e-05,0.2723874132202367,-0.27017935791853404,5.0,0.001,5000.0,-inf,1.4999998709290567,0.0,5.0,-1.948783040046692,0.0
9.419511556625366,8.039115083842897e-05,-0.0006147159163564985,-6.283185307179586,0.0,-0.27017935791853404,0.2723874132202367,0.0,0,8.039115083842897e-05,0.0,8.039115083842897e-05,8.039115083842897e-05,0.26964503315301597,-0.2674638807963821,5.0,0.001,5000.0,-inf,1.4999998838361512,0.0,5.0,-1.948783040046692,0.0
9.429582357406616,8.039115083842897e-05,-0.0006147159163564985,-6.283185307179586,0.0,-0.2674638807963821,0.26964503315301597,0.0,0,8.039115083842897e-05,0.0,8.039115083842897e-05,8.039115083842897e-05,0.26692955603086405,-0.2647756864149678,5.0,0.001,5000.0,-inf,1.499999895452536,0.0,5.0,-1.948783040046692,0.0
9.439738512039185,5.7490015529859666e-05,-0.0004553459782945251,-6.283185307179586,0.0,-0.2647756864149678,0.26692955603086405,0.0,0,5.7490015529859666e-05,0.0,5.7490015529859666e-05,5.7490015529859666e-05,0.2643778304522031,-0.26209062428747226,5.0,0.001,5000.0,-inf,1.4999999059072824,0.0,5.0,-1.948783040046692,0.0
9.449824571609497,5.7490015529859666e-05,-0.0004553459782945251,-6.283185307179586,0.0,-0.26209062428747226,0.2643778304522031,0.0,0,5.7490015529859666e-05,0.0,5.7490015529859666e-05,5.7490015529859666e-05,0.26169276832470756,-0.2594511754370293,5.0,0.001,5000.0,-inf,1.4999999153165544,0.0,5.0,-2.0707075595855713,-12.088419534795763
9.459892511367798,5.7490015529859666e-05,-0.0004553459782945251,-6.283185307179586,0.0,-0.2594511754370293,0.26169276832470756,0.0,0,5.7490015529859666e-05,0.0,5.7490015529859666e-05,5.7490015529859666e-05,0.2590533194742646,-0.25684304222237453,5.0,0.001,5000.0,-inf,1.499999923784899,0.0,5.0,-2.0707075595855713,0.0
9.46996545791626,5.7490015529859666e-05,-0.0004553459782945251,-6.283185307179586,0.0,-0.25684304222237453,0.2590533194742646,0.0,0,5.7490015529859666e-05,0.0,5.7490015529859666e-05,5.7490015529859666e-05,0.2564451862596098,-0.2542598835685711,5.0,0.001,5000.0,-inf,1.4999999314064092,0.0,5.0,-2.0707075595855713,0.0
9.480038166046143,4.3959676407658024e-05,-0.00033615099453636224,-6.283185307179586,0.0,-0.2542598835685711,0.2564451862596098,0.0,0,4.3959676407658024e-05,0.0,4.3959676407658024e-05,4.3959676407658024e-05,0.25396769225044236,-0.2517017411301125,5.0,0.001,5000.0,-inf,1.4999999382657685,0.0,5.0,-2.0707075595855713,0.0
9.490110635757446,4.110517790142523e-05,-0.0002834430516734437,-6.283185307179586,0.0,-0.2517017411301125,0.25396769225044236,0.0,0,4.110517790142523e-05,0.0,4.110517790142523e-05,4.110517790142523e-05,0.2514594032563405,-0.2491689239071905,5.0,0.001,5000.0,-inf,1.4999999444391916,0.0,5.0,-2.1756858825683594,-10.422302175302388
9.500182151794434,4.110517790142523e-05,-0.0002834430516734437,-6.283185307179586,0.0,-0.2491689239071905,0.2514594032563405,0.0,0,4.110517790142523e-05,0.0,4.110517790142523e-05,4.110517790142523e-05,0.2489265860334185,-0.24666185580392244,5.0,0.001,5000.0,-inf,1.4999999499952725,0.0,5.0,-2.1756858825683594,0.0
9.510257720947266,3.5946723909775736e-05,-0.00025645549404963405,-6.283185307179586,0.0,-0.24666185580392244,0.2489265860334185,0.0,0,3.5946723909775736e-05,0.0,3.5946723909775736e-05,3.5946723909775736e-05,0.2464413470337826,-0.24417881896976648,5.0,0.001,5000.0,-inf,1.4999999549957455,0.0,5.0,-2.1756858825683594,0.0
9.520327091217041,3.5946723909775736e-05,-0.00025645549404963405,-6.283185307179586,0.0,-0.24417881896976648,0.2464413470337826,0.0,0,3.5946723909775736e-05,0.0,3.5946723909775736e-05,3.5946723909775736e-05,0.24395831019962663,-0.2417223124139777,5.0,0.001,5000.0,-inf,1.4999999594961708,0.0,5.0,-2.1756858825683594,0.0
9.530397176742554,3.5946723909775736e-05,-0.00025645549404963405,-6.283185307179586,0.0,-0.2417223124139777,0.24395831019962663,0.0,0,3.5946723909775736e-05,0.0,3.5946723909775736e-05,3.5946723909775736e-05,0.24150180364383786,-0.23929036859671868,5.0,0.001,5000.0,-inf,1.499999963546554,0.0,5.0,-2.2660739421844482,-8.975897909415915
9.540472507476807,3.5946723909775736e-05,-0.00025645549404963405,-6.283185307179586,0.0,-0.23929036859671868,0.24150180364383786,0.0,0,3.5946723909775736e-05,0.0,3.5946723909775736e-05,3.5946723909775736e-05,0.23906985982657883,-0.23688166069037442,5.0,0.001,5000.0,-inf,1.4999999671918984,0.0,5.0,-2.2660739421844482,0.0
9.55053997039795,2.748788944555693e-05,-0.00021018942047223434,-6.283185307179586,0.0,-0.23688166069037442,0.23906985982657883,0.0,0,2.748788944555693e-05,0.0,2.748788944555693e-05,2.748788944555693e-05,0.23669895915934774,-0.23449870269556464,5.0,0.001,5000.0,-inf,1.4999999704727087,0.0,5.0,-2.2660739421844482,0.0
9.560608863830566,2.748788944555693e-05,-0.00021018942047223434,-6.283185307179586,0.0,-0.23449870269556464,0.23669895915934774,0.0,0,2.748788944555693e-05,0.0,2.748788944555693e-05,2.748788944555693e-05,0.23431600116453796,-0.2321393998502819,5.0,0.001,5000.0,-inf,1.499999973425438,0.0,5.0,-2.2660739421844482,0.0
9.57068419456482,2.748788944555693e-05,-0.00021018942047223434,-6.283185307179586,0.0,-0.2321393998502819,0.23431600116453796,0.0,0,2.748788944555693e-05,0.0,2.748788944555693e-05,2.748788944555693e-05,0.23195669831925522,-0.22980235939869004,5.0,0.001,5000.0,-inf,1.4999999760828944,0.0,5.0,-2.2660739421844482,0.0
9.580752611160278,2.2480444775882345e-05,-0.0001660020487333706,-6.283185307179586,0.0,-0.22980235939869004,0.23195669831925522,0.0,0,2.2480444775882345e-05,0.0,2.2480444775882345e-05,2.2480444775882345e-05,0.22965883779473253,-0.22749005854494372,5.0,0.001,5000.0,-inf,1.4999999784746052,0.0,5.0,-2.343898296356201,-7.729552450864315
9.590819120407104,2.2480444775882345e-05,-0.0001660020487333706,-6.283185307179586,0.0,-0.22749005854494372,0.22965883779473253,0.0,0,2.2480444775882345e-05,0.0,2.2480444775882345e-05,2.2480444775882345e-05,0.22734653694098622,-0.22520147252859338,5.0,0.001,5000.0,-inf,1.4999999806271447,0.0,5.0,-2.343898296356201,0.0
9.600887537002563,2.2480444775882345e-05,-0.0001660020487333706,-6.283185307179586,0.0,-0.22520147252859338,0.22734653694098622,0.0,0,2.2480444775882345e-05,0.0,2.2480444775882345e-05,2.2480444775882345e-05,0.22505795092463587,-0.22293549532056378,5.0,0.001,5000.0,-inf,1.4999999825644301,0.0,5.0,-2.343898296356201,0.0
9.610959529876709,1.8380526898039126e-05,-0.00013574491798067052,-6.283185307179586,0.0,-0.22293549532056378,0.22505795092463587,0.0,0,1.8380526898039126e-05,0.0,1.8380526898039126e-05,1.8380526898039126e-05,0.22281813092948116,-0.22069127269361163,5.0,0.001,5000.0,-inf,1.499999984307987,0.0,5.0,-2.343898296356201,0.0
9.621027946472168,1.7185030251548254e-05,-0.00011850719338162326,-6.283185307179586,0.0,-0.22069127269361163,0.22281813092948116,0.0,0,1.7185030251548254e-05,0.0,1.7185030251548254e-05,1.7185030251548254e-05,0.22058995053048155,-0.21847028117489906,5.0,0.001,5000.0,-inf,1.4999999858771882,0.0,5.0,-2.4109046459198,-6.655103007340753
9.631159543991089,1.7185030251548254e-05,-0.00011850719338162326,-6.283185307179586,0.0,-0.21847028117489906,0.22058995053048155,0.0,0,1.7185030251548254e-05,0.0,1.7185030251548254e-05,1.7185030251548254e-05,0.21836895901176898,-0.21625785477156606,5.0,0.001,5000.0,-inf,1.4999999872894696,0.0,5.0,-2.4109046459198,0.0
9.641227960586548,1.7185030251548254e-05,-0.00011850719338162326,-6.283185307179586,0.0,-0.21625785477156606,0.21836895901176898,0.0,0,1.7185030251548254e-05,0.0,1.7185030251548254e-05,1.7185030251548254e-05,0.21615653260843598,-0.21408150075143442,5.0,0.001,5000.0,-inf,1.4999999885605226,0.0,5.0,-2.4109046459198,0.0
9.651295900344849,1.4060905827096561e-05,-0.00010380511732346346,-6.283185307179586,0.0,-0.21408150075143442,0.21615653260843598,0.0,0,1.4060905827096561e-05,0.0,1.4060905827096561e-05,1.4060905827096561e-05,0.21399175653993804,-0.21192704463781736,5.0,0.001,5000.0,-inf,1.4999999897044702,0.0,5.0,-2.4109046459198,0.0
9.6613609790802,1.4060905827096561e-05,-0.00010380511732346346,-6.283185307179586,0.0,-0.21192704463781736,0.21399175653993804,0.0,0,1.4060905827096561e-05,0.0,1.4060905827096561e-05,1.4060905827096561e-05,0.21183730042632098,-0.20979488552994213,5.0,0.001,5000.0,-inf,1.4999999907340231,0.0,5.0,-2.4685986042022705,-5.732092097782831
9.671433925628662,1.4060905827096561e-05,-0.00010380511732346346,-6.283185307179586,0.0,-0.20979488552994213,0.21183730042632098,0.0,0,1.4060905827096561e-05,0.0,1.4060905827096561e-05,1.4060905827096561e-05,0.20970514131844575,-0.20768253685050378,5.0,0.001,5000.0,-inf,1.499999991660621,0.0,5.0,-2.4685986042022705,0.0
9.681500673294067,1.1496756432996246e-05,-8.490559620640205e-05,-6.283185307179586,0.0,-0.20768253685050378,0.20970514131844575,0.0,0,1.1496756432996246e-05,0.0,1.1496756432996246e-05,1.1496756432996246e-05,0.20760912801073036,-0.20559258814578493,5.0,0.001,5000.0,-inf,1.4999999924945588,0.0,5.0,-2.4685986042022705,0.0
9.691570281982422,1.1496756432996246e-05,-8.490559620640205e-05,-6.283185307179586,0.0,-0.20559258814578493,0.20760912801073036,0.0,0,1.1496756432996246e-05,0.0,1.1496756432996246e-05,1.1496756432996246e-05,0.20551917930601152,-0.20352309043222164,5.0,0.001,5000.0,-inf,1.499999993245103,0.0,5.0,-2.4685986042022705,0.0
9.70164966583252,1.1496756432996246e-05,-8.490559620640205e-05,-6.283185307179586,0.0,-0.20352309043222164,0.20551917930601152,0.0,0,1.1496756432996246e-05,0.0,1.1496756432996246e-05,1.1496756432996246e-05,0.20344968159244822,-0.2014724429972712,5.0,0.001,5000.0,-inf,1.4999999939205928,0.0,5.0,-2.4685986042022705,0.0
9.711735010147095,9.399159970353322e-06,-6.941846355196596e-05,-6.283185307179586,0.0,-0.2014724429972712,0.20344968159244822,0.0,0,9.399159970353322e-06,0.0,9.399159970353322e-06,9.399159970353322e-06,0.2014124236936896,-0.19944112935508723,5.0,0.001,5000.0,-inf,1.4999999945285336,0.0,5.0,-2.518272876739502,-4.9253918347084
9.721791505813599,9.399159970353322e-06,-6.941846355196596e-05,-6.283185307179586,0.0,-0.19944112935508723,0.2014124236936896,0.0,0,9.399159970353322e-06,0.0,9.399159970353322e-06,9.399159970353322e-06,0.19938111005150563,-0.1974360540858715,5.0,0.001,5000.0,-inf,1.4999999950756804,0.0,5.0,-2.518272876739502,0.0
9.73186206817627,9.399159970353322e-06,-6.941846355196596e-05,-6.283185307179586,0.0,-0.1974360540858715,0.19938111005150563,0.0,0,9.399159970353322e-06,0.0,9.399159970353322e-06,9.399159970353322e-06,0.1973760347822899,-0.19544836641869975,5.0,0.001,5000.0,-inf,1.4999999955681123,0.0,5.0,-2.518272876739502,0.0
9.741934061050415,7.688670634222412e-06,-5.676868018556412e-05,-6.283185307179586,0.0,-0.19544836641869975,0.1973760347822899,0.0,0,7.688670634222412e-06,0.0,7.688670634222412e-06,7.688670634222412e-06,0.19539928640914841,-0.1934803061983737,5.0,0.001,5000.0,-inf,1.4999999960113013,0.0,5.0,-2.518272876739502,0.0
9.752005100250244,7.187457047508735e-06,-4.956832311446376e-05,-6.283185307179586,0.0,-0.1934803061983737,0.19539928640914841,0.0,0,7.187457047508735e-06,0.0,7.187457047508735e-06,7.187457047508735e-06,0.19343792533230675,-0.19153218526961843,5.0,0.001,5000.0,-inf,1.4999999964101711,0.0,5.0,-2.561044216156006,-4.246963850287635
9.762074708938599,7.187457047508735e-06,-4.956832311446376e-05,-6.283185307179586,0.0,-0.19153218526961843,0.19343792533230675,0.0,0,7.187457047508735e-06,0.0,7.187457047508735e-06,7.187457047508735e-06,0.19148980440355148,-0.18960395787146514,5.0,0.001,5000.0,-inf,1.4999999967691542,0.0,5.0,-2.561044216156006,0.0
9.772140264511108,7.187457047508735e-06,-4.956832311446376e-05,-6.283185307179586,0.0,-0.18960395787146514,0.19148980440355148,0.0,0,7.187457047508735e-06,0.0,7.187457047508735e-06,7.187457047508735e-06,0.1895615770053982,-0.18769591528370472,5.0,0.001,5000.0,-inf,1.4999999970922389,0.0,5.0,-2.561044216156006,0.0
9.7822105884552,5.87921754780736e-06,-4.340965607540486e-05,-6.283185307179586,0.0,-0.18769591528370472,0.1895615770053982,0.0,0,5.87921754780736e-06,0.0,5.87921754780736e-06,5.87921754780736e-06,0.1876583848451771,-0.18580613455748873,5.0,0.001,5000.0,-inf,1.4999999973830151,0.0,5.0,-2.561044216156006,0.0
9.79229474067688,5.497104135680806e-06,-3.790680730690762e-05,-6.283185307179586,0.0,-0.18580613455748873,0.1876583848451771,0.0,0,5.497104135680806e-06,0.0,5.497104135680806e-06,5.497104135680806e-06,0.1857737248543175,-0.18393276403726935,5.0,0.001,5000.0,-inf,1.4999999976447138,0.0,5.0,-2.597870349884033,-3.6518819746548137
9.802359342575073,5.497104135680806e-06,-3.790680730690762e-05,-6.283185307179586,0.0,-0.18393276403726935,0.1857737248543175,0.0,0,5.497104135680806e-06,0.0,5.497104135680806e-06,5.497104135680806e-06,0.18390035433409813,-0.18208188018195992,5.0,0.001,5000.0,-inf,1.4999999978802423,0.0,5.0,-2.597870349884033,0.0
9.812432050704956,4.807464393301991e-06,-3.429721750596925e-05,-6.283185307179586,0.0,-0.18208188018195992,0.18390035433409813,0.0,0,4.807464393301991e-06,0.0,4.807464393301991e-06,4.807464393301991e-06,0.18205239042884724,-0.18024811958882267,5.0,0.001,5000.0,-inf,1.499999998092218,0.0,5.0,-2.597870349884033,0.0
9.822505712509155,4.807464393301991e-06,-3.429721750596925e-05,-6.283185307179586,0.0,-0.18024811958882267,0.18205239042884724,0.0,0,4.807464393301991e-06,0.0,4.807464393301991e-06,4.807464393301991e-06,0.18021862983571,-0.17843265806104155,5.0,0.001,5000.0,-inf,1.4999999982829961,0.0,5.0,-2.597870349884033,0.0
9.832578182220459,4.204376886182736e-06,-2.9994573221162774e-05,-6.283185307179586,0.0,-0.17843265806104155,0.18021862983571,0.0,0,4.204376886182736e-06,0.0,4.204376886182736e-06,4.204376886182736e-06,0.17840686786470658,-0.1766356602881857,5.0,0.001,5000.0,-inf,1.4999999984546966,0.0,5.0,-2.629577875137329,-3.147939498662627
9.842642784118652,4.204376886182736e-06,-2.9994573221162774e-05,-6.283185307179586,0.0,-0.1766356602881857,0.17840686786470658,0.0,0,4.204376886182736e-06,0.0,4.204376886182736e-06,4.204376886182736e-06,0.17660987009185072,-0.17485815225441959,5.0,0.001,5000.0,-inf,1.4999999986092272,0.0,5.0,-2.629577875137329,0.0
9.852710247039795,3.676367045320662e-06,-2.6229791874729464e-05,-6.283185307179586,0.0,-0.17485815225441959,0.17660987009185072,0.0,0,3.676367045320662e-06,0.0,3.676367045320662e-06,3.676367045320662e-06,0.17483559882959018,-0.17309800134590692,5.0,0.001,5000.0,-inf,1.4999999987483044,0.0,5.0,-2.629577875137329,0.0
9.862777709960938,3.676367045320662e-06,-2.6229791874729464e-05,-6.283185307179586,0.0,-0.17309800134590692,0.17483559882959018,0.0,0,3.676367045320662e-06,0.0,3.676367045320662e-06,3.676367045320662e-06,0.1730754479210775,-0.17135557069140134,5.0,0.001,5000.0,-inf,1.499999998873474,0.0,5.0,-2.629577875137329,0.0
9.872854709625244,3.2145808567503227e-06,-2.293540074915428e-05,-6.283185307179586,0.0,-0.17135557069140134,0.1730754479210775,0.0,0,3.2145808567503227e-06,0.0,3.2145808567503227e-06,3.2145808567503227e-06,0.17133584987150893,-0.16962901938976244,5.0,0.001,5000.0,-inf,1.4999999989861266,0.0,5.0,-2.656878709793091,-2.709222542942318
9.882920742034912,3.2145808567503227e-06,-2.293540074915428e-05,-6.283185307179586,0.0,-0.16962901938976244,0.17133584987150893,0.0,0,3.2145808567503227e-06,0.0,3.2145808567503227e-06,3.2145808567503227e-06,0.16960929856987003,-0.16792172669337707,5.0,0.001,5000.0,-inf,1.499999999087514,0.0,5.0,-2.656878709793091,0.0
9.892987728118896,2.8112282721070746e-06,-2.0055995153456463e-05,-6.283185307179586,0.0,-0.16792172669337707,0.16960929856987003,0.0,0,2.8112282721070746e-06,0.0,2.8112282721070746e-06,2.8112282721070746e-06,0.16790448192649574,-0.16623143461038442,5.0,0.001,5000.0,-inf,1.4999999991787627,0.0,5.0,-2.656878709793091,0.0
9.903112173080444,2.8112282721070746e-06,-2.0055995153456463e-05,-6.283185307179586,0.0,-0.16623143461038442,0.16790448192649574,0.0,0,2.8112282721070746e-06,0.0,2.8112282721070746e-06,2.8112282721070746e-06,0.16621418984350309,-0.16454860819348557,5.0,0.001,5000.0,-inf,1.4999999992608863,0.0,5.0,-2.656878709793091,0.0
9.913177251815796,2.458541443770369e-06,-1.7539640911558786e-05,-6.283185307179586,0.0,-0.16454860819348557,0.16621418984350309,0.0,0,2.458541443770369e-06,0.0,2.458541443770369e-06,2.458541443770369e-06,0.16453352709401778,-0.16289256528867915,5.0,0.001,5000.0,-inf,1.4999999993347979,0.0,5.0,-2.680384635925293,-2.3353941633503883
9.923246383666992,2.2986050446618686e-06,-1.5851178604120562e-05,-6.283185307179586,0.0,-0.16289256528867915,0.16453352709401778,0.0,0,2.2986050446618686e-06,0.0,2.2986050446618686e-06,2.2986050446618686e-06,0.1628790127151197,-0.16125251503385793,5.0,0.001,5000.0,-inf,1.499999999401318,0.0,5.0,-2.680384635925293,0.0
9.933284044265747,2.2986050446618686e-06,-1.5851178604120562e-05,-6.283185307179586,0.0,-0.16125251503385793,0.1628790127151197,0.0,0,2.2986050446618686e-06,0.0,2.2986050446618686e-06,2.2986050446618686e-06,0.16123896246029848,-0.15963405305338607,5.0,0.001,5000.0,-inf,1.4999999994611861,0.0,5.0,-2.680384635925293,0.0
9.94335412979126,2.0101406636346833e-06,-1.434100189884489e-05,-6.283185307179586,0.0,-0.15963405305338607,0.16123896246029848,0.0,0,2.0101406636346833e-06,0.0,2.0101406636346833e-06,2.0101406636346833e-06,0.15962172219215087,-0.15802664865918145,5.0,0.001,5000.0,-inf,1.4999999995150675,0.0,5.0,-2.680384635925293,0.0
9.953427076339722,2.0101406636346833e-06,-1.434100189884489e-05,-6.283185307179586,0.0,-0.15802664865918145,0.15962172219215087,0.0,0,2.0101406636346833e-06,0.0,2.0101406636346833e-06,2.0101406636346833e-06,0.15801431779794625,-0.15643497888211105,5.0,0.001,5000.0,-inf,1.4999999995635607,0.0,5.0,-2.7006237506866455,-2.0092546569149565
9.96349573135376,1.7575391881524271e-06,-1.2540093019377052e-05,-6.283185307179586,0.0,-0.15643497888211105,0.15801431779794625,0.0,0,1.7575391881524271e-06,0.0,1.7575391881524271e-06,1.7575391881524271e-06,0.15642419632827984,-0.15485999761343344,5.0,0.001,5000.0,-inf,1.4999999996072049,0.0,5.0,-2.7006237506866455,0.0
9.973548889160156,1.7575391881524271e-06,-1.2540093019377052e-05,-6.283185307179586,0.0,-0.15485999761343344,0.15642419632827984,0.0,0,1.7575391881524271e-06,0.0,1.7575391881524271e-06,1.7575391881524271e-06,0.15484921505960222,-0.15330327401824265,5.0,0.001,5000.0,-inf,1.4999999996464846,0.0,5.0,-2.7006237506866455,0.0
9.98362922668457,1.5371715373184444e-06,-1.0965972443717028e-05,-1.4700305494323018,239.51302398992092,-0.15330327401824265,0.15484921505960222,0.0,0,1.5371715373184444e-06,0.0,1.5371715373184444e-06,1.5371715373184444e-06,0.15329384521733624,-0.15175802031803662,5.0,0.001,5000.0,-inf,1.4999999996818363,0.0,5.0,-2.7006237506866455,0.0
9.993702411651611,1.4372350310955058e-06,-9.910956607403025e-06,0.897226677254561,234.76689889394495,-0.15175802031803662,0.15329384521733624,0.0,0,1.4372350310955058e-06,0.0,1.4372350310955058e-06,1.4372350310955058e-06,0.1517495465964603,-0.15022941906650586,5.0,0.001,5000.0,-inf,1.4999999997136526,0.0,5.0,-2.7006237506866455,0.0
10.003766536712646,1.4372350310955058e-06,-9.910956607403025e-06,0.897226677254561,234.76689889394495,-0.15022941906650586,0.1517495465964603,0.0,0,1.4372350310955058e-06,0.0,1.4372350310955058e-06,1.4372350310955058e-06,0.15022094534492955,-0.14871757668576757,5.0,0.001,5000.0,-inf,1.4999999997422875,0.0,5.0,-2.7180490493774414,-1.7314270823462523
10.01383662223816,1.2570184718753425e-06,-8.967435049629486e-06,6.283185307179586,268.0010893718153,-0.14871757668576757,0.15022094534492955,0.0,0,1.2570184718753425e-06,0.0,1.2570184718753425e-06,1.2570184718753425e-06,0.1487098662691898,-0.14722005561394927,5.0,0.001,5000.0,-inf,1.4999999997680589,0.0,5.0,-2.7180490493774414,0.0
10.023906707763672,1.2570184718753425e-06,-8.967435049629486e-06,6.283185307179586,268.0010893718153,-0.14722005561394927,0.1487098662691898,0.0,0,1.2570184718753425e-06,0.0,1.2570184718753425e-06,1.2570184718753425e-06,0.1472123451973715,-0.14573761470740043,5.0,0.001,5000.0,-inf,1.4999999997912532,0.0,5.0,-2.7180490493774414,0.0
10.033977746963501,1.0991740772628446e-06,-7.84221195793438e-06,6.283185307179586,0.0,-0.14573761470740043,0.1472123451973715,0.0,0,1.0991740772628446e-06,0.0,1.0991740772628446e-06,1.0991740772628446e-06,0.14573087166951976,-0.14426995338619145,5.0,0.001,5000.0,-inf,1.499999999812128,0.0,5.0,-2.7180490493774414,0.0
10.044044017791748,1.0991740772628446e-06,-7.84221195793438e-06,6.283185307179586,0.0,-0.14426995338619145,0.14573087166951976,0.0,0,1.0991740772628446e-06,0.0,1.0991740772628446e-06,1.0991740772628446e-06,0.14426321034831077,-0.14281776084027298,5.0,0.001,5000.0,-inf,1.4999999998309153,0.0,5.0,-2.544586181640625,17.232088297292815
10.054115056991577,9.613122273610635e-07,-6.858026549136445e-06,6.283185307179586,0.0,-0.14281776084027298,0.14426321034831077,0.0,0,9.613122273610635e-07,0.0,9.613122273610635e-07,9.613122273610635e-07,0.14281186412595118,-0.14137949695845986,5.0,0.001,5000.0,-inf,1.499999999847824,0.0,5.0,-2.544586181640625,0.0
10.064183473587036,9.613122273610635e-07,-6.858026549136445e-06,6.283185307179586,0.0,-0.14137949695845986,0.14281186412595118,0.0,0,9.613122273610635e-07,0.0,9.613122273610635e-07,9.613122273610635e-07,0.14137360024413806,-0.139956088655602,5.0,0.001,5000.0,-inf,1.4999999998630416,0.0,5.0,-2.544586181640625,0.0
10.07425570487976,8.406438958840905e-07,-5.997531229406957e-06,6.283185307179586,0.0,-0.139956088655602,0.14137360024413806,0.0,0,8.406438958840905e-07,0.0,8.406438958840905e-07,8.406438958840905e-07,0.13995093176826848,-0.13854647050119967,5.0,0.001,5000.0,-inf,1.4999999998767373,0.0,5.0,-2.544586181640625,0.0
10.08432912826538,8.406438958840905e-07,-5.997531229406957e-06,6.283185307179586,0.0,-0.13854647050119967,0.13995093176826848,0.0,0,8.406438958840905e-07,0.0,8.406438958840905e-07,8.406438958840905e-07,0.13854131361386615,-0.13715088519276722,5.0,0.001,5000.0,-inf,1.4999999998890634,0.0,5.0,-1.7981269359588623,74.10184374334335
10.094396591186523,7.351375982302641e-07,-5.244746503995666e-06,6.283185307179586,0.0,-0.13715088519276722,0.13854131361386615,0.0,0,7.351375982302641e-07,0.0,7.351375982302641e-07,7.351375982302641e-07,0.13714637558386147,-0.1357701691418076,5.0,0.001,5000.0,-inf,1.4999999999001572,0.0,5.0,-1.7981269359588623,0.0
10.10446286201477,7.351375982302641e-07,-5.244746503995666e-06,6.283185307179586,0.0,-0.1357701691418076,0.13714637558386147,0.0,0,7.351375982302641e-07,0.0,7.351375982302641e-07,7.351375982302641e-07,0.13576565953290184,-0.1344035152437738,5.0,0.001,5000.0,-inf,1.4999999999101417,0.0,5.0,-1.7981269359588623,0.0
10.11462926864624,6.427994630321732e-07,-4.5862400063222265e-06,6.283185307179586,0.0,-0.1344035152437738,0.13576565953290184,0.0,0,6.427994630321732e-07,0.0,6.427994630321732e-07,6.427994630321732e-07,0.1343995718032305,-0.13303715454572676,5.0,0.001,5000.0,-inf,1.4999999999191274,0.0,5.0,-1.7981269359588623,0.0
10.124695301055908,6.427994630321732e-07,-4.5862400063222265e-06,6.283185307179586,0.0,-0.13303715454572676,0.1343995718032305,0.0,0,6.427994630321732e-07,0.0,6.427994630321732e-07,6.427994630321732e-07,0.13303321110518346,-0.1316980379311798,5.0,0.001,5000.0,-inf,1.4999999999272147,0.0,5.0,-1.1554181575775146,63.84926575082899
10.134762525558472,6.427994630321732e-07,-4.5862400063222265e-06,6.283185307179586,0.0,-0.1316980379311798,0.13303321110518346,0.0,0,6.427994630321732e-07,0.0,6.427994630321732e-07,6.427994630321732e-07,0.1316940944906365,-0.13037224391628074,5.0,0.001,5000.0,-inf,1.4999999999344933,0.0,5.0,-1.1554181575775146,0.0
10.14483642578125,5.256502817229301e-07,-3.881746849963533e-06,6.283185307179586,0.0,-0.13037224391628074,0.1316940944906365,0.0,0,5.256502817229301e-07,0.0,5.256502817229301e-07,5.256502817229301e-07,0.1303688878197125,-0.1290589207482304,5.0,0.001,5000.0,-inf,1.499999999941044,0.0,5.0,-1.1554181575775146,0.0
10.1549072265625,5.256502817229301e-07,-3.881746849963533e-06,6.283185307179586,0.0,-0.1290589207482304,0.1303688878197125,0.0,0,5.256502817229301e-07,0.0,5.256502817229301e-07,5.256502817229301e-07,0.12905556465166215,-0.12775922786691177,5.0,0.001,5000.0,-inf,1.4999999999469398,0.0,5.0,-1.1554181575775146,0.0
10.164978981018066,4.2961297140318194e-07,-3.17345388300227e-06,6.283185307179586,0.0,-0.12775922786691177,0.12905556465166215,0.0,0,4.2961297140318194e-07,0.0,4.2961297140318194e-07,4.2961297140318194e-07,0.12775648402600015,-0.1264724959296954,5.0,0.001,5000.0,-inf,1.4999999999522458,0.0,5.0,-1.1554181575775146,0.0
10.175048112869263,4.2961297140318194e-07,-3.17345388300227e-06,6.283185307179586,0.0,-0.1264724959296954,0.12775648402600015,0.0,0,4.2961297140318194e-07,0.0,4.2961297140318194e-07,4.2961297140318194e-07,0.12646975208878378,-0.1251990553207253,5.0,0.001,5000.0,-inf,1.499999999957021,0.0,5.0,-0.6020399332046509,54.957888381123766
10.185117244720459,4.0210532003260517e-07,-2.7713831561628507e-06,6.283185307179586,0.0,-0.1251990553207253,0.12646975208878378,0.0,0,4.0210532003260517e-07,0.0,4.0210532003260517e-07,4.0210532003260517e-07,0.1251966860428892,-0.12393843338162663,5.0,0.001,5000.0,-inf,1.499999999961319,0.0,5.0,-0.6020399332046509,0.0
10.195190191268921,4.0210532003260517e-07,-2.7713831561628507e-06,6.283185307179586,0.0,-0.12393843338162663,0.1251966860428892,0.0,0,4.0210532003260517e-07,0.0,4.0210532003260517e-07,4.0210532003260517e-07,0.1239360641037905,-0.1226900320324824,5.0,0.001,5000.0,-inf,1.499999999965187,0.0,5.0,-0.6020399332046509,0.0
10.205256223678589,4.0210532003260517e-07,-2.7713831561628507e-06,6.283185307179586,0.0,-0.1226900320324824,0.1239360641037905,0.0,0,4.0210532003260517e-07,0.0,4.0210532003260517e-07,4.0210532003260517e-07,0.12268766275464627,-0.12145505404292771,5.0,0.001,5000.0,-inf,1.4999999999686682,0.0,5.0,-0.6020399332046509,0.0
10.215327739715576,3.287914291991727e-07,-2.428129480801865e-06,6.283185307179586,0.0,-0.12145505404292771,0.12268766275464627,0.0,0,3.287914291991727e-07,0.0,3.287914291991727e-07,3.287914291991727e-07,0.1214529547048761,-0.12023183866187806,5.0,0.001,5000.0,-inf,1.4999999999718012,0.0,5.0,-0.1255759596824646,47.308068792462656
10.225399017333984,3.287914291991727e-07,-2.428129480801865e-06,6.283185307179586,0.0,-0.12023183866187806,0.1214529547048761,0.0,0,3.287914291991727e-07,0.0,3.287914291991727e-07,3.287914291991727e-07,0.12022973932382645,-0.11902097157915896,5.0,0.001,5000.0,-inf,1.4999999999746212,0.0,5.0,-0.1255759596824646,0.0
10.235474824905396,3.287914291991727e-07,-2.428129480801865e-06,6.283185307179586,0.0,-0.11902097157915896,0.12022973932382645,0.0,0,3.287914291991727e-07,0.0,3.287914291991727e-07,3.287914291991727e-07,0.11901887224110735,-0.1178217603250912,5.0,0.001,5000.0,-inf,1.4999999999771592,0.0,5.0,-0.1255759596824646,0.0
10.24554705619812,2.5128535451553946e-07,-1.7331212650768142e-06,6.283185307179586,0.0,-0.1178217603250912,0.11901887224110735,0.0,0,2.5128535451553946e-07,0.0,2.5128535451553946e-07,2.5128535451553946e-07,0.11782027848918064,-0.11663504722917495,5.0,0.001,5000.0,-inf,1.499999999979443,0.0,5.0,-0.1255759596824646,0.0
10.255615949630737,2.5128535451553946e-07,-1.7331212650768142e-06,6.283185307179586,0.0,-0.11663504722917495,0.11782027848918064,0.0,0,2.5128535451553946e-07,0.0,2.5128535451553946e-07,2.5128535451553946e-07,0.11663356539326439,-0.11546067628856398,5.0,0.001,5000.0,-inf,1.4999999999814988,0.0,5.0,0.28466424345970154,40.74332555881796
10.265682458877563,2.5128535451553946e-07,-1.7331212650768142e-06,6.283185307179586,0.0,-0.11546067628856398,0.11663356539326439,0.0,0,2.5128535451553946e-07,0.0,2.5128535451553946e-07,2.5128535451553946e-07,0.11545919445265342,-0.11429840523997524,5.0,0.001,5000.0,-inf,1.4999999999833489,0.0,5.0,0.28466424345970154,0.0
10.275753259658813,2.1986793616586808e-07,-1.5681804528585034e-06,6.283185307179586,0.0,-0.11429840523997524,0.11545919445265342,0.0,0,2.1986793616586808e-07,0.0,2.1986793616586808e-07,2.1986793616586808e-07,0.11429705692745855,-0.11314734234977561,5.0,0.001,5000.0,-inf,1.4999999999850142,0.0,5.0,0.28466424345970154,0.0
10.285834789276123,1.9219882577152124e-07,-1.3714890496519715e-06,6.283185307179586,0.0,-0.11314734234977561,0.11429705692745855,0.0,0,1.9219882577152124e-07,0.0,1.9219882577152124e-07,1.9219882577152124e-07,0.11314616305955173,-0.1120066559558058,5.0,0.001,5000.0,-inf,1.499999999986513,0.0,5.0,0.28466424345970154,0.0
10.295902490615845,1.9219882577152124e-07,-1.3714890496519715e-06,6.283185307179586,0.0,-0.1120066559558058,0.11314616305955173,0.0,0,1.9219882577152124e-07,0.0,1.9219882577152124e-07,1.9219882577152124e-07,0.11200547666558193,-0.11087901826832355,5.0,0.001,5000.0,-inf,1.4999999999878617,0.0,5.0,0.6378849148750305,35.084540104672364
10.305969953536987,1.798073565565547e-07,-1.2395618520406147e-06,6.283185307179586,0.0,-0.11087901826832355,0.11200547666558193,0.0,0,1.798073565565547e-07,0.0,1.798073565565547e-07,1.798073565565547e-07,0.11087795851382808,-0.10976275853221361,5.0,0.001,5000.0,-inf,1.4999999999890754,0.0,5.0,0.6378849148750305,0.0
10.31603741645813,1.572281133757175e-07,-1.1217688097029074e-06,6.283185307179586,0.0,-0.10976275853221361,0.11087795851382808,0.0,0,1.572281133757175e-07,0.0,1.572281133757175e-07,1.572281133757175e-07,0.10976179399151728,-0.10865773574104592,5.0,0.001,5000.0,-inf,1.4999999999901679,0.0,5.0,0.6378849148750305,0.0
10.326108932495117,1.572281133757175e-07,-1.1217688097029074e-06,6.283185307179586,0.0,-0.10865773574104592,0.10976179399151728,0.0,0,1.572281133757175e-07,0.0,1.572281133757175e-07,1.572281133757175e-07,0.1086567712003496,-0.10756339732737434,5.0,0.001,5000.0,-inf,1.499999999991151,0.0,5.0,0.6378849148750305,0.0
10.336175918579102,1.572281133757175e-07,-1.1217688097029074e-06,6.283185307179586,0.0,-0.10756339732737434,0.1086567712003496,0.0,0,1.572281133757175e-07,0.0,1.572281133757175e-07,1.572281133757175e-07,0.10756243278667801,-0.10648056781335134,5.0,0.001,5000.0,-inf,1.4999999999920361,0.0,5.0,0.9420113563537598,30.21027733042819
10.346243143081665,1.572281133757175e-07,-1.1217688097029074e-06,6.283185307179586,0.0,-0.10648056781335134,0.10756243278667801,0.0,0,1.572281133757175e-07,0.0,1.572281133757175e-07,1.572281133757175e-07,0.10647960327265502,-0.10540861374226163,5.0,0.001,5000.0,-inf,1.4999999999928324,0.0,5.0,0.9420113563537598,0.0
10.356311798095703,1.202367235316536e-07,-9.193769481243471e-07,6.283185307179586,0.0,-0.10540861374226163,0.10647960327265502,0.0,0,1.202367235316536e-07,0.0,1.202367235316536e-07,1.202367235316536e-07,0.10540781460203703,-0.10434729882125003,5.0,0.001,5000.0,-inf,1.4999999999935492,0.0,5.0,0.9420113563537598,0.0
10.366379261016846,1.202367235316536e-07,-9.193769481243471e-07,6.283185307179586,0.0,-0.10434729882125003,0.10540781460203703,0.0,0,1.202367235316536e-07,0.0,1.202367235316536e-07,1.202367235316536e-07,0.10434649968102544,-0.1032967943047603,5.0,0.001,5000.0,-inf,1.4999999999941944,0.0,5.0,0.9420113563537598,0.0
10.376452922821045,1.202367235316536e-07,-9.193769481243471e-07,6.283185307179586,0.0,-0.1032967943047603,0.10434649968102544,0.0,0,1.202367235316536e-07,0.0,1.202367235316536e-07,1.202367235316536e-07,0.1032959951645357,-0.10225622538374457,5.0,0.001,5000.0,-inf,1.4999999999947748,0.0,5.0,1.203867793083191,25.994165956641105
10.386520147323608,9.828689611576132e-08,-7.259556918559396e-07,6.283185307179586,0.0,-0.10225622538374457,0.1032959951645357,0.0,0,9.828689611576132e-08,0.0,9.828689611576132e-08,9.828689611576132e-08,0.10225559771494884,-0.10122679532490436,5.0,0.001,5000.0,-inf,1.4999999999952975,0.0,5.0,1.203867793083191,0.0
10.39658808708191,9.828689611576132e-08,-7.259556918559396e-07,6.283185307179586,0.0,-0.10122679532490436,0.10225559771494884,0.0,0,9.828689611576132e-08,0.0,9.828689611576132e-08,9.828689611576132e-08,0.10122616765610863,-0.10020765636697901,5.0,0.001,5000.0,-inf,1.4999999999957678,0.0,5.0,1.203867793083191,0.0
10.406662464141846,9.828689611576132e-08,-7.259556918559396e-07,6.283185307179586,0.0,-0.10020765636697901,0.10122616765610863,0.0,0,9.828689611576132e-08,0.0,9.828689611576132e-08,9.828689611576132e-08,0.10020702869818328,-0.09919813297581763,5.0,0.001,5000.0,-inf,1.499999999996191,0.0,5.0,1.203867793083191,0.0
10.41673755645752,8.035893667524711e-08,-5.934816498017908e-07,6.283185307179586,0.0,-0.09919813297581763,0.10020702869818328,0.0,0,8.035893667524711e-08,0.0,8.035893667524711e-08,8.035893667524711e-08,0.0991976198531045,-0.09819870779830248,5.0,0.001,5000.0,-inf,1.499999999996572,0.0,5.0,1.429328441619873,22.378023096218467
10.42681097984314,8.035893667524711e-08,-5.934816498017908e-07,6.283185307179586,0.0,-0.09819870779830248,0.0991976198531045,0.0,0,8.035893667524711e-08,0.0,8.035893667524711e-08,8.035893667524711e-08,0.09819819467558935,-0.09720951580763172,5.0,0.001,5000.0,-inf,1.499999999996915,0.0,5.0,1.429328441619873,0.0
10.436879396438599,8.035893667524711e-08,-5.934816498017908e-07,6.283185307179586,0.0,-0.09720951580763172,0.09819819467558935,0.0,0,8.035893667524711e-08,0.0,8.035893667524711e-08,8.035893667524711e-08,0.0972090026849186,-0.09623077507177087,5.0,0.001,5000.0,-inf,1.4999999999972236,0.0,5.0,1.429328441619873,0.0
10.446951627731323,6.57173039017902e-08,-4.852857745204661e-07,6.283185307179586,0.0,-0.09623077507177087,0.0972090026849186,0.0,0,6.57173039017902e-08,0.0,6.57173039017902e-08,6.57173039017902e-08,0.09623035550330025,-0.09526152067376051,5.0,0.001,5000.0,-inf,1.499999999997501,0.0,5.0,1.429328441619873,0.0
10.45702314376831,6.145438068084478e-08,-4.2374679268406786e-07,6.283185307179586,0.0,-0.09526152067376051,0.09623035550330025,0.0,0,6.145438068084478e-08,0.0,6.145438068084478e-08,6.145438068084478e-08,0.0952611583813485,-0.09430209638942078,5.0,0.001,5000.0,-inf,1.4999999999977511,0.0,5.0,1.429328441619873,0.0
10.467090368270874,6.145438068084478e-08,-4.2374679268406786e-07,6.283185307179586,0.0,-0.09430209638942078,0.0952611583813485,0.0,0,6.145438068084478e-08,0.0,6.145438068084478e-08,6.145438068084478e-08,0.09430173409700877,-0.09335273966128514,5.0,0.001,5000.0,-inf,1.4999999999979763,0.0,5.0,1.6234525442123413,19.282782711663707
10.477197647094727,5.7481503361050006e-08,-3.96305449471414e-07,6.283185307179586,0.0,-0.09335273966128514,0.09430173409700877,0.0,0,5.7481503361050006e-08,0.0,5.7481503361050006e-08,5.7481503361050006e-08,0.09335240083733903,-0.0924092009171461,5.0,0.001,5000.0,-inf,1.4999999999981788,0.0,5.0,1.6234525442123413,0.0
10.487277507781982,5.7481503361050006e-08,-3.96305449471414e-07,6.283185307179586,0.0,-0.0924092009171461,0.09335240083733903,0.0,0,5.7481503361050006e-08,0.0,5.7481503361050006e-08,5.7481503361050006e-08,0.0924088620932,-0.09147773246097882,5.0,0.001,5000.0,-inf,1.4999999999983609,0.0,5.0,1.6234525442123413,0.0
10.497369527816772,4.699050098070273e-08,-3.47066295809409e-07,6.283185307179586,0.0,-0.09147773246097882,0.0924088620932,0.0,0,4.699050098070273e-08,0.0,4.699050098070273e-08,4.699050098070273e-08,0.09147743238518398,-0.09055454038061639,5.0,0.001,5000.0,-inf,1.4999999999985247,0.0,5.0,1.6234525442123413,0.0
10.507478475570679,4.3953866209585274e-08,-3.0303519788334534e-07,6.283185307179586,0.0,-0.09055454038061639,0.09147743238518398,0.0,0,4.3953866209585274e-08,0.0,4.3953866209585274e-08,4.3953866209585274e-08,0.09055428129928472,-0.08963913188206939,5.0,0.001,5000.0,-inf,1.4999999999986722,0.0,5.0,1.7905951738357544,16.534127358490565
10.517643928527832,4.110065956368414e-08,-2.8340870666721255e-07,6.283185307179586,0.0,-0.08963913188206939,0.09055428129928472,0.0,0,4.110065956368414e-08,0.0,4.110065956368414e-08,4.110065956368414e-08,0.08963888957402229,-0.0887279119669732,5.0,0.001,5000.0,-inf,1.499999999998805,0.0,5.0,1.7905951738357544,0.0
10.527708768844604,4.110065956368414e-08,-2.8340870666721255e-07,6.283185307179586,0.0,-0.0887279119669732,0.08963888957402229,0.0,0,4.110065956368414e-08,0.0,4.110065956368414e-08,4.110065956368414e-08,0.0887276696589261,-0.08783488214017678,5.0,0.001,5000.0,-inf,1.4999999999989244,0.0,5.0,1.7905951738357544,0.0
10.537782669067383,3.592923545514963e-08,-2.5638009082565323e-07,6.283185307179586,0.0,-0.08783488214017678,0.0887276696589261,0.0,0,3.592923545514963e-08,0.0,3.592923545514963e-08,3.592923545514963e-08,0.08783466168932141,-0.08695004452221707,5.0,0.001,5000.0,-inf,1.4999999999990319,0.0,5.0,1.7905951738357544,0.0
10.547859907150269,3.592923545514963e-08,-2.5638009082565323e-07,6.283185307179586,0.0,-0.08695004452221707,0.08783466168932141,0.0,0,3.592923545514963e-08,0.0,3.592923545514963e-08,3.592923545514963e-08,0.0869498240713617,-0.08607383044378493,5.0,0.001,5000.0,-inf,1.4999999999991287,0.0,5.0,1.7905951738357544,0.0
10.557925939559937,3.1426424711011674e-08,-2.241840026041117e-07,6.283185307179586,0.0,-0.08607383044378493,0.0869498240713617,0.0,0,3.1426424711011674e-08,0.0,3.1426424711011674e-08,3.1426424711011674e-08,0.08607363768620704,-0.08520741041721755,5.0,0.001,5000.0,-inf,1.4999999999992157,0.0,5.0,1.9345061779022217,14.296695878730459
10.567993402481079,2.9390203862742003e-08,-2.026463221919775e-07,6.283185307179586,0.0,-0.08520741041721755,0.08607363768620704,0.0,0,2.9390203862742003e-08,0.0,2.9390203862742003e-08,2.9390203862742003e-08,0.08520723716109922,-0.08434958971648517,5.0,0.001,5000.0,-inf,1.4999999999992943,0.0,5.0,1.9345061779022217,0.0
10.578060626983643,2.7477660690561226e-08,-1.8948805870578068e-07,6.283185307179586,0.0,-0.08434958971648517,0.08520723716109922,0.0,0,2.7477660690561226e-08,0.0,2.7477660690561226e-08,2.7477660690561226e-08,0.08434942770608715,-0.08350042509110524,5.0,0.001,5000.0,-inf,1.499999999999365,0.0,5.0,1.9345061779022217,0.0
10.588141918182373,2.7477660690561226e-08,-1.8948805870578068e-07,6.283185307179586,0.0,-0.08350042509110524,0.08434942770608715,0.0,0,2.7477660690561226e-08,0.0,2.7477660690561226e-08,2.7477660690561226e-08,0.08350026308070722,-0.082658634623818,5.0,0.001,5000.0,-inf,1.4999999999994285,0.0,5.0,1.9345061779022217,0.0
10.598208904266357,2.4033885883273412e-08,-1.714490367641546e-07,6.283185307179586,0.0,-0.082658634623818,0.08350026308070722,0.0,0,2.4033885883273412e-08,0.0,2.4033885883273412e-08,2.4033885883273412e-08,0.08265848720866713,-0.08182651278336515,5.0,0.001,5000.0,-inf,1.4999999999994857,0.0,5.0,2.058414936065674,12.308426487305798
10.608280181884766,2.2469686378267333e-08,-1.5495343034116732e-07,6.283185307179586,0.0,-0.08182651278336515,0.08265848720866713,0.0,0,2.2469686378267333e-08,0.0,2.2469686378267333e-08,2.2469686378267333e-08,0.0818263802996212,-0.08100241659085822,5.0,0.001,5000.0,-inf,1.4999999999995373,0.0,5.0,2.058414936065674,0.0
10.6183443069458,2.101473713865061e-08,-1.4489397192395895e-07,6.283185307179586,0.0,-0.08100241659085822,0.0818263802996212,0.0,0,2.101473713865061e-08,0.0,2.101473713865061e-08,2.101473713865061e-08,0.08100229271162344,-0.08018719938677786,5.0,0.001,5000.0,-inf,1.4999999999995834,0.0,5.0,2.058414936065674,0.0
10.628411531448364,2.101473713865061e-08,-1.4489397192395895e-07,6.283185307179586,0.0,-0.08018719938677786,0.08100229271162344,0.0,0,2.101473713865061e-08,0.0,2.101473713865061e-08,2.101473713865061e-08,0.08018707550754309,-0.0793799380954394,5.0,0.001,5000.0,-inf,1.4999999999996252,0.0,5.0,2.058414936065674,0.0
10.638476371765137,1.8375147429550658e-08,-1.3110284172601471e-07,6.283185307179586,0.0,-0.0793799380954394,0.08018707550754309,0.0,0,1.8375147429550658e-08,0.0,1.8375147429550658e-08,1.8375147429550658e-08,0.07937982536774511,-0.07858099282873975,5.0,0.001,5000.0,-inf,1.499999999999663,0.0,5.0,2.165102005004883,10.599976311737533
10.648541688919067,1.8375147429550658e-08,-1.3110284172601471e-07,6.283185307179586,0.0,-0.07858099282873975,0.07937982536774511,0.0,0,1.8375147429550658e-08,0.0,1.8375147429550658e-08,1.8375147429550658e-08,0.07858088010104546,-0.07779005134828773,5.0,0.001,5000.0,-inf,1.4999999999996967,0.0,5.0,2.165102005004883,0.0
10.658608436584473,1.8375147429550658e-08,-1.3110284172601471e-07,6.283185307179586,0.0,-0.07779005134828773,0.07858088010104546,0.0,0,1.8375147429550658e-08,0.0,1.8375147429550658e-08,1.8375147429550658e-08,0.07778993862059344,-0.07700695966528685,5.0,0.001,5000.0,-inf,1.4999999999997269,0.0,5.0,2.165102005004883,0.0
10.668672561645508,1.5027906283154545e-08,-1.1096982120138954e-07,6.283185307179586,0.0,-0.07700695966528685,0.07778993862059344,0.0,0,1.5027906283154545e-08,0.0,1.5027906283154545e-08,1.5027906283154545e-08,0.07700686372337193,-0.07623195295821675,5.0,0.001,5000.0,-inf,1.4999999999997544,0.0,5.0,2.165102005004883,0.0
10.678748607635498,1.5027906283154545e-08,-1.1096982120138954e-07,6.283185307179586,0.0,-0.07623195295821675,0.07700686372337193,0.0,0,1.5027906283154545e-08,0.0,1.5027906283154545e-08,1.5027906283154545e-08,0.07623185701630182,-0.07546383726101813,5.0,0.001,5000.0,-inf,1.4999999999997788,0.0,5.0,2.256960153579712,9.116487624816621
10.688813209533691,1.3139967879430485e-08,-9.375214707615694e-08,6.283185307179586,0.0,-0.07546383726101813,0.07623185701630182,0.0,0,1.3139967879430485e-08,0.0,1.3139967879430485e-08,1.3139967879430485e-08,0.07546375664883893,-0.07470432459260543,5.0,0.001,5000.0,-inf,1.499999999999801,0.0,5.0,2.256960153579712,0.0
10.698882102966309,1.3139967879430485e-08,-9.375214707615694e-08,6.283185307179586,0.0,-0.07470432459260543,0.07546375664883893,0.0,0,1.3139967879430485e-08,0.0,1.3139967879430485e-08,1.3139967879430485e-08,0.07470424398042623,-0.07395213552100229,5.0,0.001,5000.0,-inf,1.499999999999821,0.0,5.0,2.256960153579712,0.0
10.708953142166138,1.1489884682842526e-08,-8.197653035536047e-08,6.283185307179586,0.0,-0.07395213552100229,0.07470424398042623,0.0,0,1.1489884682842526e-08,0.0,1.1489884682842526e-08,1.1489884682842526e-08,0.07395206503435661,-0.07320736137513296,5.0,0.001,5000.0,-inf,1.4999999999998388,0.0,5.0,2.256960153579712,0.0
10.719027996063232,1.1489884682842526e-08,-8.197653035536047e-08,6.283185307179586,0.0,-0.07320736137513296,0.07395206503435661,0.0,0,1.1489884682842526e-08,0.0,1.1489884682842526e-08,1.1489884682842526e-08,0.07320729088848729,-0.07246980861522934,5.0,0.001,5000.0,-inf,1.4999999999998548,0.0,5.0,2.3360517024993896,7.850391651087394
10.729091167449951,1.1489884682842526e-08,-8.197653035536047e-08,6.283185307179586,0.0,-0.07246980861522934,0.07320729088848729,0.0,0,1.1489884682842526e-08,0.0,1.1489884682842526e-08,1.1489884682842526e-08,0.07246973812858366,-0.07174053322009077,5.0,0.001,5000.0,-inf,1.4999999999998694,0.0,5.0,2.3360517024993896,0.0
10.739163875579834,9.394049634170582e-09,-6.937878305329691e-08,6.283185307179586,0.0,-0.07174053322009077,0.07246973812858366,0.0,0,9.394049634170582e-09,0.0,9.394049634170582e-09,9.394049634170582e-09,0.07174047323535736,-0.07101791237209135,5.0,0.001,5000.0,-inf,1.4999999999998828,0.0,5.0,2.3360517024993896,0.0
10.74925184249878,9.394049634170582e-09,-6.937878305329691e-08,6.283185307179586,0.0,-0.07101791237209135,0.07174047323535736,0.0,0,9.394049634170582e-09,0.0,9.394049634170582e-09,9.394049634170582e-09,0.07101785238735793,-0.07030148662655314,5.0,0.001,5000.0,-inf,1.4999999999998948,0.0,5.0,2.3360517024993896,0.0
10.759328842163086,8.216837194850545e-09,-5.86154165401164e-08,6.283185307179586,0.0,-0.07030148662655314,0.07101785238735793,0.0,0,8.216837194850545e-09,0.0,8.216837194850545e-09,8.216837194850545e-09,0.0703014362279738,-0.06959305907728357,5.0,0.001,5000.0,-inf,1.4999999999999054,0.0,5.0,2.4041500091552734,6.75779586428808
10.7694091796875,7.68644480890019e-09,-5.299127953029039e-08,6.283185307179586,0.0,-0.06959305907728357,0.0703014362279738,0.0,0,7.68644480890019e-09,0.0,7.68644480890019e-09,7.68644480890019e-09,0.06959301377244885,-0.06889153800911609,5.0,0.001,5000.0,-inf,1.4999999999999147,0.0,5.0,2.4041500091552734,0.0
10.779475688934326,7.68644480890019e-09,-5.299127953029039e-08,6.283185307179586,0.0,-0.06889153800911609,0.06959301377244885,0.0,0,7.68644480890019e-09,0.0,7.68644480890019e-09,7.68644480890019e-09,0.06889149270428137,-0.06819804116078078,5.0,0.001,5000.0,-inf,1.4999999999999232,0.0,5.0,2.4041500091552734,0.0
10.789543628692627,6.720848409177592e-09,-4.795231818683728e-08,6.283185307179586,0.0,-0.06819804116078078,0.06889149270428137,0.0,0,6.720848409177592e-09,0.0,6.720848409177592e-09,6.720848409177592e-09,0.068197999929311,-0.06751142780585588,5.0,0.001,5000.0,-inf,1.4999999999999307,0.0,5.0,2.4041500091552734,0.0
10.799611330032349,6.720848409177592e-09,-4.795231818683728e-08,6.283185307179586,0.0,-0.06751142780585588,0.068197999929311,0.0,0,6.720848409177592e-09,0.0,6.720848409177592e-09,6.720848409177592e-09,0.0675113865743861,-0.06683174332879446,5.0,0.001,5000.0,-inf,1.4999999999999378,0.0,5.0,2.462782382965088,5.82380941104033
10.809676170349121,5.8778425297772745e-09,-4.193288661178438e-08,6.283185307179586,0.0,-0.06683174332879446,0.0675113865743861,0.0,0,5.8778425297772745e-09,0.0,5.8778425297772745e-09,5.8778425297772745e-09,0.06683170727375039,-0.06615909286698689,5.0,0.001,5000.0,-inf,1.499999999999944,0.0,5.0,2.462782382965088,0.0
10.81974196434021,5.496447467969028e-09,-3.7900086081372645e-08,6.283185307179586,0.0,-0.06615909286698689,0.06683170727375039,0.0,0,5.496447467969028e-09,0.0,5.496447467969028e-09,5.496447467969028e-09,0.06615906046334827,-0.06549314939371884,5.0,0.001,5000.0,-inf,1.4999999999999498,0.0,5.0,2.462782382965088,0.0
10.829811811447144,5.496447467969028e-09,-3.7900086081372645e-08,6.283185307179586,0.0,-0.06549314939371884,0.06615906046334827,0.0,0,5.496447467969028e-09,0.0,5.496447467969028e-09,5.496447467969028e-09,0.06549311699008022,-0.06483364371907221,5.0,0.001,5000.0,-inf,1.4999999999999547,0.0,5.0,2.462782382965088,0.0
10.839905977249146,4.804850568309777e-09,-3.428600724104242e-08,6.283185307179586,0.0,-0.06483364371907221,0.06549311699008022,0.0,0,4.804850568309777e-09,0.0,4.804850568309777e-09,4.804850568309777e-09,0.06483361423791555,-0.06417920246741166,5.0,0.001,5000.0,-inf,1.4999999999999591,0.0,5.0,2.513266086578369,5.001275449950399
10.850015878677368,4.804850568309777e-09,-3.428600724104242e-08,6.283185307179586,0.0,-0.06417920246741166,0.06483361423791555,0.0,0,4.804850568309777e-09,0.0,4.804850568309777e-09,4.804850568309777e-09,0.06417917298625499,-0.06353035735477577,5.0,0.001,5000.0,-inf,1.4999999999999631,0.0,5.0,2.513266086578369,0.0
10.860089778900146,4.2028457604174854e-09,-2.9980897337471736e-08,6.283185307179586,0.0,-0.06353035735477577,0.06417917298625499,0.0,0,4.2028457604174854e-09,0.0,4.2028457604174854e-09,4.2028457604174854e-09,0.0635303315767242,-0.06289035913335184,5.0,0.001,5000.0,-inf,1.4999999999999667,0.0,5.0,2.513266086578369,0.0
10.87016224861145,3.929430246572102e-09,-2.709736970732605e-08,6.283185307179586,0.0,-0.06289035913335184,0.0635303315767242,0.0,0,3.929430246572102e-09,0.0,3.929430246572102e-09,3.929430246572102e-09,0.06289033596541238,-0.062256898129206505,5.0,0.001,5000.0,-inf,1.4999999999999702,0.0,5.0,2.513266086578369,0.0
10.880253791809082,3.6737258280611053e-09,-2.5334295492472928e-08,6.283185307179586,0.0,-0.062256898129206505,0.06289033596541238,0.0,0,3.6737258280611053e-09,0.0,3.6737258280611053e-09,3.6737258280611053e-09,0.06225687646863684,-0.06162863017097363,5.0,0.001,5000.0,-inf,1.4999999999999734,0.0,5.0,2.513266086578369,0.0
10.890334367752075,3.6737258280611053e-09,-2.5334295492472928e-08,6.283185307179586,0.0,-0.06162863017097363,0.06225687646863684,0.0,0,3.6737258280611053e-09,0.0,3.6737258280611053e-09,3.6737258280611053e-09,0.061628608510403964,-0.061007378302623504,5.0,0.001,5000.0,-inf,1.499999999999976,0.0,5.0,2.5567331314086914,4.311960455050732
10.900408744812012,3.6737258280611053e-09,-2.5334295492472928e-08,6.283185307179586,0.0,-0.061007378302623504,0.061628608510403964,0.0,0,3.6737258280611053e-09,0.0,3.6737258280611053e-09,3.6737258280611053e-09,0.06100735664205384,-0.06039276718838142,5.0,0.001,5000.0,-inf,1.4999999999999787,0.0,5.0,2.5567331314086914,0.0
10.910482406616211,3.0043336094714492e-09,-2.2185443727129897e-08,6.283185307179586,0.0,-0.06039276718838142,0.06100735664205384,0.0,0,3.0043336094714492e-09,0.0,3.0043336094714492e-09,3.0043336094714492e-09,0.060392748007271305,-0.059784391069529944,5.0,0.001,5000.0,-inf,1.499999999999981,0.0,5.0,2.5567331314086914,0.0
10.92055892944336,3.0043336094714492e-09,-2.2185443727129897e-08,6.283185307179586,0.0,-0.059784391069529944,0.060392748007271305,0.0,0,3.0043336094714492e-09,0.0,3.0043336094714492e-09,3.0043336094714492e-09,0.05978437188841983,-0.05918197248148955,5.0,0.001,5000.0,-inf,1.4999999999999827,0.0,5.0,2.5567331314086914,0.0
10.93062949180603,3.0043336094714492e-09,-2.2185443727129897e-08,6.283185307179586,0.0,-0.05918197248148955,0.05978437188841983,0.0,0,3.0043336094714492e-09,0.0,3.0043336094714492e-09,3.0043336094714492e-09,0.05918195330037943,-0.0585859769300334,5.0,0.001,5000.0,-inf,1.4999999999999845,0.0,5.0,2.594158411026001,3.7163048367622338
10.940696001052856,2.4574507979006295e-09,-1.814494137644057e-08,6.283185307179586,0.0,-0.0585859769300334,0.05918195330037943,0.0,0,2.4574507979006295e-09,0.0,2.4574507979006295e-09,2.4574507979006295e-09,0.058585961242542825,-0.057996220809451146,5.0,0.001,5000.0,-inf,1.4999999999999862,0.0,5.0,2.594158411026001,0.0
10.950764656066895,2.297534222757263e-09,-1.5843972475790715e-08,6.283185307179586,0.0,-0.057996220809451146,0.058585961242542825,0.0,0,2.297534222757263e-09,0.0,2.297534222757263e-09,2.297534222757263e-09,0.0579962072630129,-0.057412277006397214,5.0,0.001,5000.0,-inf,1.4999999999999876,0.0,5.0,2.594158411026001,0.0
10.960835218429565,2.297534222757263e-09,-1.5843972475790715e-08,6.283185307179586,0.0,-0.057412277006397214,0.0579962072630129,0.0,0,2.297534222757263e-09,0.0,2.297534222757263e-09,2.297534222757263e-09,0.057412263459958965,-0.0568341032268416,5.0,0.001,5000.0,-inf,1.499999999999989,0.0,5.0,2.594158411026001,0.0
10.970916509628296,2.0085113453897413e-09,-1.4331904504801193e-08,6.283185307179586,0.0,-0.0568341032268416,0.057412263459958965,0.0,0,2.0085113453897413e-09,0.0,2.0085113453897413e-09,2.0085113453897413e-09,0.05683409090344844,-0.05626114220642882,5.0,0.001,5000.0,-inf,1.4999999999999902,0.0,5.0,2.6263821125030518,3.196386339986756
10.98098349571228,2.0085113453897413e-09,-1.4331904504801193e-08,6.283185307179586,0.0,-0.05626114220642882,0.05683409090344844,0.0,0,2.0085113453897413e-09,0.0,2.0085113453897413e-09,2.0085113453897413e-09,0.05626112988303566,-0.05569476219482706,5.0,0.001,5000.0,-inf,1.4999999999999911,0.0,5.0,2.6263821125030518,0.0
10.991059064865112,2.0085113453897413e-09,-1.4331904504801193e-08,6.283185307179586,0.0,-0.05569476219482706,0.05626112988303566,0.0,0,2.0085113453897413e-09,0.0,2.0085113453897413e-09,2.0085113453897413e-09,0.0556947498714339,-0.05513360589104774,5.0,0.001,5000.0,-inf,1.499999999999992,0.0,5.0,2.6263821125030518,0.0
11.001244068145752,1.6428732617018104e-09,-1.2130490622619132e-08,6.283185307179586,0.0,-0.05513360589104774,0.0556947498714339,0.0,0,1.6428732617018104e-09,0.0,1.6428732617018104e-09,1.6428732617018104e-09,0.05513359540343037,-0.05457207004099034,5.0,0.001,5000.0,-inf,1.499999999999993,0.0,5.0,2.6263821125030518,0.0
11.011309385299683,1.6428732617018104e-09,-1.2130490622619132e-08,6.283185307179586,0.0,-0.05457207004099034,0.05513359540343037,0.0,0,1.6428732617018104e-09,0.0,1.6428732617018104e-09,1.6428732617018104e-09,0.05457205955337298,-0.054022784953842454,5.0,0.001,5000.0,-inf,1.4999999999999938,0.0,5.0,2.6263821125030518,0.0
11.02137541770935,1.436999388477418e-09,-1.0250933210985351e-08,6.283185307179586,0.0,-0.054022784953842454,0.05457205955337298,0.0,0,1.436999388477418e-09,0.0,1.436999388477418e-09,1.436999388477418e-09,0.05402277613990863,-0.05347898993835789,5.0,0.001,5000.0,-inf,1.4999999999999947,0.0,5.0,2.6541271209716797,2.7563003315963996
11.031444311141968,1.436999388477418e-09,-1.0250933210985351e-08,6.283185307179586,0.0,-0.05347898993835789,0.05402277613990863,0.0,0,1.436999388477418e-09,0.0,1.436999388477418e-09,1.436999388477418e-09,0.05347898112442406,-0.05294051577653112,5.0,0.001,5000.0,-inf,1.4999999999999951,0.0,5.0,2.6541271209716797,0.0
11.041523694992065,1.2563669798643313e-09,-8.964411453298281e-09,6.283185307179586,0.0,-0.05294051577653112,0.05347898112442406,0.0,0,1.2563669798643313e-09,0.0,1.2563669798643313e-09,1.2563669798643313e-09,0.052940508068486644,-0.052406908074489646,5.0,0.001,5000.0,-inf,1.4999999999999956,0.0,5.0,2.6541271209716797,0.0
11.051597118377686,1.2563669798643313e-09,-8.964411453298281e-09,6.283185307179586,0.0,-0.052406908074489646,0.052940508068486644,0.0,0,1.2563669798643313e-09,0.0,1.2563669798643313e-09,1.2563669798643313e-09,0.05240690036644517,-0.051878991178770435,5.0,0.001,5000.0,-inf,1.499999999999996,0.0,5.0,2.6541271209716797,0.0
11.061673402786255,1.098309327831735e-09,-7.837118360928315e-09,6.283185307179586,0.0,-0.051878991178770435,0.05240690036644517,0.0,0,1.098309327831735e-09,0.0,1.098309327831735e-09,1.098309327831735e-09,0.0518789844399614,-0.05135624377672563,5.0,0.001,5000.0,-inf,1.4999999999999964,0.0,5.0,2.67801570892334,2.3707734898137853
11.07174038887024,1.098309327831735e-09,-7.837118360928315e-09,6.283185307179586,0.0,-0.05135624377672563,0.0518789844399614,0.0,0,1.098309327831735e-09,0.0,1.098309327831735e-09,1.098309327831735e-09,0.05135623703791659,-0.05083924125313912,5.0,0.001,5000.0,-inf,1.499999999999997,0.0,5.0,2.67801570892334,0.0
11.08181357383728,9.606276980276905e-10,-6.852881409474816e-09,6.283185307179586,0.0,-0.05083924125313912,0.05135623703791659,0.0,0,9.606276980276905e-10,0.0,9.606276980276905e-10,9.606276980276905e-10,0.05083923536088541,-0.05032712823176599,5.0,0.001,5000.0,-inf,1.4999999999999973,0.0,5.0,2.67801570892334,0.0
11.091885566711426,9.606276980276905e-10,-6.852881409474816e-09,6.283185307179586,0.0,-0.05032712823176599,0.05083923536088541,0.0,0,9.606276980276905e-10,0.0,9.606276980276905e-10,9.606276980276905e-10,0.050327122339512274,-0.04982023381418616,5.0,0.001,5000.0,-inf,1.4999999999999978,0.0,5.0,2.67801570892334,0.0
11.101951599121094,8.399384813289064e-10,-5.9928880091463786e-09,6.283185307179586,0.0,-0.04982023381418616,0.050327122339512274,0.0,0,8.399384813289064e-10,0.0,8.399384813289064e-10,8.399384813289064e-10,0.04982022866123663,-0.04931874177782508,5.0,0.001,5000.0,-inf,1.4999999999999982,0.0,5.0,2.67801570892334,0.0
11.11201786994934,7.85607268825568e-10,-5.4164675301293594e-09,6.283185307179586,0.0,-0.04931874177782508,0.04982022866123663,0.0,0,7.85607268825568e-10,0.0,7.85607268825568e-10,7.85607268825568e-10,0.04931873714696482,-0.048822286012796604,5.0,0.001,5000.0,-inf,1.4999999999999987,0.0,5.0,2.6985843181610107,2.0433196750432248
11.122084379196167,7.85607268825568e-10,-5.4164675301293594e-09,6.283185307179586,0.0,-0.048822286012796604,0.04931873714696482,0.0,0,7.85607268825568e-10,0.0,7.85607268825568e-10,7.85607268825568e-10,0.04882228138193634,-0.04833081606581419,5.0,0.001,5000.0,-inf,1.4999999999999987,0.0,5.0,2.6985843181610107,0.0
11.132153034210205,6.870608437948457e-10,-4.9015578010845755e-09,6.283185307179586,0.0,-0.04833081606581419,0.04882228138193634,0.0,0,6.870608437948457e-10,0.0,6.870608437948457e-10,6.870608437948457e-10,0.04833081185131724,-0.0478441897947349,5.0,0.001,5000.0,-inf,1.4999999999999987,0.0,5.0,2.6985843181610107,0.0
11.14221477508545,6.870608437948457e-10,-4.9015578010845755e-09,6.283185307179586,0.0,-0.0478441897947349,0.04833081185131724,0.0,0,6.870608437948457e-10,0.0,6.870608437948457e-10,6.870608437948457e-10,0.047844185580237945,-0.04736279399703945,5.0,0.001,5000.0,-inf,1.4999999999999987,0.0,5.0,2.6985843181610107,0.0
11.152276277542114,6.008178071578571e-10,-4.2865041657423775e-09,6.283185307179586,0.0,-0.04736279399703945,0.047844185580237945,0.0,0,6.008178071578571e-10,0.0,6.008178071578571e-10,6.008178071578571e-10,0.04736279031135309,-0.046886253165967264,5.0,0.001,5000.0,-inf,1.4999999999999987,0.0,5.0,2.7162933349609375,1.7600767754318618
11.162339448928833,6.008178071578571e-10,-4.2865041657423775e-09,6.283185307179586,0.0,-0.046886253165967264,0.04736279031135309,0.0,0,6.008178071578571e-10,0.0,6.008178071578571e-10,6.008178071578571e-10,0.0468862494802809,-0.046414428801766744,5.0,0.001,5000.0,-inf,1.4999999999999987,0.0,5.0,2.7162933349609375,0.0
11.17240309715271,5.253878667053165e-10,-3.748398764971065e-09,6.283185307179586,0.0,-0.046414428801766744,0.0468862494802809,0.0,0,5.253878667053165e-10,0.0,5.253878667053165e-10,5.253878667053165e-10,0.046414425578755844,-0.04594733035022883,5.0,0.001,5000.0,-inf,1.4999999999999987,0.0,5.0,2.7162933349609375,0.0
11.182465314865112,4.91353297169559e-10,-3.3878709688177746e-09,6.283185307179586,0.0,-0.04594733035022883,0.046414425578755844,0.0,0,4.91353297169559e-10,0.0,4.91353297169559e-10,4.91353297169559e-10,0.045947327453711155,-0.045484998338086544,5.0,0.001,5000.0,-inf,1.4999999999999987,0.0,5.0,2.7162933349609375,0.0
11.192529201507568,4.594833135362412e-10,-3.1682681100983484e-09,6.283185307179586,0.0,-0.045484998338086544,0.045947327453711155,0.0,0,4.594833135362412e-10,0.0,4.594833135362412e-10,4.594833135362412e-10,0.04548499562930174,-0.04502724249814064,5.0,0.001,5000.0,-inf,1.4999999999999987,0.0,5.0,2.7162933349609375,0.0
11.202592849731445,4.29739891016566e-10,-2.9629715952869973e-09,6.283185307179586,0.0,-0.04502724249814064,0.04548499562930174,0.0,0,4.29739891016566e-10,0.0,4.29739891016566e-10,4.29739891016566e-10,0.045027239964908934,-0.0445741041946417,5.0,0.001,5000.0,-inf,1.4999999999999987,0.0,5.0,2.731541395187378,1.5151622838190002
11.212656497955322,4.29739891016566e-10,-2.9629715952869973e-09,6.283185307179586,0.0,-0.0445741041946417,0.045027239964908934,0.0,0,4.29739891016566e-10,0.0,4.29739891016566e-10,4.29739891016566e-10,0.044574101661409994,-0.044125526115625945,5.0,0.001,5000.0,-inf,1.4999999999999987,0.0,5.0,2.731541395187378,0.0
11.22271990776062,3.757772528723927e-10,-2.681035631165925e-09,6.283185307179586,0.0,-0.044125526115625945,0.044574101661409994,0.0,0,3.757772528723927e-10,0.0,3.757772528723927e-10,3.757772528723927e-10,0.044125523810367565,-0.04368147288664878,5.0,0.001,5000.0,-inf,1.4999999999999987,0.0,5.0,2.731541395187378,0.0
11.232757568359375,3.5144338037407707e-10,-2.4231637881095758e-09,6.283185307179586,0.0,-0.04368147288664878,0.044125523810367565,0.0,0,3.5144338037407707e-10,0.0,3.5144338037407707e-10,3.5144338037407707e-10,0.043681470814928375,-0.043243013108154114,5.0,0.001,5000.0,-inf,1.4999999999999987,0.0,5.0,2.731541395187378,0.0
11.242821455001831,3.2855887072745973e-10,-2.2658181943450655e-09,6.283185307179586,0.0,-0.043243013108154114,0.043681470814928375,0.0,0,3.2855887072745973e-10,0.0,3.2855887072745973e-10,3.2855887072745973e-10,0.04324301117089479,-0.04280782034565177,5.0,0.001,5000.0,-inf,1.4999999999999987,0.0,5.0,2.7446696758270264,1.3044940892184502
11.252911806106567,3.2855887072745973e-10,-2.2658181943450655e-09,6.283185307179586,0.0,-0.04280782034565177,0.04324301117089479,0.0,0,3.2855887072745973e-10,0.0,3.2855887072745973e-10,3.2855887072745973e-10,0.04280781840839244,-0.04237587442788329,5.0,0.001,5000.0,-inf,1.4999999999999987,0.0,5.0,2.7446696758270264,0.0
11.262985706329346,3.2855887072745973e-10,-2.2658181943450655e-09,6.283185307179586,0.0,-0.04237587442788329,0.04280781840839244,0.0,0,3.2855887072745973e-10,0.0,3.2855887072745973e-10,3.2855887072745973e-10,0.04237587249062397,-0.04194898411655957,5.0,0.001,5000.0,-inf,1.4999999999999987,0.0,5.0,2.7446696758270264,0.0
11.273048877716064,2.6867783010790814e-10,-1.9841000441972083e-09,3.696512194870621,-85.70689793223532,-0.04194898411655957,0.04237587249062397,0.0,0,2.6867783010790814e-10,0.0,2.6867783010790814e-10,2.6867783010790814e-10,0.041948982401137355,-0.041526844317158466,5.0,0.001,5000.0,-inf,1.4999999999999987,0.0,5.0,2.7446696758270264,0.0
11.283132553100586,2.6867783010790814e-10,-1.9841000441972083e-09,3.696512194870621,-85.70689793223532,-0.041526844317158466,0.041948982401137355,0.0,0,2.6867783010790814e-10,0.0,2.6867783010790814e-10,2.6867783010790814e-10,0.04152684260173625,-0.04110810111661844,5.0,0.001,5000.0,-inf,1.4999999999999987,0.0,5.0,2.755974054336548,1.1210573603820873
11.293221235275269,2.349868864099547e-10,-1.6763753474832535e-09,-0.16838517537006448,-192.30742629562832,-0.04110810111661844,0.04152684260173625,0.0,0,2.349868864099547e-10,0.0,2.349868864099547e-10,2.349868864099547e-10,0.04110809967522998,-0.040693374564189866,5.0,0.001,5000.0,-inf,1.4999999999999987,0.0,5.0,2.755974054336548,0.0
11.303283452987671,2.1974979079415552e-10,-1.515221468294584e-09,-1.7843062972645518,-160.69193478226885,-0.040693374564189866,0.04110809967522998,0.0,0,2.1974979079415552e-10,0.0,2.1974979079415552e-10,2.1974979079415552e-10,0.040693373268718185,-0.040283908982907964,5.0,0.001,5000.0,-inf,1.4999999999999987,0.0,5.0,2.755974054336548,0.0
11.313349962234497,2.1974979079415552e-10,-1.515221468294584e-09,-1.7843062972645518,-160.69193478226885,-0.040283908982907964,0.040693373268718185,0.0,0,2.1974979079415552e-10,0.0,2.1974979079415552e-10,2.1974979079415552e-10,0.04028390768743628,-0.039878390653674094,5.0,0.001,5000.0,-inf,1.4999999999999987,0.0,5.0,2.755974054336548,0.0
11.323419332504272,2.1974979079415552e-10,-1.515221468294584e-09,-1.7843062972645518,-160.69193478226885,-0.039878390653674094,0.04028390768743628,0.0,0,2.1974979079415552e-10,0.0,2.1974979079415552e-10,2.1974979079415552e-10,0.03987838935820241,-0.03947684038546408,5.0,0.001,5000.0,-inf,1.4999999999999987,0.0,5.0,2.765707015991211,0.966590898328361
11.333511114120483,2.1974979079415552e-10,-1.515221468294584e-09,-1.7843062972645518,-160.69193478226885,-0.03947684038546408,0.03987838935820241,0.0,0,2.1974979079415552e-10,0.0,2.1974979079415552e-10,2.1974979079415552e-10,0.0394768390899924,-0.03907844874646958,5.0,0.001,5000.0,-inf,1.4999999999999987,0.0,5.0,2.765707015991211,0.0
11.34359335899353,1.680212843356162e-10,-1.2848662313195225e-09,-6.283185307179586,-111.7460780211218,-0.03907844874646958,0.0394768390899924,0.0,0,1.680212843356162e-10,0.0,1.680212843356162e-10,1.680212843356162e-10,0.03907844762962463,-0.038684450268209165,5.0,0.001,5000.0,-inf,1.4999999999999987,0.0,5.0,2.765707015991211,0.0
11.353658437728882,1.680212843356162e-10,-1.2848662313195225e-09,-6.283185307179586,-111.7460780211218,-0.038684450268209165,0.03907844762962463,0.0,0,1.680212843356162e-10,0.0,1.680212843356162e-10,1.680212843356162e-10,0.038684449151364216,-0.03829508824166698,5.0,0.001,5000.0,-inf,1.4999999999999987,0.0,5.0,2.765707015991211,0.0
11.363709926605225,1.4691389967796824e-10,-1.0482102309891374e-09,-6.283185307179586,0.0,-0.03829508824166698,0.038684449151364216,0.0,0,1.4691389967796824e-10,0.0,1.4691389967796824e-10,1.4691389967796824e-10,0.03829508734037065,-0.03791016559724667,5.0,0.001,5000.0,-inf,1.4999999999999987,0.0,5.0,2.1332993507385254,-62.916814914964775
11.374032735824585,1.4691389967796824e-10,-1.0482102309891374e-09,-6.283185307179586,0.0,-0.03791016559724667,0.03829508734037065,0.0,0,1.4691389967796824e-10,0.0,1.4691389967796824e-10,1.4691389967796824e-10,0.037910164695950335,-0.03751882619961584,5.0,0.001,5000.0,-inf,1.4999999999999987,0.0,5.0,2.1332993507385254,0.0
11.384095430374146,1.4691389967796824e-10,-1.0482102309891374e-09,-6.283185307179586,0.0,-0.03751882619961584,0.037910164695950335,0.0,0,1.4691389967796824e-10,0.0,1.4691389967796824e-10,1.4691389967796824e-10,0.03751882529831951,-0.03714128572078053,5.0,0.001,5000.0,-inf,1.4999999999999987,0.0,5.0,2.1332993507385254,0.0
11.394158124923706,1.201258995395325e-10,-8.871387997934604e-10,-6.283185307179586,0.0,-0.03714128572078053,0.03751882529831951,0.0,0,1.201258995395325e-10,0.0,1.201258995395325e-10,1.201258995395325e-10,0.03714128495376763,-0.036767544315112574,5.0,0.001,5000.0,-inf,1.4999999999999987,0.0,5.0,2.1332993507385254,0.0
11.404220342636108,1.201258995395325e-10,-8.871387997934604e-10,-6.283185307179586,0.0,-0.036767544315112574,0.03714128495376763,0.0,0,1.201258995395325e-10,0.0,1.201258995395325e-10,1.201258995395325e-10,0.036767543548099677,-0.03639758128718136,5.0,0.001,5000.0,-inf,1.4999999999999987,0.0,5.0,2.1332993507385254,0.0
11.414284944534302,1.201258995395325e-10,-8.871387997934604e-10,-6.283185307179586,0.0,-0.03639758128718136,0.036767543548099677,0.0,0,1.201258995395325e-10,0.0,1.201258995395325e-10,1.201258995395325e-10,0.03639758052016846,-0.03603125412918843,5.0,0.001,5000.0,-inf,1.4999999999999987,0.0,5.0,1.4440053701400757,-68.48695930260104
11.4244065284729,9.825828645490229e-11,-7.255077639895017e-10,-6.283185307179586,0.0,-0.03603125412918843,0.03639758052016846,0.0,0,9.825828645490229e-11,0.0,9.825828645490229e-11,9.825828645490229e-11,0.03603125350193895,-0.03566656077245563,5.0,0.001,5000.0,-inf,1.4999999999999987,0.0,5.0,1.4440053701400757,0.0
11.434470653533936,9.825828645490229e-11,-7.255077639895017e-10,-6.283185307179586,0.0,-0.03566656077245563,0.03603125350193895,0.0,0,9.825828645490229e-11,0.0,9.825828645490229e-11,9.825828645490229e-11,0.035666560145206146,-0.035307608050657344,5.0,0.001,5000.0,-inf,1.4999999999999987,0.0,5.0,1.4440053701400757,0.0
11.444536209106445,9.825828645490229e-11,-7.255077639895017e-10,-6.283185307179586,0.0,-0.035307608050657344,0.035666560145206146,0.0,0,9.825828645490229e-11,0.0,9.825828645490229e-11,9.825828645490229e-11,0.03530760742340786,-0.03495221736600467,5.0,0.001,5000.0,-inf,1.4999999999999987,0.0,5.0,1.4440053701400757,0.0
11.454653024673462,8.032596936906091e-11,-5.932747208280117e-10,-6.283185307179586,0.0,-0.03495221736600467,0.03530760742340786,0.0,0,8.032596936906091e-11,0.0,8.032596936906091e-11,8.032596936906091e-11,0.03495221685305592,-0.03459861223444394,5.0,0.001,5000.0,-inf,1.4999999999999987,0.0,5.0,0.850516140460968,-58.663640327103906
11.46498417854309,7.512795448879002e-11,-5.179865669845509e-10,-6.283185307179586,0.0,-0.03459861223444394,0.03495221685305592,0.0,0,7.512795448879002e-11,0.0,7.512795448879002e-11,7.512795448879002e-11,0.03459861179158532,-0.03424116865234951,5.0,0.001,5000.0,-inf,1.4999999999999987,0.0,5.0,0.850516140460968,0.0
11.47504734992981,7.512795448879002e-11,-5.179865669845509e-10,-6.283185307179586,0.0,-0.03424116865234951,0.03459861179158532,0.0,0,7.512795448879002e-11,0.0,7.512795448879002e-11,7.512795448879002e-11,0.03424116820949089,-0.03389659390817594,5.0,0.001,5000.0,-inf,1.4999999999999987,0.0,5.0,0.850516140460968,0.0
11.485113620758057,7.512795448879002e-11,-5.179865669845509e-10,-6.283185307179586,0.0,-0.03389659390817594,0.03424116820949089,0.0,0,7.512795448879002e-11,0.0,7.512795448879002e-11,7.512795448879002e-11,0.03389659346531732,-0.033555381618199064,5.0,0.001,5000.0,-inf,1.4999999999999987,0.0,5.0,0.850516140460968,0.0
11.495258569717407,6.142213937284285e-11,-4.53634316815107e-10,-6.283185307179586,0.0,-0.033555381618199064,0.03389659346531732,0.0,0,6.142213937284285e-11,0.0,6.142213937284285e-11,6.142213937284285e-11,0.033555381225986884,-0.03321496398834987,5.0,0.001,5000.0,-inf,1.4999999999999987,0.0,5.0,0.339516282081604,-50.369879673803204
11.505338907241821,5.745618635177614e-11,-3.9611403105377413e-10,-6.283185307179586,0.0,-0.03321496398834987,0.033555381225986884,0.0,0,5.745618635177614e-11,0.0,5.745618635177614e-11,5.745618635177614e-11,0.03321496364969202,-0.03288014594389982,5.0,0.001,5000.0,-inf,1.4999999999999987,0.0,5.0,0.339516282081604,0.0
11.515456438064575,5.745618635177614e-11,-3.9611403105377413e-10,-6.283185307179586,0.0,-0.03288014594389982,0.03321496364969202,0.0,0,5.745618635177614e-11,0.0,5.745618635177614e-11,5.745618635177614e-11,0.032880145605241974,-0.03254748005728215,5.0,0.001,5000.0,-inf,1.4999999999999987,0.0,5.0,0.339516282081604,0.0
11.525521993637085,5.0233880334346146e-11,-3.5842805440609005e-10,-6.283185307179586,0.0,-0.03254748005728215,0.032880145605241974,0.0,0,5.0233880334346146e-11,0.0,5.0233880334346146e-11,5.0233880334346146e-11,0.032547479749087976,-0.032219871591122565,5.0,0.001,5000.0,-inf,1.4999999999999987,0.0,5.0,0.339516282081604,0.0
11.535592555999756,5.0233880334346146e-11,-3.5842805440609005e-10,-6.283185307179586,0.0,-0.032219871591122565,0.032547479749087976,0.0,0,5.0233880334346146e-11,0.0,5.0233880334346146e-11,5.0233880334346146e-11,0.03221987128292839,-0.0318953993680506,5.0,0.001,5000.0,-inf,1.4999999999999987,0.0,5.0,-0.10045944154262543,-43.68929040696986
11.545656681060791,5.0233880334346146e-11,-3.5842805440609005e-10,-6.283185307179586,0.0,-0.0318953993680506,0.03221987128292839,0.0,0,5.0233880334346146e-11,0.0,5.0233880334346146e-11,5.0233880334346146e-11,0.03189539905985643,-0.031574400083040584,5.0,0.001,5000.0,-inf,1.4999999999999987,0.0,5.0,-0.10045944154262543,0.0
11.555723905563354,5.0233880334346146e-11,-3.5842805440609005e-10,-6.283185307179586,0.0,-0.031574400083040584,0.03189539905985643,0.0,0,5.0233880334346146e-11,0.0,5.0233880334346146e-11,5.0233880334346146e-11,0.03157439977484641,-0.031256533511973515,5.0,0.001,5000.0,-inf,1.4999999999999987,0.0,5.0,-0.10045944154262543,0.0
11.565787553787231,3.8411524917193684e-11,-2.937243964908439e-10,-6.283185307179586,0.0,-0.031256533511973515,0.03157439977484641,0.0,0,3.8411524917193684e-11,0.0,3.8411524917193684e-11,3.8411524917193684e-11,0.03125653325666064,-0.03094197875658057,5.0,0.001,5000.0,-inf,1.4999999999999987,0.0,5.0,-0.10045944154262543,0.0
11.575852632522583,3.8411524917193684e-11,-2.937243964908439e-10,-6.283185307179586,0.0,-0.03094197875658057,0.03125653325666064,0.0,0,3.8411524917193684e-11,0.0,3.8411524917193684e-11,3.8411524917193684e-11,0.0309419785012677,-0.030630545306737755,5.0,0.001,5000.0,-inf,1.4999999999999987,0.0,5.0,-0.4792829155921936,-37.63740791406102
11.58600378036499,3.357936416046681e-11,-2.396088145861317e-10,-6.283185307179586,0.0,-0.030630545306737755,0.0309419785012677,0.0,0,3.357936416046681e-11,0.0,3.357936416046681e-11,3.357936416046681e-11,0.030630545100708305,-0.03031961011492694,5.0,0.001,5000.0,-inf,1.4999999999999987,0.0,5.0,-0.4792829155921936,0.0
11.596061944961548,3.357936416046681e-11,-2.396088145861317e-10,-6.283185307179586,0.0,-0.03031961011492694,0.030630545100708305,0.0,0,3.357936416046681e-11,0.0,3.357936416046681e-11,3.357936416046681e-11,0.03031960990889749,-0.03001465048795983,5.0,0.001,5000.0,-inf,1.4999999999999987,0.0,5.0,-0.4792829155921936,0.0
11.606130599975586,2.937118973561153e-11,-2.0952223766180602e-10,-6.283185307179586,0.0,-0.03001465048795983,0.03031960990889749,0.0,0,2.937118973561153e-11,0.0,2.937118973561153e-11,2.937118973561153e-11,0.030014650307808782,-0.029712443328643506,5.0,0.001,5000.0,-inf,1.4999999999999987,0.0,5.0,-0.4792829155921936,0.0
11.61619782447815,2.7466518932596322e-11,-1.8938808894243752e-10,-6.283185307179586,0.0,-0.029712443328643506,0.030014650307808782,0.0,0,2.7466518932596322e-11,0.0,2.7466518932596322e-11,2.7466518932596322e-11,0.029712443166721936,-0.029413321492764457,5.0,0.001,5000.0,-inf,1.4999999999999987,0.0,5.0,-0.8054535388946533,-32.39925991711072
11.626262426376343,2.7466518932596322e-11,-1.8938808894243752e-10,-6.283185307179586,0.0,-0.029413321492764457,0.029712443166721936,0.0,0,2.7466518932596322e-11,0.0,2.7466518932596322e-11,2.7466518932596322e-11,0.029413321330842887,-0.029117288123065885,5.0,0.001,5000.0,-inf,1.4999999999999987,0.0,5.0,-0.8054535388946533,0.0
11.636331558227539,2.40210858884431e-11,-1.7136886442016946e-10,-6.283185307179586,0.0,-0.029117288123065885,0.029413321330842887,0.0,0,2.40210858884431e-11,0.0,2.40210858884431e-11,2.40210858884431e-11,0.02911728797571811,-0.028824102311289127,5.0,0.001,5000.0,-inf,1.4999999999999987,0.0,5.0,-0.8054535388946533,0.0
11.646394968032837,2.246360999033522e-11,-1.548909872990507e-10,-6.283185307179586,0.0,-0.028824102311289127,0.02911728797571811,0.0,0,2.246360999033522e-11,0.0,2.246360999033522e-11,2.246360999033522e-11,0.02882410217886175,-0.028534033558793463,5.0,0.001,5000.0,-inf,1.4999999999999987,0.0,5.0,-0.8054535388946533,0.0
11.656460046768188,2.246360999033522e-11,-1.548909872990507e-10,-6.283185307179586,0.0,-0.028534033558793463,0.02882410217886175,0.0,0,2.246360999033522e-11,0.0,2.246360999033522e-11,2.246360999033522e-11,0.028534033426366085,-0.028246836265719936,5.0,0.001,5000.0,-inf,1.4999999999999987,0.0,5.0,-0.8054535388946533,0.0
11.666528940200806,1.964062742923982e-11,-1.4013690110226626e-10,-6.283185307179586,0.0,-0.028246836265719936,0.028534033426366085,0.0,0,1.964062742923982e-11,0.0,1.964062742923982e-11,1.964062742923982e-11,0.02824683614522366,-0.027962421882765078,5.0,0.001,5000.0,-inf,1.4999999999999987,0.0,5.0,-1.086289882659912,-27.891480394014017
11.676618576049805,1.964062742923982e-11,-1.4013690110226626e-10,-6.283185307179586,0.0,-0.027962421882765078,0.02824683614522366,0.0,0,1.964062742923982e-11,0.0,1.964062742923982e-11,1.964062742923982e-11,0.0279624217622688,-0.02768029122972766,5.0,0.001,5000.0,-inf,1.4999999999999987,0.0,5.0,-1.086289882659912,0.0
11.686683654785156,1.964062742923982e-11,-1.4013690110226626e-10,-6.283185307179586,0.0,-0.02768029122972766,0.0279624217622688,0.0,0,1.964062742923982e-11,0.0,1.964062742923982e-11,1.964062742923982e-11,0.027680291109231384,-0.027401686920295792,5.0,0.001,5000.0,-inf,1.4999999999999987,0.0,5.0,-1.086289882659912,0.0
11.696754932403564,1.606197120482271e-11,-1.1860902502329187e-10,-6.283185307179586,0.0,-0.027401686920295792,0.027680291109231384,0.0,0,1.606197120482271e-11,0.0,1.606197120482271e-11,1.606197120482271e-11,0.02740168681774874,-0.02712571692514157,5.0,0.001,5000.0,-inf,1.4999999999999987,0.0,5.0,-1.086289882659912,0.0
11.70682406425476,1.501746780454787e-11,-1.0355911473587252e-10,-6.283185307179586,0.0,-0.02712571692514157,0.02740168681774874,0.0,0,1.501746780454787e-11,0.0,1.501746780454787e-11,1.501746780454787e-11,0.02712571683659992,-0.02685258450575563,5.0,0.001,5000.0,-inf,1.4999999999999987,0.0,5.0,-1.328092336654663,-24.01423057798404
11.716865301132202,1.501746780454787e-11,-1.0355911473587252e-10,-6.283185307179586,0.0,-0.02685258450575563,0.02712571683659992,0.0,0,1.501746780454787e-11,0.0,1.501746780454787e-11,1.501746780454787e-11,0.02685258441721398,-0.02658295134485089,5.0,0.001,5000.0,-inf,1.4999999999999987,0.0,5.0,-1.328092336654663,0.0
11.726897954940796,1.501746780454787e-11,-1.0355911473587252e-10,-6.283185307179586,0.0,-0.02658295134485089,0.02685258441721398,0.0,0,1.501746780454787e-11,0.0,1.501746780454787e-11,1.501746780454787e-11,0.02658295125630924,-0.026316253797685617,5.0,0.001,5000.0,-inf,1.4999999999999987,0.0,5.0,-1.328092336654663,0.0
11.736971139907837,1.2285517080382967e-11,-9.070540062510099e-11,-6.283185307179586,0.0,-0.026316253797685617,0.02658295125630924,0.0,0,1.2285517080382967e-11,0.0,1.2285517080382967e-11,1.2285517080382967e-11,0.02631625371926573,-0.02605116530633187,5.0,0.001,5000.0,-inf,1.4999999999999987,0.0,5.0,-1.328092336654663,0.0
11.747040748596191,1.2285517080382967e-11,-9.070540062510099e-11,-6.283185307179586,0.0,-0.02605116530633187,0.02631625371926573,0.0,0,1.2285517080382967e-11,0.0,1.2285517080382967e-11,1.2285517080382967e-11,0.026051165227911986,-0.02578884026661113,5.0,0.001,5000.0,-inf,1.4999999999999987,0.0,5.0,-1.5362870693206787,-20.675553450929325
11.757105350494385,1.074312634102447e-11,-7.664722400452942e-11,-6.283185307179586,0.0,-0.02578884026661113,0.026051165227911986,0.0,0,1.074312634102447e-11,0.0,1.074312634102447e-11,1.074312634102447e-11,0.02578884020070703,-0.02552928585657489,5.0,0.001,5000.0,-inf,1.4999999999999987,0.0,5.0,-1.5362870693206787,0.0
11.76717209815979,1.074312634102447e-11,-7.664722400452942e-11,-6.283185307179586,0.0,-0.02552928585657489,0.02578884020070703,0.0,0,1.074312634102447e-11,0.0,1.074312634102447e-11,1.074312634102447e-11,0.02552928579067079,-0.02527228897844219,5.0,0.001,5000.0,-inf,1.4999999999999987,0.0,5.0,-1.5362870693206787,0.0
11.777235507965088,9.394943168768899e-12,-6.702649288359193e-11,-6.283185307179586,0.0,-0.02527228897844219,0.02552928579067079,0.0,0,9.394943168768899e-12,0.0,9.394943168768899e-12,9.394943168768899e-12,0.02527228892081064,-0.025017963578314182,5.0,0.001,5000.0,-inf,1.4999999999999987,0.0,5.0,-1.5362870693206787,0.0
11.787299633026123,9.394943168768899e-12,-6.702649288359193e-11,-6.283185307179586,0.0,-0.025017963578314182,0.02527228892081064,0.0,0,9.394943168768899e-12,0.0,9.394943168768899e-12,9.394943168768899e-12,0.025017963520682633,-0.024766179664669614,5.0,0.001,5000.0,-inf,1.4999999999999987,0.0,5.0,-1.5362870693206787,0.0
11.797367572784424,8.215137436012464e-12,-5.861233851875873e-11,-6.283185307179586,0.0,-0.024766179664669614,0.025017963520682633,0.0,0,8.215137436012464e-12,0.0,8.215137436012464e-12,8.215137436012464e-12,0.024766179614272413,-0.024516835260269862,5.0,0.001,5000.0,-inf,1.4999999999999987,0.0,5.0,-1.7155442237854004,-17.804750402576488
11.807403326034546,8.215137436012464e-12,-5.861233851875873e-11,-6.283185307179586,0.0,-0.024516835260269862,0.024766179614272413,0.0,0,8.215137436012464e-12,0.0,8.215137436012464e-12,8.215137436012464e-12,0.02451683520987266,-0.024270790351629674,5.0,0.001,5000.0,-inf,1.4999999999999987,0.0,5.0,-1.7155442237854004,0.0
11.817468404769897,8.215137436012464e-12,-5.861233851875873e-11,-6.283185307179586,0.0,-0.024270790351629674,0.02451683520987266,0.0,0,8.215137436012464e-12,0.0,8.215137436012464e-12,8.215137436012464e-12,0.024270790301232473,-0.024026502936278563,5.0,0.001,5000.0,-inf,1.4999999999999987,0.0,5.0,-1.7155442237854004,0.0
11.827533483505249,6.716660461242443e-12,-4.960512043366167e-11,-6.283185307179586,0.0,-0.024026502936278563,0.024270790301232473,0.0,0,6.716660461242443e-12,0.0,6.716660461242443e-12,6.716660461242443e-12,0.024026502893390103,-0.02378467429292144,5.0,0.001,5000.0,-inf,1.4999999999999987,0.0,5.0,-1.7155442237854004,0.0
11.837605476379395,6.716660461242443e-12,-4.960512043366167e-11,-6.283185307179586,0.0,-0.02378467429292144,0.024026502893390103,0.0,0,6.716660461242443e-12,0.0,6.716660461242443e-12,6.716660461242443e-12,0.02378467425003298,-0.023545115223361234,5.0,0.001,5000.0,-inf,1.4999999999999987,0.0,5.0,-1.8698867559432983,-15.323931826251627
11.847750902175903,5.874273250614564e-12,-4.190708267112662e-11,-6.283185307179586,0.0,-0.023545115223361234,0.02378467425003298,0.0,0,5.874273250614564e-12,0.0,5.874273250614564e-12,5.874273250614564e-12,0.023545115187328425,-0.02330624000435794,5.0,0.001,5000.0,-inf,1.4999999999999987,0.0,5.0,-1.8698867559432983,0.0
11.857816934585571,5.492891516080772e-12,-3.787632739047711e-11,-6.283185307179586,0.0,-0.02330624000435794,0.023545115187328425,0.0,0,5.492891516080772e-12,0.0,5.492891516080772e-12,5.492891516080772e-12,0.023306239971974504,-0.023071638637452544,5.0,0.001,5000.0,-inf,1.4999999999999987,0.0,5.0,-1.8698867559432983,0.0
11.867881298065186,5.492891516080772e-12,-3.787632739047711e-11,-6.283185307179586,0.0,-0.023071638637452544,0.023306239971974504,0.0,0,5.492891516080772e-12,0.0,5.492891516080772e-12,5.492891516080772e-12,0.023071638605069108,-0.02283943728046083,5.0,0.001,5000.0,-inf,1.4999999999999987,0.0,5.0,-1.8698867559432983,0.0
11.877948522567749,5.492891516080772e-12,-3.787632739047711e-11,-6.283185307179586,0.0,-0.02283943728046083,0.023071638605069108,0.0,0,5.492891516080772e-12,0.0,5.492891516080772e-12,5.492891516080772e-12,0.022839437248077393,-0.022609507538172223,5.0,0.001,5000.0,-inf,1.4999999999999987,0.0,5.0,-2.002777099609375,-13.200296033155713
11.888015270233154,4.4927204347697895e-12,-3.3173764527005294e-11,-6.283185307179586,0.0,-0.022609507538172223,0.022839437248077393,0.0,0,4.4927204347697895e-12,0.0,4.4927204347697895e-12,4.4927204347697895e-12,0.02260950750949118,-0.02238190333123509,5.0,0.001,5000.0,-inf,1.4999999999999987,0.0,5.0,-2.002777099609375,0.0
11.898083925247192,4.200507254854839e-12,-2.896650854060301e-11,-6.283185307179586,0.0,-0.02238190333123509,0.02260950750949118,0.0,0,4.200507254854839e-12,0.0,4.200507254854839e-12,4.200507254854839e-12,0.022381903306469088,-0.022156547668284694,5.0,0.001,5000.0,-inf,1.4999999999999987,0.0,5.0,-2.002777099609375,0.0
11.908151865005493,3.92836762637668e-12,-2.7086123544397558e-11,-6.283185307179586,0.0,-0.022156547668284694,0.022381903306469088,0.0,0,3.92836762637668e-12,0.0,3.92836762637668e-12,3.92836762637668e-12,0.022156547645126937,-0.021933476881341635,5.0,0.001,5000.0,-inf,1.4999999999999987,0.0,5.0,-2.002777099609375,0.0
11.918216705322266,3.92836762637668e-12,-2.7086123544397558e-11,-6.283185307179586,0.0,-0.021933476881341635,0.022156547645126937,0.0,0,3.92836762637668e-12,0.0,3.92836762637668e-12,3.92836762637668e-12,0.02193347685818388,-0.021712719939172388,5.0,0.001,5000.0,-inf,1.4999999999999987,0.0,5.0,-2.1171975135803223,-11.368328793083027
11.928281545639038,3.435364602257083e-12,-2.4509056123421192e-11,-6.283185307179586,0.0,-0.021712719939172388,0.02193347685818388,0.0,0,3.435364602257083e-12,0.0,3.435364602257083e-12,3.435364602257083e-12,0.021712719918098696,-0.021494184880353918,5.0,0.001,5000.0,-inf,1.4999999999999987,0.0,5.0,-2.1171975135803223,0.0
11.938347101211548,3.435364602257083e-12,-2.4509056123421192e-11,-6.283185307179586,0.0,-0.021494184880353918,0.021712719918098696,0.0,0,3.435364602257083e-12,0.0,3.435364602257083e-12,3.435364602257083e-12,0.021494184859280226,-0.021277833968167036,5.0,0.001,5000.0,-inf,1.4999999999999987,0.0,5.0,-2.1171975135803223,0.0
11.948421716690063,3.435364602257083e-12,-2.4509056123421192e-11,-6.283185307179586,0.0,-0.021277833968167036,0.021494184859280226,0.0,0,3.435364602257083e-12,0.0,3.435364602257083e-12,3.435364602257083e-12,0.021277833947093344,-0.021063467972934364,5.0,0.001,5000.0,-inf,1.4999999999999987,0.0,5.0,-2.1171975135803223,0.0
11.958486080169678,2.808270363838589e-12,-2.0741945417647623e-11,-6.283185307179586,0.0,-0.021063467972934364,0.021277833947093344,0.0,0,2.808270363838589e-12,0.0,2.808270363838589e-12,2.808270363838589e-12,0.02106346795500069,-0.02085147757529403,5.0,0.001,5000.0,-inf,1.4999999999999987,0.0,5.0,-2.2157142162323,-9.788666998318053
11.96855115890503,2.626714115712239e-12,-1.8109874140677364e-11,-6.283185307179586,0.0,-0.02085147757529403,0.02106346795500069,0.0,0,2.626714115712239e-12,0.0,2.626714115712239e-12,2.626714115712239e-12,0.02085147755981087,-0.02064160581190612,5.0,0.001,5000.0,-inf,1.4999999999999987,0.0,5.0,-2.2157142162323,0.0
11.97862195968628,2.626714115712239e-12,-1.8109874140677364e-11,-6.283185307179586,0.0,-0.02064160581190612,0.02085147755981087,0.0,0,2.626714115712239e-12,0.0,2.626714115712239e-12,2.626714115712239e-12,0.02064160579642296,-0.020433728312125247,5.0,0.001,5000.0,-inf,1.4999999999999987,0.0,5.0,-2.2157142162323,0.0
11.988687753677368,2.296423748612114e-12,-1.6385808834224658e-11,-6.283185307179586,0.0,-0.020433728312125247,0.02064160579642296,0.0,0,2.296423748612114e-12,0.0,2.296423748612114e-12,2.296423748612114e-12,0.02043372829803586,-0.020228046612607336,5.0,0.001,5000.0,-inf,1.4999999999999987,0.0,5.0,-2.2157142162323,0.0
11.998756170272827,2.296423748612114e-12,-1.6385808834224658e-11,-6.283185307179586,0.0,-0.020228046612607336,0.02043372829803586,0.0,0,2.296423748612114e-12,0.0,2.296423748612114e-12,2.296423748612114e-12,0.02022804659851795,-0.020024382212541096,5.0,0.001,5000.0,-inf,1.4999999999999987,0.0,5.0,-2.2157142162323,0.0
