t,ins_ref,ins_vel_ref,tws_ref,tws_vel_ref,xm,xm_dot,pm,mode_impedance,xr,dx,xc,x_ref,v_cmd,x_cmd,dF,ke_hat,be_hat,xe_hat,hysteresis_current,dfdt_abs,f_safe,tws_meas,tws_meas_vel
0.0,0.0,0.0,0.0,0.0,0.0033669937402009964,-2.436180831864476,-0.023890429195016622,0,0.0,0.0,0.0,0.0,-0.0033669937402009964,0.003310877177864313,5.023890429195017,100.0,0.5,0.0,0.2,0.0,5.0,3.412363794308426e-11,0.0
0.016770601272583008,0.0,0.0,0.0,0.0,0.003310877177864313,-2.436180831864476,-0.023898285513743758,0,0.0,0.0,0.0,0.0,-0.003310877177864313,0.0032553517768518555,5.023898285513744,100.0,0.5,0.0,0.33000000000000007,0.00046845778511109173,5.0,3.412363794308426e-11,0.0
0.03362107276916504,0.0,0.0,0.0,0.0,0.0032553517768518555,-2.436180831864476,-0.0239060590698855,0,0.0,0.0,0.0,0.0,-0.0032553517768518555,0.003200497564524666,5.023906059069885,100.0,0.5,0.0,0.4470000000000001,0.00046132573461340115,5.0,3.412363794308426e-11,0.0
0.050353050231933594,-0.0030263481128556696,-0.09049343757453882,-0.1636278645070109,-4.8927774961909885,0.003200497564524666,-2.4363610427826643,-0.02391554076879319,0,-0.0030263481128556696,0.0,-0.0030263481128556696,-0.0030263481128556696,-0.09672028325191916,0.0015821759649609637,5.023915540768793,100.0,0.5,0.0,0.5523000000000001,0.0005666813100118731,5.0,4.0351250119030624e-11,3.7219821684578765e-10
0.06709551811218262,-0.0030263481128556696,-0.09049343757453882,-0.1636278645070109,-4.8927774961909885,0.0015821759649609637,-2.4363610427826643,-0.02414210579273211,0,-0.0030263481128556696,0.0,-0.0030263481128556696,-0.0030263481128556696,-0.09510196165235545,-1.0065573352271767e-05,5.024142105792732,100.0,0.5,0.0,0.6470700000000001,0.013532355299077236,5.0,4.0351250119030624e-11,0.0
0.08383417129516602,-0.0054475065834531326,-0.07234556531613692,-0.5000051744568899,-10.051141609842752,-1.0065573352271767e-05,-2.4363610427826643,0.0,0,-0.0054475065834531326,0.0,-0.0054475065834531326,-0.0054475065834531326,-0.07778300632623779,-0.0013120483397769697,5.0,100.0,0.5,0.0,0.7020001033601985,1.442296792269709,5.0,4.0351250119030624e-11,0.0
0.1010746955871582,-0.0054475065834531326,-0.07234556531613692,-0.5000051744568899,-10.051141609842752,-0.0013120483397769697,-20.970812067389488,0.0,0,-0.0054475065834531326,0.0,-0.0054475065834531326,-0.0054475065834531326,-0.07648102355981308,-0.0026306212843363536,5.0,100.0,0.5,0.0,0.7818000930241786,0.0,5.0,1.3275164821580088e-11,-1.570490829564083e-09
0.1178584098815918,-0.007383952481732417,-0.05778921333183724,-0.91576415658197,-12.407464899485948,-0.0026306212843363536,-20.970812067389488,0.0,0,-0.007383952481732417,0.0,-0.007383952481732417,-0.007383952481732417,-0.0625425445292333,-0.003680317482961896,5.0,100.0,0.5,0.0,0.8536200837217608,0.0,5.0,1.3275164821580088e-11,0.0
0.1346144676208496,-0.009116432868312778,-0.10377226972688729,-1.2877313169949542,-22.280123226162768,-0.003680317482961896,-20.970812067389488,0.0,0,-0.009116432868312778,0.0,-0.009116432868312778,-0.009116432868312778,-0.10920838511223817,-0.0055102194895136625,5.0,100.0,0.5,0.0,0.9182580753495847,0.0,5.0,1.3275164821580088e-11,0.0
0.15160751342773438,-0.01066550779944486,-0.09229237886826536,-1.5320074775630879,-14.553736237383559,-0.0055102194895136625,-3.6232280544936657,0.0,0,-0.01066550779944486,0.0,-0.01066550779944486,-0.01066550779944486,-0.09744766717819656,-0.007166152161646818,5.0,100.0,0.5,0.0,0.9764322678146262,0.0,5.0,-0.022742677479982376,-1.3383520383404899
0.16834688186645508,-0.012051542300770234,-0.08308726922374543,-1.7505735259796713,-13.102167435654437,-0.007166152161646818,-3.6232280544936657,0.0,0,-0.012051542300770234,0.0,-0.012051542300770234,-0.012051542300770234,-0.08797265936286884,-0.008638758919255952,5.0,100.0,0.5,0.0,1.0287890410331637,0.0,5.0,-0.022742677479982376,0.0
0.18508481979370117,-0.013291069734131206,-0.07396856944278608,-1.9606467586283247,-12.536081154016129,-0.008638758919255952,-3.6232280544936657,0.0,0,-0.013291069734131206,0.0,-0.013291069734131206,-0.013291069734131206,-0.07862088025766134,-0.009954710332794136,5.0,100.0,0.5,0.0,1.0759101369298474,0.0,5.0,-0.022742677479982376,0.0
0.2023172378540039,-0.013291069734131206,-0.07396856944278608,-1.9606467586283247,-12.536081154016129,-0.009954710332794136,3.811692353338003,0.0,0,-0.013291069734131206,0.0,-0.013291069734131206,-0.013291069734131206,-0.07730492884412316,-0.01128686118475802,5.0,100.0,0.5,0.0,1.1183191232368626,0.0,5.0,-0.19856379926204681,-10.202928060751542
0.2190568447113037,-0.014282557376692085,-0.029603848265838523,-2.176645921166183,-6.449305224624947,-0.01128686118475802,3.811692353338003,0.0,0,-0.014282557376692085,0.0,-0.014282557376692085,-0.014282557376692085,-0.03259954445777259,-0.0118325647427082,5.0,100.0,0.5,0.0,1.1564872109131765,0.0,5.0,-0.19856379926204681,0.0
0.23580265045166016,-0.015169673836578074,-0.05316999308610521,-2.408537789352434,-13.898613751086955,-0.0118325647427082,3.811692353338003,0.0,0,-0.015169673836578074,0.0,-0.015169673836578074,-0.015169673836578074,-0.05650710217997509,-0.012778821698764535,5.0,100.0,0.5,0.0,1.190838489821859,0.0,5.0,-0.19856379926204681,0.0
0.2525465488433838,-0.015963018763987372,-0.04734203767997677,-2.6159178185277145,-12.375188667747889,-0.012778821698764535,5.335083231329918,0.0,0,-0.015963018763987372,0.0,-0.015963018763987372,-0.015963018763987372,-0.050526234745199614,-0.013624827839454533,5.0,100.0,0.5,0.0,1.2217546408396731,0.0,5.0,-0.44347622990608215,-14.626965890159337
0.2692842483520508,-0.015963018763987372,-0.04734203767997677,-2.6159178185277145,-12.375188667747889,-0.013624827839454533,5.335083231329918,0.0,0,-0.015963018763987372,0.0,-0.015963018763987372,-0.015963018763987372,-0.049680228604509616,-0.014456360577358697,5.0,100.0,0.5,0.0,1.2495791767557058,0.0,5.0,-0.44347622990608215,0.0
0.2860226631164551,-0.039796854987272326,-0.7126912766220537,-2.824531426750513,-6.238068323209593,-0.014456360577358697,4.521243739873171,0.0,0,-0.039796854987272326,0.0,-0.039796854987272326,-0.039796854987272326,-0.7380317710319673,-0.02680984247019963,5.0,100.0,0.5,0.0,1.2746212590801353,0.0,5.0,-0.6843698620796204,-14.391663461812382
0.30275726318359375,-0.0837295426464903,-2.62589667792183,-2.9730047897829515,-8.874387876539531,-0.02680984247019963,4.521243739873171,0.0,0,-0.0837295426464903,0.0,-0.0837295426464903,-0.0837295426464903,-2.6828163780981207,-0.07170570161124117,5.0,100.0,0.5,0.0,1.297159133172122,0.0,5.0,-0.6843698620796204,0.0
0.31949472427368164,-0.12302206527204483,-2.3467104975003394,-3.10579641458627,-7.930860099661931,-0.07170570161124117,4.521243739873171,0.0,0,-0.12302206527204483,0.0,-0.12302206527204483,-0.12302206527204483,-2.398026861161143,-0.1118425828929114,5.0,100.0,0.5,0.0,1.3174432198549098,0.0,5.0,-0.6843698620796204,0.0
0.3362305164337158,-0.15817367833180382,-2.104312503753702,-3.1641646741323735,-3.494151411384734,-0.1118425828929114,2.9862546361982822,0.0,0,-0.15817367833180382,0.0,-0.15817367833180382,-0.15817367833180382,-2.1506435991925943,-0.1478353071793065,5.0,100.0,0.5,0.0,1.3356988978694186,0.0,5.0,-0.9528362154960632,-16.041448821141106
0.35297179222106934,-0.15817367833180382,-2.104312503753702,-3.1641646741323735,-3.494151411384734,-0.1478353071793065,2.9862546361982822,0.0,0,-0.15817367833180382,0.0,-0.15817367833180382,-0.15817367833180382,-2.114650874906199,-0.18323726067007956,5.0,100.0,0.5,0.0,1.352129008082477,0.0,5.0,-0.9528362154960632,0.0
0.36971259117126465,-0.18629120475617378,-0.8395393706439673,-2.5682030671883234,17.79435448447298,-0.18323726067007956,2.9862546361982822,0.0,0,-0.18629120475617378,0.0,-0.18629120475617378,-0.18629120475617378,-0.8425933147300615,-0.19734294594875415,5.0,100.0,0.5,0.0,1.3669161072742293,0.0,5.0,-0.9528362154960632,0.0
0.38645386695861816,-0.18629120475617378,-0.8395393706439673,-2.5682030671883234,17.79435448447298,-0.19734294594875415,0.05237315781414509,0.0,0,-0.18629120475617378,0.0,-0.18629120475617378,-0.18629120475617378,-0.828487629451387,-0.21121288583981057,5.0,100.0,0.5,0.0,1.3802244965468065,0.0,5.0,-1.2520768642425537,-17.87442322481415
0.40319156646728516,-0.20878217933150067,-0.6715357510246797,-1.8559916731212402,21.26521515558742,-0.21121288583981057,0.05237315781414509,0.0,0,-0.20878217933150067,0.0,-0.20878217933150067,-0.20878217933150067,-0.6691050445163698,-0.22241216501465882,5.0,100.0,0.5,0.0,1.392202046892126,0.0,5.0,-1.2520768642425537,0.0
0.4200732707977295,-0.2289043113756426,-1.2053461713977809,-1.2187933308812418,38.16914532491566,-0.22241216501465882,0.05237315781414509,0.0,0,-0.2289043113756426,0.0,-0.2289043113756426,-0.2289043113756426,-1.2118383177587646,-0.24287006119136534,5.0,100.0,0.5,0.0,1.4029818422029132,0.0,5.0,-1.2520768642425537,0.0
0.43683457374572754,-0.25930474131544856,-1.8122062633880685,-0.5551076961710604,39.563100473379464,-0.24287006119136534,-2.5388109497725964,0.0,0,-0.25930474131544856,0.0,-0.25930474131544856,-0.25930474131544856,-1.8286409435121516,-0.2735204660286855,5.0,100.0,0.5,0.0,1.412683657982622,0.0,5.0,-1.4350054264068604,-10.913743563483258
0.4535973072052002,-0.25930474131544856,-1.8122062633880685,-0.5551076961710604,39.563100473379464,-0.2735204660286855,-2.5388109497725964,0.0,0,-0.25930474131544856,0.0,-0.25930474131544856,-0.25930474131544856,-1.7979905386748314,-0.30365970219114535,5.0,100.0,0.5,0.0,1.42141529218436,0.0,5.0,-1.4350054264068604,0.0
0.4703388214111328,-0.28363528425775797,-0.7282709389057003,-0.12913758012493243,12.750297315364305,-0.30365970219114535,-3.798600286245346,0.0,0,-0.28363528425775797,0.0,-0.28363528425775797,-0.28363528425775797,-0.7082465209723129,-0.31551682138330567,5.0,100.0,0.5,0.0,1.429273762965924,0.0,5.0,-1.4935182332992554,-3.495072558709181
0.4870884418487549,-0.28363528425775797,-0.7282709389057003,-0.12913758012493243,12.750297315364305,-0.31551682138330567,-3.798600286245346,0.0,0,-0.28363528425775797,0.0,-0.28363528425775797,-0.28363528425775797,-0.6963894017801526,-0.32718107953990594,5.0,100.0,0.5,0.0,1.4363463866693316,0.0,5.0,-1.4935182332992554,0.0
0.50382399559021,-0.30310054725340246,-0.5816577762208254,0.07881395619609685,6.213973487296784,-0.32718107953990594,-5.389554426074028,0.0,0,-0.30310054725340246,0.0,-0.30310054725340246,-0.30310054725340246,-0.5575772439343218,-0.3365124434707812,5.0,100.0,0.5,0.0,1.4427117480023983,0.0,5.0,-1.3630882501602173,7.793586346411375
0.5205607414245605,-0.30310054725340246,-0.5816577762208254,0.07881395619609685,6.213973487296784,-0.3365124434707812,-5.389554426074028,0.0,0,-0.30310054725340246,0.0,-0.30310054725340246,-0.30310054725340246,-0.5482458800034467,-0.34568829541912877,5.0,100.0,0.5,0.0,1.4484405732021584,0.0,5.0,-1.3630882501602173,0.0
0.5373275279998779,-0.31866916375800836,-0.46464945017066506,-0.24138100479418603,-9.556302740679456,-0.34568829541912877,-5.389554426074028,0.0,0,-0.31866916375800836,0.0,-0.31866916375800836,-0.31866916375800836,-0.43763031850954465,-0.3530259495684664,5.0,100.0,0.5,0.0,1.4535965158819426,0.0,5.0,-1.3630882501602173,0.0
0.5540611743927002,-0.31866916375800836,-0.46464945017066506,-0.24138100479418603,-9.556302740679456,-0.3530259495684664,-5.88867487385869,0.0,0,-0.31866916375800836,0.0,-0.31866916375800836,-0.31866916375800836,-0.430292664360207,-0.36022631485929546,5.0,100.0,0.5,0.0,1.4582368642937484,0.0,5.0,-1.1915810108184814,10.249244863648022
0.5708065032958984,-0.3311291810276391,-0.3729446037927468,-0.3742602546359386,-3.977249638754181,-0.36022631485929546,-5.88867487385869,0.0,0,-0.3311291810276391,0.0,-0.3311291810276391,-0.3311291810276391,-0.34384746996109045,-0.3659841538363265,5.0,100.0,0.5,0.0,1.4624131778643736,0.0,5.0,-1.1915810108184814,0.0
0.5875499248504639,-0.3311291810276391,-0.3729446037927468,-0.3742602546359386,-3.977249638754181,-0.3659841538363265,-5.88867487385869,0.0,0,-0.3311291810276391,0.0,-0.3311291810276391,-0.3311291810276391,-0.3380896309840594,-0.37164493105112006,5.0,100.0,0.5,0.0,1.4661718600779365,0.0,5.0,-1.1915810108184814,0.0
0.6042957305908203,-0.3410979044059834,-0.2979219519091033,-0.39441140997735846,-0.6022307275153281,-0.37164493105112006,-6.1013102531433105,0.0,0,-0.3410979044059834,0.0,-0.3410979044059834,-0.3410979044059834,-0.26737492526396667,-0.37612233960943275,5.0,100.0,0.5,0.0,1.4695546740701428,0.0,5.0,-1.0595122575759888,7.886676538007033
0.6210322380065918,-0.3410979044059834,-0.2979219519091033,-0.39441140997735846,-0.6022307275153281,-0.37612233960943275,-6.1013102531433105,0.0,0,-0.3410979044059834,0.0,-0.3410979044059834,-0.3410979044059834,-0.262897516705654,-0.38052232584736484,5.0,100.0,0.5,0.0,1.4725992066631286,0.0,5.0,-1.0595122575759888,0.0
0.6377689838409424,-0.3490751243109564,-0.23862898130920632,-0.1807477431970149,6.391492744834374,-0.38052232584736484,-6.1013102531433105,0.0,0,-0.3490751243109564,0.0,-0.3490751243109564,-0.3490751243109564,-0.20718177977279786,-0.3839898746369306,5.0,100.0,0.5,0.0,1.475339285996816,0.0,5.0,-1.0595122575759888,0.0
0.6545047760009766,-0.35620953041586045,-0.4259564712733409,0.01034180765309864,11.408914712798886,-0.3839898746369306,-6.060960236936808,0.0,0,-0.35620953041586045,0.0,-0.35620953041586045,-0.35620953041586045,-0.3981761270522708,-0.39065366754236475,5.0,100.0,0.5,0.0,1.4778053573971346,0.0,5.0,-0.9642685651779175,5.691017878766294
0.6713097095489502,-0.3625902898685257,-0.381025425979181,0.3252090020613819,18.802214339262235,-0.39065366754236475,-6.060960236936808,0.0,0,-0.3625902898685257,0.0,-0.3625902898685257,-0.3625902898685257,-0.35296204830534195,-0.39658517130909265,5.0,100.0,0.5,0.0,1.480024821657421,0.0,5.0,-0.9642685651779175,0.0
0.688042163848877,-0.3625902898685257,-0.381025425979181,0.3252090020613819,18.802214339262235,-0.39658517130909265,-6.060960236936808,0.0,0,-0.3625902898685257,0.0,-0.3625902898685257,-0.3625902898685257,-0.34703054453861404,-0.4023918440362637,5.0,100.0,0.5,0.0,1.482022339491679,0.0,5.0,-0.9642685651779175,0.0
0.7048077583312988,-0.3625902898685257,-0.381025425979181,0.3252090020613819,18.802214339262235,-0.4023918440362637,-5.847637541592121,0.0,0,-0.3625902898685257,0.0,-0.3625902898685257,-0.3625902898685257,-0.341223871811443,-0.40811266509877625,5.0,100.0,0.5,0.0,1.4838201055425113,0.0,5.0,-0.8553667068481445,6.495556029579067
0.7215461730957031,-0.05695815304296032,6.088754020727927,-0.1561895287258379,-9.590343706480347,-0.40811266509877625,-5.847637541592121,0.0,0,-0.05695815304296032,0.0,-0.05695815304296032,-0.05695815304296032,6.439908532783742,-0.30031880503221564,5.0,100.0,0.5,0.0,1.4854380949882602,0.0,5.0,-0.8553667068481445,0.0
0.7383365631103516,-0.05695815304296032,6.088754020727927,-0.1561895287258379,-9.590343706480347,-0.30031880503221564,-5.686680786311626,0.0,0,-0.05695815304296032,0.0,-0.05695815304296032,-0.05695815304296032,6.332114672717182,-0.1940001300598162,5.0,100.0,0.5,0.0,1.4868942854894343,0.0,5.0,-0.6912780404090881,9.772772776326253
0.755073070526123,0.5436675910838261,17.949845462275338,-0.961982466472119,-24.08131660784326,-0.1940001300598162,-5.686680786311626,0.0,0,0.5436675910838261,0.0,0.5436675910838261,0.5436675910838261,18.68751318341898,0.1187635729168029,5.0,100.0,0.5,0.0,1.488204856940491,0.0,5.0,-0.6912780404090881,0.0
0.7718112468719482,1.7250444598130394,70.68751927328046,-2.185682735853515,-73.21993401619827,0.1187635729168029,-5.686680786311626,-0.04023990765476386,0,1.7250444598130394,0.0,1.7250444598130394,1.7250444598130394,72.2938001601767,1.3288299487076862,5.0402399076547635,100.0,0.5,0.0,1.4280306964774054,2.404079561797688,5.0,-0.6912780404090881,0.0
0.7885756492614746,1.7250444598130394,70.68751927328046,-2.185682735853515,-73.21993401619827,1.3288299487076862,-3.782655345275998,0.14820963936631612,0,1.7250444598130394,0.0,1.7250444598130394,1.7250444598130394,71.08373378438581,2.5205062652191,4.851790360633684,100.0,0.5,0.0,1.2902276268296649,11.241053670891045,5.0,-0.616905927658081,4.436311597809856
0.8053429126739502,3.684225861161472,58.56938880701157,-3.735177601216988,-46.32188074135419,2.5205062652191,-3.782655345275998,0.3150443236779141,0,3.684225861161472,0.0,3.684225861161472,3.684225861161472,59.733108402953945,3.5220670282573874,4.684955676322086,100.0,0.5,0.0,1.1662048641466982,9.950024652649374,5.0,-0.616905927658081,0.0
0.8222191333770752,3.684225861161472,58.56938880701157,-3.735177601216988,-46.32188074135419,3.5220670282573874,-3.782655345275998,0.4552628305032743,0,3.684225861161472,0.0,3.684225861161472,3.684225861161472,58.731547639915654,4.513233588464704,4.544737169496726,100.0,0.5,0.0,1.0545843777320283,8.30864381854142,5.0,-0.616905927658081,0.0
0.8391265869140625,5.251557986747814,46.82408492948678,-4.974763215516796,-37.03265002599908,4.513233588464704,20.3778725117445,0.8356314275025036,0,5.251557986747814,0.0,5.251557986747814,5.251557986747814,47.56240932776989,5.3173928142811455,4.164368572497496,100.0,0.5,0.0,0.9541259399588254,22.497095506849828,5.0,-0.8349506855010986,-12.896368892335895
0.8558640480041504,7.217986036798509,117.5938440793839,-6.283185307179586,-78.244603677744,5.3173928142811455,20.3778725117445,0.9482137191168054,0,7.217986036798509,0.0,7.217986036798509,7.217986036798509,100.0,6.991138923289935,4.051786280883195,100.0,0.5,0.0,0.8637133459629429,6.726366144084675,5.0,-0.8349506855010986,0.0
0.8725926876068115,7.217986036798509,117.5938440793839,-6.283185307179586,-78.244603677744,6.991138923289935,67.81268864870071,1.656886335747598,0,7.217986036798509,0.0,7.217986036798509,7.217986036798509,100.0,8.664002883556048,3.343113664252402,100.0,0.5,0.0,0.7823420113666486,42.36283603826694,5.0,-1.2380541563034058,-24.09660799543932
0.889333963394165,9.50816586028222,68.46160157907624,-6.283185307179586,0.0,8.664002883556048,67.81268864870071,1.8910872901848539,0,9.50816586028222,0.0,9.50816586028222,9.50816586028222,69.30576455580241,9.824269801638126,3.1089127098151463,100.0,0.5,0.0,0.7091078102299838,13.989432908940728,5.0,-1.2380541563034058,0.0
0.9060678482055664,12.172076021921388,159.16082458374962,-6.283185307179586,0.0,9.824269801638126,67.81268864870071,2.053524658716345,0,12.172076021921388,0.0,12.172076021921388,12.172076021921388,100.0,11.497658282778263,2.946475341283655,100.0,0.5,0.0,0.6431970292069854,9.707092546783691,5.0,-1.2380541563034058,0.0
0.9228043556213379,12.172076021921388,159.16082458374962,-6.283185307179586,0.0,11.497658282778263,102.92503237724304,2.6389224833613873,0,12.172076021921388,0.0,12.172076021921388,12.172076021921388,100.0,13.171309024355411,2.3610775166386127,100.0,0.5,0.0,0.5838773262862869,34.97729903273598,5.0,-1.851948618888855,-36.67996239209094
0.9395394325256348,15.157222630764833,89.0988248500871,-6.283185307179586,0.0,13.171309024355411,102.92503237724304,2.873233587182188,0,15.157222630764833,0.0,15.157222630764833,15.157222630764833,91.08473845649652,14.695619127232646,2.126766412817812,100.0,0.5,0.0,0.5304895936576582,14.001196717574652,5.0,-1.851948618888855,0.0
0.956273078918457,17.82821171160801,160.1312186180423,-6.283185307179586,0.0,14.695619127232646,102.92503237724304,3.086637001585001,0,17.82821171160801,0.0,17.82821171160801,17.82821171160801,100.0,16.368983766514873,1.913362998414999,100.0,0.5,0.0,0.48244063429189243,12.752953504165731,5.0,-1.851948618888855,0.0
0.9730675220489502,20.50380158031019,159.94979103286758,-6.283185307179586,0.0,16.368983766514873,160.73743999004364,3.899032127212519,0,20.50380158031019,0.0,20.50380158031019,20.50380158031019,100.0,18.04842807956419,1.1009678727874812,100.0,0.5,0.0,0.4391965708627032,48.372852812992434,5.0,-2.380516767501831,-31.472799931857868
0.9898068904876709,20.50380158031019,159.94979103286758,-6.283185307179586,0.0,18.04842807956419,160.73743999004364,4.134154331039423,0,20.50380158031019,0.0,20.50380158031019,20.50380158031019,100.0,19.72236492343626,0.8658456689605769,100.0,0.5,0.0,0.4002769137764329,14.046061814556332,5.0,-2.380516767501831,0.0
1.0066602230072021,22.644211500127387,63.93887733127004,-6.283185307179586,0.0,19.72236492343626,160.73743999004364,4.368505489181513,0,22.644211500127387,0.0,22.644211500127387,22.644211500127387,66.86072390796117,20.8491909359537,0.6314945108184871,100.0,0.5,0.0,0.3652492223987896,13.905330466274332,5.0,-2.380516767501831,0.0
1.0234975814819336,22.644211500127387,63.93887733127004,-6.283185307179586,0.0,20.8491909359537,219.3973958492279,5.112860689525798,1,-63.888877331270045,-3.0833540378447947e-06,-63.88888041462408,-63.88888041462408,-20.79919401930774,20.498987450265126,-0.11286068952579775,0.001,0.0,364917.488471743,0.33372430015891064,44.208549782994226,5.0,-2.8356196880340576,-27.02935387490973
1.0402331352233887,24.356612333372972,51.16967907842723,-6.102319585249427,5.404599652006254,20.498987450265126,219.3973958492279,5.063832201529397,1,369866.31879266456,-1.0505246244319118e-05,369866.3187821593,369866.3187821593,100.0,22.172542824410634,-0.06383220152939728,634.5983233850498,679.1994019283597,0.4774713156512007,0.3720647402490372,2.929600582916695,5.0,-2.8356196880340576,0.0
1.0569734573364258,25.88868037470007,91.78630358535091,-5.940500817726663,9.69457368798455,22.172542824410634,247.9565292596817,5.583721288014306,1,-91.30095326999903,-3.187074080172382e-05,-91.30098514073983,-91.30098514073983,-21.687224379799545,21.80949170255508,-0.5837212880143063,0.001,0.0,191926049.1166702,0.33985826622413345,31.05609814282052,5.0,-3.2274680137634277,-23.40745435383257
1.0737080574035645,27.283889636821907,83.18192760521762,-5.62136802656849,19.02659439788903,21.80949170255508,247.9565292596817,5.532894130954528,1,191930965.9347426,-7.611992474436917e-05,191930965.93466648,191930965.93466648,100.0,23.482951709268946,-0.5328941309545279,50000.0,5000.0,-1152513250.2259762,0.3741166197354958,3.037249582055237,5.0,-3.2274680137634277,0.0
1.0904467105865479,27.283889636821907,83.18192760521762,-5.62136802656849,19.02659439788903,23.482951709268946,253.5703182220459,5.823316421518111,1,-1152513333.407804,-0.00013574075660867648,-1152513333.4079397,-1152513333.4079397,-100.0,21.809086390970606,-0.8233164215181112,0.001,0.0,-1.3052841887554084e+26,0.34170495776194626,17.350397752360877,5.0,-3.5648539066314697,-20.156095546028173
1.1071832180023193,28.427197550404834,34.12815334865262,-4.975819779883681,19.269847864317256,21.809086390970606,253.5703182220459,5.588975276956344,1,-1.3052841887554084e+26,-0.00019799865745273682,-1.3052841887554084e+26,-1.3052841887554084e+26,-100.0,20.135435649393457,-0.5889752769563437,0.001,0.0,-3.1094420409177097e+52,0.31253446198575163,14.001794922932277,5.0,-3.5648539066314697,0.0
1.1239275932312012,29.45015420404658,61.31255354029342,-4.398225707151771,34.619030418207466,20.135435649393457,253.5703182220459,5.354664173135543,1,-3.1094420409177097e+52,-0.00024523685835729276,-3.1094420409177097e+52,-3.1094420409177097e+52,-100.0,18.460998126505274,-0.3546641731355429,0.001,0.0,-1.6299148426101151e+105,0.28628101578717646,13.993421708362405,5.0,-3.5648539066314697,0.0
1.1406657695770264,30.364795858773103,54.48185234450646,-3.984928010603966,24.618629559764305,18.460998126505274,236.64800822734833,4.9510198199842215,0,30.364795858773103,0.0,30.364795858773103,30.364795858773103,66.38565007677428,19.572172844322566,0.04898018001577853,0.001,0.0,-1.6299148426101151e+105,0.2626529142084588,24.11519300619614,5.0,-3.850688934326172,-17.076832134463356
1.157414436340332,30.364795858773103,54.48185234450646,-3.984928010603966,24.618629559764305,19.572172844322566,236.64800822734833,5.106584280478643,0,30.364795858773103,0.0,30.364795858773103,30.364795858773103,65.27447535895699,20.665433280259343,-0.10658428047864277,0.001,0.0,-1.6299148426101151e+105,0.24138762278761294,9.288169780489305,5.0,-3.850688934326172,0.0
1.1741578578948975,31.096708998656062,21.893524442394302,-3.8885018138520153,2.8843713556140758,20.665433280259343,236.64800822734833,5.259640741509791,0,31.096708998656062,0.0,31.096708998656062,31.096708998656062,32.32480016079102,21.206661036018552,-0.25964074150979144,0.001,0.0,-1.6299148426101151e+105,0.22224886050885165,9.141289343540105,5.0,-3.850688934326172,0.0
1.1908979415893555,31.751467408440572,39.18520371543877,-3.8022403986559805,5.162470732298236,21.206661036018552,125.08121132850647,4.219744658327662,0,31.751467408440572,0.0,31.751467408440572,31.751467408440572,49.73001008786079,22.039145567015584,0.7802553416723379,0.001,0.0,-1.6299148426101151e+105,0.2050239744579665,62.12012449653395,5.0,-3.9267916679382324,-4.546138179539401
1.207641839981079,32.3277087423152,34.459164396922034,-3.702180506824378,5.983569833457256,22.039145567015584,125.08121132850647,4.336292492667247,0,32.3277087423152,0.0,32.3277087423152,32.3277087423152,44.74772757222165,22.788396970745392,0.6637075073327532,0.001,0.0,-1.6299148426101151e+105,0.18952157701216985,6.960615241023758,5.0,-3.9267916679382324,0.0
1.2243854999542236,32.3277087423152,34.459164396922034,-3.702180506824378,5.983569833457256,22.788396970745392,125.08121132850647,4.4411876891894195,0,32.3277087423152,0.0,32.3277087423152,32.3277087423152,43.99847616849185,23.525092495047122,0.5588123108105805,0.001,0.0,-1.6299148426101151e+105,0.17556941931095288,6.264771065013031,5.0,-3.9267916679382324,0.0
1.2411198616027832,32.76637786471823,13.093220053311038,-3.583992046942735,3.5276417553970463,23.525092495047122,124.33474510908127,4.53686040039741,0,32.76637786471823,0.0,32.76637786471823,32.76637786471823,22.334505422982147,23.89884618603702,0.46313959960258977,0.001,0.0,-1.6299148426101151e+105,0.1630124773798576,5.71714136560601,5.0,-3.9214699268341064,0.31801279402755417
1.2578585147857666,33.12506515848603,21.43356770810332,-3.4392693693527043,8.647987712193522,23.89884618603702,124.33474510908127,4.589185917135996,0,33.12506515848603,0.0,33.12506515848603,33.12506515848603,30.65978668055233,24.412049721947035,0.4108140828640039,0.001,0.0,-1.6299148426101151e+105,0.21209473681664215,3.126029087679543,5.0,-3.9214699268341064,0.0
1.274594783782959,33.12506515848603,21.43356770810332,-3.4392693693527043,8.647987712193522,24.412049721947035,125.04446506500244,4.668131611722609,0,33.12506515848603,0.0,33.12506515848603,33.12506515848603,30.146583144642314,24.916591046801994,0.33186838827739074,0.001,0.0,-1.6299148426101151e+105,0.20500277789051694,4.717042645517756,5.0,-3.890990734100342,1.8211462028291807
1.291339635848999,33.12506515848603,21.43356770810332,-3.4392693693527043,8.647987712193522,24.916591046801994,125.04446506500244,4.738767397202304,0,33.12506515848603,0.0,33.12506515848603,33.12506515848603,29.642041819787355,25.412942652009704,0.2612326027976959,0.001,0.0,-1.6299148426101151e+105,0.21468873307143418,4.218358287138895,5.0,-3.890990734100342,0.0
1.3080735206604004,33.38178236768242,5.1168063022194055,-2.7644411856587845,13.45046214100451,25.412942652009704,125.04446506500244,4.808256621931383,0,33.38178236768242,0.0,33.38178236768242,33.38178236768242,13.08564601789212,25.631916345155883,0.19174337806861708,0.001,0.0,-1.6299148426101151e+105,0.2255247885987829,4.152605656860589,5.0,-3.890990734100342,0.0
1.3248202800750732,33.61134864553642,13.691143747414003,-2.0376202289714658,43.34700326921635,25.631916345155883,128.75045835971832,4.875972871919007,0,33.61134864553642,0.0,33.61134864553642,33.61134864553642,21.670576047794537,25.99482826860567,0.12402712808099281,0.001,0.0,-1.6299148426101151e+105,0.23879146399267726,4.043543488676021,5.0,-3.8282060623168945,3.749063937016842
1.341559886932373,33.81676151787348,12.31826416309005,-1.3872704398666862,39.000382057152116,25.99482826860567,128.75045835971832,4.926780541201977,0,33.81676151787348,0.0,33.81676151787348,33.81676151787348,20.14019741235786,26.331967255316947,0.07321945879802261,0.001,0.0,-1.6299148426101151e+105,0.2832232817724487,3.035176973753957,5.0,-3.8282060623168945,0.0
1.3583464622497559,33.81676151787348,12.31826416309005,-1.3872704398666862,39.000382057152116,26.331967255316947,124.08752739429474,4.92735068968732,0,33.81676151787348,0.0,33.81676151787348,33.81676151787348,19.803058425646583,26.664392787093597,0.07264931031267974,0.001,0.0,-1.6299148426101151e+105,0.4049009535952039,0.03396455051510537,5.0,-3.7741475105285645,3.220344279059198
1.3750848770141602,33.98112911444496,4.9156678415234385,-0.6766139748536157,21.253283520005287,26.664392787093597,124.08752739429474,4.973890264136051,0,33.98112911444496,0.0,33.98112911444496,33.98112911444496,12.232404168874803,26.869143841638053,0.026109735863949268,0.001,0.0,-1.6299148426101151e+105,0.4409311370534226,2.7804051401391336,5.0,-3.7741475105285645,0.0
1.391836166381836,34.12811379601419,8.76654396570966,0.19481827897554682,51.97445805080302,26.869143841638053,124.08752739429474,5.002555411772275,1,-1.6299148426101151e+105,-0.00026147831097512574,-1.6299148426101151e+105,-1.6299148426101151e+105,-100.0,25.194014904870475,-0.002555411772275029,0.001,0.0,-9.561813600673495e+211,0.5078098113364256,1.7112203727754927,5.0,-3.7741475105285645,0.0
1.4086353778839111,34.259550155527116,7.837196105463301,0.9740687544851309,46.46460701190968,25.194014904870475,117.61587113142014,4.703320797996068,1,-9.561813600673495e+211,-0.0002452496082837846,-9.561813600673495e+211,-9.561813600673495e+211,-100.0,23.514093754662955,0.29667920200393194,0.001,0.0,-inf,0.462028830202783,17.812420168603907,5.0,-3.442394971847534,19.748101786804046
1.4253714084625244,34.37714159838623,7.0431007475544,1.89478815982587,55.14618559288118,23.514093754662955,117.61587113142014,4.468131836967015,1,-inf,-0.00020000261532200108,-inf,-inf,-100.0,21.840490696801627,0.5318681630329847,0.001,0.0,-inf,0.4208259471825047,14.052852014359793,5.0,-3.442394971847534,0.0
1.4421093463897705,34.37714159838623,7.0431007475544,1.89478815982587,55.14618559288118,21.840490696801627,117.61587113142014,4.233827408866429,0,34.37714159838623,0.0,34.37714159838623,34.37714159838623,19.579751649139006,22.16821536453581,0.7661725911335706,0.001,0.0,-inf,0.38374335246425423,13.998404649307732,5.0,-3.442394971847534,0.0
1.4588525295257568,34.41665365621843,1.177212222178462,2.7094017228838077,24.27038973410732,22.16821536453581,81.71028643846512,3.9206530154196653,0,34.41665365621843,0.0,34.41665365621843,34.41665365621843,13.425650513861079,22.393003489809132,1.0793469845803347,0.001,0.0,-inf,0.3503690172178288,18.704591050769466,5.0,-2.9368581771850586,30.193589268931735
1.4755890369415283,34.41665365621843,1.177212222178462,2.7094017228838077,24.27038973410732,22.393003489809132,81.71028643846512,3.95212335295793,0,34.41665365621843,0.0,34.41665365621843,34.41665365621843,13.200862388587758,22.61393982107031,1.0478766470420702,0.001,0.0,-inf,0.4208544678909432,1.8803407877445681,5.0,-2.9368581771850586,0.0
1.4924390316009521,34.448272336488685,0.9458551967209698,3.7784557425005714,31.980155129410672,22.61393982107031,13.286488130688667,3.2988164562567306,0,34.448272336488685,0.0,34.448272336488685,34.448272336488685,12.780187712139345,22.82928591576629,1.7011835437432694,0.001,0.0,-inf,0.3837690211018489,38.771934941582856,5.0,-2.265305280685425,39.85478393751592
1.5091779232025146,34.448272336488685,0.9458551967209698,3.7784557425005714,31.980155129410672,22.82928591576629,13.286488130688667,3.328964909514168,0,34.448272336488685,0.0,34.448272336488685,34.448272336488685,12.564841617443363,23.039607437591474,1.671035090485832,0.001,0.0,-inf,0.4534677171404504,1.8011021264169726,5.0,-2.265305280685425,0.0
1.5259242057800293,34.47356972463671,0.75611553063748,4.633781589572491,25.564898357981185,23.039607437591474,13.286488130688667,3.3584099225696935,0,34.47356972463671,0.0,34.47356972463671,34.47356972463671,12.190077817682717,23.243745925368284,1.6415900774303065,0.001,0.0,-inf,0.517575676256121,1.758301457008824,5.0,-2.265305280685425,0.0
1.5426700115203857,34.203834133781626,-16.079263621407538,5.975771284695286,79.99762291912165,23.243745925368284,8.132767863571644,3.3354521081872766,0,34.203834133781626,0.0,34.203834133781626,34.203834133781626,-5.1191754129941955,23.158021208351474,1.6645478918127234,0.001,0.0,-inf,0.5877538717030357,1.3709590770595121,5.0,-1.573869228363037,41.29010350669875
1.5594062805175781,33.79606327771549,-24.465574730450744,6.283185307179586,18.444331242393332,23.158021208351474,8.132767863571644,3.3234506478049233,0,33.79606327771549,0.0,33.79606327771549,33.79606327771549,-13.827532661086728,22.926599902168064,1.6765493521950767,0.001,0.0,-inf,0.6719832674953021,0.7170929425409333,5.0,-1.573869228363037,0.0
1.5761451721191406,33.43140692072608,-21.754300663463138,6.283185307179586,0.0,22.926599902168064,9.606743231415749,3.305791418617687,0,33.43140692072608,0.0,33.43140692072608,33.43140692072608,-11.249493644905119,22.73829584747353,1.6942085813823131,0.001,0.0,-inf,0.7369021877057365,1.0549819908976519,5.0,-0.8299481272697449,44.442673911804924
1.5929388999938965,32.63902344812166,-47.378359592270854,6.283185307179586,0.0,22.73829584747353,9.606743231415749,3.279428850960452,0,32.63902344812166,0.0,32.63902344812166,32.63902344812166,-37.47763199162272,22.108906694415975,1.7205711490395479,0.001,0.0,-inf,0.7787410699211316,1.569786521125109,5.0,-0.8299481272697449,0.0
1.609677791595459,31.930151167209896,-42.433433854503356,6.283185307179586,0.0,22.108906694415975,9.606743231415749,3.1913143695323942,0,31.930151167209896,0.0,31.930151167209896,31.930151167209896,-32.612189381709435,21.563014791465914,1.8086856304676058,0.001,0.0,-inf,0.7058669629290184,5.264057114739473,5.0,-0.8299481272697449,0.0
1.6264543533325195,31.04167749848822,-52.91184970131622,6.283185307179586,0.0,21.563014791465914,5.677796900272369,3.075600039807952,0,31.04167749848822,0.0,31.04167749848822,31.04167749848822,-43.43318699429392,20.83435524841885,1.9243999601920478,0.001,0.0,-inf,0.6402802666361166,6.897380496554391,5.0,0.071378193795681,53.725330326436065
1.643202781677246,31.04167749848822,-52.91184970131622,6.283185307179586,0.0,20.83435524841885,5.677796900272369,2.9735877037813627,0,31.04167749848822,0.0,31.04167749848822,31.04167749848822,-42.70452745124685,20.119121530406233,2.0264122962186373,0.001,0.0,-inf,0.581252239972505,6.090860224428712,5.0,0.071378193795681,0.0
1.659940481185913,31.04167749848822,-52.91184970131622,6.283185307179586,0.0,20.119121530406233,5.677796900272369,2.8734549832595966,0,31.04167749848822,0.0,31.04167749848822,31.04167749848822,-41.989293733234234,19.416317349318202,2.1265450167404034,0.001,0.0,-inf,0.5281270159752545,5.9824661369930885,5.0,0.071378193795681,0.0
1.6766769886016846,29.106915054715788,-38.583976117176135,6.283185307179586,0.0,19.416317349318202,-16.296997666358948,2.555314452240959,0,29.106915054715788,0.0,29.106915054715788,29.106915054715788,-28.89337841177855,18.93274310726278,2.444685547759041,0.001,0.0,-inf,0.48031431437772903,19.008776629157467,5.0,0.8474290370941162,46.36874492506909
1.693418025970459,27.176539341733726,-115.25548512382413,6.283185307179586,0.0,18.93274310726278,-16.296997666358948,2.4876140583532,0,27.176539341733726,0.0,27.176539341733726,27.176539341733726,-100.0,17.258639370385335,2.5123859416468,0.001,0.0,-inf,0.4680880226629243,4.043978422390643,5.0,0.8474290370941162,0.0
1.710313081741333,25.449506239232292,-103.43712480300098,6.283185307179586,0.0,17.258639370385335,-16.296997666358948,2.2532395351903576,0,25.449506239232292,0.0,25.449506239232292,25.449506239232292,-95.24625793415403,15.649448530620747,2.7467604648096424,0.001,0.0,-inf,0.4262792203966319,13.872373453000888,5.0,0.8474290370941162,0.0
1.7270574569702148,23.597381732087744,-110.7568289940605,6.283185307179586,0.0,15.649448530620747,-49.77714270353317,1.693151367251573,0,23.597381732087744,0.0,23.597381732087744,23.597381732087744,-100.0,13.975011007732562,3.306848632748427,0.001,0.0,-inf,0.3886512983569687,33.449332106026056,5.0,1.515616536140442,39.90519143967764
1.743795394897461,23.597381732087744,-110.7568289940605,6.283185307179586,0.0,13.975011007732562,-49.77714270353317,1.458730114047227,0,23.597381732087744,0.0,23.597381732087744,23.597381732087744,-100.0,12.301217215007952,3.541269885952773,0.001,0.0,-inf,0.35478616852127187,14.005384308586418,5.0,1.515616536140442,0.0
1.7606091499328613,21.816718173146352,-53.22124880940993,6.283185307179586,0.0,12.301217215007952,-81.06549084186554,0.9115155016824581,0,21.816718173146352,0.0,21.816718173146352,21.816718173146352,-43.705747851271525,11.566359476997695,4.088484498317542,0.001,0.0,-inf,0.3243075516691447,32.54565153427299,5.0,2.090932607650757,34.21698902470151
1.7773454189300537,21.816718173146352,-53.22124880940993,6.283185307179586,0.0,11.566359476997695,-81.06549084186554,0.808635418361022,0,21.816718173146352,0.0,21.816718173146352,21.816718173146352,-42.97089011326127,10.84718710101336,4.191364581638978,0.001,0.0,-inf,0.29687679650223026,6.147133709352715,5.0,2.090932607650757,0.0
1.7940878868103027,20.2547455554575,-46.71654412361094,6.283185307179586,0.0,10.84718710101336,-81.06549084186554,0.7079512857232151,0,20.2547455554575,0.0,20.2547455554575,20.2547455554575,-37.308985669166795,10.222542606802664,4.292048714276785,0.001,0.0,-inf,0.27218911685200725,6.013697225400286,5.0,2.090932607650757,0.0
1.8108255863189697,20.2547455554575,-46.71654412361094,6.283185307179586,0.0,10.222542606802664,-148.4042853116989,-0.052886888164616064,0,20.2547455554575,0.0,20.2547455554575,20.2547455554575,-36.6843411749561,9.608531127542829,5.0528868881646165,0.001,0.0,-inf,0.24997020516680654,45.4565559319463,5.0,2.586284637451172,29.594988818141676
1.8275606632232666,19.00492754406558,-37.3718831990901,6.283185307179586,0.0,9.608531127542829,-148.4042853116989,-0.13884849526099297,0,19.00492754406558,0.0,19.00492754406558,19.00492754406558,-27.975486782567348,9.140359204801424,5.1388484952609925,0.001,0.0,-inf,0.2299731846501259,5.136612612416829,5.0,2.586284637451172,0.0
1.8443007469177246,19.00492754406558,-37.3718831990901,6.283185307179586,0.0,9.140359204801424,-148.4042853116989,-0.2043925644447897,0,19.00492754406558,0.0,19.00492754406558,19.00492754406558,-27.507314859825943,8.679884451838127,5.20439256444479,0.001,0.0,-inf,0.24692419333785037,3.915396743535747,5.0,2.586284637451172,0.0
1.861037254333496,17.761319291814434,-37.16367945943825,6.283185307179586,0.0,8.679884451838127,-161.62490844726562,-0.40106526121531827,0,17.761319291814434,0.0,17.761319291814434,17.761319291814434,-28.082244619461942,8.209885756512994,5.401065261215319,0.001,0.0,-inf,0.22723177400406536,11.751119387381621,5.0,3.012787342071533,25.48337559474629
1.87782883644104,17.761319291814434,-37.16367945943825,6.283185307179586,0.0,8.209885756512994,-161.62490844726562,-0.46686507856083703,0,17.761319291814434,0.0,17.761319291814434,17.761319291814434,-27.612245924136808,7.746232461904156,5.466865078560837,0.001,0.0,-inf,0.24435308655246807,3.918619277450748,5.0,3.012787342071533,0.0
1.8945698738098145,16.708046058898343,-31.467235554111962,6.283185307179586,0.0,7.746232461904156,-167.24911332130432,-0.5880185885464613,0,16.708046058898343,0.0,16.708046058898343,16.708046058898343,-22.505421957117775,7.369468351920011,5.588018588546461,0.001,0.0,-inf,0.22491777789722128,7.236917720021415,5.0,3.380011558532715,21.935571157981684
1.911303997039795,16.708046058898343,-31.467235554111962,6.283185307179586,0.0,7.369468351920011,-167.24911332130432,-0.6407655639442416,0,16.708046058898343,0.0,16.708046058898343,16.708046058898343,-22.12865784713363,6.999164664592002,5.640765563944242,0.001,0.0,-inf,0.26697070469350737,3.1520608921583664,5.0,3.380011558532715,0.0
1.928039789199829,15.777896860664512,-27.802487851235806,6.283185307179586,0.0,6.999164664592002,-167.24911332130432,-0.6926080801701628,0,15.777896860664512,0.0,15.777896860664512,15.777896860664512,-19.023755655163296,6.680787043843914,5.692608080170163,0.001,0.0,-inf,0.30656986579941997,3.0977031580090686,5.0,3.380011558532715,0.0
1.9454655647277832,14.945999161549205,-49.67938843867202,6.283185307179586,0.0,6.680787043843914,-164.86085951328278,-0.7132984089946798,0,14.945999161549205,0.0,14.945999161549205,14.945999161549205,-41.41417632096673,5.959112903599634,5.71329840899468,0.001,0.0,-inf,0.40376524126286784,1.187340488308592,5.0,3.696194887161255,18.144577159353666
1.9622039794921875,14.18282292531276,-45.04317371915097,6.283185307179586,0.0,5.959112903599634,-164.86085951328278,-0.8143327886288788,0,14.18282292531276,0.0,14.18282292531276,14.18282292531276,-36.81946369743785,5.342813448828993,5.814332788628879,0.001,0.0,-inf,0.36838871713658106,6.036078150546101,5.0,3.696194887161255,0.0
1.978943109512329,13.500228315193608,-40.78070370488137,6.283185307179586,0.0,5.342813448828993,-155.9881716966629,-0.81188783413057,0,13.500228315193608,0.0,13.500228315193608,13.500228315193608,-32.62328883851676,4.7967279752764265,5.8118878341305695,0.001,0.0,-inf,0.481549845422923,0.14606222040015884,5.0,3.9684319496154785,16.26351322480024
1.9956839084625244,12.889685595463924,-36.487493716898584,6.283185307179586,0.0,4.7967279752764265,-155.9881716966629,-0.8883398004279293,0,12.889685595463924,0.0,12.889685595463924,12.889685595463924,-28.394536096711086,4.321380755197323,5.8883398004279295,0.001,0.0,-inf,0.45235336268747595,4.566805116339285,5.0,3.9684319496154785,0.0
2.0124223232269287,12.343637001511825,-32.60761698521694,6.283185307179586,0.0,4.321380755197323,-155.9881716966629,-0.9548884112390038,0,12.343637001511825,0.0,12.343637001511825,12.343637001511825,-24.58536073890244,3.9098607900170714,5.954888411239004,0.001,0.0,-inf,0.4451199852405343,3.9758012779439538,5.0,3.9684319496154785,0.0
2.0292367935180664,11.855362118612376,-29.108308973445254,6.283185307179586,0.0,3.9098607900170714,-150.80700814723969,-0.9606895708700068,0,11.855362118612376,0.0,11.855362118612376,11.855362118612376,-21.16280764484995,3.5540193895956804,5.960689570870007,0.001,0.0,-inf,0.5506079867164809,0.34500995455447747,5.0,4.202830791473389,13.940304856433889
2.045973062515259,11.855362118612376,-29.108308973445254,6.283185307179586,0.0,3.5540193895956804,-150.80700814723969,-1.0105073669290014,0,11.855362118612376,0.0,11.855362118612376,11.855362118612376,-20.80696624442856,3.2057884055134225,6.0105073669290014,0.001,0.0,-inf,0.565744443116491,2.9766369115692313,5.0,4.202830791473389,0.0
2.0627100467681885,11.464759109948048,-11.667445976290793,6.283185307179586,0.0,3.2057884055134225,-150.80700814723969,-1.0592597047005177,0,11.464759109948048,0.0,11.464759109948048,11.464759109948048,-3.408475271856167,3.1487408085618656,6.0592597047005174,0.001,0.0,-inf,0.5814225845217108,2.9128507880971735,5.0,4.202830791473389,0.0
2.0795767307281494,11.115183806590846,-21.000674513339423,6.283185307179586,0.0,3.1487408085618656,-148.20560812950134,-1.0412323680963522,0,11.115183806590846,0.0,11.115183806590846,11.115183806590846,-13.034231515310442,2.9288965449321616,6.0412323680963524,0.001,0.0,-inf,0.6549518966335495,1.0688133273238372,5.0,4.4046502113342285,11.965565984394436
2.0963222980499268,11.115183806590846,-21.000674513339423,6.283185307179586,0.0,2.9288965449321616,-148.20560812950134,-1.0720105650045109,0,11.115183806590846,0.0,11.115183806590846,11.115183806590846,-12.814387251680738,2.7143123605218165,6.072010565004511,0.001,0.0,-inf,0.696343673487276,1.8379906942974744,5.0,4.4046502113342285,0.0
2.113065004348755,10.917326444857457,-5.907627148943231,6.283185307179586,0.0,2.7143123605218165,-148.20560812950134,-1.102052350821959,0,10.917326444857457,0.0,10.917326444857457,10.917326444857457,2.2953869353924095,2.7527433498232585,6.102052350821959,0.001,0.0,-inf,0.7350034143538986,1.7943207795236142,5.0,4.4046502113342285,0.0
2.129817247390747,10.754897252881497,-9.720591981587425,6.283185307179586,0.0,2.7527433498232585,-136.73989474773407,-0.9820148785020845,0,10.754897252881497,0.0,10.754897252881497,10.754897252881497,-1.7184380785291875,2.7239556574791237,5.982014878502085,0.001,0.0,-inf,0.6665030729185087,7.165456710422682,5.0,4.578418731689453,10.372850962085847
2.1466150283813477,10.609603952794536,-8.688150747454257,6.283185307179586,0.0,2.7239556574791237,-136.73989474773407,-0.9860451554302634,0,10.609603952794536,0.0,10.609603952794536,10.609603952794536,-0.8025024521388442,2.7104753970436755,5.986045155430263,0.001,0.0,-inf,0.7498527656266579,0.2399291269742185,5.0,4.578418731689453,0.0
2.163856267929077,10.508483154548053,-6.04632227420163,6.283185307179586,0.0,2.7104753970436755,-120.0791597366333,-0.8213250417802185,0,10.508483154548053,0.0,10.508483154548053,10.508483154548053,1.7516854833027473,2.7406766260735784,5.821325041780218,0.001,0.0,-inf,0.6798674890639922,9.553844037375896,5.0,4.728033542633057,8.677729378413884
2.180593490600586,10.476034019489322,-0.9696604230077819,6.283185307179586,0.0,2.7406766260735784,-120.0791597366333,-0.817096869716032,0,10.476034019489322,0.0,10.476034019489322,10.476034019489322,6.765696970407962,2.853915602795249,5.817096869716032,0.001,0.0,-inf,0.761880740157593,0.25262088861277676,5.0,4.728033542633057,0.0
2.1973273754119873,10.447006391361088,-1.736740179004692,6.283185307179586,0.0,2.853915602795249,-120.0791597366333,-0.8012434129749981,0,10.447006391361088,0.0,10.447006391361088,10.447006391361088,5.856350609561146,2.9519150993108254,5.801243412974998,0.001,0.0,-inf,0.8212768785765578,0.947386510646493,5.0,4.728033542633057,0.0
2.2145588397979736,10.59240878865626,8.671555924081506,6.147569058796444,-8.087926361222355,2.9519150993108254,-99.57226365804672,-0.5824545226769516,0,10.59240878865626,0.0,10.59240878865626,10.59240878865626,16.31204961342694,3.232995601287034,5.582454522676952,0.001,0.0,-inf,0.7441491907189021,12.697057278311116,5.0,4.856856346130371,7.4760218059053045
2.2314248085021973,10.59240878865626,8.671555924081506,6.147569058796444,-8.087926361222355,3.232995601287034,-99.57226365804672,-0.5431032524002825,0,10.59240878865626,0.0,10.59240878865626,10.59240878865626,16.03096911145073,3.503373424619137,5.543103252400282,0.001,0.0,-inf,0.7606652731647718,2.3331758149660686,5.0,4.856856346130371,0.0
2.248173236846924,10.708747307628212,3.4779694617115995,6.039060576275357,-3.243888540784918,3.503373424619137,-99.57226365804672,-0.5052503571337881,0,10.708747307628212,0.0,10.708747307628212,10.708747307628212,10.683343344720674,3.682302635110302,5.505250357133788,0.001,0.0,-inf,0.7778848504616753,2.260086408550257,5.0,4.856856346130371,0.0
2.2649130821228027,10.985672030506908,16.522845539198045,5.767992211544351,-16.173423139888147,3.682302635110302,-77.07932591438293,-0.255270890228387,0,10.985672030506908,0.0,10.985672030506908,10.985672030506908,23.826214934594653,4.081149786625252,5.255270890228387,0.001,0.0,-inf,0.7050963654155078,14.933200563424933,5.0,4.967771053314209,6.6257904631686895
2.281648635864258,11.7978461034309,48.6775690939168,5.348201816867869,-25.160093904819153,4.081149786625252,-77.07932591438293,-0.19943228901629406,0,11.7978461034309,0.0,11.7978461034309,11.7978461034309,56.39426541072245,5.024939046116279,5.199432289016294,0.001,0.0,-inf,0.693187575034751,3.336525463975358,5.0,4.967771053314209,0.0
2.2988758087158203,12.52420150599771,43.3611638258978,4.972768727725841,-22.41219054256711,5.024939046116279,-52.91508138179779,0.17434065263830112,0,12.52420150599771,0.0,12.52420150599771,12.52420150599771,50.860426285779226,5.90112040104555,4.825659347361698,0.001,0.0,-inf,0.628868817531276,21.696708152591274,5.0,5.063270092010498,5.543511957484499
2.315617561340332,13.498384283790077,58.31920873536158,4.425537570359144,-32.75985659003704,5.90112040104555,-52.91508138179779,0.2970060423283992,0,13.498384283790077,0.0,13.498384283790077,13.498384283790077,65.9164726181061,7.004677679498283,4.702993957671601,0.001,0.0,-inf,0.5709819357781484,7.326914477908534,5.0,5.063270092010498,0.0
2.3323545455932617,14.369715544473948,52.06171389514524,3.9360815615859686,-29.24481175277594,7.004677679498283,-52.91508138179779,0.4515040613117818,0,14.369715544473948,0.0,14.369715544473948,14.369715544473948,59.42675176012091,7.9993022879101865,4.548495938688218,0.001,0.0,-inf,0.5188837422003335,9.230935313590846,5.0,5.063270092010498,0.0
2.3494791984558105,14.369715544473948,52.06171389514524,3.9360815615859686,-29.24481175277594,7.9993022879101865,-17.856890335679054,0.9413334169506358,0,14.369715544473948,0.0,14.369715544473948,14.369715544473948,58.432127151709,8.999932181403516,4.058666583049364,0.001,0.0,-inf,0.4719953679803002,28.603753872879846,5.0,5.102872848510742,2.312616601230752
2.3662123680114746,15.731874199682597,40.314336794475366,3.034221692098039,-26.691371361868917,8.999932181403516,-17.856890335679054,1.0814216020397018,0,15.731874199682597,0.0,15.731874199682597,15.731874199682597,47.04627881275445,9.787165541740382,3.918578397960298,0.001,0.0,-inf,0.42979583118227016,8.371885829702071,5.0,5.102872848510742,0.0
2.3829503059387207,17.492882215670516,105.15215701906524,1.8329634255491876,-71.7287466711119,9.787165541740382,-17.856890335679054,1.1916342724868632,0,17.492882215670516,0.0,17.492882215670516,17.492882215670516,100.0,11.460959334464992,3.808365727513137,0.001,0.0,-inf,0.39181624806404314,6.584602650948813,5.0,5.102872848510742,0.0
2.3996903896331787,17.492882215670516,105.15215701906524,1.8329634255491876,-71.7287466711119,11.460959334464992,20.748719573020935,1.8120215025553084,0,17.492882215670516,0.0,17.492882215670516,17.492882215670516,100.0,13.134967703910792,3.187978497444692,0.001,0.0,-inf,0.35763462325763884,37.05998377259197,5.0,5.008729934692383,-5.623801860054406
2.416435718536377,18.90196135698466,42.13438759182757,0.8717707726153571,-28.74165304253983,13.134967703910792,20.748719573020935,2.0463826742777202,0,18.90196135698466,0.0,18.90196135698466,18.90196135698466,47.90138124490144,13.93709208777416,2.9536173257222798,0.001,0.0,-inf,0.32687116093187496,13.995614722004685,5.0,5.008729934692383,0.0
2.4331741333007812,20.53910943795361,97.58127505862522,-0.3342341119171569,-71.88323141176174,13.93709208777416,66.22786074876785,2.613471499776061,0,20.53910943795361,0.0,20.53910943795361,20.53910943795361,100.0,15.610933564214589,2.386528500223939,0.001,0.0,-inf,0.2991840448386875,33.879482225778325,5.0,4.734292030334473,-16.395692675839673
2.4499292373657227,22.168276124611534,97.54079438321422,-1.5874276125793387,-75.03068321463697,15.610933564214589,66.22786074876785,2.8478093064777212,0,22.168276124611534,0.0,22.168276124611534,22.168276124611534,100.0,17.28644397070873,2.1521906935222788,0.001,0.0,-inf,0.27426564035481876,13.986054983209062,5.0,4.734292030334473,0.0
2.4666693210601807,22.168276124611534,97.54079438321422,-1.5874276125793387,-75.03068321463697,17.28644397070873,66.22786074876785,3.0823807633869014,0,22.168276124611534,0.0,22.168276124611534,22.168276124611534,100.0,18.960452340154532,1.9176192366130986,0.001,0.0,-inf,0.2518390763193369,14.012561776309257,5.0,4.734292030334473,0.0
2.483443260192871,22.168276124611534,97.54079438321422,-1.5874276125793387,-75.03068321463697,18.960452340154532,126.25722587108612,3.917035586332496,0,22.168276124611534,0.0,22.168276124611534,22.168276124611534,100.0,20.637846253423575,1.0829644136675038,0.001,0.0,-inf,0.2316551686874032,49.75902299054793,5.0,4.197437763214111,-32.00525904342264
2.5001814365386963,23.950085205734155,35.498935790301125,-3.3612955704407246,-35.34072499895425,20.637846253423575,126.25722587108612,4.151870734190162,0,23.950085205734155,0.0,23.950085205734155,23.950085205734155,38.811174742611705,21.287474540454046,0.8481292658098383,0.001,0.0,-inf,0.2134896518186629,14.029912399401725,5.0,4.197437763214111,0.0
2.5169246196746826,25.544105160912164,95.41879708401753,-5.038706626792167,-100.4106282939299,21.287474540454046,192.98994541168213,4.910145889780388,0,25.544105160912164,0.0,25.544105160912164,25.544105160912164,99.67542770447565,22.956358480667845,0.08985411021961198,0.001,0.0,-inf,0.1971406866367966,45.28858995518338,5.0,3.3933980464935303,-48.021914960271125
2.533658742904663,26.96984877108941,85.19613806814068,-6.283185307179586,-74.36454683739616,22.956358480667845,192.98994541168213,5.14378964141032,1,-inf,-0.0001572543117754799,-inf,-inf,-100.0,21.282946157669798,-0.14378964141032036,0.001,0.0,-inf,0.18242661797311693,13.962114920448393,5.0,3.3933980464935303,0.0
2.5503969192504883,26.96984877108941,85.19613806814068,-6.283185307179586,-74.36454683739616,21.282946157669798,192.98994541168213,4.909511916190594,1,-inf,-0.00014069990333934006,-inf,-inf,-100.0,19.60912852308728,0.0904880838094062,0.001,0.0,-inf,0.16918395617580526,13.996609928067802,5.0,3.3933980464935303,0.0
2.567147970199585,28.110688037979465,34.11662115770583,-6.283185307179586,0.0,19.60912852308728,212.2611403465271,4.867889396697491,1,-inf,-0.00012867027592857683,-inf,-inf,-100.0,17.93402342817761,0.13211060330250923,0.001,0.0,-inf,0.2383118401175062,2.4847706343671274,5.0,2.454562187194824,-56.04638551644629
2.5838911533355713,29.130928213209074,60.87744619481957,-6.283185307179586,0.0,17.93402342817761,212.2611403465271,4.633374683410137,0,29.130928213209074,0.0,29.130928213209074,29.130928213209074,72.07435097985103,19.140777486040612,0.36662531658986275,0.001,0.0,-inf,0.2194806561057556,14.006578760003418,5.0,2.454562187194824,0.0
2.600627899169922,30.04367329885524,54.65373768621133,-6.283185307179586,0.0,19.140777486040612,212.2611403465271,4.802320251510957,0,30.04367329885524,0.0,30.04367329885524,30.04367329885524,65.55663349902596,20.23798219866948,0.19767974848904313,0.001,0.0,-inf,0.20253259049518005,10.094290119054975,5.0,2.454562187194824,0.0
2.6173720359802246,30.830189055285786,47.133005432979374,-6.283185307179586,0.0,20.23798219866948,161.70348227024078,4.450352330516136,0,30.830189055285786,0.0,30.830189055285786,30.830189055285786,57.725212289595675,21.20454105065024,0.5496476694838641,0.001,0.0,-inf,0.18727933144566206,21.020368203050857,5.0,1.3274304866790771,-67.31500783141108
2.6341097354888916,31.533699085509923,42.051831062281515,-6.283185307179586,0.0,21.20454105065024,161.70348227024078,4.585670569793441,0,31.533699085509923,0.0,31.533699085509923,31.533699085509923,52.380989097141196,22.081278306124947,0.41432943020655877,0.001,0.0,-inf,0.17355139830109587,8.084637868378259,5.0,1.3274304866790771,0.0
2.650855541229248,32.05493995688814,31.16347851562489,-6.283185307179586,0.0,22.081278306124947,161.70348227024078,4.708413785559901,0,32.05493995688814,0.0,32.05493995688814,32.05493995688814,41.137140166388086,22.770152864065096,0.29158621444009913,0.001,0.0,-inf,0.1611962584709863,7.329788585248868,5.0,1.3274304866790771,0.0
2.667632818222046,32.05493995688814,31.16347851562489,-6.283185307179586,0.0,22.770152864065096,137.79126107692719,4.565734011738385,0,32.05493995688814,0.0,32.05493995688814,32.05493995688814,40.44826560844794,23.448764620056288,0.43426598826161467,0.001,0.0,-inf,0.15007663262388768,8.504346318104249,5.0,0.3569590449333191,-57.844395259276105
2.684370756149292,32.05493995688814,31.16347851562489,-6.283185307179586,0.0,23.448764620056288,137.79126107692719,4.660739657577152,0,32.05493995688814,0.0,32.05493995688814,32.05493995688814,39.76965385245674,24.114426617626773,0.33926034242284775,0.001,0.0,-inf,0.14006896936149893,5.676066326193998,5.0,0.3569590449333191,0.0
2.7011075019836426,32.241412511994696,3.709906952725678,-6.283185307179586,0.0,24.114426617626773,137.9561573266983,4.7555812997347315,0,32.241412511994696,0.0,32.241412511994696,32.241412511994696,11.836892847093601,24.312537684677018,0.24441870026526846,0.001,0.0,-inf,0.13106207242534904,5.666671591733549,5.0,-0.4786264896392822,-49.925209048561946
2.7178878784179688,32.21724316952886,-1.446561306266268,-6.283185307179586,0.0,24.312537684677018,137.9561573266983,4.783316849121766,0,32.21724316952886,0.0,32.21724316952886,32.21724316952886,6.45814417858557,24.420907775060837,0.2166831508782341,0.001,0.0,-inf,0.23080827621039948,1.6528562094887305,5.0,-0.4786264896392822,0.0
2.734623432159424,32.21724316952886,-1.446561306266268,-6.283185307179586,0.0,24.420907775060837,137.9561573266983,4.798488661775501,0,32.21724316952886,0.0,32.21724316952886,32.21724316952886,6.349774088201752,24.527174760560037,0.20151133822449907,0.001,0.0,-inf,0.34462712598306633,0.9065617360573752,5.0,-0.4786264896392822,0.0
2.7518131732940674,32.19790536636924,-0.5780508370055147,-6.283185307179586,0.0,24.527174760560037,145.5269455909729,4.8890739223881345,0,32.19790536636924,0.0,32.19790536636924,32.19790536636924,7.0926797688036896,24.649096089736695,0.11092607761186546,0.001,0.0,-inf,0.3151644133847597,5.269728025750865,5.0,-1.1980736255645752,-41.85328506636708
2.7685554027557373,31.993159083311657,-12.252538258693273,-6.279940027845142,0.1942057682885557,24.649096089736695,145.5269455909729,4.906142908472867,0,31.993159083311657,0.0,31.993159083311657,31.993159083311657,-4.908475265118311,24.566917270541154,0.09385709152713329,0.001,0.0,-inf,0.4169079826519667,1.0195169122374255,5.0,-1.1980736255645752,0.0
2.7853004932403564,31.572712892220448,-25.17026549454237,-6.008616625981331,16.24293953542564,24.566917270541154,145.5269455909729,4.894637873785491,0,31.572712892220448,0.0,31.572712892220448,31.572712892220448,-18.164469872863076,24.262751578914923,0.10536212621450858,0.001,0.0,-inf,0.5191894014314982,0.6870691261980941,5.0,-1.1980736255645752,0.0
2.802044153213501,31.19662994358782,-22.484907714194804,-5.765921824201471,14.51001764524435,24.262751578914923,130.49525022506714,4.701737723298761,0,31.19662994358782,0.0,31.19662994358782,31.19662994358782,-15.551029349521908,24.002370431254135,0.29826227670123906,0.001,0.0,-inf,0.4722704612883484,11.520787617290761,5.0,-1.817524790763855,-36.99616249928803
2.819066047668457,30.44712613836578,-44.85605365435305,-4.950529406150991,48.79933337041512,24.002370431254135,130.49525022506714,4.665284362626251,0,30.44712613836578,0.0,30.44712613836578,30.44712613836578,-38.41129794724141,23.348537371718322,0.33471563737374943,0.001,0.0,-inf,0.5221487941857068,2.1415572026353797,5.0,-1.817524790763855,0.0
2.835857629776001,30.44712613836578,-44.85605365435305,-4.950529406150991,48.79933337041512,23.348537371718322,130.49525022506714,4.573747734291237,0,30.44712613836578,0.0,30.44712613836578,30.44712613836578,-37.757464887705595,22.714529799883707,0.4262522657087633,0.001,0.0,-inf,0.47493391476713614,5.4513403054432406,5.0,-1.817524790763855,0.0
2.852555751800537,29.01540566514007,-42.72855349176381,-2.485092321783774,73.57899974889536,22.714529799883707,108.39372873306274,4.263971459314346,0,29.01540566514007,0.0,29.01540566514007,29.01540566514007,-36.427677626507446,22.10625599380582,0.7360285406856537,0.001,0.0,-inf,0.43244052329042254,18.551563734035888,5.0,-2.3508784770965576,-31.94093836115196
2.869295835494995,29.01540566514007,-42.72855349176381,-2.485092321783774,73.57899974889536,22.10625599380582,108.39372873306274,4.178813126463442,0,29.01540566514007,0.0,29.01540566514007,29.01540566514007,-35.819403820429564,21.50663617596624,0.8211868735365577,0.001,0.0,-inf,0.3941964709613803,5.087091223988123,5.0,-2.3508784770965576,0.0
2.886033058166504,27.6725745321666,-40.21536281063569,-0.2138338839679288,68.02008076117978,21.50663617596624,69.47068125009537,3.7056358771362277,0,27.6725745321666,0.0,27.6725745321666,27.6725745321666,-34.049424454435325,20.93674337703564,1.2943641228637723,0.001,0.0,-inf,0.35977682386524223,28.270953826329162,5.0,-2.7122044563293457,-21.5881682597114
2.9027726650238037,27.6725745321666,-40.21536281063569,-0.2138338839679288,68.02008076117978,20.93674337703564,69.47068125009537,3.6258508852859435,0,27.6725745321666,0.0,27.6725745321666,27.6725745321666,-33.47953165550473,20.376309179355967,1.3741491147140565,0.001,0.0,-inf,0.3363313926253282,4.766240481656926,5.0,-2.7122044563293457,0.0
2.919534206390381,26.460335478970734,-36.194273194205806,1.8710981456666893,62.250592631049685,20.376309179355967,69.47068125009537,3.5473900976107893,0,26.460335478970734,0.0,26.460335478970734,26.460335478970734,-30.11024689459104,19.87161503047443,1.4526099023892107,0.001,0.0,-inf,0.31797711814835933,4.681000748034222,5.0,-2.7122044563293457,0.0
2.936279535293579,25.375969239310383,-64.85052195788525,3.7361015036776424,111.53652409734038,19.87161503047443,23.790929466485977,3.0199353989312803,0,25.375969239310383,0.0,25.375969239310383,25.375969239310383,-59.3461677490493,18.877843932372222,1.9800646010687197,0.001,0.0,-inf,0.2911794063335234,31.498616821958556,5.0,-2.6806373596191406,1.8851284971880116
2.953015089035034,24.405886954371695,-58.06958965644057,5.491690618992726,105.09040430328417,18.877843932372222,23.790929466485977,2.880807445196971,0,24.405886954371695,0.0,24.405886954371695,24.405886954371695,-52.5415466344411,17.998532055012365,2.119192554803029,0.001,0.0,-inf,0.2670614657001711,8.313316421056323,5.0,-2.6806373596191406,0.0
2.9697530269622803,23.53941538203766,-51.14117306793876,6.283185307179586,46.715862497233466,17.998532055012365,-6.52628019452095,2.454531685756522,0,23.53941538203766,0.0,23.53941538203766,23.53941538203766,-45.60028974091347,17.23527723586452,2.545468314243478,0.001,0.0,-inf,0.245355319130154,25.46763892262711,5.0,-2.337775468826294,20.484117714090367
2.9865758419036865,22.80689241065626,-44.281448589831726,6.283185307179586,0.0,17.23527723586452,-6.52628019452095,2.3476760110758232,0,22.80689241065626,0.0,22.80689241065626,22.80689241065626,-38.70983341503998,16.584068871910638,2.6523239889241768,0.001,0.0,-inf,0.2258197872171386,6.351830835260114,5.0,-2.337775468826294,0.0
3.003312110900879,22.80689241065626,-44.281448589831726,6.283185307179586,0.0,16.584068871910638,-6.52628019452095,2.25650684012228,0,22.80689241065626,0.0,22.80689241065626,22.80689241065626,-38.0586250510861,15.947109485392376,2.74349315987772,0.001,0.0,-inf,0.20823780849542475,5.447401148298786,5.0,-2.337775468826294,0.0
3.020254611968994,22.63795904928447,-5.0041518237718945,6.283185307179586,0.0,15.947109485392376,-47.84955084323883,1.7540998195225446,0,22.63795904928447,0.0,22.63795904928447,22.63795904928447,1.6866977401201977,15.97568636365595,3.2459001804774554,0.001,0.0,-inf,0.19241402764588228,29.653651404823297,5.0,-1.2495555877685547,64.2301792800653
3.037001848220825,22.63795904928447,-5.0041518237718945,6.283185307179586,0.0,15.97568636365595,-47.84955084323883,1.758100582479445,0,22.63795904928447,0.0,22.63795904928447,22.63795904928447,1.6581208618566246,16.003455305463554,3.241899417520555,0.001,0.0,-inf,0.32317262488129406,0.2388909367934011,5.0,-1.2495555877685547,0.0
3.0537354946136475,22.860476820138242,6.661436172348596,6.283185307179586,0.0,16.003455305463554,-47.84955084323883,1.7619882343325095,0,22.860476820138242,0.0,22.860476820138242,22.860476820138242,13.518457687023284,16.22966839617453,3.2380117656674905,0.001,0.0,-inf,0.4408553623931647,0.23232544550075956,5.0,-1.2495555877685547,0.0
3.0704686641693115,23.059489444653405,11.88432659502021,6.283185307179586,0.0,16.22966839617453,-80.00491559505463,1.4721044195138884,0,23.059489444653405,0.0,23.059489444653405,23.059489444653405,18.714147643499082,16.54281540178293,3.5278955804861116,0.001,0.0,-inf,0.40176982615384826,17.323903511184913,5.0,-0.28990763425827026,57.35004060754588
3.0872037410736084,23.630435608718738,34.14933019214095,6.283185307179586,0.0,16.54281540178293,-80.00491559505463,1.5159450002990642,0,23.630435608718738,0.0,23.630435608718738,23.630435608718738,41.23695039907676,17.232918938010158,3.484054999700936,0.001,0.0,-inf,0.443291977071598,2.61968206276479,5.0,-0.28990763425827026,0.0
3.1039416790008545,24.141085814450644,30.50203222065491,6.283185307179586,0.0,17.232918938010158,-80.00491559505463,1.612559495370876,0,24.141085814450644,0.0,24.141085814450644,24.141085814450644,37.4101990970954,17.85908852834326,3.387440504629124,0.001,0.0,-inf,0.4039627793644382,5.772186244910266,5.0,-0.28990763425827026,0.0
3.1206772327423096,24.805032969290746,39.723784767409185,6.163965999218614,-7.132860040196546,17.85908852834326,-80.00491559505463,1.7002232380175104,0,24.805032969290746,0.0,24.805032969290746,24.805032969290746,46.66972920835667,18.640132289608868,3.2997767619824896,0.001,0.0,-inf,0.3685665014279944,5.2381740097123615,5.0,-0.28990763425827026,0.0
3.137417793273926,25.78111746053269,57.92050543913041,5.668249904959276,-29.41561615970344,18.640132289608868,-67.31030344963074,1.9365154860489344,0,25.78111746053269,0.0,25.78111746053269,25.78111746053269,65.06149061005424,19.72929811144366,3.0634845139510656,0.001,0.0,-inf,0.336709851285195,14.114954369966444,5.0,0.5363583564758301,49.35712810652994
3.1541552543640137,25.78111746053269,57.92050543913041,5.668249904959276,-29.41561615970344,19.72929811144366,-67.31030344963074,2.0889987011058055,0,25.78111746053269,0.0,25.78111746053269,25.78111746053269,63.97232478821944,20.80003240842895,2.9110012988941945,0.001,0.0,-inf,0.3080388661566755,9.110295416738765,5.0,0.5363583564758301,0.0
3.1710259914398193,26.561927693737008,23.319914298113012,5.271706160401587,-11.843295265980888,20.80003240842895,-25.97646974027157,2.6522398397773377,0,26.561927693737008,0.0,26.561927693737008,26.561927693737008,29.08180958342107,21.290663971599493,2.3477601602226623,0.001,0.0,-inf,0.28223497954100796,33.38568647835053,5.0,1.2477816343307495,42.16906911999548
3.1877620220184326,27.43881449475625,52.523096280788586,4.770603260671471,-30.014678996781534,21.290663971599493,-25.97646974027157,2.7209282586212136,0,27.43881449475625,0.0,27.43881449475625,27.43881449475625,58.671246803945344,22.272587752195687,2.2790717413787864,0.001,0.0,-inf,0.28787537399917223,4.104224028584877,5.0,1.2477816343307495,0.0
3.2044994831085205,28.46398665853656,61.35328615992802,4.156658151942336,-36.74265774389366,22.272587752195687,-25.97646974027157,2.8583975879046806,0,28.46398665853656,0.0,28.46398665853656,28.46398665853656,67.5446850662689,23.4031142903346,2.1416024120953194,0.001,0.0,-inf,0.264087836599255,8.213272523446095,5.0,1.2477816343307495,0.0
3.221242666244507,28.46398665853656,61.35328615992802,4.156658151942336,-36.74265774389366,23.4031142903346,16.776900738477707,3.4442050080316213,0,28.46398665853656,0.0,28.46398665853656,28.46398665853656,66.41415852812997,24.51509870939351,1.5557949919683787,0.001,0.0,-inf,0.2426790529393295,34.98781655609188,5.0,1.8603240251541138,36.584584057186795
3.237978935241699,29.284064145125228,24.492681949847686,3.665538143559147,-14.667938531727222,24.51509870939351,16.776900738477707,3.5998828266998686,0,29.284064145125228,0.0,29.284064145125228,29.284064145125228,29.261647385579405,25.004829511339555,1.4001171733001314,0.001,0.0,-inf,0.22341114764539657,9.301823404867788,5.0,1.8603240251541138,0.0
3.254770278930664,30.098164596542198,48.685888355029505,3.1519186433266033,-30.71613779572765,25.004829511339555,16.776900738477707,3.668445138972315,0,30.098164596542198,0.0,30.098164596542198,30.098164596542198,53.779223440232144,25.907854935450125,1.3315548610276848,0.001,0.0,-inf,0.23561156248408321,4.0831939088653915,5.0,1.8603240251541138,0.0
3.271507501602173,30.098164596542198,48.685888355029505,3.1519186433266033,-30.71613779572765,25.907854935450125,60.96544861793518,4.23675417714237,0,30.098164596542198,0.0,30.098164596542198,30.098164596542198,52.87619801612158,26.792855635668744,0.7632458228576304,0.001,0.0,-inf,0.2170504062356749,33.954799390789475,5.0,2.179492950439453,19.069407843193115
3.288245916366577,30.749224277111626,19.421649768860416,2.477627190243915,-20.11467279382753,26.792855635668744,60.96544861793518,4.360654275172976,0,30.749224277111626,0.0,30.749224277111626,30.749224277111626,23.378018410303298,27.18416660419028,0.6393457248270238,0.001,0.0,-inf,0.20034536561210742,7.402140511781978,5.0,2.179492950439453,0.0
3.304985761642456,31.307734971190605,33.50683904593176,1.9407590124682774,-32.20843541998008,27.18416660419028,60.96544861793518,4.415437810765992,0,31.307734971190605,0.0,31.307734971190605,31.307734971190605,37.63040741293209,27.81409380195105,0.584562189234008,0.001,0.0,-inf,0.24097011376186853,3.2726428882801843,5.0,2.179492950439453,0.0
3.3217785358428955,31.80712961007247,29.758519775537515,1.4607161187336128,-28.605365044154155,27.81409380195105,97.72809594869614,4.871254091760109,0,31.80712961007247,0.0,31.80712961007247,31.80712961007247,33.751555583658934,28.380876053781012,0.12874590823989074,0.001,0.0,-inf,0.22187310238568167,27.143596141618396,5.0,2.314650774002075,8.04857029275634
3.3385114669799805,32.08673197385347,16.762489820418406,0.8776024306814212,-34.95834987924959,28.380876053781012,97.72809594869614,4.950603607016303,0,32.08673197385347,0.0,32.08673197385347,32.08673197385347,20.46834574049086,28.72337147354669,0.04939639298369691,0.001,0.0,-inf,0.2129953592332181,4.742116883534685,5.0,2.314650774002075,0.0
3.3553805351257324,32.08673197385347,16.762489820418406,0.8776024306814212,-34.95834987924959,28.72337147354669,109.84284430742264,5.119700449370763,1,-inf,-0.00011474564050919045,-inf,-inf,-100.0,27.03646465897149,-0.11970044937076274,0.001,0.0,-inf,0.1966958233098963,10.024077257465013,5.0,2.3373029232025146,1.3428216072589536
3.372173309326172,32.3101725114368,6.6433981990932365,0.4116148253955564,-13.854877235969091,27.03646465897149,109.84284430742264,4.883533495330235,1,-inf,-0.00010799700987945949,-inf,-inf,-100.0,25.35718723892754,0.1164665046697646,0.001,0.0,-inf,0.18202624097890668,14.063605645000994,5.0,2.3373029232025146,0.0
3.3889148235321045,32.30119812445957,-0.5393123747566919,0.3232187680918574,-5.312127469491136,25.35718723892754,109.84284430742264,4.648434656524083,1,-inf,-8.908047599350173e-05,-inf,-inf,-100.0,23.683035818334275,0.35156534347591695,0.001,0.0,-inf,0.16882361688101602,14.042865890998163,5.0,2.3373029232025146,0.0
3.4063401222229004,31.654158294749614,-38.52756595558996,1.131070490737964,48.1030055607816,23.683035818334275,119.11214888095856,4.506746503376384,0,31.654158294749614,0.0,31.654158294749614,31.654158294749614,-30.556443479174618,23.15058066378123,0.49325349662361617,0.001,0.0,-inf,0.15694125519291444,8.13117500376274,5.0,2.134418249130249,-11.643110265847552
3.4230763912200928,31.654158294749614,-38.52756595558996,1.131070490737964,48.1030055607816,23.15058066378123,119.11214888095856,4.432202781738958,0,31.654158294749614,0.0,31.654158294749614,31.654158294749614,-30.023988324621573,22.648091118811802,0.5677972182610418,0.001,0.0,-inf,0.1638397323121738,4.45402267673463,5.0,2.134418249130249,0.0
3.4398391246795654,30.39476305810688,-37.72684502000926,2.6041577326161196,44.12827082262142,22.648091118811802,119.11214888095856,4.361854245443238,0,30.39476305810688,0.0,30.39476305810688,30.39476305810688,-29.98017308071418,22.145541468390935,0.6381457545567617,0.001,0.0,-inf,0.17833915360221825,4.196722238995323,5.0,2.134418249130249,0.0
3.456575870513916,29.26829547045821,-67.32519463001455,3.921762391958855,78.74881719484557,22.145541468390935,30.062129721045494,3.400997102785186,0,29.26829547045821,0.0,29.26829547045821,29.26829547045821,-60.202440627947276,21.1379485209934,1.599002897214814,0.001,0.0,-inf,0.16550523824199642,57.41003371670878,5.0,1.8826794624328613,-15.04108320631348
3.473325252532959,29.26829547045821,-67.32519463001455,3.921762391958855,78.74881719484557,21.1379485209934,30.062129721045494,3.2599340901495313,0,29.26829547045821,0.0,29.26829547045821,29.26829547045821,-59.19484768054974,20.146471403632813,1.7400659098504687,0.001,0.0,-inf,0.1539547144177968,8.421983120050347,5.0,1.8826794624328613,0.0
3.4900636672973633,27.270278838396514,-59.69292080577606,6.278073943172308,70.397371354803,20.146471403632813,-6.356391124427319,2.756942085264321,0,27.270278838396514,0.0,27.270278838396514,27.270278838396514,-52.569113371012364,19.266547780231814,2.243057914735679,0.001,0.0,-inf,0.14355924297601713,30.0501577936082,5.0,1.7782129049301147,-6.241126114577102
3.5068962574005127,25.268589935289917,-119.65129080286762,6.283185307179586,0.30553264310201217,19.266547780231814,-6.356391124427319,2.633752777988181,0,25.268589935289917,0.0,25.268589935289917,25.268589935289917,-100.0,17.583288769916873,2.366247222011819,0.001,0.0,-inf,0.13420331867841542,7.318499798381658,5.0,1.7782129049301147,0.0
3.523768424987793,23.47823095191519,-106.97479729054717,6.283185307179586,0.0,17.583288769916873,-6.356391124427319,2.398096516544089,0,23.47823095191519,0.0,23.47823095191519,23.47823095191519,-100.0,15.896072011188846,2.601903483455911,0.001,0.0,-inf,0.12578298681057387,13.967159834386084,5.0,1.7782129049301147,0.0
3.5405192375183105,21.87639161255151,-95.97864528293083,6.283185307179586,0.0,15.896072011188846,-51.36733502149582,1.7117767313514802,0,21.87639161255151,0.0,21.87639161255151,21.87639161255151,-89.99832568156816,14.388526929636432,3.2882232686485198,0.001,0.0,-inf,0.1182046881295165,40.97232799556634,5.0,2.0761454105377197,17.78615246662302
3.557265043258667,20.077757153102336,-107.51674183800588,6.283185307179586,0.0,14.388526929636432,-51.36733502149582,1.5007204199341424,0,20.077757153102336,0.0,20.077757153102336,20.077757153102336,-100.0,12.713946355600786,3.4992795800658576,0.001,0.0,-inf,0.11138421931656485,12.603532770519609,5.0,2.0761454105377197,0.0
3.5740103721618652,18.323698058465983,-104.75810672043792,6.283185307179586,0.0,12.713946355600786,-51.36733502149582,1.266279139569152,0,18.323698058465983,0.0,18.323698058465983,18.323698058465983,-99.14835501757273,11.053674540620463,3.7337208604308483,0.001,0.0,-inf,0.10524579738490837,14.00039866163595,5.0,2.0761454105377197,0.0
3.5907812118530273,18.323698058465983,-104.75810672043792,6.283185307179586,0.0,11.053674540620463,-116.04983359575272,0.3870160997293379,0,18.323698058465983,0.0,18.323698058465983,18.323698058465983,-97.4880832025924,9.418717525431113,4.612983900270662,0.001,0.0,-inf,0.09972121764641755,52.42808684786175,5.0,2.5735533237457275,29.65909414005857
3.607532501220703,16.747451786120745,-47.1024732655741,6.283185307179586,0.0,9.418717525431113,-116.04983359575272,0.15812211760282868,0,16.747451786120745,0.0,16.747451786120745,16.747451786120745,-39.77373900488446,8.75245611412588,4.8418778823971715,0.001,0.0,-inf,0.0947490958817758,13.664260529592175,5.0,2.5735533237457275,0.0
3.6243839263916016,15.337796002295798,-84.13291725084112,6.283185307179586,0.0,8.75245611412588,-159.28074717521667,-0.36746361577454323,0,15.337796002295798,0.0,15.337796002295798,15.337796002295798,-77.5475773626712,7.44566891701437,5.367463615774543,0.001,0.0,-inf,0.09027418629359822,31.18939365941772,5.0,3.0018258094787598,25.41461516694963
3.641179084777832,15.337796002295798,-84.13291725084112,6.283185307179586,0.0,7.44566891701437,-159.28074717521667,-0.550413823370155,0,15.337796002295798,0.0,15.337796002295798,15.337796002295798,-76.24079016555969,6.165192770692433,5.550413823370155,0.001,0.0,-inf,0.0862467676642384,10.893032586438942,5.0,3.0018258094787598,0.0
3.657911777496338,13.872593538399926,-43.835404651580376,6.283185307179586,0.0,6.165192770692433,-159.28074717521667,-0.7296804838552261,0,13.872593538399926,0.0,13.872593538399926,13.872593538399926,-36.128003883872886,5.560673983170601,5.729680483855226,0.001,0.0,-inf,0.08262209089781457,10.713557196135415,5.0,3.0018258094787598,0.0
3.674650192260742,13.872593538399926,-43.835404651580376,6.283185307179586,0.0,5.560673983170601,-203.8256675004959,-1.2597623173610748,0,13.872593538399926,0.0,13.872593538399926,13.872593538399926,-35.52348509635105,4.966067155750743,6.259762317361075,0.001,0.0,-inf,0.07935988180803312,31.668580386304807,5.0,3.370572566986084,22.029968948522917
3.691387414932251,12.700629442717814,-34.98728571899461,6.283185307179586,0.0,4.966067155750743,-203.8256675004959,-1.343007273199855,0,12.700629442717814,0.0,12.700629442717814,12.700629442717814,-27.252723432027544,4.509932255263853,6.343007273199855,0.001,0.0,-inf,0.07727320273206753,4.973642131229174,5.0,3.370572566986084,0.0
3.7081241607666016,11.632669550665687,-63.91034766399103,6.283185307179586,0.0,4.509932255263853,-230.3209751844406,-1.6718192361074666,0,11.632669550665687,0.0,11.632669550665687,11.632669550665687,-56.7876103685892,3.5594924539846433,6.671819236107467,0.001,0.0,-inf,0.07454588245886079,19.64611078891789,5.0,3.6880671977996826,18.969914101340475
3.724871873855591,10.677672918542873,-56.94792490579988,6.283185307179586,0.0,3.5594924539846433,-230.3209751844406,-1.804880808286556,0,10.677672918542873,0.0,10.677672918542873,10.677672918542873,-49.82974444124165,2.724958190785071,6.804880808286556,0.001,0.0,-inf,0.07209129421297472,7.945059213282697,5.0,3.6880671977996826,0.0
3.7416138648986816,9.685154151522903,-59.13918392128262,6.283185307179586,0.0,2.724958190785071,-230.3209751844406,-1.9217156051344961,0,9.685154151522903,0.0,9.685154151522903,9.685154151522903,-52.17898796054479,1.8513780417120862,6.921715605134496,0.001,0.0,-inf,0.06988216479167726,6.9785485219308026,5.0,3.6880671977996826,0.0
3.7583537101745605,9.685154151522903,-59.13918392128262,6.283185307179586,0.0,1.8513780417120862,-218.19788217544556,-1.9227858959147635,0,9.685154151522903,0.0,9.685154151522903,9.685154151522903,-51.30540781147181,0.9925334531321789,6.922785895914764,0.001,0.0,-inf,0.21289394831250957,0.06393671880644847,5.0,3.9614334106445312,16.33027117871589
3.7750909328460693,8.89113310088218,-23.723087714403874,6.283185307179586,0.0,0.9925334531321789,-218.19788217544556,-2.0430241383159506,0,8.89113310088218,0.0,8.89113310088218,8.89113310088218,-15.824488066653872,0.7276754726979594,7.043024138315951,0.001,0.0,-inf,0.19660455348125863,7.183882580821769,5.0,3.9614334106445312,0.0
3.79182767868042,8.89113310088218,-23.723087714403874,6.283185307179586,0.0,0.7276754726979594,-218.19788217544556,-2.080104255576741,0,8.89113310088218,0.0,8.89113310088218,8.89113310088218,-15.559630086219652,0.4672578986683866,7.080104255576741,0.001,0.0,-inf,0.27166715148028925,2.2154914478468677,5.0,3.9614334106445312,0.0
3.8085639476776123,8.255719566789235,-19.0100754499103,5.436288342680601,-25.337161280972598,0.4672578986683866,-223.41951727867126,-2.1687790669731384,0,8.255719566789235,0.0,8.255719566789235,8.255719566789235,-11.22161378178945,0.279449951833757,7.168779066973139,0.001,0.0,-inf,0.24950043633226032,5.298361983263599,5.0,4.196804523468018,14.063535478724162
3.8253021240234375,7.687349677307809,-33.98215447786953,4.678749026490916,-45.292367773572515,0.279449951833757,-223.41951727867126,-2.1950721795299866,0,7.687349677307809,0.0,7.687349677307809,7.687349677307809,-26.574254752395476,-0.16535461047072175,7.195072179529987,0.001,0.0,-inf,0.3400453256664627,1.5708469079073937,5.0,4.196804523468018,0.0
3.8420464992523193,7.178931756747153,-30.40723396377074,3.7078266720672888,-58.068494436738014,-0.16535461047072175,-223.41951727867126,0.0,0,7.178931756747153,0.0,7.178931756747153,7.178931756747153,-23.062947596552863,-0.5515292589114413,5.0,0.001,0.0,-inf,0.31104079309981647,131.09310735845057,5.0,4.196804523468018,0.0
3.8587846755981445,6.724202032564468,-27.164124892232685,2.839432312672977,-51.875150402133514,-0.5515292589114413,-211.43381297588348,0.0,0,6.724202032564468,0.0,6.724202032564468,6.724202032564468,-19.88839360075678,-0.8844246982360896,5.0,0.001,0.0,-inf,0.42993671378983483,0.0,5.0,4.3994622230529785,12.107513709849727
3.875526189804077,6.348507560657288,-22.37651874154258,2.0192183387628364,-48.852284852916,-0.8844246982360896,-211.43381297588348,0.0,0,6.348507560657288,0.0,6.348507560657288,6.348507560657288,-15.143586482649201,-1.1379512664641305,5.0,0.001,0.0,-inf,0.5369430424108514,0.0,5.0,4.3994622230529785,0.0
3.8923792839050293,6.348507560657288,-22.37651874154258,2.0192183387628364,-48.852284852916,-1.1379512664641305,-211.43381297588348,0.0,0,6.348507560657288,0.0,6.348507560657288,6.348507560657288,-14.89005991442116,-1.3888948473706857,5.0,0.001,0.0,-inf,0.6332487381697663,0.0,5.0,4.3994622230529785,0.0
3.909115791320801,6.185581233650825,-4.874093600482997,1.1517472788862266,-25.951208863752587,-1.3888948473706857,-192.7977204322815,0.0,0,6.185581233650825,0.0,6.185581233650825,6.185581233650825,2.7003824805385133,-1.3436998759597332,5.0,0.001,0.0,-inf,0.7199238643527898,0.0,5.0,4.303332328796387,-5.743724892447078
3.925852060317993,6.039833052386606,-8.720821987349701,0.3757380752211551,-46.432401879785786,-1.3436998759597332,-192.7977204322815,0.0,0,6.039833052386606,0.0,6.039833052386606,6.039833052386606,-1.3372890590033624,-1.3660811053782158,5.0,0.001,0.0,-inf,0.7979314779175108,0.0,5.0,4.303332328796387,0.0
3.9425883293151855,5.950795428289207,-5.313379282951079,-0.4468099788257317,-49.086100779413435,-1.3660811053782158,-192.7977204322815,0.0,0,5.950795428289207,0.0,5.950795428289207,5.950795428289207,2.003497250716344,-1.3325500364550917,5.0,0.001,0.0,-inf,0.8681383301257598,0.0,5.0,4.303332328796387,0.0
3.9593353271484375,5.950795428289207,-5.313379282951079,-0.4468099788257317,-49.086100779413435,-1.3325500364550917,-172.6284772157669,0.0,0,5.950795428289207,0.0,5.950795428289207,5.950795428289207,1.96996618179322,-1.299559017077021,5.0,0.001,0.0,-inf,0.9313244971131839,0.0,5.0,3.9858624935150146,-18.956820705560776
3.9760732650756836,6.032318513515894,2.4374138536453183,-1.2607072312081087,-24.33426596754046,-1.299559017077021,-172.6284772157669,0.0,0,6.032318513515894,0.0,6.032318513515894,6.032318513515894,9.769291384238233,-1.1360412242944613,5.0,0.001,0.0,-inf,0.9881920474018655,0.0,5.0,3.9858624935150146,0.0
3.9928176403045654,6.032318513515894,2.4374138536453183,-1.2607072312081087,-24.33426596754046,-1.1360412242944613,-172.6284772157669,0.0,0,6.032318513515894,0.0,6.032318513515894,6.032318513515894,9.605773591455673,-0.9751985469154436,5.0,0.001,0.0,-inf,1.0393728426616788,0.0,5.0,3.9858624935150146,0.0
4.009559631347656,6.197789671933631,4.945004607278516,-1.7657947632352333,-15.09423271605829,-0.9751985469154436,-142.3892229795456,0.0,0,6.197789671933631,0.0,6.197789671933631,6.197789671933631,12.11799282612759,-0.7723192195601767,5.0,0.001,0.0,-inf,1.085435558395511,0.0,5.0,3.4840898513793945,-29.970906139189132
4.026273965835571,6.197789671933631,4.945004607278516,-1.7657947632352333,-15.09423271605829,-0.7723192195601767,-142.3892229795456,0.0,0,6.197789671933631,0.0,6.197789671933631,6.197789671933631,11.915113498772325,-0.5731660270802243,5.0,0.001,0.0,-inf,1.1268920025559601,0.0,5.0,3.4840898513793945,0.0
4.043013572692871,6.494869189191545,8.874688809100437,-1.9764864095371026,-6.294014521313607,-0.5731660270802243,-111.63359135389328,0.0,0,6.494869189191545,0.0,6.494869189191545,6.494869189191545,15.942724025372206,-0.3062910946610654,5.0,0.001,0.0,-inf,1.1642028023003643,0.0,5.0,2.8246092796325684,-39.396419364487045
4.05975341796875,6.76059781221874,15.884652269328846,-2.164943700608176,-11.265547919455102,-0.3062910946610654,-111.63359135389328,0.0,0,6.76059781221874,0.0,6.76059781221874,6.76059781221874,22.95154117620865,0.07791415347163116,5.0,0.001,0.0,-inf,1.197782522070328,0.0,5.0,2.8246092796325684,0.0
4.076488018035889,7.02748883654447,15.996085950379474,-2.321023821976029,-9.354645937806987,0.07791415347163116,-111.63359135389328,-1.1054279320529043,0,7.02748883654447,0.0,7.02748883654447,7.02748883654447,22.945660633452313,0.4619006074487434,6.105427932052905,0.001,0.0,-inf,1.0830042698632951,66.05642964982512,5.0,2.8246092796325684,0.0
4.093229532241821,7.02748883654447,15.996085950379474,-2.321023821976029,-9.354645937806987,0.4619006074487434,-80.24277538061142,-0.7377616687632901,0,7.02748883654447,0.0,7.02748883654447,7.02748883654447,22.5616741794752,0.8396171962340506,5.73776166876329,0.001,0.0,-inf,0.9797038428769657,21.961350614230938,5.0,2.1865882873535156,-38.11011264757402
4.109975814819336,7.465990622464886,13.098851895827549,-1.8513363700716554,14.030424886206973,0.8396171962340506,-80.24277538061142,-0.6848813463333471,0,7.465990622464886,0.0,7.465990622464886,7.465990622464886,19.725225322058385,1.1699413933823877,5.684881346333347,0.001,0.0,-inf,0.9460953311673906,3.1577349889548496,5.0,2.1865882873535156,0.0
4.126708507537842,7.900795322728005,25.971277321737347,-1.4417307450027548,24.466113808729567,1.1699413933823877,-80.24277538061142,-0.63863595873258,0,7.900795322728005,0.0,7.900795322728005,7.900795322728005,32.70213125108296,1.7171361068470063,5.63863595873258,0.001,0.0,-inf,0.9285419566150827,2.7637743893797264,5.0,2.1865882873535156,0.0
4.143448114395142,7.900795322728005,25.971277321737347,-1.4417307450027548,24.466113808729567,1.7171361068470063,-46.47454246878624,-0.2243463697292815,0,7.900795322728005,0.0,7.900795322728005,7.900795322728005,32.15493653761835,2.2553971030081623,5.224346369729282,0.001,0.0,-inf,0.8406877609535744,24.749063256681872,5.0,1.560073971748352,-37.427062710971214
4.160181283950806,7.900795322728005,25.971277321737347,-1.4417307450027548,24.466113808729567,2.2553971030081623,-46.47454246878624,-0.14898983026671964,0,7.900795322728005,0.0,7.900795322728005,7.900795322728005,31.61667554145719,2.7844442956297826,5.14898983026672,0.001,0.0,-inf,0.7776198015697586,4.503422929641813,5.0,1.560073971748352,0.0
4.177017450332642,8.533139085638874,12.543828328645349,-1.4548246974713384,-0.25974525494371864,2.7844442956297826,-22.024882957339287,0.16957337181477672,0,8.533139085638874,0.0,8.533139085638874,8.533139085638874,18.29252311865444,3.092420258399029,4.830426628185223,0.001,0.0,-inf,0.7048578214127827,18.921362194732474,5.0,1.0859211683273315,-28.16275348362977
4.193755626678467,9.099551204449298,34.2933283615543,-1.466553402325155,-0.7101125019224899,3.092420258399029,-22.024882957339287,0.21269000660247123,0,9.099551204449298,0.0,9.099551204449298,9.099551204449298,40.30045930760457,3.7669764531074663,4.787309993397529,0.001,0.0,-inf,0.7174804529023726,2.5759457838696136,5.0,1.0859211683273315,0.0
4.210491895675659,9.692850690027004,35.40453292296599,-1.6086859679982222,-8.481613793913647,3.7669764531074663,-22.024882957339287,0.3071278738616524,0,9.692850690027004,0.0,9.692850690027004,9.692850690027004,41.33040715988553,4.4586932650987965,4.692872126138347,0.001,0.0,-inf,0.6507324076121354,5.642707300834119,5.0,1.0859211683273315,0.0
4.227319240570068,9.692850690027004,35.40453292296599,-1.6086859679982222,-8.481613793913647,4.4586932650987965,10.241415351629257,0.7266312106301241,0,9.692850690027004,0.0,9.692850690027004,9.692850690027004,40.6386903478942,5.14253452363991,4.273368789369876,0.001,0.0,-inf,0.5906591668509218,24.929859071697646,5.0,0.7346023321151733,-20.877853185791807
4.244051456451416,10.769759232097151,32.22753079168203,-2.9332200841851312,-39.63796584990452,5.14253452363991,10.241415351629257,0.82236898682588,0,10.769759232097151,0.0,10.769759232097151,10.769759232097151,37.85475550013927,5.775928464803872,4.17763101317412,0.001,0.0,-inf,0.5365932501658296,5.721763146893182,5.0,0.7346023321151733,0.0
4.260794639587402,10.769759232097151,32.22753079168203,-2.9332200841851312,-39.63796584990452,5.775928464803872,10.241415351629257,0.9110441385888347,0,10.769759232097151,0.0,10.769759232097151,10.769759232097151,37.2213615589753,6.399132537956557,4.088955861411165,0.001,0.0,-inf,0.48793392514924666,5.296194340272377,5.0,0.7346023321151733,0.0
4.27753758430481,12.188869809993642,42.363072747491664,-5.240066745313342,-68.86363504353399,6.399132537956557,39.79072719812393,1.2937858272951575,0,12.188869809993642,0.0,12.188869809993642,12.188869809993642,48.15281001952875,7.20535237410134,3.7062141727048425,0.001,0.0,-inf,0.444140532634322,22.859878902209815,5.0,0.40890786051750183,-19.45263972944108
4.29428243637085,12.188869809993642,42.363072747491664,-5.240066745313342,-68.86363504353399,7.20535237410134,39.79072719812393,1.406656604355427,0,12.188869809993642,0.0,12.188869809993642,12.188869809993642,47.34659018338397,7.998164022553528,3.593343395644573,0.001,0.0,-inf,0.40472647937088985,6.74062551374705,5.0,0.40890786051750183,0.0
4.311225891113281,14.351016027897703,64.62777419321182,-6.283185307179586,-31.179404202547246,7.998164022553528,39.79072719812393,1.5176502351387333,0,14.351016027897703,0.0,14.351016027897703,14.351016027897703,70.980626198556,9.200821050138218,3.482349764861267,0.001,0.0,-inf,0.36925383143380086,6.550826408816382,5.0,0.40890786051750183,0.0
4.328001499176025,16.488061981285366,127.4498484334726,-6.283185307179586,0.0,9.200821050138218,59.35380235314369,1.8816529705507876,0,16.488061981285366,0.0,16.488061981285366,16.488061981285366,100.0,10.878381856412632,3.1183470294492124,0.001,0.0,-inf,0.3373284482904208,21.698333321248985,5.0,-0.05561548471450806,-27.690402845285806
4.344771385192871,18.400587704458154,114.8666756040168,-6.283185307179586,0.0,10.878381856412632,59.35380235314369,2.1165114834292056,0,18.400587704458154,0.0,18.400587704458154,18.400587704458154,100.0,12.555370458097203,2.8834885165707944,0.001,0.0,-inf,0.3085956034613787,14.004776934231852,5.0,-0.05561548471450806,0.0
4.361510515213013,20.449671772552428,122.1865750599821,-6.283185307179586,0.0,12.555370458097203,87.20679581165314,2.62981982225014,0,20.449671772552428,0.0,20.449671772552428,20.449671772552428,100.0,14.229283460111363,2.37018017774986,0.001,0.0,-inf,0.28273604311524086,30.665174247603584,5.0,-0.7762036323547363,-43.04812417211468
4.378269195556641,20.449671772552428,122.1865750599821,-6.283185307179586,0.0,14.229283460111363,87.20679581165314,2.8641676425321223,0,20.449671772552428,0.0,20.449671772552428,20.449671772552428,100.0,15.905151494474156,2.1358323574678777,0.001,0.0,-inf,0.2594624388037168,13.983667894894083,5.0,-0.7762036323547363,0.0
4.39501166343689,22.423141825975232,58.98225215875818,-6.283185307179586,0.0,15.905151494474156,87.20679581165314,3.0987891673429133,0,22.423141825975232,0.0,22.423141825975232,22.423141825975232,65.50024249025925,17.001787200515842,1.9012108326570867,0.001,0.0,-inf,0.2385161949233451,14.013556811870755,5.0,-0.7762036323547363,0.0
4.411792278289795,24.187806741752393,105.19679237771709,-6.283185307179586,0.0,17.001787200515842,146.1227983236313,3.841478191308531,0,24.187806741752393,0.0,24.187806741752393,24.187806741752393,100.0,18.67984868580637,1.1585218086914688,0.001,0.0,-inf,0.21966457543101062,44.25874918623939,5.0,-1.4542908668518066,-40.40896239148658
4.428530216217041,26.047029042964624,111.48486782843932,-6.283185307179586,0.0,18.67984868580637,146.1227983236313,4.076406799249205,0,26.047029042964624,0.0,26.047029042964624,26.047029042964624,100.0,20.35364247853098,0.923593200750795,0.001,0.0,-inf,0.20269811788790956,14.035695971739502,5.0,-1.4542908668518066,0.0
4.445268630981445,26.047029042964624,111.48486782843932,-6.283185307179586,0.0,20.35364247853098,146.1227983236313,4.31073793023065,0,26.047029042964624,0.0,26.047029042964624,26.047029042964624,100.0,22.02748395497141,0.6892620697693497,0.001,0.0,-inf,0.18742830609911862,13.999601173688859,5.0,-1.4542908668518066,0.0
4.462004661560059,27.687542504399488,49.03552641655387,-6.283185307179586,0.0,22.02748395497141,200.65142214298248,5.0903619751258224,1,-inf,-6.483850364232937e-05,-inf,-inf,-100.0,20.35388089711008,-0.09036197512582245,0.001,0.0,-inf,0.17368547548920676,46.58356957661405,5.0,-2.038130044937134,-34.885164396831726
4.478748559951782,29.154195229480813,87.2800810348819,-6.283185307179586,0.0,20.35388089711008,200.65142214298248,4.8560575470252365,1,-inf,-5.353415166970699e-05,-inf,-inf,-100.0,18.679491057937717,0.1439424529747635,0.001,0.0,-inf,0.1613169279402861,13.993421521024079,5.0,-2.038130044937134,0.0
4.495486497879028,30.608443273778125,87.07808170497505,-6.283185307179586,0.0,18.679491057937717,200.65142214298248,4.621642969541106,1,-inf,-3.5520169026441876e-05,-inf,-inf,-100.0,17.005697265213108,0.37835703045889435,0.001,0.0,-inf,0.1501852351462575,14.004985470913338,5.0,-2.038130044937134,0.0
4.5122411251068115,30.608443273778125,87.07808170497505,-6.283185307179586,0.0,17.005697265213108,255.48255443572998,4.935623161487135,0,30.608443273778125,0.0,30.608443273778125,30.608443273778125,100.0,18.68115998799143,0.06437683851286469,0.001,0.0,-inf,0.14016671163163177,18.739909141360958,5.0,-2.5408222675323486,-30.003187523123774
4.528980493545532,31.89172665579459,38.37994767847849,-6.283185307179586,0.0,18.68115998799143,255.48255443572998,5.1701879426761,0,31.89172665579459,0.0,31.89172665579459,31.89172665579459,51.59051434628165,19.544752615576943,-0.17018794267610016,0.001,0.0,-inf,0.1311500404684686,14.012761714855433,5.0,-2.5408222675323486,0.0
4.545725107192993,33.03961393366419,68.63373962733019,-6.283185307179586,0.0,19.544752615576943,255.48255443572998,5.291090910538072,0,33.03961393366419,0.0,33.03961393366419,33.03961393366419,82.12860094541743,20.919964307814453,-0.2910909105380721,0.001,0.0,-inf,0.12303503642162174,7.2204095243669615,5.0,-2.5408222675323486,0.0
4.562482118606567,34.12294913988831,64.6147320725616,-6.283185307179586,0.0,20.919964307814453,156.22267127037048,4.491021715797729,0,34.12294913988831,0.0,34.12294913988831,34.12294913988831,77.81771690463546,22.223956678163717,0.5089782842022714,0.001,0.0,-inf,0.11573153277945956,47.745339248992686,5.0,-2.973644495010376,-25.829321040350578
4.579219341278076,34.12294913988831,64.6147320725616,-6.283185307179586,0.0,22.223956678163717,156.22267127037048,4.6735806476466255,0,34.12294913988831,0.0,34.12294913988831,34.12294913988831,76.51372453428618,23.50458392312055,0.3264193523533745,0.001,0.0,-inf,0.10915837950151361,10.907361121487668,5.0,-2.973644495010376,0.0
4.595956325531006,34.98935669225455,25.850067666720577,-6.283185307179586,0.0,23.50458392312055,152.5067389011383,4.815709138248261,0,34.98935669225455,0.0,34.98935669225455,34.98935669225455,37.33484043585458,24.12945655958109,0.18429086175173914,0.001,0.0,-inf,0.10324254155136225,8.491881718581219,5.0,-3.346308469772339,-22.265897435897436
4.612704038619995,35.81396186200413,49.409916740258,-6.283185307179586,0.0,24.12945655958109,152.5067389011383,4.903191307352736,0,35.81396186200413,0.0,35.81396186200413,35.81396186200413,61.09442204268103,25.15264841128953,0.09680869264726422,0.001,0.0,-inf,0.09791828739622603,5.223529244837008,5.0,-3.346308469772339,0.0
4.6294403076171875,36.55171033915864,44.189095162057626,-6.283185307179586,0.0,25.15264841128953,152.5067389011383,5.046438166591917,1,-inf,-1.1238414771663744e-05,-inf,-inf,-100.0,23.47902151157029,-0.04643816659191735,0.001,0.0,-inf,0.09312645865660343,8.559067690846279,5.0,-3.346308469772339,0.0
4.646211624145508,37.21149176929185,39.3801783289706,-6.283185307179586,0.0,23.47902151157029,183.9951127767563,5.127014139387404,1,-inf,-7.670929310502945e-06,-inf,-inf,-100.0,21.80188985873826,-0.1270141393874038,0.001,0.0,-inf,0.09511674907548764,4.804391632548618,5.0,-3.667175769805908,-19.131908904810643
4.6629486083984375,37.80137054404888,35.11447656762821,-6.283185307179586,0.0,21.80188985873826,183.9951127767563,4.892215707990919,1,-inf,-1.2856088509990471e-05,-inf,-inf,-100.0,20.12819143344529,0.10778429200908057,0.001,0.0,-inf,0.09060507416793889,14.028717948717949,5.0,-3.667175769805908,0.0
4.679691791534424,37.80137054404888,35.11447656762821,-6.283185307179586,0.0,20.12819143344529,183.9951127767563,4.657897928449904,0,37.80137054404888,0.0,37.80137054404888,37.80137054404888,52.7876556782318,21.012024819785314,0.3421020715500962,0.001,0.0,-inf,0.08654456675114501,13.994816734542763,5.0,-3.667175769805908,0.0
4.696455955505371,38.273308656025954,14.10438647326841,-6.283185307179586,0.0,21.012024819785314,160.93473136425018,4.5510307884124455,0,38.273308656025954,0.0,38.273308656025954,38.273308656025954,31.36567030950905,21.537844059912597,0.44896921158755454,0.001,0.0,-inf,0.08289011007603052,6.374737220577291,5.0,-3.9434454441070557,-16.47977643143613
4.713195085525513,38.66392006015736,23.191209212173273,-6.283185307179586,0.0,21.537844059912597,160.93473136425018,4.624645482030266,0,38.66392006015736,0.0,38.66392006015736,38.66392006015736,40.317285212418035,22.212720339142393,0.3753545179697344,0.001,0.0,-inf,0.09900657710780629,4.397761026364106,5.0,-3.9434454441070557,0.0
4.729930877685547,38.98043562677203,18.872702431146944,-6.283185307179586,0.0,22.212720339142393,160.93473136425018,4.719128161122438,0,38.98043562677203,0.0,38.98043562677203,38.98043562677203,35.640417718776575,22.809190962580633,0.2808718388775624,0.001,0.0,-inf,0.09410591939702567,5.6455456777122786,5.0,-3.9434454441070557,0.0
4.746668338775635,38.98043562677203,18.872702431146944,-6.283185307179586,0.0,22.809190962580633,83.97465944290161,4.033033329190305,0,38.98043562677203,0.0,38.98043562677203,38.98043562677203,35.04394709533834,23.395737663531957,0.9669666708096951,0.001,0.0,-inf,0.08969532745732312,40.991571436031336,5.0,-4.181317329406738,-14.211945528617418
4.763412237167358,39.06694766803605,2.586594342347176,-6.024448036496016,7.735898387394023,23.395737663531957,83.97465944290161,4.11514986732349,0,39.06694766803605,0.0,39.06694766803605,39.06694766803605,18.25780434685127,23.701444484371603,0.8848501326765099,0.001,0.0,-inf,0.08881054434197513,4.904266390781176,5.0,-4.181317329406738,0.0
4.78021764755249,39.06694766803605,2.586594342347176,-6.024448036496016,7.735898387394023,23.701444484371603,86.24393492937088,4.1806415771057335,0,39.06694766803605,0.0,39.06694766803605,39.06694766803605,17.952097526011624,24.003136850570137,0.8193584228942665,0.001,0.0,-inf,0.12046863473214123,3.897061022692164,5.0,-4.386126518249512,-12.187098330188546
4.796954393386841,39.050249261065574,-0.49900748209814916,-5.763278236656353,7.804677682638286,24.003136850570137,86.24393492937088,4.222878508373528,0,39.050249261065574,0.0,39.050249261065574,39.050249261065574,14.548104928397288,24.246624785128184,0.7771214916264721,0.001,0.0,-inf,0.19321672935166956,2.523604748845924,5.0,-4.386126518249512,0.0
4.813699722290039,39.050249261065574,-0.49900748209814916,-5.763278236656353,7.804677682638286,24.246624785128184,88.3580818772316,4.278108288690262,0,39.050249261065574,0.0,39.050249261065574,39.050249261065574,14.304616993839241,24.486160301524297,0.7218917113097376,0.001,0.0,-inf,0.23373018662941597,3.2982200968406197,5.0,-4.562469005584717,-10.530846444080586
4.8304362297058105,38.89131123938157,-4.759396432430797,-5.191335951387951,17.126802279411987,24.486160301524297,88.3580818772316,4.3116432609857185,0,38.89131123938157,0.0,38.89131123938157,38.89131123938157,9.645754505426478,24.64759654333508,0.6883567390142815,0.001,0.0,-inf,0.3119045500583526,2.003701935079642,5.0,-4.562469005584717,0.0
4.847170352935791,38.74913921763174,-8.502355165230139,-4.679726519237722,30.595929103948606,24.64759654333508,88.3580818772316,4.334244334839227,0,38.74913921763174,0.0,38.74913921763174,38.74913921763174,5.599187509066525,24.741294037099568,0.6657556651607726,0.001,0.0,-inf,0.4033059363363397,1.3505980291227564,5.0,-4.562469005584717,0.0
4.863907814025879,38.39770859462291,-21.000240316404547,-3.701372739134074,58.46293166126015,24.741294037099568,86.94322407245636,4.333213405918503,0,38.39770859462291,0.0,38.39770859462291,38.39770859462291,-7.343825758881202,24.618377039207907,0.666786594081497,0.001,0.0,-inf,0.5129753427027057,0.06159410409831842,5.0,-4.714303016662598,-9.071507934246888
4.880643129348755,38.39770859462291,-21.000240316404547,-3.701372739134074,58.46293166126015,24.618377039207907,86.94322407245636,4.316005026213671,0,38.39770859462291,0.0,38.39770859462291,38.39770859462291,-7.220908760989541,24.49753285417503,0.6839949737863291,0.001,0.0,-inf,0.5946558578571897,1.028267431645552,5.0,-4.714303016662598,0.0
4.897378921508789,37.86351171818992,-15.973138585108883,-2.6234775242836834,32.23038247995218,24.49753285417503,86.94322407245636,4.299086840309068,0,37.86351171818992,0.0,37.86351171818992,37.86351171818992,-2.6071597210939945,24.45389997095479,0.7009131596909324,0.001,0.0,-inf,0.6687279895480208,1.0108984231415492,5.0,-4.714303016662598,0.0
4.914117097854614,37.86351171818992,-15.973138585108883,-2.6234775242836834,32.23038247995218,24.45389997095479,80.35048842430115,4.227050880176682,0,37.86351171818992,0.0,37.86351171818992,37.86351171818992,-2.563526837873754,24.410991206675202,0.772949119823318,0.001,0.0,-inf,0.6292917730448316,4.303692268743049,5.0,-4.709497928619385,0.2870735702585286
4.930856227874756,36.81362951384852,-31.33579404098822,-1.1713349308185872,43.342044506329934,24.410991206675202,80.35048842430115,4.22104365317754,0,36.81362951384852,0.0,36.81362951384852,36.81362951384852,-18.933155733814903,24.094066651155284,0.7789563468224596,0.001,0.0,-inf,0.7163625957403486,0.3588733101369842,5.0,-4.709497928619385,0.0
4.9476001262664795,35.8748834587276,-55.933550217033996,0.1270899071788909,77.36438463096535,24.094066651155284,62.42947280406952,3.9974640592024353,0,35.8748834587276,0.0,35.8748834587276,35.8748834587276,-44.152733409461675,23.354777769230395,1.0025359407975647,0.001,0.0,-inf,0.6497263361663137,13.35289959031396,5.0,-4.419561386108398,17.31595209956001
4.964436292648315,34.85965725822364,-60.83965300297998,1.4398358799217126,78.66917680324487,23.354777769230395,62.42947280406952,3.8939636157329507,0,34.85965725822364,0.0,34.85965725822364,34.85965725822364,-49.33477351398673,22.524169313938717,1.1060363842670493,0.001,0.0,-inf,0.5897537025496824,6.147506571397887,5.0,-4.419561386108398,0.0
4.981176137924194,33.95225497936351,-53.87694126402745,2.6131593093603835,69.66598934596531,22.524169313938717,62.42947280406952,3.7776784319921157,0,33.95225497936351,0.0,33.95225497936351,33.95225497936351,-42.44885559860266,21.81358203907998,1.2223215680078843,0.001,0.0,-inf,0.5357783322947142,6.946610427062597,5.0,-4.419561386108398,0.0
4.997933387756348,32.77873299963544,-70.03269544073783,4.119661742868907,89.90409036146056,21.81358203907998,43.85588318109512,3.4924603172821485,0,32.77873299963544,0.0,32.77873299963544,32.77873299963544,-59.06754448018236,20.82377243925373,1.5075396827178515,0.001,0.0,-inf,0.48720049906524276,17.020580200618546,5.0,-3.9680898189544678,26.94186526285836
5.014678716659546,31.728610936167698,-63.01189086253205,5.4677502076982805,80.89117082099716,20.82377243925373,43.85588318109512,3.353886973306474,0,31.728610936167698,0.0,31.728610936167698,31.728610936167698,-52.10705236561808,19.95122270921528,1.6461130266935262,0.001,0.0,-inf,0.4434804491587185,8.275343218203862,5.0,-3.9680898189544678,0.0
5.031416177749634,30.59681623127913,-67.72077745289356,6.283185307179586,48.791444827168235,19.95122270921528,43.85588318109512,3.2317300111010905,0,30.59681623127913,0.0,30.59681623127913,30.59681623127913,-57.07518393082971,18.995929038963407,1.7682699888989095,0.001,0.0,-inf,0.40413240424284663,7.298416501038261,5.0,-3.9680898189544678,0.0
5.048235177993774,30.59681623127913,-67.72077745289356,6.283185307179586,48.791444827168235,18.995929038963407,-0.32411585561931133,2.656188906898684,0,30.59681623127913,0.0,30.59681623127913,30.59681623127913,-56.11989026057783,18.052048590969605,2.343811093101316,0.001,0.0,-inf,0.36871916381856196,34.21969771377538,5.0,-3.0533607006073,54.38665230210932
5.064971923828125,29.103925035001993,-44.62272680446665,6.283185307179586,0.0,18.052048590969605,-0.32411585561931133,2.524045644179552,0,29.103925035001993,0.0,29.103925035001993,29.103925035001993,-33.570850360434264,17.490181801044,2.475954355820448,0.001,0.0,-inf,0.3368472474367058,7.8953975896509325,5.0,-3.0533607006073,0.0
5.081711769104004,27.768303162598148,-79.98863656615892,6.283185307179586,0.0,17.490181801044,-0.32411585561931133,2.445384293589967,0,27.768303162598148,0.0,27.768303162598148,27.768303162598148,-69.71051520460477,16.32323856241711,2.554615706410033,0.001,0.0,-inf,0.31785983772503845,4.699048843834383,5.0,-3.0533607006073,0.0
5.098445177078247,26.47486548630221,-77.25159939963483,6.283185307179586,0.0,16.32323856241711,-50.674229860305786,1.7785111001353378,0,26.47486548630221,0.0,26.47486548630221,26.47486548630221,-67.09997247574972,15.200427347919902,3.2214888998646622,0.001,0.0,-inf,0.2910738539525346,39.852801920631535,5.0,-1.843001365661621,72.33190852746313
5.115178108215332,26.47486548630221,-77.25159939963483,6.283185307179586,0.0,15.200427347919902,-50.674229860305786,1.6213175301057285,0,26.47486548630221,0.0,26.47486548630221,26.47486548630221,-65.97716126125252,14.096436051915013,3.3786824698942715,0.001,0.0,-inf,0.2669664685572812,9.394263846650471,5.0,-1.843001365661621,0.0
5.1319146156311035,25.16726755067748,-39.09041390559331,6.283185307179586,0.0,14.096436051915013,-50.674229860305786,1.4667587486650442,0,25.16726755067748,0.0,25.16726755067748,25.16726755067748,-28.019582406830843,13.627486103176269,3.533241251334956,0.001,0.0,-inf,0.24526982170155306,9.234828844579448,5.0,-1.843001365661621,0.0
5.148704290390015,25.16726755067748,-39.09041390559331,6.283185307179586,0.0,13.627486103176269,-93.26525032520294,0.9751955511926484,0,25.16726755067748,0.0,25.16726755067748,25.16726755067748,-27.550632458092096,13.164919944802602,4.024804448807352,0.001,0.0,-inf,0.22574283953139776,29.277708146877483,5.0,-0.800870418548584,62.06975192059187
5.16547703742981,24.031845282674873,-33.93672127908277,6.283185307179586,0.0,13.164919944802602,-93.26525032520294,0.910436289020335,0,24.031845282674873,0.0,24.031845282674873,24.031845282674873,-23.069795941210497,12.77797609322099,4.0895637109796645,0.001,0.0,-inf,0.24487027020156837,3.8609812703110573,5.0,-0.800870418548584,0.0
5.182230472564697,23.01617022279512,-60.75457388659107,6.283185307179586,0.0,12.77797609322099,-121.88199162483215,0.5700967368026173,0,23.01617022279512,0.0,23.01617022279512,23.01617022279512,-50.516379757016935,11.931653201712454,4.4299032631973825,0.001,0.0,-inf,0.22538324318141154,20.31461306159163,5.0,0.09641452878713608,53.558266714340604
5.198968887329102,22.053145968128582,-57.483832858167816,6.283185307179586,0.0,11.931653201712454,-121.88199162483215,0.45161153199142223,0,22.053145968128582,0.0,22.053145968128582,22.053145968128582,-47.36234009175169,11.138882709043937,4.548388468008578,0.001,0.0,-inf,0.2078449188632704,7.078639553320438,5.0,0.09641452878713608,0.0
5.215717315673828,22.053145968128582,-57.483832858167816,6.283185307179586,0.0,11.138882709043937,-121.88199162483215,0.34062366301782987,0,22.053145968128582,0.0,22.053145968128582,22.053145968128582,-46.56956959908317,10.358915609568935,4.65937633698217,0.001,0.0,-inf,0.19206042697694337,6.626763221549572,5.0,0.09641452878713608,0.0
5.232504367828369,21.241459824104513,-24.223952018448216,6.283185307179586,0.0,10.358915609568935,-130.24155795574188,0.14783260578223234,0,21.241459824104513,0.0,21.241459824104513,21.241459824104513,-13.341407803912638,10.134952700949654,4.852167394217767,0.001,0.0,-inf,0.17785438427924904,11.484509338552702,5.0,0.8689855933189392,46.02184215665388
5.2492451667785645,20.515245355939406,-43.51128862183295,6.283185307179586,0.0,10.134952700949654,-130.24155795574188,0.11647779857553298,0,20.515245355939406,0.0,20.515245355939406,20.515245355939406,-33.1309959668432,9.580313358449,4.8835222014244675,0.001,0.0,-inf,0.26582919984056447,1.8729576348166797,5.0,0.8689855933189392,0.0
5.265990972518921,19.867137108555376,-37.97179754481579,6.283185307179586,0.0,9.580313358449,-130.24155795574188,0.03882829062544135,0,19.867137108555376,0.0,19.867137108555376,19.867137108555376,-27.684973794709418,9.116706165355938,4.961171709374558,0.001,0.0,-inf,0.25594447292663836,4.636952628858025,5.0,0.8689855933189392,0.0
5.2828779220581055,19.28624606674625,-35.368041171527445,6.283185307179586,0.0,9.116706165355938,-137.75458931922913,-0.1012070300424599,0,19.28624606674625,0.0,19.28624606674625,19.28624606674625,-25.19850127013713,8.691180345944053,5.10120703004246,0.001,0.0,-inf,0.23535002563397453,8.292517268613999,5.0,1.5341768264770508,39.39084626353612
5.2996134757995605,18.766581478820232,-31.104707306511077,6.283185307179586,0.0,8.691180345944053,-137.75458931922913,-0.16078064476012366,0,18.766581478820232,0.0,18.766581478820232,18.766581478820232,-21.0293061736349,8.339243262329672,5.160780644760123,0.001,0.0,-inf,0.2632245663896021,3.5597038280302584,5.0,1.5341768264770508,0.0
5.3163299560546875,18.301789764007495,-27.76677845583782,6.283185307179586,0.0,8.339243262329672,-142.14520156383514,-0.2539579589121972,0,18.301789764007495,0.0,18.301789764007495,18.301789764007495,-17.804231954159995,8.041619170410257,5.253957958912197,0.001,0.0,-inf,0.2419021097506419,5.573979254603911,5.0,2.1069133281707764,34.26178794534615
5.333065986633301,17.862414937052765,-26.304190610841147,6.283185307179586,0.0,8.041619170410257,-142.14520156383514,-0.2956253317809152,0,17.862414937052765,0.0,17.862414937052765,17.862414937052765,-16.48339484419864,7.7657525702583925,5.295625331780915,0.001,0.0,-inf,0.3035999640643579,2.4896807324171673,5.0,2.1069133281707764,0.0
5.349799871444702,17.862414937052765,-26.304190610841147,6.283185307179586,0.0,7.7657525702583925,-140.45889675617218,-0.31738360772554675,0,17.862414937052765,0.0,17.862414937052765,17.862414937052765,-16.207528244046774,7.49453765954498,5.317383607725547,0.001,0.0,-inf,0.3974540530298178,1.3002525229411688,5.0,2.6000449657440186,29.46904697451095
5.366537094116211,17.510873850686608,-10.508211356580293,6.283185307179586,0.0,7.49453765954498,-140.45889675617218,-0.3553536952254246,0,17.510873850686608,0.0,17.510873850686608,17.510873850686608,-0.4918751654386657,7.486305035374447,5.355353695225425,0.001,0.0,-inf,0.45072037901664763,2.2686014427299845,5.0,2.6000449657440186,0.0
5.38327169418335,17.196433004114297,-18.795486618615517,6.283185307179586,0.0,7.486305035374447,-140.45889675617218,-0.3565062626092992,0,17.196433004114297,0.0,17.196433004114297,17.196433004114297,-9.085358649875666,7.334265191902259,5.356506262609299,0.001,0.0,-inf,0.5556483411149828,0.06887331512259207,5.0,2.6000449657440186,0.0
5.400009632110596,17.196433004114297,-18.795486618615517,6.283185307179586,0.0,7.334265191902259,-128.0214637517929,-0.2534175106516128,0,17.196433004114297,0.0,17.196433004114297,17.196433004114297,-8.933318806403477,7.184739856236377,5.253417510651612,0.001,0.0,-inf,0.5050835070034846,6.158987588899948,5.0,3.0246353149414062,25.366944903424308
5.416749954223633,16.944878814095635,-7.515669264827208,6.283185307179586,0.0,7.184739856236377,-128.0214637517929,-0.27435105764483625,0,16.944878814095635,0.0,16.944878814095635,16.944878814095635,2.24446969303205,7.222313001870683,5.274351057644836,0.001,0.0,-inf,0.5803928131688437,1.2504865110642491,5.0,3.0246353149414062,0.0
5.433483839035034,16.705396231925562,-14.326136753376796,6.283185307179586,0.0,7.222313001870683,-128.0214637517929,-0.26909081725603334,0,16.705396231925562,0.0,16.705396231925562,16.705396231925562,-4.843053523321917,7.141269902075962,5.269090817256034,0.001,0.0,-inf,0.6723535318519593,0.3143466354697819,5.0,3.0246353149414062,0.0
5.450298309326172,16.705396231925562,-14.326136753376796,6.283185307179586,0.0,7.141269902075962,-113.13747614622116,-0.13159697517157687,0,16.705396231925562,0.0,16.705396231925562,16.705396231925562,-4.762010423527196,7.061199219283476,5.131596975171577,0.001,0.0,-inf,0.6101181786667634,8.17711409897489,5.0,3.390212059020996,21.74179369018079
5.467190742492676,16.4679967518746,-7.087519316504106,6.283185307179586,0.0,7.061199219283476,-113.13747614622116,-0.14280687076252485,0,16.4679967518746,0.0,16.4679967518746,16.4679967518746,2.3192782160870182,7.100377471543253,5.1428068707625245,0.001,0.0,-inf,0.6938346584787511,0.6636045548000831,5.0,3.390212059020996,0.0
5.483930587768555,16.255660913324423,-12.68716692984553,6.283185307179586,0.0,7.100377471543253,-113.13747614622116,-0.13732191544615602,0,16.255660913324423,0.0,16.255660913324423,16.255660913324423,-3.531883488064361,7.041254288420625,5.137321915446156,0.001,0.0,-inf,0.774451192630876,0.32765866266830546,5.0,3.390212059020996,0.0
5.5007758140563965,16.058438011148557,-11.81209475072263,6.283185307179586,0.0,7.041254288420625,-96.2069109082222,0.023706491296665577,0,16.058438011148557,0.0,16.058438011148557,16.058438011148557,-2.794911027994699,6.994173379699669,4.976293508703335,0.001,0.0,-inf,0.7020060733677884,9.559290210250568,5.0,3.704976797103882,18.685693662071504
5.517513751983643,16.058438011148557,-11.81209475072263,6.283185307179586,0.0,6.994173379699669,-96.2069109082222,0.01711516407573177,0,16.058438011148557,0.0,16.058438011148557,16.058438011148557,-2.7478301192737433,6.9481803697286475,4.982884835924268,0.001,0.0,-inf,0.7818054660310096,0.3937956544936407,5.0,3.704976797103882,0.0
5.534264326095581,15.900695601430193,-4.70793066433767,6.283185307179586,0.0,6.9481803697286475,-79.91182804107666,0.17362697135124416,0,15.900695601430193,0.0,15.900695601430193,15.900695601430193,4.2445845673638765,7.019279598098667,4.826373028648756,0.001,0.0,-inf,0.7086249194279087,9.343668236658422,5.0,3.97599196434021,16.17945542792889
5.550994873046875,15.759624016091767,-8.419978009638182,6.283185307179586,0.0,7.019279598098667,-79.91182804107666,0.1835808633230468,0,15.759624016091767,0.0,15.759624016091767,15.759624016091767,0.3203664083549178,7.0246395033352655,4.816419136676953,0.001,0.0,-inf,0.7847028252881019,0.5949531716315344,5.0,3.97599196434021,0.0
5.567739963531494,15.633458811395776,-7.531671259852135,6.283185307179586,0.0,7.0246395033352655,-79.91182804107666,0.18433125005617068,0,15.633458811395776,0.0,15.633458811395776,15.633458811395776,1.0771480482083762,7.042676444867846,4.815668749943829,0.001,0.0,-inf,0.8562325427592917,0.044812342687138004,5.0,3.97599196434021,0.0
5.584480285644531,15.633458811395776,-7.531671259852135,6.283185307179586,0.0,7.042676444867846,-65.97911566495895,0.326183545631909,0,15.633458811395776,0.0,15.633458811395776,15.633458811395776,1.0591111066757959,7.060406305947094,4.673816454368091,0.001,0.0,-inf,0.7756092884833625,8.473689730573696,5.0,4.209339618682861,13.93925712820805
5.601216793060303,15.554131310154876,-2.3704850760874603,6.283185307179586,0.0,7.060406305947094,-65.97911566495895,0.3286657261830037,0,15.554131310154876,0.0,15.554131310154876,15.554131310154876,6.123239928120322,7.162887956412628,4.6713342738169965,0.001,0.0,-inf,0.8480483596350263,0.1483093508957351,5.0,4.209339618682861,0.0
5.617960691452026,15.554131310154876,-2.3704850760874603,6.283185307179586,0.0,7.162887956412628,-65.97911566495895,0.3430131572481785,0,15.554131310154876,0.0,15.554131310154876,15.554131310154876,6.020758277654787,7.263698921254808,4.656986842751822,0.001,0.0,-inf,0.9017442120910716,0.8568751869795501,5.0,4.209339618682861,0.0
5.634836912155151,15.490641989317675,-1.9004811078066017,6.283185307179586,0.0,7.263698921254808,-51.84873193502426,0.49843052962543055,0,15.490641989317675,0.0,15.490641989317675,15.490641989317675,6.326461960256264,7.370465689566018,4.5015694703745694,0.001,0.0,-inf,0.8165697908819645,9.209252184552975,5.0,4.410254001617432,11.905176311030742
5.651581048965454,15.490641989317675,-1.9004811078066017,6.283185307179586,0.0,7.370465689566018,-51.84873193502426,0.5133778771890001,0,15.490641989317675,0.0,15.490641989317675,15.490641989317675,6.219695191945055,7.474609116778328,4.486622122811,0.001,0.0,-inf,0.8722594210208658,0.8926914377797225,5.0,4.410254001617432,0.0
5.668341875076294,15.676425060272996,5.548139734994069,6.283185307179586,0.0,7.474609116778328,-51.84873193502426,0.5279579569987234,0,15.676425060272996,0.0,15.676425060272996,15.676425060272996,13.749955678488735,7.705069732937233,4.472042043001276,0.001,0.0,-inf,0.9231147919435776,0.8698902854372934,5.0,4.410254001617432,0.0
5.685108184814453,16.11186435835475,26.092789337831324,6.173624344667253,-6.565211562387721,7.705069732937233,-38.02141919732094,0.6984955706380034,0,16.11186435835475,0.0,16.11186435835475,16.11186435835475,34.49958396324884,8.283500443502692,4.301504429361996,0.001,0.0,-inf,0.8358033127492198,10.171445971270945,5.0,4.583243370056152,10.317677004678412
5.701848030090332,16.50133427766016,23.27233827336546,6.075629746070668,-5.85555734720062,8.283500443502692,-38.02141919732094,0.7794758701171676,0,16.50133427766016,0.0,16.50133427766016,16.50133427766016,31.490172107522927,8.810641052293423,4.220524129882833,0.001,0.0,-inf,0.7624565941715097,4.837577536983083,5.0,4.583243370056152,0.0
5.718588829040527,17.271350950213222,46.06989629344981,5.619254764768945,-27.30479586862007,8.810641052293423,-26.484278962016106,0.9686469577009182,0,17.271350950213222,0.0,17.271350950213222,17.271350950213222,54.53060619136961,9.723526967175417,4.031353042299082,0.001,0.0,-inf,0.6912109347543587,11.300003550998003,5.0,4.7321882247924805,8.897117466104591
5.735336065292358,17.96000790788171,41.11302425667237,5.211100217754771,-24.366947295031576,9.723526967175417,-26.484278962016106,1.0964509857843974,0,17.96000790788171,0.0,17.96000790788171,17.96000790788171,49.34950519737866,10.54999478962688,3.903549014215603,0.001,0.0,-inf,0.6270898412789229,7.631350400846331,5.0,4.7321882247924805,0.0
5.752075433731079,19.791804455082776,109.76187298367981,3.4128667347352257,-107.75076274697577,10.54999478962688,-26.484278962016106,1.2121564809276022,0,19.791804455082776,0.0,19.791804455082776,19.791804455082776,100.0,12.22393163349895,3.787843519072398,0.001,0.0,-inf,0.5693808571510306,6.912178052999923,5.0,4.7321882247924805,0.0
5.768855810165405,19.791804455082776,109.76187298367981,3.4128667347352257,-107.75076274697577,12.22393163349895,-0.7691758219152689,1.7036586704707004,0,19.791804455082776,0.0,19.791804455082776,19.791804455082776,100.0,13.901969276931567,3.2963413295293,0.001,0.0,-inf,0.5174427714359275,29.290295808720625,5.0,4.860430717468262,7.642408570373107
5.7858006954193115,22.55050490027342,81.59790915611728,0.860217057977601,-75.50325980284771,13.901969276931567,-0.7691758219152689,1.9385839405512668,0,22.55050490027342,0.0,22.55050490027342,22.55050490027342,90.24644477945914,15.431184928292488,3.0614160594487334,0.001,0.0,-inf,0.4706984942923348,13.864081494822152,5.0,4.860430717468262,0.0
5.802546501159668,22.55050490027342,81.59790915611728,0.860217057977601,-75.50325980284771,15.431184928292488,-0.7691758219152689,2.152674131741796,0,22.55050490027342,0.0,22.55050490027342,22.55050490027342,88.71722912809821,16.916826413094313,2.847325868258204,0.001,0.0,-inf,0.4286286448631013,12.78470528740124,5.0,4.860430717468262,0.0
5.819263935089111,27.359324946470434,143.82650072053053,-2.7196182438189482,-107.06892328408165,16.916826413094313,53.91734465956688,2.9075291444288727,0,27.359324946470434,0.0,27.359324946470434,27.359324946470434,100.0,18.58856980603865,2.0924708555711273,0.001,0.0,-inf,0.3907657803767912,45.15376079085908,5.0,4.659233093261719,-12.035197809407
5.836000442504883,27.359324946470434,143.82650072053053,-2.7196182438189482,-107.06892328408165,18.58856980603865,53.91734465956688,3.1415732194410797,0,27.359324946470434,0.0,27.359324946470434,27.359324946470434,100.0,20.262220547615797,1.8584267805589203,0.001,0.0,-inf,0.3566892023391121,13.984045129490868,5.0,4.659233093261719,0.0
5.852774381637573,32.13829109789608,142.9264693766476,-6.109824256843456,-101.39225944434122,20.262220547615797,53.91734465956688,3.3758843232618805,0,32.13829109789608,0.0,32.13829109789608,32.13829109789608,100.0,21.93961446088484,1.6241156767381195,0.001,0.0,-inf,0.3260202821052009,13.96875843934333,5.0,4.659233093261719,0.0
5.869509696960449,36.41291787025188,255.52017572076653,-6.283185307179586,-10.362833623626926,21.93961446088484,103.28412801027298,4.1043873046266075,0,36.41291787025188,0.0,36.41291787025188,36.41291787025188,100.0,23.613145993172438,0.8956126953733925,0.001,0.0,-inf,0.2984182538946808,43.53087870229225,5.0,4.131206512451172,-31.55163620304019
5.886245250701904,40.92747196031255,270.0044528469676,-6.283185307179586,0.0,23.613145993172438,103.28412801027298,4.338681719146871,0,40.92747196031255,0.0,40.92747196031255,40.92747196031255,100.0,25.286701367317946,0.6613182808531288,0.001,0.0,-inf,0.27357642850521274,13.999800552753797,5.0,4.131206512451172,0.0
5.9030327796936035,40.92747196031255,270.0044528469676,-6.283185307179586,0.0,25.286701367317946,168.73377561569214,5.227475947581434,1,-inf,-1.5580391553489996e-05,-inf,-inf,-100.0,23.607948468148024,-0.22747594758143386,0.001,0.0,-inf,0.25121878565469147,52.943719642958584,5.0,3.1790082454681396,-56.72057319775038
5.91977334022522,44.96940413677743,120.54332223263343,-6.283185307179586,0.0,23.607948468148024,168.73377561569214,4.992450541697645,1,-inf,-2.3368029248162906e-05,-inf,-inf,-100.0,21.933892414986403,0.007549458302355205,0.001,0.0,-inf,0.23109690708922234,14.039279356262906,5.0,3.1790082454681396,0.0
5.93651270866394,44.96940413677743,120.54332223263343,-6.283185307179586,0.0,21.933892414986403,168.73377561569214,4.758082694255018,1,-inf,-2.0759526576142345e-05,-inf,-inf,-100.0,20.259955571114332,0.24191730574498216,0.001,0.0,-inf,0.2129872163803001,14.00099700897308,5.0,3.1790082454681396,0.0
5.953252077102661,48.2040848119838,96.79197322332894,-6.283185307179586,0.0,20.259955571114332,230.34867644309998,5.139880544387006,0,48.2040848119838,0.0,48.2040848119838,48.2040848119838,100.0,21.933892414986403,-0.13988054438700637,0.001,0.0,-inf,0.1966884947422701,22.80837843612021,5.0,1.9511854648590088,-73.34940891610881
5.969987869262695,50.0,107.18615539810331,-6.283185307179586,0.0,21.933892414986403,230.34867644309998,5.374231702529096,0,50.0,0.0,50.0,50.0,100.0,23.60747163098982,-0.3742317025290962,0.001,0.0,-inf,0.1820196452680431,14.002991666073083,5.0,1.9511854648590088,0.0
5.987238883972168,50.0,0.0,-6.283185307179586,0.0,23.60747163098982,136.33739948272705,4.6684200231658455,0,50.0,0.0,50.0,50.0,26.39252836901018,24.06276952610379,0.3315799768341545,0.001,0.0,-inf,0.1688176807412388,40.91421236663165,5.0,0.8940179944038391,-61.28146594615512
6.003976106643677,50.0,0.0,-6.283185307179586,0.0,24.06276952610379,136.33739948272705,4.732161728481801,0,50.0,0.0,50.0,50.0,25.93723047389621,24.496886728027633,0.2678382715181993,0.001,0.0,-inf,0.19533255472773076,3.808380073980888,5.0,0.8940179944038391,0.0
6.020720720291138,50.0,0.0,-6.085198130090048,5.909694194447386,24.496886728027633,136.33739948272705,4.79293813675114,0,50.0,0.0,50.0,50.0,25.503113271972367,24.923926506574244,0.20706186324886033,0.001,0.0,-inf,0.22495632743802838,3.6296094701805646,5.0,0.8940179944038391,0.0
6.03748083114624,50.0,0.0,-5.9080711020324665,10.606238790081187,24.923926506574244,148.61422777175903,4.975491988637985,0,50.0,0.0,50.0,50.0,25.076073493425756,25.344204278134757,0.024508011362015303,0.001,0.0,-inf,0.20746069469422554,10.892162555790456,5.0,-0.01621348038315773,-54.30939464877591
6.054220199584961,50.0,0.0,-5.388982155408849,31.004768379983854,25.344204278134757,148.61422777175903,5.0343308766564565,1,-inf,-7.138239377901632e-06,-inf,-inf,-100.0,23.670267434262687,-0.03433087665645651,0.001,0.0,-inf,0.23956460990929834,3.515000475308765,5.0,-0.01621348038315773,0.0
6.070957183837891,50.0,0.0,-4.924549565102404,27.828958988152284,23.670267434262687,148.61422777175903,4.799979718514367,1,-inf,2.746341938693749e-06,-inf,-inf,-100.0,21.99656900896972,0.20002028148563333,0.001,0.0,-inf,0.22060814891836852,14.001994301994301,5.0,-0.01621348038315773,0.0
6.087845802307129,49.73181097696076,-16.016435415332072,-4.130667893060554,47.41116688364019,21.99656900896972,145.51255106925964,4.534645171948357,1,-inf,2.428392508238231e-05,-inf,-inf,-100.0,20.30770716204589,0.46535482805164285,0.001,0.0,-inf,0.2035473340265317,15.71084970918742,5.0,-0.7999317049980164,-46.40511158697555
6.10458779335022,49.49190915450266,-14.348760424711353,-3.4205207819647634,42.47458672471723,20.30770716204589,145.51255106925964,4.298204513379021,0,49.49190915450266,0.0,49.49190915450266,49.49190915450266,14.835441567745415,20.556081991893382,0.7017954866209788,0.001,0.0,-inf,0.18819260062387852,14.122612893578843,5.0,-0.7999317049980164,0.0
6.1213414669036865,48.36426175836887,-67.36595000916594,-2.2369119439116467,70.7091011676785,20.556081991893382,79.94130998849869,3.677264578750061,0,48.36426175836887,0.0,48.36426175836887,48.36426175836887,-39.55777024269045,19.8933440227443,1.3227354212499391,0.001,0.0,-inf,0.17437334056149068,37.062912360523505,5.0,-1.3732134103775024,-34.21826882026469
6.138078689575195,48.36426175836887,-67.36595000916594,-2.2369119439116467,70.7091011676785,19.8933440227443,79.94130998849869,3.5844812630691893,0,48.36426175836887,0.0,48.36426175836887,48.36426175836887,-38.895032273541375,19.24234920676652,1.4155187369308107,0.001,0.0,-inf,0.16193600650534162,5.543531176102079,5.0,-1.3732134103775024,0.0
6.154812335968018,46.56790448290996,-53.74507633185473,-0.7058210586561722,45.80859143292682,19.24234920676652,79.94130998849869,3.4933419888322996,0,46.56790448290996,0.0,46.56790448290996,46.56790448290996,-26.419521055711293,18.800254283552523,1.5066580111677004,0.001,0.0,-inf,0.15074240585480747,5.4464682769909025,5.0,-1.3732134103775024,0.0
6.171550273895264,44.96140591868469,-95.87841648772448,0.6634473727770751,81.72014085537714,18.800254283552523,34.01273861527443,2.9721629858500975,0,44.96140591868469,0.0,44.96140591868469,44.96140591868469,-69.71726485259231,17.633331031992455,2.0278370141499025,0.001,0.0,-inf,0.14066816526932674,31.137587273150565,5.0,-1.6577694416046143,-17.000662355421344
6.18828558921814,42.62800352266122,-139.3980686699832,2.627606548677654,117.33938224610095,17.633331031992455,34.01273861527443,2.808793730631688,0,42.62800352266122,0.0,42.62800352266122,42.62800352266122,-100.0,15.959799499704857,2.191206269368312,0.001,0.0,-inf,0.13160134874239407,9.761946641967082,5.0,-1.6577694416046143,0.0
6.205021858215332,42.62800352266122,-139.3980686699832,2.627606548677654,117.33938224610095,15.959799499704857,34.01273861527443,2.5744993161114245,0,42.62800352266122,0.0,42.62800352266122,42.62800352266122,-100.0,14.286172599985619,2.4255006838885755,0.001,0.0,-inf,0.12344121386815467,13.99920224511019,5.0,-1.6577694416046143,0.0
6.221761226654053,40.00794207029503,-78.3112131484248,5.355625939566892,81.53797606541978,14.286172599985619,-7.5466386042535305,1.9245977779554515,0,40.00794207029503,0.0,40.00794207029503,40.00794207029503,-52.58944367811539,13.405858526270293,3.0754022220445485,0.001,0.0,-inf,0.1160970924813392,38.82473466876157,5.0,-1.5254578590393066,7.904215923657599
6.238501071929932,40.00794207029503,-78.3112131484248,5.355625939566892,81.53797606541978,13.405858526270293,-7.5466386042535305,1.801353807635306,0,40.00794207029503,0.0,40.00794207029503,40.00794207029503,-51.70912960440006,12.540255697342268,3.198646192364694,0.001,0.0,-inf,0.1094873832332053,7.362312392321367,5.0,-1.5254578590393066,0.0
6.255251169204712,36.85567086747871,-94.30650733289576,6.283185307179586,27.74979647224208,12.540255697342268,-57.75376409292221,1.1780981566986954,0,36.85567086747871,0.0,36.85567086747871,36.85567086747871,-69.99109216275932,11.367898095247936,3.821901843301305,0.001,0.0,-inf,0.10353864490988478,37.20907650339519,5.0,-0.9482221007347107,34.46163618247812
6.272031307220459,34.03586711153252,-168.66481521890606,6.283185307179586,0.0,11.367898095247936,-57.75376409292221,1.013968092405489,0,34.03586711153252,0.0,34.03586711153252,34.03586711153252,-100.0,9.689884293673229,3.986031907594511,0.001,0.0,-inf,0.0981847804188963,9.781210627658783,5.0,-0.9482221007347107,0.0
6.288777589797974,31.360007804720382,-160.03660906886296,6.283185307179586,0.0,9.689884293673229,-57.75376409292221,0.77904616018503,0,31.360007804720382,0.0,31.360007804720382,31.360007804720382,-100.0,8.015256035921764,4.22095383981497,0.001,0.0,-inf,0.09336630237700669,14.02830336422785,5.0,-0.9482221007347107,0.0
6.3055689334869385,28.967080526468493,-142.7507780637047,6.283185307179586,0.0,8.015256035921764,-110.35750061273575,0.01856083890168958,0,28.967080526468493,0.0,28.967080526468493,28.967080526468493,-100.0,6.33612166702528,4.981439161098311,0.001,0.0,-inf,0.08902967213930603,45.290319546203214,5.0,-0.07204850018024445,52.18007663855285
6.322329998016357,26.58419362843014,-142.78747425552683,6.283185307179586,0.0,6.33612166702528,-110.35750061273575,-0.21651797274381823,0,26.58419362843014,0.0,26.58419362843014,26.58419362843014,-100.0,4.660015214083385,5.2165179727438185,0.001,0.0,-inf,0.08512670492537543,14.025291247635169,5.0,-0.07204850018024445,0.0
6.339067697525024,24.453119056582796,-127.20586621027796,6.283185307179586,0.0,4.660015214083385,-147.44572341442108,-0.8220551041725368,0,24.453119056582796,0.0,24.453119056582796,24.453119056582796,-100.0,2.986245263216686,5.822055104172537,0.001,0.0,-inf,0.08161403443283789,36.17803815364016,5.0,0.7239372730255127,47.55646215261456
6.355812311172485,22.46506273136619,-118.73994442266037,6.283185307179586,0.0,2.986245263216686,-147.44572341442108,-1.0563828972938747,0,22.46506273136619,0.0,22.46506273136619,22.46506273136619,-99.26112695451087,1.3241560421518306,6.056382897293875,0.001,0.0,-inf,0.07845263098955411,13.994219159357558,5.0,0.7239372730255127,0.0
6.3725597858428955,22.46506273136619,-118.73994442266037,6.283185307179586,0.0,1.3241560421518306,-147.44572341442108,-1.2890753882429544,0,22.46506273136619,0.0,22.46506273136619,22.46506273136619,-97.59903773344601,-0.31038137014546185,6.289075388242955,0.001,0.0,-inf,0.07560736789059871,13.894183781642402,5.0,0.7239372730255127,0.0
6.389398813247681,20.87402151198071,-47.61412839186453,6.283185307179586,0.0,-0.31038137014546185,-207.83309638500214,0.0,0,20.87402151198071,0.0,20.87402151198071,20.87402151198071,-26.42972550973836,-0.7554322423048955,5.0,0.001,0.0,-inf,0.07304663110153885,76.55284104333943,5.0,1.4092888832092285,40.7001897264541
6.406144380569458,19.451003251200568,-85.00058650578475,6.283185307179586,0.0,-0.7554322423048955,-207.83309638500214,0.0,0,19.451003251200568,0.0,19.451003251200568,19.451003251200568,-64.79415101227929,-1.8404470601384257,5.0,0.001,0.0,-inf,0.21574196799138498,0.0,5.0,1.4092888832092285,0.0
6.4230592250823975,18.140574583196837,-78.29092649881376,6.283185307179586,0.0,-1.8404470601384257,-238.5731339454651,0.0,0,18.140574583196837,0.0,18.140574583196837,18.140574583196837,-58.30990485547849,-2.8267500343331378,5.0,0.001,0.0,-inf,0.3441677711922465,0.0,5.0,1.9993829727172852,34.8861669438728
6.439809799194336,18.140574583196837,-78.29092649881376,6.283185307179586,0.0,-2.8267500343331378,-238.5731339454651,0.0,0,18.140574583196837,0.0,18.140574583196837,18.140574583196837,-57.323601881283786,-3.7869532760088376,5.0,0.001,0.0,-inf,0.4597509940730219,0.0,5.0,1.9993829727172852,0.0
6.456553220748901,17.09208369878172,-31.34467687661429,6.283185307179586,0.0,-3.7869532760088376,-238.5731339454651,0.0,0,17.09208369878172,0.0,17.09208369878172,17.09208369878172,-10.465639901823732,-3.962183896723353,5.0,0.001,0.0,-inf,0.5637758946657198,0.0,5.0,1.9993829727172852,0.0
6.473336458206177,17.09208369878172,-31.34467687661429,6.283185307179586,0.0,-3.962183896723353,-257.1016848087311,0.0,0,17.09208369878172,0.0,17.09208369878172,17.09208369878172,-10.290409281109216,-4.13489027922076,5.0,0.001,0.0,-inf,0.6573983051991478,0.0,5.0,2.507460832595825,30.27293519334034
6.490079164505005,16.253244615762004,-25.067479756801905,6.283185307179586,0.0,-4.13489027922076,-257.1016848087311,0.0,0,16.253244615762004,0.0,16.253244615762004,16.253244615762004,-4.679344861819143,-4.213235175913128,5.0,0.001,0.0,-inf,0.7416584746792331,0.0,5.0,2.507460832595825,0.0
6.506876468658447,15.530639399313877,-43.21232355883033,6.283185307179586,0.0,-4.213235175913128,-252.1703541278839,0.0,0,15.530639399313877,0.0,15.530639399313877,15.530639399313877,-23.468448983603324,-4.607441851500258,5.0,0.001,0.0,-inf,0.8174926272113098,0.0,5.0,2.9449198246002197,26.043404823073537
6.523616790771484,14.884300183041542,-38.631731982898465,6.283185307179586,0.0,-4.607441851500258,-252.1703541278839,0.0,0,14.884300183041542,0.0,14.884300183041542,14.884300183041542,-19.139989948356664,-4.927851448476042,5.0,0.001,0.0,-inf,0.8857433644901789,0.0,5.0,2.9449198246002197,0.0
6.54036021232605,14.884300183041542,-38.631731982898465,6.283185307179586,0.0,-4.927851448476042,-252.1703541278839,0.0,0,14.884300183041542,0.0,14.884300183041542,14.884300183041542,-18.819580351380882,-5.242955615779229,5.0,0.001,0.0,-inf,0.947169028041161,0.0,5.0,2.9449198246002197,0.0
6.557108163833618,14.340778026204022,-16.217407264032012,6.283185307179586,0.0,-5.242955615779229,-220.90472280979156,0.0,0,14.340778026204022,0.0,14.340778026204022,14.340778026204022,3.366326377951239,-5.186576544842653,5.0,0.001,0.0,-inf,1.002452125237045,0.0,5.0,3.3215761184692383,22.489693363323177
6.573848485946655,13.854555200752701,-29.096810365132512,6.283185307179586,0.0,-5.186576544842653,-220.90472280979156,0.0,0,13.854555200752701,0.0,13.854555200752701,13.854555200752701,-10.055678619537158,-5.354911843998885,5.0,0.001,0.0,-inf,1.0522069127133407,0.0,5.0,3.3215761184692383,0.0
6.5906617641448975,13.40812582878781,-26.74523289982771,6.283185307179586,0.0,-5.354911843998885,-220.90472280979156,0.0,0,13.40812582878781,0.0,13.40812582878781,13.40812582878781,-7.982195227041014,-5.489118712983807,5.0,0.001,0.0,-inf,1.0969862214420067,0.0,5.0,3.3215761184692383,0.0
6.607414245605469,12.961084543313609,-26.714734236106118,6.283185307179586,0.0,-5.489118712983807,-197.31298089027405,0.0,0,12.961084543313609,0.0,12.961084543313609,12.961084543313609,-8.264530979808704,-5.627570115003368,5.0,0.001,0.0,-inf,1.1372875992978062,0.0,5.0,3.6458802223205566,19.3585711236035
6.624149322509766,12.561212037411275,-23.907557068068062,6.283185307179586,0.0,-5.627570115003368,-197.31298089027405,0.0,0,12.561212037411275,0.0,12.561212037411275,12.561212037411275,-5.7187749156534196,-5.723274253015192,5.0,0.001,0.0,-inf,1.1735588393680256,0.0,5.0,3.6458802223205566,0.0
6.640923500061035,12.561212037411275,-23.907557068068062,6.283185307179586,0.0,-5.723274253015192,-197.31298089027405,0.0,0,12.561212037411275,0.0,12.561212037411275,12.561212037411275,-5.623070777641594,-5.817596640622707,5.0,0.001,0.0,-inf,1.2062029554312232,0.0,5.0,3.6458802223205566,0.0
6.657655239105225,12.197999516574908,-10.858794595592522,6.283185307179586,0.0,-5.817596640622707,-166.38924181461334,0.0,0,12.197999516574908,0.0,12.197999516574908,12.197999516574908,7.156801561605091,-5.697850904502883,5.0,0.001,0.0,-inf,1.235582659888101,0.0,5.0,3.9251105785369873,16.688663113796345
6.674389362335205,11.873116410102083,-19.421049441471354,6.283185307179586,0.0,-5.697850904502883,-166.38924181461334,0.0,0,11.873116410102083,0.0,11.873116410102083,11.873116410102083,-1.8500821268663863,-5.728810406799449,5.0,0.001,0.0,-inf,1.2620243938992908,0.0,5.0,3.9251105785369873,0.0
6.691134214401245,11.873116410102083,-19.421049441471354,6.283185307179586,0.0,-5.728810406799449,-138.4827047586441,0.0,0,11.873116410102083,0.0,11.873116410102083,11.873116410102083,-1.8191226245698218,-5.759271346037858,5.0,0.001,0.0,-inf,1.2858219545093617,0.0,5.0,4.165530204772949,14.357823245482892
6.707872152328491,11.61324677856901,-7.7589692054876265,6.283185307179586,0.0,-5.759271346037858,-138.4827047586441,0.0,0,11.61324677856901,0.0,11.61324677856901,11.61324677856901,9.613548919119243,-5.598360360969096,5.0,0.001,0.0,-inf,1.3072397590584255,0.0,5.0,4.165530204772949,0.0
6.724606990814209,11.380751387659252,-13.924837185125865,6.283185307179586,0.0,-5.598360360969096,-138.4827047586441,0.0,0,11.380751387659252,0.0,11.380751387659252,11.380751387659252,3.0542745635024833,-5.547247569457846,5.0,0.001,0.0,-inf,1.326515783152583,0.0,5.0,4.165530204772949,0.0
6.741379261016846,11.196511732848371,-10.997753093743594,6.283185307179586,0.0,-5.547247569457846,-111.79785430431366,0.0,0,11.196511732848371,0.0,11.196511732848371,11.196511732848371,5.746006208562623,-5.4508740007418055,5.0,0.001,0.0,-inf,1.3438642048373248,0.0,5.0,4.372532844543457,12.341957127423665
6.75821590423584,11.196511732848371,-10.997753093743594,6.283185307179586,0.0,-5.4508740007418055,-111.79785430431366,0.0,0,11.196511732848371,0.0,11.196511732848371,11.196511732848371,5.649632639846583,-5.355753151666325,5.0,0.001,0.0,-inf,1.3594777843535923,0.0,5.0,4.372532844543457,0.0
6.774954795837402,11.099712146605183,-2.895003649198157,6.283185307179586,0.0,-5.355753151666325,-111.79785430431366,0.0,0,11.099712146605183,0.0,11.099712146605183,11.099712146605183,13.560461649073352,-5.12876605405534,5.0,0.001,0.0,-inf,1.3735300059182332,0.0,5.0,4.372532844543457,0.0
6.791698217391968,11.099712146605183,-2.895003649198157,6.283185307179586,0.0,-5.12876605405534,-86.65259927511215,0.0,0,11.099712146605183,0.0,11.099712146605183,11.099712146605183,13.333474551462368,-4.905518068853135,5.0,0.001,0.0,-inf,1.38617700532641,0.0,5.0,4.550765514373779,10.644937132441939
6.808435678482056,11.125841184795538,0.7805222519618209,6.283185307179586,0.0,-4.905518068853135,-86.65259927511215,0.0,0,11.125841184795538,0.0,11.125841184795538,11.125841184795538,16.811881505610494,-4.624129856301811,5.0,0.001,0.0,-inf,1.397559304793769,0.0,5.0,4.550765514373779,0.0
6.82517409324646,11.125841184795538,0.7805222519618209,6.283185307179586,0.0,-4.624129856301811,-65.46595692634583,0.0,0,11.125841184795538,0.0,11.125841184795538,11.125841184795538,16.53049329305917,-4.347435603302383,5.0,0.001,0.0,-inf,1.4078033743143923,0.0,5.0,4.704225063323975,9.16810529014614
6.841912031173706,11.2262723392116,2.9987811824012507,6.283185307179586,0.0,-4.347435603302383,-65.46595692634583,0.0,0,11.2262723392116,0.0,11.2262723392116,11.2262723392116,18.572489124915236,-4.036570433175099,5.0,0.001,0.0,-inf,1.417023036882953,0.0,5.0,4.704225063323975,0.0
6.858645677566528,11.2262723392116,2.9987811824012507,6.283185307179586,0.0,-4.036570433175099,-65.46595692634583,0.0,0,11.2262723392116,0.0,11.2262723392116,11.2262723392116,18.26162395478795,-3.730986875356985,5.0,0.001,0.0,-inf,1.425320733194658,0.0,5.0,4.704225063323975,0.0
6.87537956237793,11.411685080832997,5.544818319990257,6.283185307179586,0.0,-3.730986875356985,-40.411822497844696,0.0,0,11.411685080832997,0.0,11.411685080832997,11.411685080832997,20.687490276180238,-3.3848047960383987,5.0,0.001,0.0,-inf,1.4327886598751922,0.0,5.0,4.836355209350586,7.8959636399903115
6.892115354537964,11.411685080832997,5.544818319990257,6.283185307179586,0.0,-3.3848047960383987,-40.411822497844696,0.0,0,11.411685080832997,0.0,11.411685080832997,11.411685080832997,20.341308196861654,-3.0443768897925225,5.0,0.001,0.0,-inf,1.439509793887673,0.0,5.0,4.836355209350586,0.0
6.908850431442261,11.61490362348276,6.0849849104063045,6.283185307179586,0.0,-3.0443768897925225,-16.153527423739433,0.0,0,11.61490362348276,0.0,11.61490362348276,11.61490362348276,20.744265423681586,-2.6972200126040646,5.0,0.001,0.0,-inf,1.4455588144989058,0.0,5.0,4.95012092590332,6.798039662639617
6.925619602203369,11.796674716351408,10.864933119142272,6.283185307179586,0.0,-2.6972200126040646,-16.153527423739433,0.0,0,11.796674716351408,0.0,11.796674716351408,11.796674716351408,25.358827848097746,-2.2719734981177626,5.0,0.001,0.0,-inf,1.4510029330490153,0.0,5.0,4.95012092590332,0.0
6.942346572875977,12.00880521502352,12.688454395231648,6.283185307179586,0.0,-2.2719734981177626,-16.153527423739433,0.0,0,12.00880521502352,0.0,12.00880521502352,12.00880521502352,26.969233108372933,-1.8208599268512955,5.0,0.001,0.0,-inf,1.4559026397441137,0.0,5.0,4.95012092590332,0.0
6.959094047546387,12.00880521502352,12.688454395231648,6.283185307179586,0.0,-1.8208599268512955,-16.153527423739433,0.0,0,12.00880521502352,0.0,12.00880521502352,12.00880521502352,26.518119537106465,-1.3767483915966963,5.0,0.001,0.0,-inf,1.4603123757697025,0.0,5.0,4.95012092590332,0.0
6.975828170776367,12.17847449326749,5.0643647339581905,6.283185307179586,0.0,-1.3767483915966963,1.3878176687285304,0.0,0,12.17847449326749,0.0,12.17847449326749,12.17847449326749,18.619587618822376,-1.065165917891904,5.0,0.001,0.0,-inf,1.4642811381927325,0.0,5.0,5.048074245452881,5.853507722117741
6.992568254470825,12.330265780174521,9.088374376738727,6.283185307179586,0.0,-1.065165917891904,1.3878176687285304,0.0,0,12.330265780174521,0.0,12.330265780174521,12.330265780174521,22.483806074805152,-0.6887851224297024,5.0,0.001,0.0,-inf,1.4678530243734595,0.0,5.0,5.048074245452881,0.0
7.009310245513916,12.465997488430832,8.091820721573157,6.283185307179586,0.0,-0.6887851224297024,1.3878176687285304,0.0,0,12.465997488430832,0.0,12.465997488430832,12.465997488430832,21.246603332433693,-0.3330746797419939,5.0,0.001,0.0,-inf,1.4710677219361137,0.0,5.0,5.048074245452881,0.0
7.026052236557007,12.587306239687509,7.198825402607367,6.283185307179586,0.0,-0.3330746797419939,22.82344363629818,0.0,0,12.587306239687509,0.0,12.587306239687509,12.587306239687509,20.11920632203687,0.003760892295643581,5.0,0.001,0.0,-inf,1.4739609497425024,0.0,5.0,5.132412910461426,5.037552868799931
7.042809724807739,12.695827383775528,6.494737222050383,6.283185307179586,0.0,0.003760892295643581,22.82344363629818,0.2287609612843719,0,12.695827383775528,0.0,12.695827383775528,12.695827383775528,19.186803713530267,0.3252835300942362,4.7712390387156285,0.001,0.0,-inf,1.3315648547682521,13.651267890602485,5.0,5.132412910461426,0.0
7.059549808502197,12.792875893914134,5.790445598935857,6.283185307179586,0.0,0.3252835300942362,40.27612507343292,0.4483009449475223,0,12.792875893914134,0.0,12.792875893914134,12.792875893914134,18.258037962755758,0.6309246136873592,4.551699055052477,0.001,0.0,-inf,1.2034083692914268,13.11462879578264,5.0,5.205029010772705,4.3378576616865825
7.076288938522339,12.879668634112937,5.180667407451416,6.283185307179586,0.0,0.6309246136873592,40.27612507343292,0.4910906966505595,0,12.879668634112937,0.0,12.879668634112937,12.879668634112937,17.429411427876992,0.9226777977531341,4.508909303349441,0.001,0.0,-inf,1.166809913046549,2.5562709442814397,5.0,5.205029010772705,0.0
7.0930352210998535,12.957309266579065,4.645019973971392,6.283185307179586,0.0,0.9226777977531341,52.69801244139671,0.6561550160994059,0,12.957309266579065,0.0,12.957309266579065,12.957309266579065,16.679651442797322,1.201999954108668,4.343844983900594,0.001,0.0,-inf,1.055128921741894,9.856773805458138,5.0,5.267551898956299,3.7335383476416237
7.109774589538574,13.026759770433907,4.153368876030213,6.283185307179586,0.0,1.201999954108668,52.69801244139671,0.6952601179891806,0,13.026759770433907,0.0,13.026759770433907,13.026759770433907,15.978128692355451,1.4694637372513004,4.30473988201082,0.001,0.0,-inf,1.0404523005480333,2.336115728196695,5.0,5.267551898956299,0.0
7.1265082359313965,13.026759770433907,4.153368876030213,6.283185307179586,0.0,1.4694637372513004,52.69801244139671,0.7327050476291492,0,13.026759770433907,0.0,13.026759770433907,13.026759770433907,15.71066490921282,1.732360448438189,4.26729495237085,0.001,0.0,-inf,1.0304144203779724,2.2377029346114443,5.0,5.267551898956299,0.0
7.143625497817993,13.121264671151451,2.8253284705137665,6.283185307179586,0.0,1.732360448438189,60.212403535842896,0.8446544981397754,0,13.121264671151451,0.0,13.121264671151451,13.121264671151451,14.214232693227029,1.9756691919651805,4.155345501860225,0.001,0.0,-inf,0.9323729783401752,6.540149426485431,5.0,5.321385860443115,3.1450100981962534
7.160366535186768,13.121264671151451,2.8253284705137665,6.283185307179586,0.0,1.9756691919651805,60.212403535842896,0.8787177222335543,0,13.121264671151451,0.0,13.121264671151451,13.121264671151451,13.970923949700037,2.2095569518834144,4.121282277766445,0.001,0.0,-inf,0.9396837830547088,2.034714058838072,5.0,5.321385860443115,0.0
7.177102088928223,13.300357341606338,5.342710755276517,6.283185307179586,0.0,2.2095569518834144,60.212403535842896,0.911462008622107,0,13.300357341606338,0.0,13.300357341606338,13.300357341606338,16.433511144999443,2.4845808608113535,4.088537991377893,0.001,0.0,-inf,0.9487814748165921,1.9565702392890045,5.0,5.321385860443115,0.0
7.193842172622681,13.46049837258822,9.545114564814444,6.283185307179586,0.0,2.4845808608113535,60.470227152109146,0.952543592034681,0,13.46049837258822,0.0,13.46049837258822,13.46049837258822,20.52103207659131,2.8281046552701494,4.047456407965319,0.001,0.0,-inf,0.9409383756185352,2.4540847084399267,5.0,5.367738723754883,2.7689744064489483
7.210585594177246,13.628786244485568,10.098871065478278,6.283185307179586,0.0,2.8281046552701494,60.470227152109146,1.0006369232589125,0,13.628786244485568,0.0,13.628786244485568,13.628786244485568,20.899552654693696,3.1780346756695232,3.9993630767410875,0.001,0.0,-inf,0.9204014480408685,2.872371759111442,5.0,5.367738723754883,0.0
7.227329254150391,13.628786244485568,10.098871065478278,6.283185307179586,0.0,3.1780346756695232,60.470227152109146,1.049627126114825,0,13.628786244485568,0.0,13.628786244485568,13.628786244485568,20.549622634294323,3.522110569634582,3.950372873885175,0.001,0.0,-inf,0.9001935526374389,2.9258957082554637,5.0,5.367738723754883,0.0
7.245159387588501,13.76341029013145,4.021209189274305,6.283185307179586,0.0,3.522110569634582,62.359269708395004,1.1166881768327914,0,13.76341029013145,0.0,13.76341029013145,13.76341029013145,14.262508909771174,3.7764130066580397,3.8833118231672086,0.001,0.0,-inf,0.8550940629907376,3.7611076187814385,5.0,5.407647609710693,2.2382830781573846
7.261925458908081,13.76341029013145,4.021209189274305,6.283185307179586,0.0,3.7764130066580397,62.359269708395004,1.1522905180160756,0,13.76341029013145,0.0,13.76341029013145,13.76341029013145,14.008206472747716,4.011275595439531,3.8477094819839244,0.001,0.0,-inf,0.8672726693098425,2.1234754704703174,5.0,5.407647609710693,0.0
7.278729438781738,13.871039840524075,3.2062547762380578,6.283185307179586,0.0,4.011275595439531,63.17468732595444,1.193325456621079,0,13.871039840524075,0.0,13.871039840524075,13.871039840524075,13.066019021322603,4.230836716102658,3.806674543378921,0.001,0.0,-inf,0.8679705759592736,2.441977371642283,5.0,5.4420084953308105,2.0448064017252876
7.295523643493652,13.967312894078463,5.755886387310513,6.283185307179586,0.0,4.230836716102658,63.17468732595444,1.2240640135139165,0,13.967312894078463,0.0,13.967312894078463,13.967312894078463,15.492362565286317,4.491018624495271,3.7759359864860835,0.001,0.0,-inf,0.8883080582118252,1.8303073840127217,5.0,5.4420084953308105,0.0
7.3122594356536865,13.967312894078463,5.755886387310513,6.283185307179586,0.0,4.491018624495271,63.17468732595444,1.2604894806888822,0,13.967312894078463,0.0,13.967312894078463,13.967312894078463,15.232180656893705,4.745941234113137,3.7395105193111178,0.001,0.0,-inf,0.8954566669177775,2.1765009284682324,5.0,5.4420084953308105,0.0
7.328999042510986,14.044396709098296,2.311756046740552,6.283185307179586,0.0,4.745941234113137,65.67186862230301,1.3211504589988694,0,14.044396709098296,0.0,14.044396709098296,14.044396709098296,11.61021152172571,4.940291610516918,3.6788495410011306,0.001,0.0,-inf,0.8552552398099319,3.6237994611883106,5.0,5.471595764160156,1.7675008189599921
7.3457489013671875,14.113338283634041,4.117121648226965,6.283185307179586,0.0,4.940291610516918,65.67186862230301,1.3483595116953988,0,14.113338283634041,0.0,14.113338283634041,14.113338283634041,13.290168321344089,5.162900054074588,3.651640488304601,0.001,0.0,-inf,0.8834979296075665,1.6244347448012078,5.0,5.471595764160156,0.0
7.362488508224487,14.113338283634041,4.117121648226965,6.283185307179586,0.0,5.162900054074588,65.67186862230301,1.3795246937934724,0,14.113338283634041,0.0,14.113338283634041,14.113338283634041,13.067559877786417,5.381645869012957,3.6204753062065276,0.001,0.0,-inf,0.901269103919971,1.8617630846260353,5.0,5.471595764160156,0.0
7.3792595863342285,14.168341822862905,1.6235155848119818,6.283185307179586,0.0,5.381645869012957,66.65048003196716,1.4199352219814858,0,14.168341822862905,0.0,14.168341822862905,14.168341822862905,10.410211538661928,5.556236339866786,3.580064778018514,0.001,0.0,-inf,0.8996126776697771,2.409536699047486,5.0,5.497068405151367,1.5188433817153093
7.395995140075684,14.168341822862905,1.6235155848119818,6.283185307179586,0.0,5.556236339866786,66.65048003196716,1.4443778879010218,0,14.168341822862905,0.0,14.168341822862905,14.168341822862905,10.2356210678081,5.727535126324258,3.555622112098978,0.001,0.0,-inf,0.9287012151778272,1.4605232845681064,5.0,5.497068405151367,0.0
7.4127466678619385,14.196323557287188,0.8378228510637303,6.283185307179586,0.0,5.727535126324258,66.65048003196716,1.4683597180050678,0,14.196323557287188,0.0,14.196323557287188,14.196323557287188,9.306611282026662,5.883435083811001,3.531640281994932,0.001,0.0,-inf,0.9558122118076355,1.4316204712816563,5.0,5.497068405151367,0.0
7.429493188858032,14.196323557287188,0.8378228510637303,6.283185307179586,0.0,5.883435083811001,65.7903403043747,1.4815843147772871,0,14.196323557287188,0.0,14.196323557287188,14.196323557287188,9.150711324539918,6.036677663136602,3.518415685222713,0.001,0.0,-inf,1.0008964646356184,0.7896921859354583,5.0,5.519001007080078,1.3096810933940775
7.446230888366699,14.196323557287188,0.8378228510637303,6.283185307179586,0.0,6.036677663136602,65.7903403043747,1.5030382758828713,0,14.196323557287188,0.0,14.196323557287188,14.196323557287188,8.997468745214316,6.187274591332622,3.4969617241171287,0.001,0.0,-inf,1.0256162974828666,1.281774780009346,5.0,5.519001007080078,0.0
7.4629998207092285,14.211423137911353,0.300869995345564,6.283185307179586,0.0,6.187274591332622,65.7903403043747,1.5241218458303143,0,14.211423137911353,0.0,14.211423137911353,14.211423137911353,8.325018541924296,6.326876264012453,3.4758781541696857,0.001,0.0,-inf,1.0486527955377865,1.2572994819694585,5.0,5.519001007080078,0.0
7.479737758636475,14.211423137911353,0.300869995345564,6.283185307179586,0.0,6.326876264012453,62.73496896028519,1.5131123665645954,0,14.211423137911353,0.0,14.211423137911353,14.211423137911353,8.185416869244465,6.4638832634785,3.486887633435405,0.001,0.0,-inf,1.088704266774695,0.6577560099441911,5.0,5.537886142730713,1.1282832887014984
7.496434926986694,14.223504641603958,0.36119505655197703,6.283185307179586,0.0,6.4638832634785,62.73496896028519,1.532293346489842,0,14.223504641603958,0.0,14.223504641603958,14.223504641603958,8.120816434677435,6.59947790262954,3.4677066535101577,0.001,0.0,-inf,1.1089294654308843,1.1487564551623082,5.0,5.537886142730713,0.0
7.5132365226745605,14.234311558329253,0.6462155033086545,6.283185307179586,0.0,6.59947790262954,56.78628385066986,1.4917897448748343,0,14.234311558329253,0.0,14.234311558329253,14.234311558329253,8.281049159008367,6.7386127424705435,3.5082102551251655,0.001,0.0,-inf,1.0864695286872756,2.410699695878213,5.0,5.554144859313965,0.9676888365426913
7.529973030090332,14.234311558329253,0.6462155033086545,6.283185307179586,0.0,6.7386127424705435,56.78628385066986,1.5112686224525747,0,14.234311558329253,0.0,14.234311558329253,14.234311558329253,8.141914319167364,6.874879951851864,3.4887313775474253,0.001,0.0,-inf,1.1064316737343645,1.1638555819229424,5.0,5.554144859313965,0.0
7.546754837036133,14.268227998776828,1.0133627428054075,6.283185307179586,0.0,6.874879951851864,56.78628385066986,1.5303460317659596,0,14.268227998776828,0.0,14.268227998776828,14.268227998776828,8.406710789730372,7.015959749374299,3.4696539682340406,0.001,0.0,-inf,1.1252696809994354,1.1367911319083914,5.0,5.554144859313965,0.0
7.563544273376465,14.268227998776828,1.0133627428054075,6.283185307179586,0.0,7.015959749374299,52.679434418678284,1.509028709099185,0,14.268227998776828,0.0,14.268227998776828,14.268227998776828,8.265630992207937,7.154735034730649,3.490971290900815,0.001,0.0,-inf,1.1379416996111937,1.2696866192920142,5.0,5.568145751953125,0.8339108207895485
7.580316066741943,14.295361616197745,0.8107098646024063,5.983406625516547,-8.956916088688578,7.154735034730649,52.679434418678284,1.5284572490490738,0,14.295361616197745,0.0,14.295361616197745,14.295361616197745,7.951336446069503,7.288093206583525,3.4715427509509262,0.001,0.0,-inf,1.1529322369547088,1.1584056353734171,5.0,5.568145751953125,0.0
7.597314834594727,14.31963181449872,1.4508172139181974,5.57261833145806,-24.55598923854749,7.288093206583525,52.679434418678284,1.5471273931084766,0,14.31963181449872,0.0,14.31963181449872,14.31963181449872,8.482355821833393,7.4322828040435756,3.4528726068915234,0.001,0.0,-inf,1.1683597045462157,1.0983233738524147,5.0,5.568145751953125,0.0
7.614051580429077,14.31963181449872,1.4508172139181974,5.57261833145806,-24.55598923854749,7.4322828040435756,47.44827002286911,1.5150022927947917,0,14.31963181449872,0.0,14.31963181449872,14.31963181449872,8.338166224373342,7.571836572865479,3.484997707205208,0.001,0.0,-inf,1.1557863752872333,1.9194352732387885,5.0,5.580199241638184,0.7201811991623812
7.630964756011963,14.339045158296504,0.5796190626805319,4.888820509903882,-20.415970402659276,7.571836572865479,47.44827002286911,1.5345398204298581,0,14.339045158296504,0.0,14.339045158296504,14.339045158296504,7.346827648111557,7.696094758855189,3.465460179570142,0.001,0.0,-inf,1.1690968290280637,1.155166133013853,5.0,5.580199241638184,0.0
7.647763013839722,14.356410275073273,1.0382987220914197,4.2771675588886255,-36.57208215565794,7.696094758855189,44.816043227910995,1.5256136985188364,0,14.356410275073273,0.0,14.356410275073273,14.356410275073273,7.698614238309504,7.825418065746767,3.4743863014811636,0.001,0.0,-inf,1.2011762743052397,0.5313718840695177,5.0,5.590577125549316,0.6177952510041586
7.664509296417236,14.411216392079753,3.267430184707798,3.0393222505573028,-73.79784128772476,7.825418065746767,44.816043227910995,1.5437189614836575,0,14.411216392079753,0.0,14.411216392079753,14.411216392079753,9.853228511040784,7.990423014693479,3.4562810385163427,0.001,0.0,-inf,1.2123326648014827,1.0811511677899865,5.0,5.590577125549316,0.0
7.6812450885772705,14.411216392079753,3.267430184707798,3.0393222505573028,-73.79784128772476,7.990423014693479,44.816043227910995,1.5668196543361972,0,14.411216392079753,0.0,14.411216392079753,14.411216392079753,9.688223562094072,8.152563110628632,3.4331803456638026,0.001,0.0,-inf,1.2127336390540364,1.3803166669161422,5.0,5.590577125549316,0.0
7.697984218597412,14.455080718293962,1.3131040310721969,1.3443465634325316,-50.740079682610045,8.152563110628632,42.97037795186043,1.571062615006613,0,14.455080718293962,0.0,14.455080718293962,14.455080718293962,7.615621638737526,8.280041991423664,3.428937384993387,0.001,0.0,-inf,1.2414602751486328,0.25347557879712607,5.0,5.493040084838867,-5.826888290674985
7.714725017547607,14.455080718293962,1.3131040310721969,1.3443465634325316,-50.740079682610045,8.280041991423664,42.97037795186043,1.5889096583179174,0,14.455080718293962,0.0,14.455080718293962,14.455080718293962,7.488142757942494,8.40539948384474,3.4110903416820824,0.001,0.0,-inf,1.2490738682755582,1.0660807387031113,5.0,5.493040084838867,0.0
7.731520891189575,14.490178693628971,1.049464817459773,-1.3964645373276277,-81.95301279050665,8.40539948384474,42.32092946767807,1.5999652224150442,0,14.490178693628971,0.0,14.490178693628971,14.490178693628971,7.134244027244005,8.525225345057294,3.4000347775849558,0.001,0.0,-inf,1.2690679281663355,0.6582309639137994,5.0,5.151996612548828,-20.305193975612873
7.748262405395508,14.521572070080422,1.8762502233406941,-3.847982433935461,-146.5169255733741,8.525225345057294,42.32092946767807,1.616740842984802,0,14.521572070080422,0.0,14.521572070080422,14.521572070080422,7.872596948363823,8.657024538705908,3.383259157015198,0.001,0.0,-inf,1.2759843800668125,1.002037232917264,5.0,5.151996612548828,0.0
7.764999151229858,14.549656109187037,1.6807402197510326,-6.283185307179586,-145.7391295025873,8.657024538705908,42.32092946767807,1.635192730095608,0,14.549656109187037,0.0,14.549656109187037,14.549656109187037,7.573371790232161,8.783778137468065,3.364807269904392,0.001,0.0,-inf,1.2789727754658675,1.10247758395991,5.0,5.151996612548828,0.0
7.781772136688232,14.574778666925782,1.5029688686737523,-6.283185307179586,0.0,8.783778137468065,39.074160158634186,1.6204705408318711,0,14.574778666925782,0.0,14.574778666925782,14.574778666925782,7.29396939813147,8.90611978011675,3.379529459168129,0.001,0.0,-inf,1.2889041273439308,0.8777321902694822,5.0,4.622769832611084,-31.552330457278504
7.798508167266846,14.597247997508424,1.3420751778658644,-6.283185307179586,0.0,8.90611978011675,39.074160158634186,1.637598370802687,0,14.597247997508424,0.0,14.597247997508424,14.597247997508424,7.033203395257538,9.023827687205387,3.362401629197313,0.001,0.0,-inf,1.293148264109359,1.0234105327641645,5.0,4.622769832611084,0.0
7.815261125564575,14.597247997508424,1.3420751778658644,-6.283185307179586,0.0,9.023827687205387,39.074160158634186,1.6540774777950962,0,14.597247997508424,0.0,14.597247997508424,14.597247997508424,6.915495488168902,9.139682694726817,3.345922522204904,0.001,0.0,-inf,1.29824904535895,0.9836535553629628,5.0,4.622769832611084,0.0
7.832038640975952,14.615221570186517,0.5367277138606966,-6.283185307179586,0.0,9.139682694726817,37.685539573431015,1.6564109729960648,0,14.615221570186517,0.0,14.615221570186517,14.615221570186517,6.012266589320396,9.240553590086447,3.3435890270039352,0.001,0.0,-inf,1.3184241408230548,0.13908467039083952,5.0,3.1942789554595947,-85.1431718061674
7.8487935066223145,14.631303063081283,0.9638288413376132,-6.283185307179586,0.0,9.240553590086447,37.685539573431015,1.670532898346413,0,14.631303063081283,0.0,14.631303063081283,14.631303063081283,6.354578314332449,9.347023695982376,3.329467101653587,0.001,0.0,-inf,1.3255341708443846,0.8428551829906332,5.0,3.1942789554595947,0.0
7.8655312061309814,14.645689345929837,0.8609854557712915,-6.283185307179586,0.0,9.347023695982376,36.47925332188606,1.6733758506563934,0,14.645689345929837,0.0,14.645689345929837,14.645689345929837,6.159651105718752,9.450122085268125,3.3266241493436066,0.001,0.0,-inf,1.3429807537599463,0.16985322914348674,5.0,1.9643338918685913,-73.48351922282524
7.882330417633057,14.658553799687047,0.7670618235173623,-6.283185307179586,0.0,9.450122085268125,36.47925332188606,1.6878096251563983,0,14.658553799687047,0.0,14.658553799687047,14.658553799687047,5.975493537936284,9.5505056650412,3.3121903748436017,0.001,0.0,-inf,1.3471086633576157,0.8591935697828402,5.0,1.9643338918685913,0.0
7.899072170257568,14.670063498869567,0.6895468835885754,-6.283185307179586,0.0,9.5505056650412,36.47925332188606,1.7018633263246288,0,14.670063498869567,0.0,14.670063498869567,14.670063498869567,5.809104717416942,9.647760259190079,3.298136673675371,0.001,0.0,-inf,1.3514602775478726,0.8394402595373638,5.0,1.9643338918685913,0.0
7.91591477394104,14.680346392247772,0.6082298805215965,-6.283185307179586,0.0,9.647760259190079,33.36303308606148,1.684316767147226,0,14.680346392247772,0.0,14.680346392247772,14.680346392247772,5.64081601357929,9.742766287758176,3.3156832328527743,0.001,0.0,-inf,1.3488563747975837,1.0417961205500565,5.0,0.9053388237953186,-62.87597143382926
7.9326581954956055,14.689549934413218,0.5532974102553718,-6.283185307179586,0.0,9.742766287758176,33.36303308606148,1.6976176111467596,0,14.689549934413218,0.0,14.689549934413218,14.689549934413218,5.500081056910414,9.834856463478307,3.3023823888532404,0.001,0.0,-inf,1.354484765437305,0.7943922307747752,5.0,0.9053388237953186,0.0
7.949410438537598,14.697782027629048,0.4919906170351477,-6.283185307179586,0.0,9.834856463478307,33.36303308606148,1.7105102357475779,0,14.697782027629048,0.0,14.697782027629048,14.697782027629048,5.354916181185889,9.924563320815029,3.289489764252422,0.001,0.0,-inf,1.3603489885994835,0.7696058711959269,5.0,0.9053388237953186,0.0
7.966152667999268,14.70514263561123,0.4385316406547769,-6.283185307179586,0.0,9.924563320815029,31.722530722618103,1.706664172140285,0,14.70514263561123,0.0,14.70514263561123,14.70514263561123,5.219110955450978,10.011942874017105,3.293335827859715,0.001,0.0,-inf,1.3743140897395354,0.22972230885367187,5.0,-0.006466198712587357,-54.461386077368914
7.982889890670776,14.711727344964554,0.39408511143357206,-6.283185307179586,0.0,10.011942874017105,31.722530722618103,1.718897309588576,0,14.711727344964554,0.0,14.711727344964554,14.711727344964554,5.093869582381021,10.097200103477041,3.2811026904114238,0.001,0.0,-inf,1.3794427594820045,0.7308941088006774,5.0,-0.006466198712587357,0.0
7.999644994735718,14.717618759574167,0.35303070023228866,-6.283185307179586,0.0,10.097200103477041,28.906721621751785,1.7026752307043038,0,14.717618759574167,0.0,14.717618759574167,14.717618759574167,4.973449356329414,10.180530765004056,3.297324769295696,0.001,0.0,-inf,1.3764124484684754,0.9681872951308891,5.0,-0.7915393710136414,-46.85576223568501
8.016391277313232,14.72288768082919,0.3145516816207293,-6.283185307179586,0.0,10.180530765004056,28.906721621751785,1.7143415233180859,0,14.72288768082919,0.0,14.72288768082919,14.72288768082919,4.856908597445864,10.261865928830044,3.285658476681914,0.001,0.0,-inf,1.3824347135191122,0.6966496928366933,5.0,-0.7915393710136414,0.0
8.033127784729004,14.727601088081778,0.28203410883868896,-6.283185307179586,0.0,10.261865928830044,28.906721621751785,1.7257284462537241,0,14.727601088081778,0.0,14.727601088081778,14.727601088081778,4.747769268090423,10.34132700439381,3.274271553746276,0.001,0.0,-inf,1.3883795021036578,0.6803643467996136,5.0,-0.7915393710136414,0.0
8.049875736236572,14.731815761375845,0.25123461273678377,-6.283185307179586,0.0,10.34132700439381,27.41011418402195,1.721886922455353,0,14.731815761375845,0.0,14.731815761375845,14.731815761375845,4.64172336971882,10.419066362301407,3.278113077544647,0.001,0.0,-inf,1.399541551893292,0.22937275622246275,5.0,-1.4674948453903198,-40.360486718104944
8.066614866256714,14.735586330054893,0.22575637435666804,-6.283185307179586,0.0,10.419066362301407,27.41011418402195,1.7327704325624167,0,14.735586330054893,0.0,14.735586330054893,14.735586330054893,4.542276342110154,10.495100116579403,3.2672295674375835,0.001,0.0,-inf,1.4047481429630397,0.6501837367872724,5.0,-1.4674948453903198,0.0
8.08336067199707,14.738959396881373,0.20185289678222817,-6.283185307179586,0.0,10.495100116579403,27.41011418402195,1.743415158161336,0,14.738959396881373,0.0,14.738959396881373,14.738959396881373,4.445712177084198,10.569547149074392,3.256584841838664,0.001,0.0,-inf,1.4099018951298845,0.6356651787298644,5.0,-1.4674948453903198,0.0
8.100093603134155,14.72172704228829,-1.029436039925176,-6.283185307179586,0.0,10.569547149074392,26.096653193235397,1.740703132802769,0,14.72172704228829,0.0,14.72172704228829,14.72172704228829,3.1227438532887217,10.621799806930227,3.2592968671972313,0.001,0.0,-inf,1.418911705616896,0.16207712422579973,5.0,-2.0494987964630127,-34.78194862003619
8.116988897323608,14.706316236613773,-0.9196107996222656,-6.283185307179586,0.0,10.621799806930227,26.096653193235397,1.7480185049025858,0,14.706316236613773,0.0,14.706316236613773,14.706316236613773,3.1649056300612806,10.675271818631966,3.2519814950974144,0.001,0.0,-inf,1.4270205350552065,0.43298281863499805,5.0,-2.0494987964630127,0.0
8.133711099624634,14.679553997942497,-1.5993526260669628,-6.283185307179586,0.0,10.675271818631966,23.732412606477737,1.7318621806732528,0,14.679553997942497,0.0,14.679553997942497,14.679553997942497,2.404929553243568,10.71548753714102,3.268137819326747,0.001,0.0,-inf,1.4192977680218906,0.9661600750005461,5.0,-2.550610303878784,-29.966836807436767
8.150448083877563,14.655618155338818,-1.4296687701287387,-6.283185307179586,0.0,10.71548753714102,23.732412606477737,1.7374923812645202,0,14.655618155338818,0.0,14.655618155338818,14.655618155338818,2.5104618480690597,10.757505097559731,3.26250761873548,0.001,0.0,-inf,1.4273679912197017,0.3363927757942338,5.0,-2.550610303878784,0.0
8.167187452316284,14.622980981244075,-1.950586783144269,-6.283185307179586,0.0,10.757505097559731,23.732412606477737,1.74337483972314,0,14.622980981244075,0.0,14.622980981244075,14.622980981244075,1.9148891005400746,10.789559131732961,3.25662516027686,0.001,0.0,-inf,1.4346311920977315,0.35141459966988103,5.0,-2.550610303878784,0.0
8.183963060379028,14.593789920701335,-1.743956100599078,-6.283185307179586,0.0,10.789559131732961,21.917296573519707,1.7297112441778117,0,14.593789920701335,0.0,14.593789920701335,14.593789920701335,2.0602746883692955,10.824121492406636,3.2702887558221883,0.001,0.0,-inf,1.431034447571667,0.8144918201607688,5.0,-2.982072591781616,-25.719621386543874
8.200698137283325,14.567674421232487,-1.5637996128800258,-6.283185307179586,0.0,10.824121492406636,21.917296573519707,1.7345499746721262,0,14.567674421232487,0.0,14.567674421232487,14.567674421232487,2.1797533159458253,10.860599831781386,3.2654500253278735,0.001,0.0,-inf,1.4379310028145005,0.28913703366801413,5.0,-2.982072591781616,0.0
8.217438697814941,14.567674421232487,-1.5637996128800258,-6.283185307179586,0.0,10.860599831781386,19.495079293847084,1.7154347693878649,0,14.567674421232487,0.0,14.567674421232487,14.567674421232487,2.143274976571076,10.896479456262572,3.2845652306121353,0.001,0.0,-inf,1.4234560764345852,1.1418497754696084,5.0,-3.353565216064453,-22.191169977924943
8.234177827835083,14.546776183498869,-0.6251412991503222,-6.283185307179586,0.0,10.896479456262572,19.495079293847084,1.720457916815231,0,14.546776183498869,0.0,14.546776183498869,14.546776183498869,3.0251554280859745,10.94711792630444,3.279542083184769,0.001,0.0,-inf,1.4311104687911267,0.3000841394577805,5.0,-3.353565216064453,0.0
8.250917196273804,14.546776183498869,-0.6251412991503222,-6.283185307179586,0.0,10.94711792630444,19.495079293847084,1.7275473026210926,0,14.546776183498869,0.0,14.546776183498869,14.546776183498869,2.9745169580441067,10.996909461592363,3.2724526973789074,0.001,0.0,-inf,1.4379994219120142,0.42351572771782575,5.0,-3.353565216064453,0.0
8.26767349243164,14.530059299681582,-0.4992075174959827,-6.242074887520384,1.2276588606822922,10.996909461592363,16.70052483677864,1.7065725729907173,0,14.530059299681582,0.0,14.530059299681582,14.530059299681582,3.0339423205932365,11.047747097642018,3.2934274270092825,0.001,0.0,-inf,1.4199763551013813,1.2517521433616703,5.0,-3.6734237670898438,-19.088857585976296
8.284439325332642,14.530059299681582,-0.4992075174959827,-6.242074887520384,1.2276588606822922,11.047747097642018,16.70052483677864,1.7136898420376692,0,14.530059299681582,0.0,14.530059299681582,14.530059299681582,2.9831046845435814,11.097761332309268,3.2863101579623306,0.001,0.0,-inf,1.4279787195912435,0.4245103174401162,5.0,-3.6734237670898438,0.0
8.30119514465332,14.49593942739013,-1.0197968861586708,-6.043770790606787,5.92704154392892,11.097761332309268,16.70052483677864,1.720691834891084,0,14.49593942739013,0.0,14.49593942739013,14.49593942739013,2.378381208922191,11.137613058121666,3.279308165108916,0.001,0.0,-inf,1.435180847632119,0.41788424185104117,5.0,-3.6734237670898438,0.0
8.317932844161987,14.49593942739013,-1.0197968861586708,-6.043770790606787,5.92704154392892,11.137613058121666,15.187458135187626,1.7111404094889096,0,14.49593942739013,0.0,14.49593942739013,14.49593942739013,2.338529483109794,11.176754661902116,3.2888595905110902,0.001,0.0,-inf,1.4393861527947696,0.5706534160939271,5.0,-3.9488251209259033,-16.45395495918978
8.334666967391968,14.44826592041276,-1.4243486199323954,-5.7462345452358425,8.889535663385205,11.176754661902116,15.187458135187626,1.7166202340181727,0,14.44826592041276,0.0,14.44826592041276,14.44826592041276,1.847162638578249,11.2076653091219,3.2833797659818273,0.001,0.0,-inf,1.4454475375152929,0.32746409560589185,5.0,-3.9488251209259033,0.0
8.351474046707153,14.44826592041276,-1.4243486199323954,-5.7462345452358425,8.889535663385205,11.2076653091219,15.187458135187626,1.7209477246289424,0,14.44826592041276,0.0,14.44826592041276,14.44826592041276,1.816251991358465,11.238191200397026,3.2790522753710576,0.001,0.0,-inf,1.4509027837637638,0.2574802278025653,5.0,-3.9488251209259033,0.0
8.368354082107544,14.44826592041276,-1.4243486199323954,-5.7462345452358425,8.889535663385205,11.238191200397026,14.193428680300713,1.7152810548585908,0,14.44826592041276,0.0,14.44826592041276,14.44826592041276,1.7857261000833393,11.268334320181834,3.2847189451414094,0.001,0.0,-inf,1.4558125053873874,0.3357024814189927,5.0,-4.185949325561523,-14.047612994350283
8.385054588317871,14.36634053274938,-1.6326316395594052,-5.339754068325004,8.100454650206851,11.268334320181834,14.193428680300713,1.719501091628464,0,14.36634053274938,0.0,14.36634053274938,14.36634053274938,1.4653745730081404,11.292806817338812,3.280498908371536,0.001,0.0,-inf,1.4602312548486487,0.2526891530547559,5.0,-4.185949325561523,0.0
8.40179181098938,14.293072286954905,-4.373637942740922,-4.901196706144769,26.179023375014378,11.292806817338812,12.450805865228176,1.7055010130797157,0,14.293072286954905,0.0,14.293072286954905,14.293072286954905,-1.3733724731248298,11.269820376445201,3.294498986920284,0.001,0.0,-inf,1.4533665225132555,0.8364636608784723,5.0,-4.390114784240723,-12.198287773678437
8.418575048446655,14.293072286954905,-4.373637942740922,-4.901196706144769,26.179023375014378,11.269820376445201,12.450805865228176,1.70228291135461,0,14.293072286954905,0.0,14.293072286954905,14.293072286954905,-1.350386032231219,11.247156527007277,3.29771708864539,0.001,0.0,-inf,1.4580298702619299,0.19174499159043928,5.0,-4.390114784240723,0.0
8.435312271118164,14.234443454458221,-1.7535111750548906,-4.305600942863036,17.813484974119717,11.247156527007277,12.450805865228176,1.6991099724333008,0,14.234443454458221,0.0,14.234443454458221,14.234443454458221,1.233775752396053,11.267806506501838,3.300890027566699,0.001,0.0,-inf,1.4622268832357368,0.18957380107695573,5.0,-4.390114784240723,0.0
8.452062368392944,14.181994905502155,-3.1389232578603274,-3.772789146716929,31.887542596960735,11.267806506501838,11.069868691265583,1.6881915978229134,0,14.181994905502155,0.0,14.181994905502155,14.181994905502155,-0.22473485886001088,11.264042175754899,3.3118084021770864,0.001,0.0,-inf,1.4611115896131566,0.6518394747967567,5.0,-4.522106170654297,-7.880037008042132
8.468804597854614,14.135077763506333,-2.8064798816515517,-3.238774950070158,31.94355060116289,11.264042175754899,11.069868691265583,1.6876645915183417,0,14.135077763506333,0.0,14.135077763506333,14.135077763506333,0.06455570609988248,11.265122982199482,3.3123354084816583,0.001,0.0,-inf,1.4650004306518412,0.031477665849595424,5.0,-4.522106170654297,0.0
8.48561406135559,14.093113803202275,-2.5074379451406754,-2.692777822555069,32.62451650295673,11.265122982199482,11.069868691265583,1.6878159044205836,0,14.093113803202275,0.0,14.093113803202275,14.093113803202275,0.3205528758621172,11.270511304066419,3.3121840955794166,0.001,0.0,-inf,1.4685003875866571,0.00900164970958866,5.0,-4.522106170654297,0.0
8.502357244491577,14.093113803202275,-2.5074379451406754,-2.692777822555069,32.62451650295673,11.270511304066419,8.345783688127995,1.6613294194505788,0,14.093113803202275,0.0,14.093113803202275,14.093113803202275,0.3151645539951806,11.275788161911931,3.3386705805494215,0.001,0.0,-inf,1.436788272961609,1.581926492404966,5.0,-4.492014408111572,1.797254578076496
8.519094705581665,14.093113803202275,-2.5074379451406754,-2.692777822555069,32.62451650295673,11.275788161911931,8.345783688127995,1.6620681795489505,0,14.093113803202275,0.0,14.093113803202275,14.093113803202275,0.3098876961496684,11.280974895168534,3.3379318204510495,0.001,0.0,-inf,1.4431094456654483,0.044138121928731865,5.0,-4.492014408111572,0.0
8.535890340805054,14.063088380203505,-0.5979372595062583,-2.050549804179651,12.789563740743096,11.280974895168534,6.106918677687645,1.6404056721004714,0,14.063088380203505,0.0,14.063088380203505,14.063088380203505,2.184176225528713,11.317659522316111,3.3595943278995284,0.001,0.0,-inf,1.4233503547236757,1.2897700599208701,5.0,-4.3178277015686035,10.370950799193709
8.552632570266724,14.036224761255186,-1.6094932492845473,-0.2580441232199213,107.39527680016168,11.317659522316111,6.106918677687645,1.645541519901132,0,14.036224761255186,0.0,14.036224761255186,14.036224761255186,1.1090719896545274,11.336227860056416,3.354458480098868,0.001,0.0,-inf,1.431015319251308,0.30676008905616864,5.0,-4.3178277015686035,0.0
8.569369077682495,14.036224761255186,-1.6094932492845473,-0.2580441232199213,107.39527680016168,11.336227860056416,6.106918677687645,1.6481410871847748,0,14.036224761255186,0.0,14.036224761255186,14.036224761255186,1.0905036519142222,11.354479082513604,3.351858912815225,0.001,0.0,-inf,1.4379137873261771,0.1553231638515613,5.0,-4.3178277015686035,0.0
8.586081504821777,14.01476718668031,-0.6366424095588892,2.871319057075013,92.84764727419439,11.354479082513604,4.527839366346598,1.6349054652153707,0,14.01476718668031,0.0,14.01476718668031,14.01476718668031,2.023645694607816,11.38829911374046,3.365094534784629,0.001,0.0,-inf,1.4347147157156899,0.7919628824166433,5.0,-4.091961860656738,13.51484371656419
8.60282278060913,14.01476718668031,-0.6366424095588892,2.871319057075013,92.84764727419439,11.38829911374046,4.527839366346598,1.6396402695871306,0,14.01476718668031,0.0,14.01476718668031,14.01476718668031,1.9898256633809597,11.421611333939875,3.3603597304128696,0.001,0.0,-inf,1.441243244144121,0.28282219538707964,5.0,-4.091961860656738,0.0
8.619561195373535,13.840941781044585,-5.2268800751297295,6.283185307179586,102.59383924034393,11.421611333939875,4.527839366346598,1.6443039804150488,0,13.840941781044585,0.0,13.840941781044585,13.840941781044585,-2.8075496280250203,11.374617403794343,3.3556960195849515,0.001,0.0,-inf,1.447118919729709,0.27862320856309253,5.0,-4.091961860656738,0.0
8.636557817459106,13.840941781044585,-5.2268800751297295,6.283185307179586,102.59383924034393,11.374617403794343,4.156123846769333,1.6340076749989014,0,13.840941781044585,0.0,13.840941781044585,13.840941781044585,-2.7605556978794876,11.327697281851313,3.3659923250010984,0.001,0.0,-inf,1.4489983872656402,0.6057853945513119,5.0,-3.5590851306915283,31.35191965099805
8.653303623199463,13.621306511580517,-6.576927558430281,6.283185307179586,0.0,11.327697281851313,4.156123846769333,1.6274388579268773,0,13.621306511580517,0.0,13.621306511580517,13.621306511580517,-4.2833183287010765,11.255969665194776,3.3725611420731227,0.001,0.0,-inf,1.454098548539076,0.39226640830985465,5.0,-3.5590851306915283,0.0
8.670088768005371,13.424896254129804,-11.71591166133193,6.283185307179586,0.0,11.255969665194776,4.156123846769333,1.6173969915949622,0,13.424896254129804,0.0,13.424896254129804,13.424896254129804,-9.546985072396902,11.09572213829475,3.382603008405038,0.001,0.0,-inf,1.4555225657724657,0.5982591421183584,5.0,-3.5590851306915283,0.0
8.686823844909668,13.250198135525226,-9.941887840976605,6.283185307179586,0.0,11.09572213829475,3.9932560175657272,1.5933336595369225,0,13.250198135525226,0.0,13.250198135525226,13.250198135525226,-7.7874118437461295,10.965399202204226,3.4066663404630777,0.001,0.0,-inf,1.4297491544066623,1.4378979072310811,5.0,-2.6653218269348145,53.406584795988145
8.703569173812866,12.971541213470996,-16.66103838631142,6.283185307179586,0.0,10.965399202204226,3.9932560175657272,1.5750884484842491,0,12.971541213470996,0.0,12.971541213470996,12.971541213470996,-14.654896375044652,10.719998142361815,3.424911551515751,0.001,0.0,-inf,1.417776977561456,1.0895701815202146,5.0,-2.6653218269348145,0.0
8.720302820205688,12.674101855476978,-17.74787089741144,6.283185307179586,0.0,10.719998142361815,0.5485826404765248,1.5062855663354195,0,12.674101855476978,0.0,12.674101855476978,12.674101855476978,-15.793767184296275,10.455710827089241,3.4937144336645805,0.001,0.0,-inf,1.3096239198816382,4.111649101079481,5.0,-1.5088961124420166,69.10781352406462
8.737054109573364,12.408005691305375,-15.931144721720987,6.283185307179586,0.0,10.455710827089241,0.5485826404765248,1.4692853421972591,0,12.408005691305375,0.0,12.408005691305375,12.408005691305375,-13.978849857504853,10.221547068098884,3.530714657802741,0.001,0.0,-inf,1.2736002403740403,2.2087985781893353,5.0,-1.5088961124420166,0.0
8.75379467010498,12.140730489300076,-15.95481902098743,6.283185307179586,0.0,10.221547068098884,0.5485826404765248,1.436502415938609,0,12.140730489300076,0.0,12.140730489300076,12.140730489300076,-14.035635599786238,9.986582660740956,3.563497584061391,0.001,0.0,-inf,1.2492507680007714,1.9582932242164939,5.0,-1.5088961124420166,0.0
8.770533084869385,11.901590234084013,-14.333256105599554,6.283185307179586,0.0,9.986582660740956,-8.373847231268883,1.314383100191045,0,11.901590234084013,0.0,11.901590234084013,11.901590234084013,-12.418248532256497,9.778720866160592,3.685616899808955,0.001,0.0,-inf,1.1293256912006941,7.295751567063649,5.0,-0.5132025480270386,59.485535424322705
8.787270545959473,11.687716101835285,-12.769076017584755,6.283185307179586,0.0,9.778720866160592,-8.373847231268883,1.2852824489497943,0,11.687716101835285,0.0,11.687716101835285,11.687716101835285,-10.860080781910062,9.596950686638161,3.7147175510502057,0.001,0.0,-inf,1.1264809423198439,1.7386538546449293,5.0,-0.5132025480270386,0.0
8.804025650024414,11.496505500088714,-11.38034101129601,6.283185307179586,0.0,9.596950686638161,-8.373847231268883,1.2598346238166538,0,11.496505500088714,0.0,11.496505500088714,11.496505500088714,-9.480786197845458,9.4380991272758,3.740165376183346,0.001,0.0,-inf,1.1310045152340684,1.5188103299452393,5.0,-0.5132025480270386,0.0
8.820765256881714,11.496505500088714,-11.38034101129601,6.283185307179586,0.0,9.4380991272758,-16.537325456738472,1.1559606232512274,0,11.496505500088714,0.0,11.496505500088714,11.496505500088714,-9.321934638483096,9.282053606278147,3.8440393767487726,0.001,0.0,-inf,1.0229040637106614,6.205283161720673,5.0,0.34409916400909424,51.21396932104656
8.837502717971802,11.302850137238792,-5.80041463814155,6.283185307179586,0.0,9.282053606278147,-16.537325456738472,1.134114250311556,0,11.302850137238792,0.0,11.302850137238792,11.302850137238792,-3.779618107180905,9.218792395273814,3.8658857496884442,0.001,0.0,-inf,1.0446670943612644,1.3052381613964774,5.0,0.34409916400909424,0.0
8.854243755340576,11.119029631053658,-10.99181792016789,6.283185307179586,0.0,9.218792395273814,-16.537325456738472,1.1252576807709493,0,11.119029631053658,0.0,11.119029631053658,11.119029631053658,-9.091580684388045,9.066589903295247,3.8747423192290507,0.001,0.0,-inf,1.0892648611367723,0.5290334968803088,5.0,0.34409916400909424,0.0
8.870986700057983,11.119029631053658,-10.99181792016789,6.283185307179586,0.0,9.066589903295247,-25.34090355038643,1.0159135509574704,0,11.119029631053658,0.0,11.119029631053658,11.119029631053658,-8.939378192409478,8.91691838841174,3.98408644904253,0.001,0.0,-inf,0.9853383750230952,6.530758576763176,5.0,1.0822445154190063,44.08694909220363
8.887726068496704,10.971933301780703,-4.400022266988546,6.283185307179586,0.0,8.91691838841174,-25.34090355038643,0.9949595388737793,0,10.971933301780703,0.0,10.971933301780703,10.971933301780703,-2.3450073536195815,8.87766444632799,4.005040461126221,0.001,0.0,-inf,1.0125805047894314,1.2517803261454752,5.0,1.0822445154190063,0.0
8.904526710510254,10.971933301780703,-4.400022266988546,6.283185307179586,0.0,8.87766444632799,-25.34090355038643,0.9894639869820545,0,10.971933301780703,0.0,10.971933301780703,10.971933301780703,-2.305753411535833,8.838926308689256,4.010536013017946,0.001,0.0,-inf,1.0613224543104884,0.32710368373378834,5.0,1.0822445154190063,0.0
8.921266794204712,10.868817076135816,-3.0794152873089766,6.283185307179586,0.0,8.838926308689256,-29.39152531325817,0.9435344300839144,0,10.868817076135816,0.0,10.868817076135816,10.868817076135816,-1.049524519862417,8.821357180387373,4.056465569916085,0.001,0.0,-inf,1.0328936145123502,2.743687411392432,5.0,1.7177947759628296,37.965775568626896
8.938007354736328,10.868817076135816,-3.0794152873089766,6.283185307179586,0.0,8.821357180387373,-29.39152531325817,0.9410747521216507,0,10.868817076135816,0.0,10.868817076135816,10.868817076135816,-1.0319553915605342,8.804081668689026,4.058925247878349,0.001,0.0,-inf,1.0796042530611152,0.14692924753733932,5.0,1.7177947759628296,0.0
8.954751014709473,10.825162241623167,-1.3043750455262049,6.283185307179586,0.0,8.804081668689026,-31.4185731112957,0.9183857025035067,0,10.825162241623167,0.0,10.825162241623167,10.825162241623167,0.7167055274079357,8.816081942340817,4.081614297496493,0.001,0.0,-inf,1.0940911520967063,1.355083037671297,5.0,2.265009880065918,32.68192886028365
8.971501111984253,10.786111584473726,-2.3358241822639476,6.283185307179586,0.0,8.816081942340817,-31.4185731112957,0.9200657408147574,0,10.786111584473726,0.0,10.786111584473726,10.786111584473726,-0.36579454013103874,8.809954848211039,4.079934259185243,0.001,0.0,-inf,1.1346820368870358,0.10030021221311271,5.0,2.265009880065918,0.0
8.988303184509277,10.825792747616978,2.358804139746807,6.283185307179586,0.0,8.809954848211039,-28.74610759317875,0.9459326028177579,0,10.825792747616978,0.0,10.825792747616978,10.825792747616978,4.3746420391527465,8.883457901023904,4.0540673971822425,0.001,0.0,-inf,1.1377186963652763,1.5395042465431148,5.0,2.7361674308776855,28.041632965816696
9.005048751831055,10.825792747616978,2.358804139746807,6.283185307179586,0.0,8.883457901023904,-28.74610759317875,0.9562230302115593,0,10.825792747616978,0.0,10.825792747616978,10.825792747616978,4.301138986339881,8.95548291347998,4.043776969788441,0.001,0.0,-inf,1.170256850670153,0.6145164983702185,5.0,2.7361674308776855,0.0
9.021785736083984,10.857558916792714,0.9519034246045135,6.283185307179586,0.0,8.95548291347998,-28.74610759317875,0.9663065319554098,0,10.857558916792714,0.0,10.857558916792714,10.857558916792714,2.8539794279172477,9.003249922223215,4.03369346804459,0.001,0.0,-inf,1.1999294106292704,0.602468257809676,5.0,2.7361674308776855,0.0
9.038528680801392,10.857558916792714,0.9519034246045135,6.283185307179586,0.0,9.003249922223215,-24.33517388999462,1.017103250211304,0,10.857558916792714,0.0,10.857558916792714,10.857558916792714,2.806212419174012,9.050234181622747,3.9828967497886962,0.001,0.0,-inf,1.1482880066343466,3.0339178151309345,5.0,3.141838312149048,24.22936276254895
9.055269002914429,10.882975317402074,0.7598080649264607,6.283185307179586,0.0,9.050234181622747,-24.33517388999462,1.0236810465272383,0,10.882975317402074,0.0,10.882975317402074,10.882975317402074,2.5925492007057884,9.093634290336459,3.9763189534727617,0.001,0.0,-inf,1.183459205970912,0.392931287194986,5.0,3.141838312149048,0.0
9.072035551071167,10.90570337519135,1.355347745756643,6.283185307179586,0.0,9.093634290336459,-24.33517388999462,1.029757061747158,0,10.90570337519135,0.0,10.90570337519135,10.90570337519135,3.1674168306115353,9.14674093715937,3.970242938252842,0.001,0.0,-inf,1.2151132853738207,0.36238915506754793,5.0,3.141838312149048,0.0
9.088871717453003,10.89451508403802,-0.6650476791698274,6.283185307179586,0.0,9.14674093715937,-17.378849908709526,1.1067552321152168,0,10.89451508403802,0.0,10.89451508403802,10.89451508403802,1.082726467708822,9.164969900115732,3.8932447678847835,0.001,0.0,-inf,1.1123486323607852,4.573379035451314,5.0,3.4911255836486816,20.746247309391638
9.105616807937622,10.89451508403802,-0.6650476791698274,6.283185307179586,0.0,9.164969900115732,-17.378849908709526,1.1093072869291074,0,10.89451508403802,0.0,10.89451508403802,10.89451508403802,1.0644975047524596,9.182795007153464,3.8906927130708926,0.001,0.0,-inf,1.1511137691247066,0.15240615249196682,5.0,3.4911255836486816,0.0
9.122365236282349,10.855937158637357,-1.1555948523414756,6.283185307179586,0.0,9.182795007153464,-17.378849908709526,1.1118028019143897,0,10.855937158637357,0.0,10.855937158637357,10.855937158637357,0.5175472991424168,9.191463111008158,3.88819719808561,0.001,0.0,-inf,1.1860023922122362,0.14899994996056296,5.0,3.4911255836486816,0.0
9.139104843139648,10.855937158637357,-1.1555948523414756,6.283185307179586,0.0,9.191463111008158,-11.616040952503681,1.1706444260161055,0,10.855937158637357,0.0,10.855937158637357,10.855937158637357,0.508879195287723,9.199981548675133,3.8293555739838947,0.001,0.0,-inf,1.1202484841174527,3.5151138615932394,5.0,3.791865348815918,17.96576035094216
9.155845880508423,10.855937158637357,-1.1555948523414756,6.283185307179586,0.0,9.199981548675133,-11.616040952503681,1.171837007289482,0,10.855937158637357,0.0,10.855937158637357,10.855937158637357,0.5003607576207478,9.20835810681633,3.828162992710518,0.001,0.0,-inf,1.1582236357057076,0.07123699966173064,5.0,3.791865348815918,0.0
9.172591209411621,10.757817317626833,-1.9542542185480016,6.225449033141481,-1.14993416153323,9.20835810681633,-11.616040952503681,1.1730097254292495,0,10.757817317626833,0.0,10.757817317626833,10.757817317626833,-0.40479500773749955,9.201579681273394,3.8269902745707505,0.001,0.0,-inf,1.192401272135137,0.07003255334946705,5.0,3.791865348815918,0.0
9.189346551895142,10.670057115902535,-5.2434148392903595,6.199916262769435,-1.5255081965008352,9.201579681273394,-8.28514527529478,1.2053697026253274,0,10.670057115902535,0.0,10.670057115902535,10.670057115902535,-3.774937404661218,9.138329312204442,3.7946302973746726,0.001,0.0,-inf,1.1770407392885311,1.9313229334407864,5.0,4.050805568695068,15.45418842580076
9.206093549728394,10.670057115902535,-5.2434148392903595,6.199916262769435,-1.5255081965008352,9.138329312204442,-8.28514527529478,1.1965146509556743,0,10.670057115902535,0.0,10.670057115902535,10.670057115902535,-3.7116870355922664,9.076169697461669,3.8034853490443257,0.001,0.0,-inf,1.2084101291545468,0.5287545718833817,5.0,4.050805568695068,0.0
9.222831726074219,10.599814599679691,-2.103185753798105,6.283185307179586,2.4932231553352784,9.076169697461669,-8.28514527529478,1.187812304891686,0,10.599814599679691,0.0,10.599814599679691,10.599814599679691,-0.5795408515800831,9.066469240488312,3.812187695108314,0.001,0.0,-inf,1.2369275702545304,0.5199100477967461,5.0,4.050805568695068,0.0
9.239572525024414,10.536982201578832,-3.7573700606513145,6.283185307179586,0.0,9.066469240488312,-6.425375584512949,1.2050519378232343,0,10.536982201578832,0.0,10.536982201578832,10.536982201578832,-2.286857099560794,9.028185425556737,3.7949480621767657,0.001,0.0,-inf,1.2461635604038839,1.0297975014715266,5.0,4.273755073547363,13.317733849834795
9.256315469741821,10.480782759280954,-3.3582781824727435,6.283185307179586,0.0,9.028185425556737,-6.425375584512949,1.199692203732814,0,10.480782759280954,0.0,10.480782759280954,10.480782759280954,-1.9056808487485264,8.99627871645712,3.800307796267186,0.001,0.0,-inf,1.2715472043634954,0.32011896239781285,5.0,4.273755073547363,0.0
9.273140907287598,10.430501355982814,-3.012534511027587,6.283185307179586,0.0,8.99627871645712,-7.161806337535381,1.1878609569286431,0,10.430501355982814,0.0,10.430501355982814,10.430501355982814,-1.5783118715018922,8.969722928635408,3.812139043071357,0.001,0.0,-inf,1.2878456960889577,0.7031761742886004,5.0,4.46571683883667,11.409020702554875
9.289890766143799,10.370563645158516,-3.5829399310368033,6.283185307179586,0.0,8.969722928635408,-7.161806337535381,1.1841431466336034,0,10.370563645158516,0.0,10.370563645158516,10.370563645158516,-2.1820992145136953,8.933173074782076,3.8158568533663964,0.001,0.0,-inf,1.3090611264800618,0.22196069393523793,5.0,4.46571683883667,0.0
9.306630611419678,10.31695228745526,-3.2041712796061197,6.283185307179586,0.0,8.933173074782076,-7.161806337535381,1.1790261670941369,0,10.31695228745526,0.0,10.31695228745526,10.31695228745526,-1.8203920669329352,8.902699993240182,3.820973832905863,0.001,0.0,-inf,1.3281550138320557,0.30567663291606423,5.0,4.46571683883667,0.0
9.323371171951294,10.269010441982278,-2.8594967966142777,6.283185307179586,0.0,8.902699993240182,-7.680172100663185,1.1695762780469938,0,10.269010441982278,0.0,10.269010441982278,10.269010441982278,-1.4931863478721814,8.877703216798643,3.8304237219530064,0.001,0.0,-inf,1.3432614820268975,0.5644905993019769,5.0,4.6309967041015625,9.873018585772272
9.340108156204224,10.269010441982278,-2.8594967966142777,6.283185307179586,0.0,8.877703216798643,-7.680172100663185,1.1660767293451784,0,10.269010441982278,0.0,10.269010441982278,10.269010441982278,-1.468189571430643,8.853130151061293,3.8339232706548216,0.001,0.0,-inf,1.358935333824208,0.2090907566697918,5.0,4.6309967041015625,0.0
9.356848239898682,10.185861349316523,-2.4837450109272963,6.283185307179586,0.0,8.853130151061293,-7.680172100663185,1.1626365001419494,0,10.185861349316523,0.0,10.185861349316523,10.185861349316523,-1.1510138126720664,8.833862083503686,3.837363499858051,0.001,0.0,-inf,1.3730418004417873,0.20550848287382678,5.0,4.6309967041015625,0.0
9.373642921447754,10.185861349316523,-2.4837450109272963,6.283185307179586,0.0,8.833862083503686,-8.364895358681679,1.1530917381036994,0,10.185861349316523,0.0,10.185861349316523,10.185861349316523,-1.1317457451144586,8.81485477411997,3.8469082618963006,0.001,0.0,-inf,1.3835361816365421,0.568320513274472,5.0,4.773305416107178,8.473439141421311
9.39038634300232,10.06291007863425,-3.6758165454526974,6.283185307179586,0.0,8.81485477411997,-8.364895358681679,1.1504307147899793,0,10.06291007863425,0.0,10.06291007863425,10.06291007863425,-2.427761240938418,8.774205744229103,3.8495692852100207,0.001,0.0,-inf,1.395182563472888,0.15892948194895737,5.0,4.773305416107178,0.0
9.407161235809326,10.06291007863425,-3.6758165454526974,6.283185307179586,0.0,8.774205744229103,-8.638794533908367,1.1420008588529909,0,10.06291007863425,0.0,10.06291007863425,10.06291007863425,-2.387112211047551,8.734162192770484,3.857999141147009,0.001,0.0,-inf,1.4055828443450011,0.5025281552599421,5.0,4.895834445953369,7.3043107491578905
9.423900127410889,9.922455029713774,-4.1976527044979095,6.283185307179586,0.0,8.734162192770484,-8.638794533908367,1.1363947616487842,0,9.922455029713774,0.0,9.922455029713774,9.922455029713774,-3.009359867554619,8.683788844157394,3.863605238351216,0.001,0.0,-inf,1.415024559910501,0.33491448165441134,5.0,4.895834445953369,0.0
9.44063687324524,9.922455029713774,-4.1976527044979095,6.283185307179586,0.0,8.683788844157394,-8.638794533908367,1.1293424928429516,0,9.922455029713774,0.0,9.922455029713774,9.922455029713774,-2.95898651894153,8.6342650388626,3.8706575071570484,0.001,0.0,-inf,1.423522103919451,0.4213643963785616,5.0,4.895834445953369,0.0
9.457411050796509,9.789525329308264,-3.9684796085927676,6.159410508481087,-3.6951694256004584,8.6342650388626,-8.638794533908367,1.1224091601016803,0,9.789525329308264,0.0,9.789525329308264,9.789525329308264,-2.8132193181471035,8.587075598529339,3.8775908398983194,0.001,0.0,-inf,1.431169893527506,0.4133336922230527,5.0,4.895834445953369,0.0
9.474148750305176,9.670578375690509,-7.134782743607592,6.0486554613025785,-6.643408471948607,8.587075598529339,-8.669119328260422,1.1154993905115034,0,9.670578375690509,0.0,9.670578375690509,9.670578375690509,-6.051279966446422,8.485791092808142,3.8845006094884966,0.001,0.0,-inf,1.4380529041747554,0.4128267200996772,5.0,5.0013322830200195,6.3030069940031055
9.49091100692749,9.564175306304046,-6.365159875915231,6.003429804960208,-2.7054532803638103,8.485791092808142,-8.669119328260422,1.1013195597105359,0,9.564175306304046,0.0,9.564175306304046,9.564175306304046,-5.286775662419328,8.397172802450063,3.898680440289464,0.001,0.0,-inf,1.4331007208038284,0.845938057176077,5.0,5.0013322830200195,0.0
9.507740020751953,9.564175306304046,-6.365159875915231,6.003429804960208,-2.7054532803638103,8.397172802450063,-8.669119328260422,1.0889129990604047,0,9.564175306304046,0.0,9.564175306304046,9.564175306304046,-5.198157372061249,8.309692940173909,3.9110870009395953,0.001,0.0,-inf,1.4321471323530048,0.7372125770136796,5.0,5.0013322830200195,0.0
9.524478197097778,9.479052744791451,-2.5431472568543376,6.045270108485118,1.2500334957563846,8.309692940173909,-9.805280715227127,1.065304204472076,0,9.479052744791451,0.0,9.479052744791451,9.479052744791451,-1.3737874522367952,8.286698243536687,3.934695795527924,0.001,0.0,-inf,1.4095948618729186,1.4104759144933507,5.0,5.09216833114624,5.426878427462431
9.54142427444458,9.428408737682838,-3.0340426731754166,6.144873754368695,5.967176162946828,8.286698243536687,-9.805280715227127,1.062084946942865,0,9.428408737682838,0.0,9.428408737682838,9.428408737682838,-1.8923321790292653,8.254630636065015,3.937915053057135,0.001,0.0,-inf,1.4186353756856267,0.18997066184278336,5.0,5.09216833114624,0.0
9.558176040649414,9.428408737682838,-3.0340426731754166,6.144873754368695,5.967176162946828,8.254630636065015,-12.38623820245266,1.0317859070245756,0,9.428408737682838,0.0,9.428408737682838,9.428408737682838,-1.8602645715575927,8.223467918883147,3.9682140929754244,0.001,0.0,-inf,1.3846023843355386,1.8087071863232043,5.0,5.1703782081604,4.66875409182773
9.57491421699524,9.461144448005413,0.9779174435829536,6.061530093278842,-2.4897342745492708,8.223467918883147,-12.38623820245266,1.027423126619114,0,9.461144448005413,0.0,9.461144448005413,9.461144448005413,2.21559397270522,8.260552921509033,3.972576873380886,0.001,0.0,-inf,1.396142145901985,0.26064849093011977,5.0,5.1703782081604,0.0
9.591660737991333,9.490425688218165,1.7504407364286163,5.986981359295843,-4.4565441854540655,8.260552921509033,-12.38623820245266,1.0326150269867382,0,9.490425688218165,0.0,9.490425688218165,9.490425688218165,2.980313503137748,8.31046280416427,3.967384973013262,0.001,0.0,-inf,1.4065279313117864,0.31002859452630366,5.0,5.1703782081604,0.0
9.608411073684692,9.618286381029197,7.400016769467505,5.348207724818638,-36.96941963243611,8.31046280416427,-13.507906347513199,1.028385729107866,0,9.618286381029197,0.0,9.618286381029197,9.618286381029197,8.707840346332432,8.456322053129515,3.9716142708921343,0.001,0.0,-inf,1.415875138180608,0.25249033549512484,5.0,5.2377166748046875,4.020126394898656
9.625161170959473,9.618286381029197,7.400016769467505,5.348207724818638,-36.96941963243611,8.456322053129515,-13.507906347513199,1.0488060239630002,0,9.618286381029197,0.0,9.618286381029197,9.618286381029197,8.561981097367187,8.599736069375243,3.9511939760369996,0.001,0.0,-inf,1.4011161409984532,1.2191150009546474,5.0,5.2377166748046875,0.0
9.642334938049316,9.831997001111155,6.3910284815566,3.9554350373651497,-41.65094795212199,8.599736069375243,-12.070762924849987,1.0832554204640343,0,9.831997001111155,0.0,9.831997001111155,9.831997001111155,7.623289413292512,8.7306566662176,3.9167445795359654,0.001,0.0,-inf,1.362480074730523,2.0059312741819424,5.0,5.29569673538208,3.3760828520657484
9.659071207046509,10.02312398764903,11.408713803884526,2.7098420641046115,-74.3516863080091,8.7306566662176,-12.070762924849987,1.1015843040219642,0,10.02312398764903,0.0,10.02312398764903,10.02312398764903,12.701181125315955,8.94322705011295,3.898415695978036,0.001,0.0,-inf,1.357054706416564,1.0951594743729693,5.0,5.29569673538208,0.0
9.67583966255188,10.315845461528793,17.454937499534992,0.3823950190607466,-138.7853175452546,8.94322705011295,-12.070762924849987,1.1313441577673133,0,10.315845461528793,0.0,10.315845461528793,10.315845461528793,18.827555910950835,9.258936083680616,3.8686558422326867,0.001,0.0,-inf,1.3302738862500754,1.774752226632728,5.0,5.29569673538208,0.0
9.69261622428894,10.315845461528793,17.454937499534992,0.3823950190607466,-138.7853175452546,9.258936083680616,-5.49203809350729,1.2413306707802136,0,10.315845461528793,0.0,10.315845461528793,10.315845461528793,18.51184687738317,9.569501225686047,3.7586693292197864,0.001,0.0,-inf,1.2022464976250677,6.555962701817068,5.0,5.302995681762695,0.4350680726487224
9.709354400634766,10.631892046660038,9.454896907335973,-3.0498315191183045,-102.67900242500497,9.569501225686047,-5.49203809350729,1.2848097906609737,0,10.631892046660038,0.0,10.631892046660038,10.631892046660038,10.517287728309965,9.745541442362281,3.7151902093390263,0.001,0.0,-inf,1.164432450992471,2.5976019718303727,5.0,5.302995681762695,0.0
9.726178169250488,10.914604110742282,16.90952358257985,-6.120049311863976,-183.63531934380524,9.745541442362281,-5.49203809350729,1.3094554209956466,0,10.914604110742282,0.0,10.914604110742282,10.914604110742282,18.07858625095985,10.049691394347814,3.6905445790043534,0.001,0.0,-inf,1.1668970419480906,1.4649292258834534,5.0,5.302995681762695,0.0
9.74291729927063,11.167473041862182,15.11140639546245,-6.283185307179586,-9.748980675579803,10.049691394347814,5.803224630653858,1.4649890415152327,0,11.167473041862182,0.0,11.167473041862182,11.167473041862182,16.229188042976816,10.32135388312053,3.5350109584847673,0.001,0.0,-inf,1.0552073377532816,9.291619118343545,5.0,4.619080066680908,-40.85729749747183
9.759660243988037,11.167473041862182,15.11140639546245,-6.283185307179586,-9.748980675579803,10.32135388312053,5.803224630653858,1.5030217899434128,0,11.167473041862182,0.0,11.167473041862182,11.167473041862182,15.957525554204102,10.588529851301182,3.496978210056587,0.001,0.0,-inf,1.0426027250643664,2.2715686559389074,5.0,4.619080066680908,0.0
9.776404619216919,11.369704462360838,6.033374512214365,-6.283185307179586,0.0,10.588529851301182,13.955594040453434,1.6219501195866999,0,11.369704462360838,0.0,11.369704462360838,11.369704462360838,6.814549123274022,10.702635218836928,3.3780498804133003,0.001,0.0,-inf,0.9433424525579297,7.102583883700323,5.0,3.5531766414642334,-63.65740200196495
9.793139457702637,11.550625679936507,10.831885728024652,-6.283185307179586,0.0,10.702635218836928,13.955594040453434,1.6379248710417045,0,11.550625679936507,0.0,11.550625679936507,11.550625679936507,11.679876189124231,10.898096060395103,3.3620751289582955,0.001,0.0,-inf,0.9843606115534698,0.9545805577172516,5.0,3.5531766414642334,0.0
9.809877872467041,11.712463999559715,9.67956865898865,-6.283185307179586,0.0,10.898096060395103,13.955594040453434,1.6652893888598488,0,11.712463999559715,0.0,11.712463999559715,11.712463999559715,10.493936598153262,11.073747923686355,3.334710611140151,0.001,0.0,-inf,0.9993576996740836,1.63483329833225,5.0,3.5531766414642334,0.0
9.826665163040161,11.857174700125933,8.624418065954703,-6.283185307179586,0.0,11.073747923686355,25.641685351729393,1.8067415628333838,0,11.857174700125933,0.0,11.857174700125933,11.857174700125933,9.407844842394281,11.231680148722457,3.193258437166616,0.001,0.0,-inf,0.9044219297066752,8.426146754142023,5.0,2.273348093032837,-76.23794577551803
9.843405485153198,11.986627820468852,7.745809302216736,-6.283185307179586,0.0,11.231680148722457,25.641685351729393,1.8288520743384382,0,11.986627820468852,0.0,11.986627820468852,11.986627820468852,8.500756973963131,11.373985558671247,3.171147925661562,0.001,0.0,-inf,0.9375319406557203,1.320793671457197,5.0,2.273348093032837,0.0
9.86014437675476,12.102403701678048,6.912247931151515,-6.283185307179586,0.0,11.373985558671247,25.641685351729393,1.8487748317312687,0,12.102403701678048,0.0,12.102403701678048,12.102403701678048,7.6406660741583154,11.50188183985032,3.1512251682687316,0.001,0.0,-inf,0.971538721241825,1.190207683223825,5.0,2.273348093032837,0.0
9.876885652542114,12.205953817439527,6.185758545266956,-6.283185307179586,0.0,11.50188183985032,28.460904955863953,1.8948725071376844,0,12.205953817439527,0.0,12.205953817439527,12.205953817439527,6.889830522856163,11.617226392761578,3.105127492862316,0.001,0.0,-inf,0.9517709693893187,2.753534198465225,5.0,1.1714036464691162,-65.82201145005554
9.893640756607056,12.298519300757487,5.503001714231469,-6.283185307179586,0.0,11.617226392761578,28.460904955863953,1.9110207445452607,0,12.298519300757487,0.0,12.298519300757487,12.298519300757487,6.184294622227378,11.720844892725255,3.0889792554547393,0.001,0.0,-inf,0.9916498440513307,0.9637801916948456,5.0,1.1714036464691162,0.0
9.910377979278564,12.381354756509445,4.972408275045624,-6.283185307179586,0.0,11.720844892725255,31.676296144723892,1.9576812464287747,0,12.381354756509445,0.0,12.381354756509445,12.381354756509445,5.632918138829814,11.81512429790523,3.0423187535712253,0.001,0.0,-inf,0.968765949958794,2.7878282316780436,5.0,0.2226184457540512,-56.687134976709736
9.927116870880127,12.381354756509445,4.972408275045624,-6.283185307179586,0.0,11.81512429790523,31.676296144723892,1.9708803631539713,0,12.381354756509445,0.0,12.381354756509445,12.381354756509445,5.538638733649839,11.907834971288011,3.029119636846029,0.001,0.0,-inf,1.0125922800136873,0.7885299122173957,5.0,0.2226184457540512,0.0
9.943853855133057,12.44764543217405,1.9835013062160407,-6.283185307179586,0.0,11.907834971288011,32.3905348777771,1.9910022447580926,0,12.44764543217405,0.0,12.44764543217405,12.44764543217405,2.52331176710208,11.950067600599231,3.008997755241907,0.001,0.0,-inf,1.0387053000893829,1.202240576918696,5.0,-0.594295084476471,-48.808884437321936
9.960598945617676,12.506942317101204,3.545643476192226,-6.283185307179586,0.0,11.950067600599231,32.3905348777771,1.9969148128616636,0,12.506942317101204,0.0,12.506942317101204,12.506942317101204,4.102518192694199,12.018764638950692,3.0030851871383364,0.001,0.0,-inf,1.0848347700804446,0.35309263386793044,5.0,-0.594295084476471,0.0
9.977336168289185,12.55997138348431,3.164499690506269,-6.283185307179586,0.0,12.018764638950692,32.3905348777771,2.006532398230868,0,12.55997138348431,0.0,12.55997138348431,12.55997138348431,3.7057064350398865,12.080787872709198,2.993467601769132,0.001,0.0,-inf,1.123946789072814,0.5746225379181875,5.0,-0.594295084476471,0.0
9.994114637374878,12.55997138348431,3.164499690506269,-6.283185307179586,0.0,12.080787872709198,30.146973207592964,1.9927800342552175,0,12.55997138348431,0.0,12.55997138348431,12.55997138348431,3.6436832012813807,12.141923298659957,3.0072199657447825,0.001,0.0,-inf,1.1512524846450083,0.8196435506369659,5.0,-1.2976657152175903,-41.92102552078893
