t,ins_ref,ins_vel_ref,tws_ref,tws_vel_ref,xm,xm_dot,pm,mode_impedance,xr,dx,xc,x_ref,v_cmd,x_cmd,dF,ke_hat,be_hat,xe_hat,hysteresis_current,dfdt_abs,f_safe,tws_meas,tws_meas_vel
0.0,0.0,0.0,0.0,0.0,0.003367031691595912,0.0,0.00047138443682342773,0,0.0,0.0,0.0,0.0,-0.003367031691595912,0.003333361374679953,4.999528615563176,100.0,0.5,0.0,0.2,0.0,5.0,-1.3326878489650085e-10,0.0
0.010063886642456055,0.0,0.0,0.0,0.0,0.003333361374679953,-0.003367031691595912,0.00043300027553923434,0,0.0,0.0,0.0,0.0,-0.003333361374679953,0.003299814803666832,4.999566999724461,100.0,0.5,0.0,0.33000000000000007,0.0038140494470857707,5.0,-1.3326878489650085e-10,0.0
0.020129919052124023,0.0,0.0,0.0,0.0,0.003299814803666832,-0.003333361374679953,0.00042864045876655707,0,0.0,0.0,0.0,0.0,-0.003299814803666832,0.003266598760907219,4.999571359541234,100.0,0.5,0.0,0.4470000000000001,0.0004331216705094121,5.0,-1.068005198168187e-10,2.629463526688089e-09
0.03019404411315918,0.0,0.0,0.0,0.0,0.003266598760907219,-0.003299814803666832,0.0004243256784903424,0,0.0,0.0,0.0,0.0,-0.003266598760907219,0.0032337233024532265,4.99957567432151,100.0,0.5,0.0,0.5523000000000001,0.0004287288015646815,5.0,-1.068005198168187e-10,0.0
0.04026222229003906,0.0,0.0,0.0,0.0,0.0032337233024532265,-0.003266598760907219,0.0004200552747343796,0,0.0,0.0,0.0,0.0,-0.0032337233024532265,0.003201165600069399,4.999579944725266,100.0,0.5,0.0,0.6470700000000001,0.00042414860771625764,5.0,-1.068005198168187e-10,0.0
0.050325632095336914,0.0,0.0,0.0,0.0,0.003201165600069399,-0.0032337233024532265,0.00041582595098518365,0,0.0,0.0,0.0,0.0,-0.003201165600069399,0.003168950958781278,4.999584174049015,100.0,0.5,0.0,0.7323630000000002,0.0004202674670934508,5.0,-1.068005198168187e-10,0.0
0.060440778732299805,-0.15295667562256812,-15.190292096188854,0.5640491533725817,56.0163285548902,0.003168950958781278,-0.003201165600069399,0.000411641478228685,0,-0.15295667562256812,0.0,-0.15295667562256812,-0.15295667562256812,-15.346417722770203,-0.15206231465912545,4.9995883585217715,100.0,0.5,0.0,0.8091267000000002,0.0004136838452947112,5.0,-1.068005198168187e-10,0.0
0.07062768936157227,-0.15295667562256812,-15.190292096188854,0.5640491533725817,56.0163285548902,-0.15206231465912545,-15.346417722770203,0.0,0,-0.15295667562256812,0.0,-0.15295667562256812,-0.15295667562256812,-15.191186457152297,-0.30681357345075,5.0,100.0,0.5,0.0,0.8782140300000002,0.040408863217648944,5.0,1.0350413859328e-08,1.0265344185012904e-06
0.08069419860839844,-1.0438095969818966,-29.494711024826472,3.9941150117976347,113.56397769454418,-0.30681357345075,-15.191186457152297,0.0,0,-1.0438095969818966,0.0,-1.0438095969818966,-1.0438095969818966,-30.23170704835762,-0.611141332000382,5.0,100.0,0.5,0.0,0.9403926270000003,0.0,5.0,1.0350413859328e-08,0.0
0.0907599925994873,-1.0438095969818966,-29.494711024826472,3.9941150117976347,113.56397769454418,-0.611141332000382,-30.23170704835762,0.0,0,-1.0438095969818966,0.0,-1.0438095969818966,-1.0438095969818966,-29.927379289807988,-0.9123841666247687,5.0,100.0,0.5,0.0,0.9963533643000003,0.0,5.0,1.0350413859328e-08,0.0
0.10082411766052246,-1.0438095969818966,-29.494711024826472,3.9941150117976347,113.56397769454418,-0.9123841666247687,-29.927379289807988,0.0,0,-1.0438095969818966,0.0,-1.0438095969818966,-1.0438095969818966,-29.626136455183598,-1.2105453089850293,5.0,100.0,0.5,0.0,1.0467180278700003,0.0,5.0,1.0350413859328e-08,0.0
0.11088919639587402,-1.5445477083411183,-24.91840616273867,5.922115311964719,95.94375477240317,-1.2105453089850293,-29.626136455183598,0.0,0,-1.5445477083411183,0.0,-1.5445477083411183,-1.5445477083411183,-25.252408562094757,-1.464712789419779,5.0,100.0,0.5,0.0,1.0920462250830003,0.0,5.0,1.0350413859328e-08,0.0
0.12095832824707031,-2.0690211213760805,-25.17248604244191,6.283185307179586,0.0,-1.464712789419779,-25.252408562094757,0.0,0,-2.0690211213760805,0.0,-2.0690211213760805,-2.0690211213760805,-25.77679437439821,-1.7242627306767693,5.0,100.0,0.5,0.0,1.1328416025747003,0.0,5.0,0.07839734852313995,7.785908391239499
0.1310269832611084,-2.0690211213760805,-25.17248604244191,6.283185307179586,0.0,-1.7242627306767693,-25.77679437439821,0.0,0,-2.0690211213760805,0.0,-2.0690211213760805,-2.0690211213760805,-25.517244433141222,-1.9811870617829521,5.0,100.0,0.5,0.0,1.1695574423172306,0.0,5.0,0.07839734852313995,0.0
0.14109492301940918,-2.0690211213760805,-25.17248604244191,6.283185307179586,0.0,-1.9811870617829521,-25.517244433141222,0.0,0,-2.0690211213760805,0.0,-2.0690211213760805,-2.0690211213760805,-25.26032010203504,-2.2355064428456353,5.0,100.0,0.5,0.0,1.2026016980855077,0.0,5.0,0.07839734852313995,0.0
0.15116024017333984,-2.0690211213760805,-25.17248604244191,6.283185307179586,0.0,-2.2355064428456353,-25.26032010203504,0.0,0,-2.0690211213760805,0.0,-2.0690211213760805,-2.0690211213760805,-25.006000720972356,-2.4871997708536404,5.0,100.0,0.5,0.0,1.2323415282769568,0.0,5.0,0.07839734852313995,0.0
0.16127610206604004,-2.9020296739340186,-27.601146297175564,6.283185307179586,0.0,-2.4871997708536404,-25.006000720972356,0.0,0,-2.9020296739340186,0.0,-2.9020296739340186,-2.9020296739340186,-28.015976200255942,-2.770605516884605,5.0,100.0,0.5,0.0,1.2591073754492612,0.0,5.0,0.07839734852313995,0.0
0.1713404655456543,-3.3537462304701995,-22.451758682568776,6.283185307179586,0.0,-2.770605516884605,-28.015976200255942,0.0,0,-3.3537462304701995,0.0,-3.3537462304701995,-3.3537462304701995,-23.034899396154373,-3.0024371171238493,5.0,100.0,0.5,0.0,1.2831966379043354,0.0,5.0,0.4602872133255005,37.944760796437116
0.18144774436950684,-3.3537462304701995,-22.451758682568776,6.283185307179586,0.0,-3.0024371171238493,-23.034899396154373,0.0,0,-3.3537462304701995,0.0,-3.3537462304701995,-3.3537462304701995,-22.803067795915126,-3.232914081376376,5.0,100.0,0.5,0.0,1.3048769741139017,0.0,5.0,0.4602872133255005,0.0
0.1915132999420166,-3.748455672318297,-19.634609755817234,6.283185307179586,0.0,-3.232914081376376,-22.803067795915126,0.0,0,-3.748455672318297,0.0,-3.748455672318297,-3.748455672318297,-20.150151346759156,-3.4357365495516627,5.0,100.0,0.5,0.0,1.3243892767025116,0.0,5.0,0.4602872133255005,0.0
0.20157861709594727,-3.748455672318297,-19.634609755817234,6.283185307179586,0.0,-3.4357365495516627,-20.150151346759156,0.0,0,-3.748455672318297,0.0,-3.748455672318297,-3.748455672318297,-19.947328878583868,-3.6365127410883695,5.0,100.0,0.5,0.0,1.3419503490322606,0.0,5.0,0.4602872133255005,0.0
0.21164679527282715,-4.102438372711911,-17.59720115905442,6.283185307179586,0.0,-3.6365127410883695,-19.947328878583868,0.0,0,-4.102438372711911,0.0,-4.102438372711911,-4.102438372711911,-18.063126790677963,-3.8183755200484875,5.0,100.0,0.5,0.0,1.3577553141290348,0.0,5.0,0.4602872133255005,0.0
0.2217113971710205,-4.263107921507453,-15.902046608885158,6.283185307179586,0.0,-3.8183755200484875,-18.063126790677963,0.0,0,-4.263107921507453,0.0,-4.263107921507453,-4.263107921507453,-16.34677901034412,-3.9828993431053443,5.0,100.0,0.5,0.0,1.3719797827161315,0.0,5.0,0.7890980839729309,32.67003245368835
0.23177790641784668,-4.263107921507453,-15.902046608885158,6.283185307179586,0.0,-3.9828993431053443,-16.34677901034412,0.0,0,-4.263107921507453,0.0,-4.263107921507453,-4.263107921507453,-16.182255187287268,-4.145798164582672,5.0,100.0,0.5,0.0,1.3847818044445184,0.0,5.0,0.7890980839729309,0.0
0.24188852310180664,-4.576386162334132,-15.58478245815902,6.283185307179586,0.0,-4.145798164582672,-16.182255187287268,0.0,0,-4.576386162334132,0.0,-4.576386162334132,-4.576386162334132,-16.01537045591048,-4.307723436314,5.0,100.0,0.5,0.0,1.3963036240000668,0.0,5.0,0.7890980839729309,0.0
0.25202155113220215,-4.718493677414764,-14.084836687290363,6.283185307179586,0.0,-4.307723436314,-16.01537045591048,0.0,0,-4.718493677414764,0.0,-4.718493677414764,-4.718493677414764,-14.495606928391126,-4.454607827636982,5.0,100.0,0.5,0.0,1.4066732616000603,0.0,5.0,0.7890980839729309,0.0
0.2622213363647461,-4.718493677414764,-14.084836687290363,6.283185307179586,0.0,-4.454607827636982,-14.495606928391126,0.0,0,-4.718493677414764,0.0,-4.718493677414764,-4.718493677414764,-14.348722537068145,-4.600961715876441,5.0,100.0,0.5,0.0,1.4160059354400545,0.0,5.0,1.0722074508666992,27.756404712372316
0.2722923755645752,-4.9711243835714525,-12.55194367736531,6.283185307179586,0.0,-4.600961715876441,-14.348722537068145,0.0,0,-4.9711243835714525,0.0,-4.9711243835714525,-4.9711243835714525,-12.922106345060321,-4.731100755421903,5.0,100.0,0.5,0.0,1.424405341896049,0.0,5.0,1.0722074508666992,0.0
0.2824716567993164,-4.9711243835714525,-12.55194367736531,6.283185307179586,0.0,-4.731100755421903,-12.922106345060321,0.0,0,-4.9711243835714525,0.0,-4.9711243835714525,-4.9711243835714525,-12.79196730551486,-4.861313788170354,5.0,100.0,0.5,0.0,1.4319648077064442,0.0,5.0,1.0722074508666992,0.0
0.29253530502319336,-4.9711243835714525,-12.55194367736531,6.283185307179586,0.0,-4.861313788170354,-12.79196730551486,0.0,0,-4.9711243835714525,0.0,-4.9711243835714525,-4.9711243835714525,-12.661754272766409,-4.988737229068646,5.0,100.0,0.5,0.0,1.4387683269357998,0.0,5.0,1.0722074508666992,0.0
0.3026003837585449,-5.341409863487405,-12.270309383149629,6.283185307179586,0.0,-4.988737229068646,-12.661754272766409,0.0,0,-5.341409863487405,0.0,-5.341409863487405,-5.341409863487405,-12.622982017568386,-5.115788536950399,5.0,100.0,0.5,0.0,1.4448914942422197,0.0,5.0,1.0722074508666992,0.0
0.312671422958374,-5.341409863487405,-12.270309383149629,6.283185307179586,0.0,-5.115788536950399,-12.622982017568386,0.0,0,-5.341409863487405,0.0,-5.341409863487405,-5.341409863487405,-12.495930709686634,-5.241635544966002,5.0,100.0,0.5,0.0,1.4504023448179977,0.0,5.0,1.3159674406051636,24.204055301721077
0.3227403163909912,-5.549802309506575,-10.367231288198155,6.283185307179586,0.0,-5.241635544966002,-12.495930709686634,0.0,0,-5.549802309506575,0.0,-5.549802309506575,-5.549802309506575,-10.675398052738728,-5.349124990309797,5.0,100.0,0.5,0.0,1.455362110336198,0.0,5.0,1.3159674406051636,0.0
0.33280420303344727,-5.549802309506575,-10.367231288198155,6.283185307179586,0.0,-5.349124990309797,-10.675398052738728,0.0,0,-5.549802309506575,0.0,-5.549802309506575,-5.549802309506575,-10.567908607394934,-5.455479224582455,5.0,100.0,0.5,0.0,1.4598258993025781,0.0,5.0,1.3159674406051636,0.0
0.34287285804748535,-5.91826472603524,-18.289270857939037,6.283185307179586,0.0,-5.455479224582455,-10.567908607394934,0.0,0,-5.91826472603524,0.0,-5.91826472603524,-5.91826472603524,-18.752056359391823,-5.644287210868971,5.0,100.0,0.5,0.0,1.4638433093723204,0.0,5.0,1.3159674406051636,0.0
0.3529670238494873,-5.91826472603524,-18.289270857939037,6.283185307179586,0.0,-5.644287210868971,-18.752056359391823,0.0,0,-5.91826472603524,0.0,-5.91826472603524,-5.91826472603524,-18.563248373105306,-5.831667717770839,5.0,100.0,0.5,0.0,1.4674589784350887,0.0,5.0,1.525847315788269,20.79219613585904
0.3630344867706299,-5.91826472603524,-18.289270857939037,6.283185307179586,0.0,-5.831667717770839,-18.563248373105306,0.0,0,-5.91826472603524,0.0,-5.91826472603524,-5.91826472603524,-18.37586786620344,-6.016666086157656,5.0,100.0,0.5,0.0,1.47071308059158,0.0,5.0,1.525847315788269,0.0
0.37310314178466797,-6.38012777080093,-15.316208223536604,6.283185307179586,0.0,-6.016666086157656,-18.37586786620344,0.0,0,-6.38012777080093,0.0,-6.38012777080093,-6.38012777080093,-15.679669908179878,-6.174539273197113,5.0,100.0,0.5,0.0,1.4736417725324222,0.0,5.0,1.525847315788269,0.0
0.38316893577575684,-6.38012777080093,-15.316208223536604,6.283185307179586,0.0,-6.174539273197113,-15.679669908179878,0.0,0,-6.38012777080093,0.0,-6.38012777080093,-6.38012777080093,-15.52179672114042,-6.330778481363671,5.0,100.0,0.5,0.0,1.4762775952791802,0.0,5.0,1.525847315788269,0.0
0.39324450492858887,-6.640558341257224,-12.94070588066717,6.283185307179586,0.0,-6.330778481363671,-15.52179672114042,0.0,0,-6.640558341257224,0.0,-6.640558341257224,-6.640558341257224,-13.250485740560723,-6.464284666751306,5.0,100.0,0.5,0.0,1.4786498357512623,0.0,5.0,1.525847315788269,0.0
0.4033658504486084,-6.640558341257224,-12.94070588066717,6.283185307179586,0.0,-6.464284666751306,-13.250485740560723,0.0,0,-6.640558341257224,0.0,-6.640558341257224,-6.640558341257224,-13.116979555173089,-6.597046149008245,5.0,100.0,0.5,0.0,1.4807848521761362,0.0,5.0,1.7065558433532715,17.854200037689626
0.41343140602111816,-6.732399819674067,-4.5657893336377375,6.283185307179586,0.0,-6.597046149008245,-13.116979555173089,0.0,0,-6.732399819674067,0.0,-6.732399819674067,-6.732399819674067,-4.70114300430356,-6.644365765172377,5.0,100.0,0.5,0.0,1.4827063669585225,0.0,5.0,1.7065558433532715,0.0
0.4236013889312744,-6.732399819674067,-4.5657893336377375,6.283185307179586,0.0,-6.644365765172377,-4.70114300430356,0.0,0,-6.732399819674067,0.0,-6.732399819674067,-6.732399819674067,-4.653823388139428,-6.69169506949664,5.0,100.0,0.5,0.0,1.4844357302626703,0.0,5.0,1.7065558433532715,0.0
0.43380045890808105,-6.732399819674067,-4.5657893336377375,6.283185307179586,0.0,-6.69169506949664,-4.653823388139428,0.0,0,-6.732399819674067,0.0,-6.732399819674067,-6.732399819674067,-4.606494083815165,-6.738677025005217,5.0,100.0,0.5,0.0,1.4859921572364034,0.0,5.0,1.7065558433532715,0.0
0.4439847469329834,-6.722032600514307,0.343543005148492,6.283185307179586,0.0,-6.738677025005217,-4.606494083815165,0.0,0,-6.722032600514307,0.0,-6.722032600514307,-6.722032600514307,0.3601874296394014,-6.735008772478819,5.0,100.0,0.5,0.0,1.4873929415127631,0.0,5.0,1.8621478080749512,15.277647719823953
0.4540529251098633,-6.719017419277879,0.2999807087782926,6.283185307179586,0.0,-6.735008772478819,0.3601874296394014,0.0,0,-6.719017419277879,0.0,-6.719017419277879,-6.719017419277879,0.3159720619792327,-6.7318275094598965,5.0,100.0,0.5,0.0,1.4886536473614869,0.0,5.0,1.8621478080749512,0.0
0.4642055034637451,-6.719017419277879,0.2999807087782926,6.283185307179586,0.0,-6.7318275094598965,0.3159720619792327,0.0,0,-6.719017419277879,0.0,-6.719017419277879,-6.719017419277879,0.31279079896031,-6.728651876365078,5.0,100.0,0.5,0.0,1.4897882826253381,0.0,5.0,1.8621478080749512,0.0
0.4742715358734131,-6.6431786479398,3.764166167426634,6.283185307179586,0.0,-6.728651876365078,0.31279079896031,0.0,0,-6.6431786479398,0.0,-6.6431786479398,-6.6431786479398,3.849639395851912,-6.689901281440899,5.0,100.0,0.5,0.0,1.4908094543628043,0.0,5.0,1.8621478080749512,0.0
0.484344482421875,-6.6431786479398,3.764166167426634,6.283185307179586,0.0,-6.689901281440899,3.849639395851912,0.0,0,-6.6431786479398,0.0,-6.6431786479398,-6.6431786479398,3.8108888009277324,-6.651514402247022,5.0,100.0,0.5,0.0,1.4917285089265238,0.0,5.0,1.9961135387420654,13.299557385973632
0.4944126605987549,-6.6431786479398,3.764166167426634,6.283185307179586,0.0,-6.651514402247022,3.8108888009277324,0.0,0,-6.6431786479398,0.0,-6.6431786479398,-6.6431786479398,3.7725019217338556,-6.613532180726384,5.0,100.0,0.5,0.0,1.4925556580338712,0.0,5.0,1.9961135387420654,0.0
0.5044827461242676,-6.546976516947312,3.1856011402633384,6.283185307179586,0.0,-6.613532180726384,3.7725019217338556,0.0,0,-6.546976516947312,0.0,-6.546976516947312,-6.546976516947312,3.2521568040424103,-6.580782683567299,5.0,100.0,0.5,0.0,1.4933000922304842,0.0,5.0,1.9961135387420654,0.0
0.5145485401153564,-6.469095258224938,7.704553870095132,6.283185307179586,0.0,-6.580782683567299,3.2521568040424103,0.0,0,-6.469095258224938,0.0,-6.469095258224938,-6.469095258224938,7.816241295437493,-6.502106008902783,5.0,100.0,0.5,0.0,1.493970083007436,0.0,5.0,1.9961135387420654,0.0
0.5246150493621826,-6.469095258224938,7.704553870095132,6.283185307179586,0.0,-6.502106008902783,7.816241295437493,0.0,0,-6.469095258224938,0.0,-6.469095258224938,-6.469095258224938,7.737564620772977,-6.4242157430998565,5.0,100.0,0.5,0.0,1.4945730747066923,0.0,5.0,1.9961135387420654,0.0
0.5347404479980469,-6.469095258224938,7.704553870095132,6.283185307179586,0.0,-6.4242157430998565,7.737564620772977,0.0,0,-6.469095258224938,0.0,-6.469095258224938,-6.469095258224938,7.659674354970051,-6.346658486834879,5.0,100.0,0.5,0.0,1.4951157672360234,0.0,5.0,2.111459493637085,11.391744566625068
0.5448398590087891,-6.469095258224938,7.704553870095132,6.283185307179586,0.0,-6.346658486834879,7.659674354970051,0.0,0,-6.469095258224938,0.0,-6.469095258224938,-6.469095258224938,7.582117098705073,-6.2700835699234805,5.0,100.0,0.5,0.0,1.495604190512421,0.0,5.0,2.111459493637085,0.0
0.5549166202545166,-6.093745448230306,9.331360820440038,6.283185307179586,0.0,-6.2700835699234805,7.582117098705073,0.0,0,-6.093745448230306,0.0,-6.093745448230306,-6.093745448230306,9.507698942133212,-6.174276757687347,5.0,100.0,0.5,0.0,1.4960437714611792,0.0,5.0,2.111459493637085,0.0
0.5649864673614502,-6.014567880513716,7.86917181612166,6.283185307179586,0.0,-6.174276757687347,9.507698942133212,0.0,0,-6.014567880513716,0.0,-6.014567880513716,-6.014567880513716,8.028880693295292,-6.093427156666053,5.0,100.0,0.5,0.0,1.4964393943150611,0.0,5.0,2.111459493637085,0.0
0.5750656127929688,-6.014567880513716,7.86917181612166,6.283185307179586,0.0,-6.093427156666053,8.028880693295292,0.0,0,-6.014567880513716,0.0,-6.014567880513716,-6.014567880513716,7.948031092273997,-6.0133177953927905,5.0,100.0,0.5,0.0,1.496795454883555,0.0,5.0,2.2107741832733154,9.853483146067417
0.585136890411377,-6.014567880513716,7.86917181612166,6.283185307179586,0.0,-6.0133177953927905,7.948031092273997,0.0,0,-6.014567880513716,0.0,-6.014567880513716,-6.014567880513716,7.8679217310007346,-5.934077771359975,5.0,100.0,0.5,0.0,1.4971159093951996,0.0,5.0,2.2107741832733154,0.0
0.5952050685882568,-5.677016274833518,11.188775219191834,6.283185307179586,0.0,-5.934077771359975,7.8679217310007346,0.0,0,-5.677016274833518,0.0,-5.677016274833518,-5.677016274833518,11.445836715718292,-5.8188390479226495,5.0,100.0,0.5,0.0,1.4974043184556796,0.0,5.0,2.2107741832733154,0.0
0.6052789688110352,-5.677016274833518,11.188775219191834,6.283185307179586,0.0,-5.8188390479226495,11.445836715718292,0.0,0,-5.677016274833518,0.0,-5.677016274833518,-5.677016274833518,11.330597992280966,-5.704695734283999,5.0,100.0,0.5,0.0,1.4976638866101117,0.0,5.0,2.2107741832733154,0.0
0.6153542995452881,-5.677016274833518,11.188775219191834,6.283185307179586,0.0,-5.704695734283999,11.330597992280966,0.0,0,-5.677016274833518,0.0,-5.677016274833518,-5.677016274833518,11.216454678642314,-5.591686243730919,5.0,100.0,0.5,0.0,1.4978974979491007,0.0,5.0,2.2107741832733154,0.0
0.6254353523254395,-5.677016274833518,11.188775219191834,6.283185307179586,0.0,-5.591686243730919,11.216454678642314,0.0,0,-5.677016274833518,0.0,-5.677016274833518,-5.677016274833518,11.103445188089236,-5.479751826748273,5.0,100.0,0.5,0.0,1.4981077481541907,0.0,5.0,2.296283483505249,8.482179599366175
0.6355061531066895,-5.319923894987848,8.857732551636493,6.283185307179586,0.0,-5.479751826748273,11.103445188089236,0.0,0,-5.319923894987848,0.0,-5.319923894987848,-5.319923894987848,9.017560483396919,-5.38893777158711,5.0,100.0,0.5,0.0,1.4982969733387717,0.0,5.0,2.296283483505249,0.0
0.6455819606781006,-5.221564456752129,9.784630724327588,6.283185307179586,0.0,-5.38893777158711,9.017560483396919,0.0,0,-5.221564456752129,0.0,-5.221564456752129,-5.221564456752129,9.952004039162569,-5.288663293938601,5.0,100.0,0.5,0.0,1.4984672760048947,0.0,5.0,2.296283483505249,0.0
0.6556525230407715,-5.221564456752129,9.784630724327588,6.283185307179586,0.0,-5.288663293938601,9.952004039162569,0.0,0,-5.221564456752129,0.0,-5.221564456752129,-5.221564456752129,9.851729561514059,-5.189450837009205,5.0,100.0,0.5,0.0,1.4986205484044053,0.0,5.0,2.296283483505249,0.0
0.66573166847229,-4.967794189803836,11.800459492259295,6.283185307179586,0.0,-5.189450837009205,9.851729561514059,0.0,0,-4.967794189803836,0.0,-4.967794189803836,-4.967794189803836,12.022116139464664,-5.068278180044934,5.0,100.0,0.5,0.0,1.4987584935639648,0.0,5.0,2.369908332824707,7.304671791839149
0.6758055686950684,-4.967794189803836,11.800459492259295,6.283185307179586,0.0,-5.068278180044934,12.022116139464664,0.0,0,-4.967794189803836,0.0,-4.967794189803836,-4.967794189803836,11.900943482500391,-4.948389262845301,5.0,100.0,0.5,0.0,1.4988826442075682,0.0,5.0,2.369908332824707,0.0
0.6859085559844971,-4.967794189803836,11.800459492259295,6.283185307179586,0.0,-4.948389262845301,11.900943482500391,0.0,0,-4.967794189803836,0.0,-4.967794189803836,-4.967794189803836,11.78105456530076,-4.8293654183160015,5.0,100.0,0.5,0.0,1.4989943797868115,0.0,5.0,2.369908332824707,0.0
0.6959793567657471,-4.967794189803836,11.800459492259295,6.283185307179586,0.0,-4.8293654183160015,11.78105456530076,0.0,0,-4.967794189803836,0.0,-4.967794189803836,-4.967794189803836,11.66203072077146,-4.711919430222295,5.0,100.0,0.5,0.0,1.4990949418081305,0.0,5.0,2.369908332824707,0.0
0.7060508728027344,-4.447018916799811,12.969532830188605,6.283185307179586,0.0,-4.711919430222295,11.66203072077146,0.0,0,-4.447018916799811,0.0,-4.447018916799811,-4.447018916799811,13.234433343611089,-4.578628622561676,5.0,100.0,0.5,0.0,1.4991854476273176,0.0,5.0,2.369908332824707,0.0
0.7161200046539307,-4.336601018133985,10.938783930409338,6.283185307179586,0.0,-4.578628622561676,13.234433343611089,0.0,0,-4.336601018133985,0.0,-4.336601018133985,-4.336601018133985,11.18081153483703,-4.466047557014026,5.0,100.0,0.5,0.0,1.4992669028645857,0.0,5.0,2.433300495147705,6.295692941538607
0.7261865139007568,-4.336601018133985,10.938783930409338,6.283185307179586,0.0,-4.466047557014026,11.18081153483703,0.0,0,-4.336601018133985,0.0,-4.336601018133985,-4.336601018133985,11.068230469289379,-4.354629112648921,5.0,100.0,0.5,0.0,1.4993402125781272,0.0,5.0,2.433300495147705,0.0
0.736260175704956,-4.106663898514755,11.397681059934415,6.283185307179586,0.0,-4.354629112648921,11.068230469289379,0.0,0,-4.106663898514755,0.0,-4.106663898514755,-4.106663898514755,11.645646274068582,-4.237314810592622,5.0,100.0,0.5,0.0,1.4994061913203147,0.0,5.0,2.433300495147705,0.0
0.7463333606719971,-4.106663898514755,11.397681059934415,6.283185307179586,0.0,-4.237314810592622,11.645646274068582,0.0,0,-4.106663898514755,0.0,-4.106663898514755,-4.106663898514755,11.528331972012282,-4.12118779027709,5.0,100.0,0.5,0.0,1.4994655721882832,0.0,5.0,2.433300495147705,0.0
0.7564094066619873,-4.106663898514755,11.397681059934415,6.283185307179586,0.0,-4.12118779027709,11.528331972012282,0.0,0,-4.106663898514755,0.0,-4.106663898514755,-4.106663898514755,11.41220495169675,-4.006197888336599,5.0,100.0,0.5,0.0,1.4995190149694548,0.0,5.0,2.487881660461426,5.416923004117174
0.7664802074432373,-3.8248192766532845,9.333338793065225,6.283185307179586,0.0,-4.006197888336599,11.41220495169675,0.0,0,-3.8248192766532845,0.0,-3.8248192766532845,-3.8248192766532845,9.51471740474854,-3.910377064863485,5.0,100.0,0.5,0.0,1.4995671134725095,0.0,5.0,2.487881660461426,0.0
0.776634931564331,-3.8248192766532845,9.333338793065225,6.283185307179586,0.0,-3.910377064863485,9.51471740474854,0.0,0,-3.8248192766532845,0.0,-3.8248192766532845,-3.8248192766532845,9.418896581275426,-3.8147307685555196,5.0,100.0,0.5,0.0,1.4996104021252585,0.0,5.0,2.487881660461426,0.0
0.7867870330810547,-3.8248192766532845,9.333338793065225,6.283185307179586,0.0,-3.8147307685555196,9.418896581275426,0.0,0,-3.8248192766532845,0.0,-3.8248192766532845,-3.8248192766532845,9.323250284967461,-3.7200801851967076,5.0,100.0,0.5,0.0,1.499649361912733,0.0,5.0,2.487881660461426,0.0
0.796919584274292,-3.594404364374974,7.631559653088909,6.283185307179586,0.0,-3.7200801851967076,9.323250284967461,0.0,0,-3.594404364374974,0.0,-3.594404364374974,-3.594404364374974,7.757235473910643,-3.6414795996393114,5.0,100.0,0.5,0.0,1.4996844257214597,0.0,5.0,2.487881660461426,0.0
0.807016134262085,-3.5323301958082,6.1577998040797475,6.283185307179586,0.0,-3.6414795996393114,7.757235473910643,0.0,0,-3.5323301958082,0.0,-3.5323301958082,-3.5323301958082,6.266949207910859,-3.57820503369068,5.0,100.0,0.5,0.0,1.4997159831493136,0.0,5.0,2.534877300262451,4.65462359497497
0.8172786235809326,-3.4743741748802326,5.7578561372461285,6.283185307179586,0.0,-3.57820503369068,6.266949207910859,0.0,0,-3.4743741748802326,0.0,-3.4743741748802326,-3.4743741748802326,5.8616869960565765,-3.518049533503221,5.0,100.0,0.5,0.0,1.4997443848343823,0.0,5.0,2.534877300262451,0.0
0.8273506164550781,-3.4743741748802326,5.7578561372461285,6.283185307179586,0.0,-3.518049533503221,5.8616869960565765,0.0,0,-3.4743741748802326,0.0,-3.4743741748802326,-3.4743741748802326,5.801531495869117,-3.4596165496176967,5.0,100.0,0.5,0.0,1.499769946350944,0.0,5.0,2.534877300262451,0.0
0.8375024795532227,-3.429606342523702,2.2207098224131854,6.283185307179586,0.0,-3.4596165496176967,5.801531495869117,0.0,0,-3.429606342523702,0.0,-3.429606342523702,-3.429606342523702,2.25072002950718,-3.436767548005888,5.0,100.0,0.5,0.0,1.4997929517158495,0.0,5.0,2.534877300262451,0.0
0.8475735187530518,-3.429606342523702,2.2207098224131854,6.283185307179586,0.0,-3.436767548005888,2.25072002950718,0.0,0,-3.429606342523702,0.0,-3.429606342523702,-3.429606342523702,2.2278710278953713,-3.41433057155179,5.0,100.0,0.5,0.0,1.4998136565442648,0.0,5.0,2.5753400325775146,4.0177315877938495
0.8576436042785645,-3.429606342523702,2.2207098224131854,6.283185307179586,0.0,-3.41433057155179,2.2278710278953713,0.0,0,-3.429606342523702,0.0,-3.429606342523702,-3.429606342523702,2.2054340514412734,-3.392121662032898,5.0,100.0,0.5,0.0,1.4998322908898385,0.0,5.0,2.5753400325775146,0.0
0.8680665493011475,-3.4346247794587548,-0.16641775201561615,6.283185307179586,0.0,-3.392121662032898,2.2054340514412734,0.0,0,-3.4346247794587548,0.0,-3.4346247794587548,-3.4346247794587548,-0.2089208694414727,-3.3942992327691566,5.0,100.0,0.5,0.0,1.4998490618008549,0.0,5.0,2.5753400325775146,0.0
0.878171443939209,-3.4360841843098413,-0.14533079143690164,6.283185307179586,0.0,-3.3942992327691566,-0.2089208694414727,0.0,0,-3.4360841843098413,0.0,-3.4360841843098413,-3.4360841843098413,-0.18711574297758637,-3.3961900176370676,5.0,100.0,0.5,0.0,1.4998641556207692,0.0,5.0,2.5753400325775146,0.0
0.8882589340209961,-3.4360841843098413,-0.14533079143690164,6.283185307179586,0.0,-3.3961900176370676,-0.18711574297758637,0.0,0,-3.4360841843098413,0.0,-3.4360841843098413,-3.4360841843098413,-0.18522495810967532,-3.3980584725648986,5.0,100.0,0.5,0.0,1.4998777400586922,0.0,5.0,2.5753400325775146,0.0
0.8982782363891602,-3.0037874106039304,21.433956156959066,6.283185307179586,0.0,-3.3980584725648986,-0.18522495810967532,0.0,0,-3.0037874106039304,0.0,-3.0037874106039304,-3.0037874106039304,21.828227218920034,-3.17935486389755,5.0,100.0,0.5,0.0,1.499889966052823,0.0,5.0,2.6101784706115723,3.477132114981915
0.9083476066589355,-3.0037874106039304,21.433956156959066,6.283185307179586,0.0,-3.17935486389755,21.828227218920034,0.0,0,-3.0037874106039304,0.0,-3.0037874106039304,-3.0037874106039304,21.609523610252687,-2.961760569312462,5.0,100.0,0.5,0.0,1.4999009694475407,0.0,5.0,2.6101784706115723,0.0
0.9184672832489014,-3.0037874106039304,21.433956156959066,6.283185307179586,0.0,-2.961760569312462,21.609523610252687,0.0,0,-3.0037874106039304,0.0,-3.0037874106039304,-3.0037874106039304,21.391929315667596,-2.745281163002497,5.0,100.0,0.5,0.0,1.4999108725027868,0.0,5.0,2.6101784706115723,0.0
0.9285697937011719,-2.4564026813148288,18.13949671401526,6.283185307179586,0.0,-2.745281163002497,21.391929315667596,0.0,0,-2.4564026813148288,0.0,-2.4564026813148288,-2.4564026813148288,18.428375195702927,-2.5591083099695457,5.0,100.0,0.5,0.0,1.4999197852525081,0.0,5.0,2.6101784706115723,0.0
0.9386498928070068,-2.2967842903151086,15.837999002713223,6.283185307179586,0.0,-2.5591083099695457,18.428375195702927,0.0,0,-2.2967842903151086,0.0,-2.2967842903151086,-2.2967842903151086,16.10032302236766,-2.3968154582681236,5.0,100.0,0.5,0.0,1.4999278067272575,0.0,5.0,2.6401748657226562,2.9758035904349676
0.9487652778625488,-2.1483880994683227,14.811735206640254,6.283185307179586,0.0,-2.3968154582681236,16.10032302236766,0.0,0,-2.1483880994683227,0.0,-2.1483880994683227,-2.1483880994683227,15.060162565440056,-2.2444761149196384,5.0,100.0,0.5,0.0,1.4999350260545317,0.0,5.0,2.6401748657226562,0.0
0.9588332176208496,-2.1483880994683227,14.811735206640254,6.283185307179586,0.0,-2.2444761149196384,15.060162565440056,0.0,0,-2.1483880994683227,0.0,-2.1483880994683227,-2.1483880994683227,14.907823222091569,-2.094385048792223,5.0,100.0,0.5,0.0,1.4999415234490785,0.0,5.0,2.6401748657226562,0.0
0.9689059257507324,-1.8783005044408538,13.402142301470471,6.283185307179586,0.0,-2.094385048792223,14.907823222091569,0.0,0,-1.8783005044408538,0.0,-1.8783005044408538,-1.8783005044408538,13.618226845821841,-1.957212624527725,5.0,100.0,0.5,0.0,1.4999473711041706,0.0,5.0,2.6401748657226562,0.0
0.9790472984313965,-1.8783005044408538,13.402142301470471,6.283185307179586,0.0,-1.957212624527725,13.618226845821841,0.0,0,-1.8783005044408538,0.0,-1.8783005044408538,-1.8783005044408538,13.481054421557342,-1.820496227510398,5.0,100.0,0.5,0.0,1.4999526339937534,0.0,5.0,2.6660022735595703,2.5467368817002067
0.9891149997711182,-1.6420681638152193,11.716927430294943,6.283185307179586,0.0,-1.820496227510398,13.481054421557342,0.0,0,-1.6420681638152193,0.0,-1.6420681638152193,-1.6420681638152193,11.895355493990122,-1.7007373410670878,5.0,100.0,0.5,0.0,1.499957370594378,0.0,5.0,2.6660022735595703,0.0
0.9991810321807861,-1.5353485928823516,10.58740534656346,6.283185307179586,0.0,-1.7007373410670878,11.895355493990122,0.0,0,-1.5353485928823516,0.0,-1.5353485928823516,-1.5353485928823516,10.752794094748195,-1.592499367214866,5.0,100.0,0.5,0.0,1.4999616335349404,0.0,5.0,2.6660022735595703,0.0
1.009258508682251,-1.5353485928823516,10.58740534656346,6.283185307179586,0.0,-1.592499367214866,10.752794094748195,0.0,0,-1.5353485928823516,0.0,-1.5353485928823516,-1.5353485928823516,10.644556120895974,-1.4852291030380127,5.0,100.0,0.5,0.0,1.4999654701814462,0.0,5.0,2.6660022735595703,0.0
1.019336223602295,-1.3427248808649066,9.579236739066621,6.283185307179586,0.0,-1.4852291030380127,10.644556120895974,0.0,0,-1.3427248808649066,0.0,-1.3427248808649066,-1.3427248808649066,9.721740961239727,-1.3872561691041247,5.0,100.0,0.5,0.0,1.4999689231633018,0.0,5.0,2.6660022735595703,0.0
1.029407024383545,-1.2556954055084524,8.658161209807341,6.283185307179586,0.0,-1.3872561691041247,9.721740961239727,0.0,0,-1.2556954055084524,0.0,-1.2556954055084524,-1.2556954055084524,8.789721973403013,-1.2987366301874075,5.0,100.0,0.5,0.0,1.4999720308469717,0.0,5.0,2.6882405281066895,2.2081912878787877
1.0395944118499756,-1.2556954055084524,8.658161209807341,6.283185307179586,0.0,-1.2987366301874075,8.789721973403013,0.0,0,-1.2556954055084524,0.0,-1.2556954055084524,-1.2556954055084524,8.701202434486296,-1.2100941095634457,5.0,100.0,0.5,0.0,1.4999748277622746,0.0,5.0,2.6882405281066895,0.0
1.0496675968170166,-1.2556954055084524,8.658161209807341,6.283185307179586,0.0,-1.2100941095634457,8.701202434486296,0.0,0,-1.2556954055084524,0.0,-1.2556954055084524,-1.2556954055084524,8.612559913862334,-1.1233382005113874,5.0,100.0,0.5,0.0,1.4999773449860472,0.0,5.0,2.6882405281066895,0.0
1.0597500801086426,-1.027112983548652,7.583861340112465,6.283185307179586,0.0,-1.1233382005113874,8.612559913862334,0.0,0,-1.027112983548652,0.0,-1.027112983548652,-1.027112983548652,7.6800865570752,-1.0459038561214355,5.0,100.0,0.5,0.0,1.4999796104874425,0.0,5.0,2.6882405281066895,0.0
1.069822072982788,-0.9587828803212994,6.617039741570436,6.283185307179586,0.0,-1.0459038561214355,7.6800865570752,0.0,0,-0.9587828803212994,0.0,-0.9587828803212994,-0.9587828803212994,6.704160717370573,-0.978379597148953,5.0,100.0,0.5,0.0,1.4999816494386984,0.0,5.0,2.707387924194336,1.9010533790981181
1.0798897743225098,-0.8966302727029065,6.182396498227381,6.283185307179586,0.0,-0.978379597148953,6.704160717370573,0.0,0,-0.8966302727029065,0.0,-0.8966302727029065,-0.8966302727029065,6.264145822673427,-0.9153140478578117,5.0,100.0,0.5,0.0,1.4999834844948285,0.0,5.0,2.707387924194336,0.0
1.0899617671966553,-0.8966302727029065,6.182396498227381,6.283185307179586,0.0,-0.9153140478578117,6.264145822673427,0.0,0,-0.8966302727029065,0.0,-0.8966302727029065,-0.8966302727029065,6.201080273382286,-0.852856811532301,5.0,100.0,0.5,0.0,1.4999851360453458,0.0,5.0,2.707387924194336,0.0
1.1000618934631348,-0.7841521578519206,5.594234706477445,6.283185307179586,0.0,-0.852856811532301,6.201080273382286,0.0,0,-0.7841521578519206,0.0,-0.7841521578519206,-0.7841521578519206,5.662939360157825,-0.7956604089552902,5.0,100.0,0.5,0.0,1.4999866224408112,0.0,5.0,2.707387924194336,0.0
1.110137939453125,-0.7841521578519206,5.594234706477445,6.283185307179586,0.0,-0.7956604089552902,5.662939360157825,0.0,0,-0.7841521578519206,0.0,-0.7841521578519206,-0.7841521578519206,5.605742957580814,-0.739176685106642,5.0,100.0,0.5,0.0,1.49998796019673,0.0,5.0,2.7238733768463135,1.6361033552600446
1.1202077865600586,-0.6852739599346689,4.890685279745288,6.283185307179586,0.0,-0.739176685106642,5.605742957580814,0.0,0,-0.6852739599346689,0.0,-0.6852739599346689,-0.6852739599346689,4.944588004917261,-0.6893854398903474,5.0,100.0,0.5,0.0,1.499989164177057,0.0,5.0,2.7238733768463135,0.0
1.1302785873413086,-0.640848371747912,4.41875363973694,6.283185307179586,0.0,-0.6893854398903474,4.944588004917261,0.0,0,-0.640848371747912,0.0,-0.640848371747912,-0.640848371747912,4.467290707879375,-0.6443962451393649,5.0,100.0,0.5,0.0,1.4999902477593516,0.0,5.0,2.7238733768463135,0.0
1.1403517723083496,-0.640848371747912,4.41875363973694,6.283185307179586,0.0,-0.6443962451393649,4.467290707879375,0.0,0,-0.640848371747912,0.0,-0.640848371747912,-0.640848371747912,4.422301513128392,-0.5998495840175972,5.0,100.0,0.5,0.0,1.4999912229834167,0.0,5.0,2.7238733768463135,0.0
1.1503841876983643,-0.5603927761511056,3.998142559317415,6.283185307179586,0.0,-0.5998495840175972,4.422301513128392,0.0,0,-0.5603927761511056,0.0,-0.5603927761511056,-0.5603927761511056,4.0375993671839066,-0.559342709987548,5.0,100.0,0.5,0.0,1.4999921006850752,0.0,5.0,2.738067388534546,1.414814990850543
1.160454273223877,-0.5603927761511056,3.998142559317415,6.283185307179586,0.0,-0.559342709987548,4.0375993671839066,0.0,0,-0.5603927761511056,0.0,-0.5603927761511056,-0.5603927761511056,3.9970924931538576,-0.5190916467281038,5.0,100.0,0.5,0.0,1.4999928906165678,0.0,5.0,2.738067388534546,0.0
1.1705248355865479,-0.4900855291703174,3.4963596694471053,6.283185307179586,0.0,-0.5190916467281038,3.9970924931538576,0.0,0,-0.4900855291703174,0.0,-0.4900855291703174,-0.4900855291703174,3.525365787004892,-0.4835892307188447,5.0,100.0,0.5,0.0,1.4999936015549111,0.0,5.0,2.738067388534546,0.0
1.180640697479248,-0.4900855291703174,3.4963596694471053,6.283185307179586,0.0,-0.4835892307188447,3.525365787004892,0.0,0,-0.4900855291703174,0.0,-0.4900855291703174,-0.4900855291703174,3.4898633709956326,-0.44828625483345974,5.0,100.0,0.5,0.0,1.49999424139942,0.0,5.0,2.738067388534546,0.0
1.190725326538086,-0.42860997570321013,3.057742093889215,6.283185307179586,0.0,-0.44828625483345974,3.4898633709956326,0.0,0,-0.42860997570321013,0.0,-0.42860997570321013,-0.42860997570321013,3.0774183730194644,-0.41725163208270605,5.0,100.0,0.5,0.0,1.499994817259478,0.0,5.0,2.738067388534546,0.0
1.2007999420166016,-0.4007975230347691,2.7636550930360735,6.283185307179586,0.0,-0.41725163208270605,3.0774183730194644,0.0,0,-0.4007975230347691,0.0,-0.4007975230347691,-0.4007975230347691,2.7801092020840104,-0.3892431008834267,5.0,100.0,0.5,0.0,1.49999533553353,0.0,5.0,2.75028920173645,1.2131294964028776
1.2108700275421143,-0.4007975230347691,2.7636550930360735,6.283185307179586,0.0,-0.3892431008834267,2.7801092020840104,0.0,0,-0.4007975230347691,0.0,-0.4007975230347691,-0.4007975230347691,2.752100670884731,-0.36152921175279656,5.0,100.0,0.5,0.0,1.4999958019801771,0.0,5.0,2.75028920173645,0.0
1.2209370136260986,-0.3505059591195866,2.5005999371193868,6.283185307179586,0.0,-0.36152921175279656,2.752100670884731,0.0,0,-0.3505059591195866,0.0,-0.3505059591195866,-0.3505059591195866,2.511623189752597,-0.33624473605334465,5.0,100.0,0.5,0.0,1.4999962217821596,0.0,5.0,2.75028920173645,0.0
1.2312796115875244,-0.3505059591195866,2.5005999371193868,6.283185307179586,0.0,-0.33624473605334465,2.511623189752597,0.0,0,-0.3505059591195866,0.0,-0.3505059591195866,-0.3505059591195866,2.486338714053145,-0.3105295343379646,5.0,100.0,0.5,0.0,1.4999965996039437,0.0,5.0,2.75028920173645,0.0
1.2414236068725586,-0.3064601248948124,2.18660186857669,6.283185307179586,0.0,-0.3105295343379646,2.486338714053145,0.0,0,-0.3064601248948124,0.0,-0.3064601248948124,-0.3064601248948124,2.1906712780198423,-0.2883073752226715,5.0,100.0,0.5,0.0,1.4999969396435495,0.0,5.0,2.760812759399414,1.0374174442381368
1.2515439987182617,-0.2865798837018968,1.9760593207197334,6.283185307179586,0.0,-0.2883073752226715,2.1906712780198423,0.0,0,-0.2865798837018968,0.0,-0.2865798837018968,-0.2865798837018968,1.9777868122405082,-0.2682913976955335,5.0,100.0,0.5,0.0,1.4999972456791948,0.0,5.0,2.760812759399414,0.0
1.2616147994995117,-0.2865798837018968,1.9760593207197334,6.283185307179586,0.0,-0.2682913976955335,1.9777868122405082,0.0,0,-0.2865798837018968,0.0,-0.2865798837018968,-0.2865798837018968,1.9577708347133702,-0.24857507764379363,5.0,100.0,0.5,0.0,1.4999975211112755,0.0,5.0,2.760812759399414,0.0
1.2717070579528809,-0.6909279042427848,-20.101916839876836,6.283185307179586,0.0,-0.24857507764379363,1.9577708347133702,0.0,0,-0.6909279042427848,0.0,-0.6909279042427848,-0.6909279042427848,-20.544269666475827,-0.4559131568535795,5.0,100.0,0.5,0.0,1.499997769000148,0.0,5.0,2.760812759399414,0.0
1.2817957401275635,-0.8738432111385152,-18.167666849179213,6.283185307179586,0.0,-0.4559131568535795,-20.544269666475827,0.0,0,-0.8738432111385152,0.0,-0.8738432111385152,-0.8738432111385152,-18.585596903464147,-0.6434173370393947,5.0,100.0,0.5,0.0,1.4999979921001332,0.0,5.0,2.760812759399414,0.0
1.2918627262115479,-0.8738432111385152,-18.167666849179213,6.283185307179586,0.0,-0.6434173370393947,-18.585596903464147,0.0,0,-0.8738432111385152,0.0,-0.8738432111385152,-0.8738432111385152,-18.39809272327833,-0.8286306804564918,5.0,100.0,0.5,0.0,1.49999819289012,0.0,5.0,2.7698733806610107,0.9000331564986738
1.3019421100616455,-0.764185972824214,5.451930884647429,6.283185307179586,0.0,-0.8286306804564918,-18.39809272327833,0.0,0,-0.764185972824214,0.0,-0.764185972824214,-0.764185972824214,5.516375592279707,-0.7730290134005948,5.0,100.0,0.5,0.0,1.499998373601108,0.0,5.0,2.7698733806610107,0.0
1.3120694160461426,-0.764185972824214,5.451930884647429,6.283185307179586,0.0,-0.7730290134005948,5.516375592279707,0.0,0,-0.764185972824214,0.0,-0.764185972824214,-0.764185972824214,5.46077392522381,-0.7177260849476902,5.0,100.0,0.5,0.0,1.499998536240997,0.0,5.0,2.7698733806610107,0.0
1.32216477394104,-0.6682480272092799,4.767632007257028,6.283185307179586,0.0,-0.7177260849476902,5.46077392522381,0.0,0,-0.6682480272092799,0.0,-0.6682480272092799,-0.6682480272092799,4.817110064995438,-0.6690956348224485,5.0,100.0,0.5,0.0,1.4999986826168974,0.0,5.0,2.7698733806610107,0.0
1.3322381973266602,-0.6249023736984614,4.308886495462289,6.283185307179586,0.0,-0.6690956348224485,4.817110064995438,0.0,0,-0.6249023736984614,0.0,-0.6249023736984614,-0.6249023736984614,4.353079756586276,-0.6252452194029827,5.0,100.0,0.5,0.0,1.4999988143552079,0.0,5.0,2.777674436569214,0.7744195403659085
1.3423099517822266,-0.6249023736984614,4.308886495462289,6.283185307179586,0.0,-0.6252452194029827,4.353079756586276,0.0,0,-0.6249023736984614,0.0,-0.6249023736984614,-0.6249023736984614,4.309229341166811,-0.5818437195860284,5.0,100.0,0.5,0.0,1.499998932919687,0.0,5.0,2.777674436569214,0.0
1.352379560470581,-0.5464660969755305,3.8987188083393094,6.283185307179586,0.0,-0.5818437195860284,4.309229341166811,0.0,0,-0.5464660969755305,0.0,-0.5464660969755305,-0.5464660969755305,3.934096430949807,-0.5422289079841118,5.0,100.0,0.5,0.0,1.4999990396277183,0.0,5.0,2.777674436569214,0.0
1.362450361251831,-0.5464660969755305,3.8987188083393094,6.283185307179586,0.0,-0.5422289079841118,3.934096430949807,0.0,0,-0.5464660969755305,0.0,-0.5464660969755305,-0.5464660969755305,3.8944816193478906,-0.5030083594494194,5.0,100.0,0.5,0.0,1.4999991356649467,0.0,5.0,2.777674436569214,0.0
1.3725252151489258,-0.47791141765004985,3.4094879434823095,6.283185307179586,0.0,-0.5030083594494194,3.8944816193478906,0.0,0,-0.47791141765004985,0.0,-0.47791141765004985,-0.47791141765004985,3.434584885281679,-0.4684054185330366,5.0,100.0,0.5,0.0,1.499999222098452,0.0,5.0,2.777674436569214,0.0
1.3825984001159668,-0.47791141765004985,3.4094879434823095,6.283185307179586,0.0,-0.4684054185330366,3.434584885281679,0.0,0,-0.47791141765004985,0.0,-0.47791141765004985,-0.47791141765004985,3.399981944365296,-0.43415677152284515,5.0,100.0,0.5,0.0,1.4999992998886067,0.0,5.0,2.7843902111053467,0.666698224852071
1.3926658630371094,1.211415432702138,83.92517045186472,6.283185307179586,0.0,-0.43415677152284515,3.399981944365296,0.0,0,1.211415432702138,0.0,1.211415432702138,1.211415432702138,85.57074265608969,0.42732350730197144,5.0,100.0,0.5,0.0,1.4999993698997462,0.0,5.0,2.7843902111053467,0.0
1.402735948562622,1.211415432702138,83.92517045186472,6.283185307179586,0.0,0.42732350730197144,85.57074265608969,0.9155327175831729,0,1.211415432702138,0.0,1.211415432702138,1.211415432702138,84.70926237726488,1.2803530242441234,4.084467282416827,100.0,0.5,0.0,1.3549994329097717,90.91608162251042,5.0,2.7843902111053467,0.0
1.4128351211547852,1.211415432702138,83.92517045186472,6.283185307179586,0.0,1.2803530242441234,84.70926237726488,1.026342047166826,0,1.211415432702138,0.0,1.211415432702138,1.211415432702138,83.85623286032273,2.12723159282914,3.973657952833174,100.0,0.5,0.0,1.2244994896187944,10.972119604099127,5.0,2.7843902111053467,0.0
1.4229135513305664,3.355845232806199,71.03227262048003,6.283185307179586,0.0,2.12723159282914,83.85623286032273,1.136374751599307,0,3.355845232806199,0.0,3.355845232806199,3.355845232806199,72.26088626045708,2.8555078894452275,3.8636252484006928,100.0,0.5,0.0,1.107049540656915,10.91764317590775,5.0,2.7901735305786133,0.5738313777441333
1.4330005645751953,3.355845232806199,71.03227262048003,6.283185307179586,0.0,2.8555078894452275,72.26088626045708,1.1223799671269028,0,3.355845232806199,0.0,3.355845232806199,3.355845232806199,71.532609963841,3.5770582735733654,3.8776200328730974,100.0,0.5,0.0,1.1177503875886565,1.3874061759417335,5.0,2.7901735305786133,0.0
1.443155288696289,5.0554663499043135,84.50565032278017,6.283185307179586,0.0,3.5770582735733654,71.532609963841,1.2161142579386812,0,5.0554663499043135,0.0,5.0554663499043135,5.0554663499043135,85.98405839911112,4.450202665428352,3.783885742061319,100.0,0.5,0.0,1.0109753488297908,9.230609290218949,5.0,2.7901735305786133,0.0
1.4532279968261719,5.822732793528903,76.38071615029524,6.283185307179586,0.0,4.450202665428352,85.98405839911112,1.4828689571510805,0,5.822732793528903,0.0,5.822732793528903,5.822732793528903,77.75324627839579,5.23338842134153,3.5171310428489195,100.0,0.5,0.0,0.9148778139468118,26.482917580130728,5.0,2.7901735305786133,0.0
1.4633536338806152,6.99278690224134,116.28193129535136,6.283185307179586,0.0,5.23338842134153,77.75324627839579,1.5102068417717722,0,6.99278690224134,0.0,6.99278690224134,6.99278690224134,100.0,6.245952126785866,3.4897931582282276,100.0,0.5,0.0,0.9025053933122209,2.6998681143420273,5.0,2.7951529026031494,0.4917588886272663
1.4734234809875488,8.085397715552668,108.74265962828844,6.283185307179586,0.0,6.245952126785866,100.0,1.8744332977500213,0,8.085397715552668,0.0,8.085397715552668,8.085397715552668,100.0,7.252936837479226,3.1255667022499787,100.0,0.5,0.0,0.8172548539809988,36.170008552310684,5.0,2.7951529026031494,0.0
1.4835026264190674,8.085397715552668,108.74265962828844,6.283185307179586,0.0,7.252936837479226,100.0,2.0154111572470916,0,8.085397715552668,0.0,8.085397715552668,8.085397715552668,100.0,8.260851380631081,2.9845888427529084,100.0,0.5,0.0,0.740529368582899,13.987084565345949,5.0,2.7951529026031494,0.0
1.4935805797576904,8.085397715552668,108.74265962828844,6.283185307179586,0.0,8.260851380631081,100.0,2.1565191932883514,0,8.085397715552668,0.0,8.085397715552668,8.085397715552668,100.0,9.268646714493386,2.8434808067116486,100.0,0.5,0.0,0.6714764317246091,14.001656020818547,5.0,2.7951529026031494,0.0
1.5036487579345703,11.4804822766088,112.49460243613709,0.20874418966563546,-201.27387882317856,9.268646714493386,100.0,2.297610540029074,0,11.4804822766088,0.0,11.4804822766088,11.4804822766088,100.0,10.275464532181374,2.702389459970926,100.0,0.5,0.0,0.6093287885521482,14.013592554879349,5.0,2.7951529026031494,0.0
1.5137271881103516,11.4804822766088,112.49460243613709,0.20874418966563546,-201.27387882317856,10.275464532181374,100.0,2.4385650345053924,0,11.4804822766088,0.0,11.4804822766088,11.4804822766088,100.0,11.283307549759499,2.5614349654946076,100.0,0.5,0.0,0.5533959096969334,13.985758894776684,5.0,2.799440383911133,0.42541161998485993
1.5237977504730225,13.394062899843222,95.03562723322318,-3.947184472285557,-206.39908364951964,11.283307549759499,100.0,2.57966305696633,0,13.394062899843222,0.0,13.394062899843222,13.394062899843222,97.1463825833069,12.261626253872578,2.42033694303367,100.0,0.5,0.0,0.5030563187272401,14.010937758943157,5.0,2.799440383911133,0.0
1.5338656902313232,13.394062899843222,95.03562723322318,-3.947184472285557,-206.39908364951964,12.261626253872578,97.1463825833069,2.6880915013752302,0,13.394062899843222,0.0,13.394062899843222,13.394062899843222,96.16806387919382,13.229840527680722,2.3119084986247698,100.0,0.5,0.0,0.4577506868545161,10.76967552567084,5.0,2.799440383911133,0.0
1.5440161228179932,15.412499083198638,100.38459663950138,-6.283185307179586,-116.17830848164306,13.229840527680722,96.16806387919382,2.8138583126672394,0,15.412499083198638,0.0,15.412499083198638,15.412499083198638,100.0,14.244883786347714,2.1861416873327606,100.0,0.5,0.0,0.4169756181690645,12.390290780037564,5.0,2.799440383911133,0.0
1.5540931224822998,15.412499083198638,100.38459663950138,-6.283185307179586,-116.17830848164306,14.244883786347714,100.0,2.9942837300886804,0,15.412499083198638,0.0,15.412499083198638,15.412499083198638,100.0,15.252583752778378,2.0057162699113196,100.0,0.5,0.0,0.38027805635215806,17.904676335409544,5.0,2.799440383911133,0.0
1.5641896724700928,15.412499083198638,100.38459663950138,-6.283185307179586,-116.17830848164306,15.252583752778378,100.0,3.135361725388973,0,15.412499083198638,0.0,15.412499083198638,15.412499083198638,100.0,16.262238751557675,1.864638274611027,100.0,0.5,0.0,0.34725025071694227,13.972891281760607,5.0,2.439358711242676,-35.66383300273921
1.574284315109253,15.412499083198638,100.38459663950138,-6.283185307179586,-116.17830848164306,16.262238751557675,100.0,3.2767134252180745,0,15.412499083198638,0.0,15.412499083198638,15.412499083198638,99.53485697114235,17.267007562821277,1.7232865747819255,100.0,0.5,0.0,0.31752522564524804,14.002645252716107,5.0,2.439358711242676,0.0
1.5843582153320312,15.412499083198638,100.38459663950138,-6.283185307179586,-116.17830848164306,17.267007562821277,99.53485697114235,3.412729628506402,0,15.412499083198638,0.0,15.412499083198638,15.412499083198638,98.53008815987874,18.259589839885447,1.5872703714935978,100.0,0.5,0.0,0.2907727030807232,13.501841419947596,5.0,2.439358711242676,0.0
1.5945134162902832,15.412499083198638,100.38459663950138,-6.283185307179586,-116.17830848164306,18.259589839885447,98.53008815987874,3.54164345918275,0,15.412499083198638,0.0,15.412499083198638,15.412499083198638,97.53750588281457,19.25010281309211,1.4583565408172499,100.0,0.5,0.0,0.2666954327726509,12.69436530171219,5.0,2.439358711242676,0.0
1.6045992374420166,20.433565636309183,83.12629082518029,-6.283185307179586,0.0,19.25010281309211,97.53750588281457,3.670389452661041,0,20.433565636309183,0.0,20.433565636309183,20.433565636309183,84.30975364839736,20.100435909736547,1.3296105473389588,100.0,0.5,0.0,0.2450258894953858,12.765048233694305,5.0,1.7075252532958984,-72.56062217809611
1.6146655082702637,20.433565636309183,83.12629082518029,-6.283185307179586,0.0,20.100435909736547,84.30975364839736,3.6571585638470907,0,20.433565636309183,0.0,20.433565636309183,20.433565636309183,83.45942055175293,20.940561040179063,1.3428414361529093,100.0,0.5,0.0,0.344282219188194,1.3143783869616517,5.0,1.7075252532958984,0.0
1.6247889995574951,20.433565636309183,83.12629082518029,-6.283185307179586,0.0,20.940561040179063,83.45942055175293,3.766272751142598,0,20.433565636309183,0.0,20.433565636309183,20.433565636309183,82.61929542131041,21.776956757533895,1.2337272488574018,100.0,0.5,0.0,0.31485399726937463,10.778315918850149,5.0,1.7075252532958984,0.0
1.6348528861999512,22.523778636271686,69.32618018816008,-6.283185307179586,0.0,21.776956757533895,82.61929542131041,3.87496690026785,0,22.523778636271686,0.0,22.523778636271686,22.523778636271686,70.07300206689787,22.482163507031743,1.1250330997321498,100.0,0.5,0.0,0.28836859754243716,10.800414689361563,5.0,1.7075252532958984,0.0
1.6449241638183594,22.523778636271686,69.32618018816008,-6.283185307179586,0.0,22.482163507031743,70.07300206689787,3.848232911653423,0,22.523778636271686,0.0,22.523778636271686,22.523778636271686,69.36779531740002,23.18078583145019,1.1517670883465772,100.0,0.5,0.0,0.34010965691918044,2.6544783717969556,5.0,1.7075252532958984,0.0
1.6549952030181885,23.82655099141006,64.73124482012823,-6.283185307179586,0.0,23.18078583145019,69.36779531740002,3.938987969577027,0,23.82655099141006,0.0,23.82655099141006,23.82655099141006,65.37700998008809,23.839200261727278,1.0610120304229729,100.0,0.5,0.0,0.3110986912272624,9.011488896314129,5.0,1.7075252532958984,0.0
1.665067195892334,23.82655099141006,64.73124482012823,-6.283185307179586,0.0,23.839200261727278,65.37700998008809,3.9912581364427004,0,23.82655099141006,0.0,23.82655099141006,23.82655099141006,64.718595549811,24.49104549492968,1.0087418635572996,100.0,0.5,0.0,0.2849888221045362,5.18965486957891,5.0,1.077409267425537,-62.56120250917268
1.6751337051391602,23.82655099141006,64.73124482012823,-6.283185307179586,0.0,24.49104549492968,64.718595549811,4.0759323247882655,0,23.82655099141006,0.0,23.82655099141006,23.82655099141006,64.0667503166086,25.135974029405922,0.9240676752117345,100.0,0.5,0.0,0.2614899398940826,8.411474749527661,5.0,1.077409267425537,0.0
1.685209035873413,23.82655099141006,64.73124482012823,-6.283185307179586,0.0,25.135974029405922,64.0667503166086,4.159703867282915,0,23.82655099141006,0.0,23.82655099141006,23.82655099141006,63.42182178213236,25.774969859629753,0.8402961327170848,100.0,0.5,0.0,0.24034094590467434,8.3145203571187,5.0,1.077409267425537,0.0
1.695375680923462,26.089306957913074,56.263443271268955,-6.283185307179586,0.0,25.774969859629753,63.42182178213236,4.2427139981694895,0,26.089306957913074,0.0,26.089306957913074,26.089306957913074,56.57778036955227,26.35017607036661,0.7572860018305105,100.0,0.5,0.0,0.2213068513142069,8.164948267390884,5.0,1.077409267425537,0.0
1.7054510116577148,26.089306957913074,56.263443271268955,-6.283185307179586,0.0,26.35017607036661,56.57778036955227,4.254802453546849,0,26.089306957913074,0.0,26.089306957913074,26.089306957913074,56.00257415881542,26.914420526986202,0.7451975464531513,100.0,0.5,0.0,0.3266268198095139,1.1998073012394856,5.0,0.5348735451698303,-53.84793180150974
1.7155210971832275,26.089306957913074,56.263443271268955,-6.283185307179586,0.0,26.914420526986202,56.00257415881542,4.328044615366223,0,26.089306957913074,0.0,26.089306957913074,26.089306957913074,55.43832970219583,27.472689248478886,0.6719553846337769,100.0,0.5,0.0,0.2989641378285625,7.2732412881513655,5.0,0.5348735451698303,0.0
1.7255938053131104,27.459523972225345,45.41121158053692,-6.283185307179586,0.0,27.472689248478886,55.43832970219583,4.400559791809003,0,27.459523972225345,0.0,27.459523972225345,27.459523972225345,45.39804630428338,27.929970518568837,0.5994402081909973,100.0,0.5,0.0,0.2740677240457063,7.199173797923127,5.0,0.5348735451698303,0.0
1.7356886863708496,27.459523972225345,45.41121158053692,-6.283185307179586,0.0,27.929970518568837,45.39804630428338,4.364176335642471,0,27.459523972225345,0.0,27.459523972225345,27.459523972225345,44.94076503419343,28.383642196232824,0.6358236643575292,100.0,0.5,0.0,0.2966383705269496,3.6041490690609472,5.0,0.5348735451698303,0.0
1.745802402496338,27.459523972225345,45.41121158053692,-6.283185307179586,0.0,28.383642196232824,44.94076503419343,4.42311755781453,0,27.459523972225345,0.0,27.459523972225345,27.459523972225345,44.48709335652944,28.83357202968886,0.5768824421854699,100.0,0.5,0.0,0.27197453347425465,5.827850163157876,5.0,0.5348735451698303,0.0
1.7558724880218506,28.59313353306925,37.48878905216295,-6.283185307179586,0.0,28.83357202968886,44.48709335652944,4.481571017721735,0,28.59313353306925,0.0,28.59313353306925,28.59313353306925,37.24835055554334,29.208666105467458,0.5184289822782651,100.0,0.5,0.0,0.2497770801268292,5.804663700135638,5.0,0.06774495542049408,-46.38774800530341
1.7659685611724854,28.59313353306925,37.48878905216295,-6.283185307179586,0.0,29.208666105467458,37.24835055554334,4.461696760320878,0,28.59313353306925,0.0,28.59313353306925,28.59313353306925,36.87325647976474,29.58094120018928,0.5383032396791219,100.0,0.5,0.0,0.32748060024825165,1.9685136096312112,5.0,0.06774495542049408,0.0
1.7761070728302002,29.22947018530303,31.6684982713459,-6.283185307179586,0.0,29.58094120018928,36.87325647976474,4.510064332824147,0,29.22947018530303,0.0,29.22947018530303,29.22947018530303,31.31702725645965,29.89844924611387,0.48993566717585324,100.0,0.5,0.0,0.3071218110717386,4.770677801259279,5.0,0.06774495542049408,0.0
1.7861859798431396,29.22947018530303,31.6684982713459,-6.283185307179586,0.0,29.89844924611387,31.31702725645965,4.498953167020538,0,29.22947018530303,0.0,29.22947018530303,29.22947018530303,30.99951921053506,30.21089051768268,0.501046832979462,100.0,0.5,0.0,0.40699839195466536,1.1024177313417052,5.0,0.06774495542049408,0.0
1.7962493896484375,29.790452250435013,27.841363589920295,-6.283185307179586,0.0,30.21089051768268,30.99951921053506,4.539519864580927,0,29.790452250435013,0.0,29.790452250435013,29.790452250435013,27.420925322672627,30.486838526445204,0.46048013541907284,100.0,0.5,0.0,0.40251838756310904,4.0311085750510625,5.0,-0.33445724844932556,-39.96679173872871
1.8064396381378174,30.0433794291401,25.16076838345124,-6.283185307179586,0.0,30.486838526445204,27.420925322672627,4.542366646929056,0,30.0433794291401,0.0,30.0433794291401,30.0433794291401,24.717309286146136,30.73871405005989,0.45763335307094444,100.0,0.5,0.0,0.5122665488067981,0.2793633885469308,5.0,-0.33445724844932556,0.0
1.816545009613037,30.0433794291401,25.16076838345124,-6.283185307179586,0.0,30.73871405005989,24.717309286146136,4.550593059869847,0,30.0433794291401,0.0,30.0433794291401,30.0433794291401,24.46543376253145,30.98594634653265,0.44940694013015303,100.0,0.5,0.0,0.6009200736439645,0.8140633880668433,5.0,-0.33445724844932556,0.0
1.82661771774292,30.548253441067274,25.103671286746227,-6.283185307179586,0.0,30.98594634653265,24.46543376253145,4.582686826139886,0,30.548253441067274,0.0,30.548253441067274,30.548253441067274,24.66597838128085,31.23439954750529,0.4173131738601139,100.0,0.5,0.0,0.6042724014485381,3.186210287859548,5.0,-0.33445724844932556,0.0
1.8367588520050049,30.548253441067274,25.103671286746227,-6.283185307179586,0.0,31.23439954750529,24.66597838128085,4.61947572046355,0,30.548253441067274,0.0,30.548253441067274,30.548253441067274,24.41752518030821,31.482020948706637,0.3805242795364503,100.0,0.5,0.0,0.5930640296368931,3.6276902931073134,5.0,-0.6807572841644287,-34.14805748207359
1.8468291759490967,30.98992393550693,21.953217689493663,-6.283185307179586,0.0,31.482020948706637,24.41752518030821,4.651658184622011,0,30.98992393550693,0.0,30.98992393550693,30.98992393550693,21.461120676293955,31.698141386120163,0.3483418153779887,100.0,0.5,0.0,0.5968938466557084,3.1957724833015795,5.0,-0.6807572841644287,0.0
1.8569002151489258,31.20364911366965,21.25345843019083,-6.283185307179586,0.0,31.698141386120163,21.461120676293955,4.652351000819763,0,31.20364911366965,0.0,31.20364911366965,31.20364911366965,20.758966157740314,31.907205748042692,0.34764899918023673,100.0,0.5,0.0,0.6872044619901376,0.06879292037347279,5.0,-0.6807572841644287,0.0
1.8669734001159668,31.403465456909057,19.875506621633857,-6.283185307179586,0.0,31.907205748042692,20.758966157740314,4.67459846630338,0,31.403465456909057,0.0,31.403465456909057,31.403465456909057,19.371766330500222,32.10234113342812,0.3254015336966196,100.0,0.5,0.0,0.7134296733699242,2.2085830406579214,5.0,-0.6807572841644287,0.0
1.877018928527832,31.403465456909057,19.875506621633857,-6.283185307179586,0.0,32.10234113342812,19.371766330500222,4.688045421984939,0,31.403465456909057,0.0,31.403465456909057,31.403465456909057,19.176630945114795,32.294980524431125,0.31195457801506077,100.0,0.5,0.0,0.7650651140727158,1.3386011297998055,5.0,-0.6807572841644287,0.0
1.8870899677276611,31.403465456909057,19.875506621633857,-6.283185307179586,0.0,32.294980524431125,19.176630945114795,4.713063582871506,0,31.403465456909057,0.0,31.403465456909057,31.403465456909057,18.98399155411179,32.48616904754181,0.28693641712849427,100.0,0.5,0.0,0.7746242761923253,2.484168752614034,5.0,-0.9789251089096069,-29.606460547809
1.8971598148345947,32.02281300631712,20.52391072103762,-6.283185307179586,0.0,32.48616904754181,18.98399155411179,4.737903582196971,0,32.02281300631712,0.0,32.02281300631712,32.02281300631712,20.060554679812935,32.688175766047806,0.26209641780302917,100.0,0.5,0.0,0.7837881403254402,2.466770255961634,5.0,-0.9789251089096069,0.0
1.9072332382202148,32.02281300631712,20.52391072103762,-6.283185307179586,0.0,32.688175766047806,20.060554679812935,4.7769501540448225,0,32.02281300631712,0.0,32.02281300631712,32.02281300631712,19.858547961306936,32.88821932748569,0.22304984595517752,100.0,0.5,0.0,0.7466207616002994,3.876196835287486,5.0,-0.9789251089096069,0.0
1.9173054695129395,32.371883032238756,17.339007650440646,-6.283185307179586,0.0,32.88821932748569,19.858547961306936,4.802936185461067,0,32.371883032238756,0.0,32.371883032238756,32.371883032238756,16.82267135519371,33.0576611643367,0.19706381453893318,100.0,0.5,0.0,0.7549375039507635,2.5799677013984588,5.0,-0.9789251089096069,0.0
1.9273715019226074,32.578934813205166,20.610359623944717,-6.283185307179586,0.0,33.0576611643367,16.82267135519371,4.7962992765590755,0,32.578934813205166,0.0,32.578934813205166,32.578934813205166,20.131633272813183,33.260306837320385,0.2037007234409245,100.0,0.5,0.0,0.8243095572005508,0.6593371282628557,5.0,-1.2356505393981934,-25.504133112269066
1.9374401569366455,32.578934813205166,20.610359623944717,-6.283185307179586,0.0,33.260306837320385,20.131633272813183,4.857759289952986,0,32.578934813205166,0.0,32.578934813205166,32.578934813205166,19.928987599829497,33.460964938242114,0.14224071004701422,100.0,0.5,0.0,0.7468786014804957,6.104093675691588,5.0,-1.2356505393981934,0.0
1.9475092887878418,32.95393897517645,18.649957392043767,-6.283185307179586,0.0,33.460964938242114,19.928987599829497,4.883824967352191,0,32.95393897517645,0.0,32.95393897517645,32.95393897517645,18.142931428978102,33.64364850696771,0.11617503264780904,100.0,0.5,0.0,0.7548890953218836,2.588671772741597,5.0,-1.2356505393981934,0.0
1.9575886726379395,33.124202249309455,16.923855528809128,-6.283185307179586,0.0,33.64364850696771,18.142931428978102,4.8915401052652605,0,33.124202249309455,0.0,33.124202249309455,33.124202249309455,16.404409271150875,33.808994844845735,0.10845989473473949,100.0,0.5,0.0,0.8208472011577308,0.7654374540954503,5.0,-1.2356505393981934,0.0
1.9676475524902344,33.124202249309455,16.923855528809128,-6.283185307179586,0.0,33.808994844845735,16.404409271150875,4.897303370989912,0,33.124202249309455,0.0,33.124202249309455,33.124202249309455,16.239062933272848,33.97234162780538,0.10269662901008836,100.0,0.5,0.0,0.8864117721858031,0.5729530334668678,5.0,-1.2356505393981934,0.0
1.9777748584747314,33.43234418795193,15.31255587194782,-6.283185307179586,0.0,33.97234162780538,16.239062933272848,4.918518457225482,0,33.43234418795193,0.0,33.43234418795193,33.43234418795193,14.77255843209437,34.12194784722106,0.08148154277451791,100.0,0.5,0.0,0.8963813042742793,2.094840055987901,5.0,-1.4566935300827026,-21.82643548273183
1.987849473953247,33.43234418795193,15.31255587194782,-6.283185307179586,0.0,34.12194784722106,14.77255843209437,4.924798282931892,0,33.43234418795193,0.0,33.43234418795193,33.43234418795193,14.622952212678689,34.269268467924505,0.07520171706810785,100.0,0.5,0.0,0.9527691571572752,0.6233315524351224,5.0,-1.4566935300827026,0.0
1.9979283809661865,33.697049711215705,13.163575341727839,-6.283185307179586,0.0,34.269268467924505,14.622952212678689,4.943927107636219,0,33.697049711215705,0.0,33.697049711215705,33.697049711215705,12.591356585019039,34.396175580111674,0.056072892363781435,100.0,0.5,0.0,0.9624485825283465,1.8979066559269318,5.0,-1.4566935300827026,0.0
2.008012533187866,33.81650635827171,11.898301889659972,-6.283185307179586,0.0,34.396175580111674,12.591356585019039,4.941378147065826,0,33.81650635827171,0.0,33.81650635827171,33.81650635827171,11.318632667820008,34.510314394875245,0.058621852934174434,100.0,0.5,0.0,1.016203724275512,0.25276895016648476,5.0,-1.4566935300827026,0.0
2.018082618713379,33.81650635827171,11.898301889659972,-6.283185307179586,0.0,34.510314394875245,11.318632667820008,4.9446303419607345,0,33.81650635827171,0.0,33.81650635827171,33.81650635827171,11.204493853056437,34.6231446062456,0.055369658039265524,100.0,0.5,0.0,1.0645833518479608,0.322956035146815,5.0,-1.6470134258270264,-18.899531216705732
2.0281646251678467,34.07841624744775,13.02038278784679,-6.283185307179586,0.0,34.6231446062456,11.204493853056437,4.959285183404949,0,34.07841624744775,0.0,34.07841624744775,34.07841624744775,12.475654429048936,34.748924234722985,0.04071481659505061,100.0,0.5,0.0,1.0773990661457675,1.4535639815743941,5.0,-1.6470134258270264,0.0
2.038240671157837,34.07841624744775,13.02038278784679,-6.283185307179586,0.0,34.748924234722985,12.475654429048936,4.989605937151708,0,34.07841624744775,0.0,34.07841624744775,34.07841624744775,12.349874800571554,34.87336214118417,0.010394062848291696,100.0,0.5,0.0,1.0388074276636257,3.0091916786485706,5.0,-1.6470134258270264,0.0
2.048313617706299,34.30757577874259,11.385914433681332,-6.283185307179586,0.0,34.87336214118417,12.349874800571554,5.0057694477715,1,-11.335914433681332,-1.576213131173743e-07,-11.335914591302645,-11.335914591302645,-34.82336229880548,34.522588274110575,-0.005769447771499792,0.001,0.0,348850.538207093,1.049332544861013,1.6046457252629391,5.0,-1.6470134258270264,0.0
2.0583908557891846,34.30757577874259,11.385914433681332,-6.283185307179586,0.0,34.522588274110575,-34.82336229880548,4.4849287353874265,1,353839.15229265933,1.3623865987992487e-05,353839.1523062832,353839.1523062832,100.0,35.53031208239915,0.5150712646125735,614.5544635314182,0.0,0.5097148901550099,0.9493992903749117,51.684867232483214,5.0,-1.6470134258270264,0.0
2.0685012340545654,34.53476157468002,11.280765865319344,-6.283185307179586,0.0,35.53031208239915,100.0,5.974243691535881,1,-10.762914999759863,1.2807836245917437e-05,-10.762902191923617,-10.762902191923617,-35.01244840900342,35.176322984986996,-0.9742436915358814,0.001,0.0,21873584.12850194,0.8594593613374205,147.30556236931776,5.0,-1.8108808994293213,-16.20784794604537
2.0785717964172363,34.63723202500769,10.195038064643649,-6.283185307179586,0.0,35.176322984986996,-35.01244840900342,4.574560733808146,1,21878573.933463875,-1.4464333723494418e-05,21878573.93344941,21878573.93344941,100.0,36.183379221254086,0.42543926619185424,38751.11907732294,0.0,0.5076068602502346,0.7785134252036785,138.98756666420306,5.0,-1.8108808994293213,0.0
2.0886833667755127,34.77256456073323,13.464568065179105,-6.283185307179586,0.0,36.183379221254086,100.0,6.065673090975572,1,-12.956832176397073,-4.541490121763659e-05,-12.95687759129829,-12.95687759129829,-35.67568874737327,35.82264198440505,-1.0656730909755723,0.001,0.0,1423540879.5964098,0.7056620826833107,147.46595279801858,5.0,-1.8108808994293213,0.0
2.098738670349121,34.77256456073323,13.464568065179105,-6.283185307179586,0.0,35.82264198440505,-35.67568874737327,4.658412990342975,0,34.77256456073323,0.0,34.77256456073323,34.77256456073323,12.414490641507282,35.94747345651713,0.34158700965702504,0.001,0.0,1423540879.5964098,0.6400958744149796,139.95202534970255,5.0,-1.8108808994293213,0.0
2.1088082790374756,35.017748230991025,12.182948299356218,-6.283185307179586,0.0,35.94747345651713,12.414490641507282,5.156791190327472,0,35.017748230991025,0.0,35.017748230991025,35.017748230991025,11.253223073830112,36.060789009353364,-0.15679119032747213,0.001,0.0,1423540879.5964098,0.5810862869734816,49.49330360383039,5.0,-1.9519726037979126,-14.011637267668995
2.11887526512146,35.017748230991025,12.182948299356218,-6.283185307179586,0.0,36.060789009353364,11.253223073830112,5.161042692047773,0,35.017748230991025,0.0,35.017748230991025,35.017748230991025,11.139907520993878,36.172934303344086,-0.161042692047773,0.001,0.0,1423540879.5964098,0.6729776582761335,0.4223212076417393,5.0,-1.9519726037979126,0.0
2.1289451122283936,35.2700208268409,12.536972687632684,-6.283185307179586,0.0,36.172934303344086,11.139907520993878,5.175609877678112,0,35.2700208268409,0.0,35.2700208268409,35.2700208268409,11.634059211129497,36.290087500833174,-0.1756098776781121,0.001,0.0,1423540879.5964098,0.725177873534057,1.4466143801040297,5.0,-1.9519726037979126,0.0
2.1390209197998047,35.2700208268409,12.536972687632684,-6.283185307179586,0.0,36.290087500833174,11.634059211129497,5.19695284222794,0,35.2700208268409,0.0,35.2700208268409,35.2700208268409,11.516906013640408,36.406129629644646,-0.1969528422279403,0.001,0.0,1423540879.5964098,0.7505168423200688,2.1182386025698072,5.0,-1.9519726037979126,0.0
2.1491127014160156,35.2700208268409,12.536972687632684,-6.283185307179586,0.0,36.406129629644646,11.516906013640408,5.2120272082866554,1,1423545867.059437,-9.110745771410535e-05,1423545867.059346,1423545867.059346,100.0,37.41530779126573,-0.21202720828665544,50000.0,5000.0,-444400813207.32416,0.7934450678439245,1.4937269386111602,5.0,-1.9519726037979126,0.0
2.1591854095458984,35.64238424930616,12.334392066937188,-6.283185307179586,0.0,37.41530779126573,100.0,6.238143090777203,1,-444400813219.65845,-0.0001575427409177579,-444400813219.6586,-444400813219.6586,-100.0,36.408036978277444,-1.2381430907772026,0.001,0.0,-1.8607381881067192e+31,0.7191005610595321,101.87090395743306,5.0,-2.0734546184539795,-12.06051174020072
2.169255018234253,35.64238424930616,12.334392066937188,-6.283185307179586,0.0,36.408036978277444,-100.0,4.097125176958842,1,-1.8607381881067192e+31,-0.00019023833536548033,-1.8607381881067192e+31,-1.8607381881067192e+31,-100.0,35.40107610944199,0.9028748230411576,0.001,5000.0,-6.346735557526541e+62,0.6521905049535789,212.62175920445137,5.0,-2.0734546184539795,0.0
2.1793291568756104,35.85207020029241,10.420210693649782,-6.283185307179586,0.0,35.40107610944199,-100.0,3.9561506553218786,1,-6.346735557526541e+62,-0.00013317259083532387,-6.346735557526541e+62,-6.346735557526541e+62,-100.0,34.39366224530624,1.0438493446781214,0.001,5000.0,-7.18282355690983e+125,0.591971454458221,13.993704738013058,5.0,-2.0734546184539795,0.0
2.189401388168335,35.94303030100348,9.058655006478633,-6.283185307179586,0.0,34.39366224530624,-100.0,3.815112714342874,1,-7.18282355690983e+125,-1.3858537894446193e-05,-7.18282355690983e+125,-7.18282355690983e+125,-100.0,33.38643911603377,1.1848872856571262,0.001,5000.0,-8.93643936772049e+251,0.5377743090123989,14.002651138569421,5.0,-2.0734546184539795,0.0
2.1994707584381104,36.02827843547657,8.471499784704957,-6.283185307179586,0.0,33.38643911603377,-100.0,3.6741014762447284,0,36.02827843547657,0.0,36.02827843547657,36.02827843547657,11.113339104147759,33.498343442407005,1.3258985237552716,0.001,5000.0,-8.93643936772049e+251,0.488996878111159,14.003977837761134,5.0,-2.0734546184539795,0.0
2.2095348834991455,36.02827843547657,8.471499784704957,-6.283185307179586,0.0,33.498343442407005,11.113339104147759,4.80090147297846,0,36.02827843547657,0.0,36.02827843547657,36.02827843547657,11.001434777774524,33.60906325786135,0.1990985270215404,0.001,5000.0,-8.93643936772049e+251,0.44509719030004313,111.96204239316488,5.0,-2.178051471710205,-10.393039893869043
2.2196033000946045,36.170908637492076,7.0473379845728115,-6.283185307179586,0.0,33.60906325786135,11.001434777774524,4.815283203878335,0,36.170908637492076,0.0,36.170908637492076,36.170908637492076,9.609183364203536,33.7058125191143,0.18471679612166536,0.001,5000.0,-8.93643936772049e+251,0.520672345325665,1.4284004603426355,5.0,-2.178051471710205,0.0
2.2296764850616455,36.170908637492076,7.0473379845728115,-6.283185307179586,0.0,33.7058125191143,9.609183364203536,4.814905586318039,0,36.170908637492076,0.0,36.170908637492076,36.170908637492076,9.512434102950584,33.801633027320115,0.185094413681961,0.001,5000.0,-8.93643936772049e+251,0.6186051107930985,0.03748740458268033,5.0,-2.178051471710205,0.0
2.2397594451904297,36.170908637492076,7.0473379845728115,-6.283185307179586,0.0,33.801633027320115,9.512434102950584,4.827352964854323,0,36.170908637492076,0.0,36.170908637492076,36.170908637492076,9.416613594744772,33.8965803667441,0.17264703514567703,0.001,5000.0,-8.93643936772049e+251,0.683077491714891,1.2344964551382092,5.0,-2.178051471710205,0.0
2.2498555183410645,36.37937878498589,6.909748178608878,-6.283185307179586,0.0,33.8965803667441,9.416613594744772,4.8396873872916215,0,36.37937878498589,0.0,36.37937878498589,36.37937878498589,9.392546596850671,33.99140820425664,0.1603126127083785,0.001,5000.0,-8.93643936772049e+251,0.7415148056051871,1.221704939461839,5.0,-2.178051471710205,0.0
2.2599246501922607,36.37937878498589,6.909748178608878,-6.283185307179586,0.0,33.99140820425664,9.392546596850671,4.8527226145644375,0,36.37937878498589,0.0,36.37937878498589,36.37937878498589,9.297718759338125,34.08502816035976,0.14727738543556246,0.001,5000.0,-8.93643936772049e+251,0.7917604139233715,1.2945731037643873,5.0,-2.268111228942871,-8.944143205550162
2.270057439804077,36.496626420517806,5.8385836859722735,-6.283185307179586,0.0,34.08502816035976,9.297718759338125,4.864881130043749,0,36.496626420517806,0.0,36.496626420517806,36.496626420517806,8.250181946130319,34.16862551827911,0.13511886995625133,0.001,5000.0,-8.93643936772049e+251,0.8400314629059582,1.1999178849161547,5.0,-2.268111228942871,0.0
2.280123710632324,36.496626420517806,5.8385836859722735,-6.283185307179586,0.0,34.16862551827911,8.250181946130319,4.866109392020379,0,36.496626420517806,0.0,36.496626420517806,36.496626420517806,8.166584588210974,34.25083257048583,0.13389060797962138,0.001,5000.0,-8.93643936772049e+251,0.9060283166153624,0.12201757707365798,5.0,-2.268111228942871,0.0
2.2902047634124756,36.72989489109355,11.580192441734866,-6.283185307179586,0.0,34.25083257048583,8.166584588210974,4.8767824057501254,0,36.72989489109355,0.0,36.72989489109355,36.72989489109355,14.05925476234259,34.392564659794594,0.12321759424987455,0.001,5000.0,-8.93643936772049e+251,0.9474222800623613,1.058720151804083,5.0,-2.268111228942871,0.0
2.3002824783325195,36.72989489109355,11.580192441734866,-6.283185307179586,0.0,34.392564659794594,14.05925476234259,4.955551599994669,0,36.72989489109355,0.0,36.72989489109355,36.72989489109355,13.917522673033822,34.532821485686675,0.04444840000533112,0.001,5000.0,-8.93643936772049e+251,0.8576800520561252,7.816176074585759,5.0,-2.345651626586914,-7.694244008611512
2.310349941253662,36.93352259810889,10.126108627113245,-6.283185307179586,0.0,34.532821485686675,13.917522673033822,4.973770234726473,0,36.93352259810889,0.0,36.93352259810889,36.93352259810889,12.526809739535457,34.658934678259655,0.02622976527352705,0.001,5000.0,-8.93643936772049e+251,0.879712052024413,1.8096550118444739,5.0,-2.345651626586914,0.0
2.3204216957092285,37.064321386323364,13.01287698007902,-6.283185307179586,0.0,34.658934678259655,12.526809739535457,4.977518952351707,0,37.064321386323364,0.0,37.064321386323364,37.064321386323364,15.418263688142728,34.8142236442578,0.022481047648293284,0.001,5000.0,-8.93643936772049e+251,0.9417408468219718,0.37220105412339,5.0,-2.345651626586914,0.0
2.3304965496063232,37.064321386323364,13.01287698007902,-6.283185307179586,0.0,34.8142236442578,15.418263688142728,5.02817394707752,1,-8.93643936772049e+251,7.054449851333198e-05,-8.93643936772049e+251,-8.93643936772049e+251,-100.0,33.80673825454833,-0.02817394707752019,0.001,0.0,-inf,0.8525667621397747,5.027863951498174,5.0,-2.345651626586914,0.0
2.340578556060791,37.30189851887754,11.772073639709875,-6.283185307179586,0.0,33.80673825454833,-100.0,3.732943355636767,1,-inf,0.00012589319559972958,-inf,-inf,-100.0,32.79853760910155,1.2670566443632332,0.001,5000.0,-inf,0.7723100859257972,128.4695261097339,5.0,-2.345651626586914,0.0
2.3506460189819336,37.30189851887754,11.772073639709875,-6.283185307179586,0.0,32.79853760910155,-100.0,3.591795265274218,1,-inf,0.00021937077628146352,-inf,-inf,-100.0,31.791791316987293,1.408204734725782,0.001,5000.0,-inf,0.7000790773332175,14.02022450622839,5.0,-2.4124155044555664,-6.631648747217354
2.360710859298706,37.58275439209339,13.99492607430808,-6.283185307179586,0.0,31.791791316987293,-100.0,3.450850784378222,1,-inf,0.0003527131502010001,-inf,-inf,-100.0,30.785307285310047,1.549149215621778,0.001,5000.0,-inf,0.6350711695998957,14.003647992419756,5.0,-2.4124155044555664,0.0
2.3708977699279785,37.58275439209339,13.99492607430808,-6.283185307179586,0.0,30.785307285310047,-100.0,3.3099430199434074,1,-inf,0.0004892940936695695,-inf,-inf,-100.0,29.7666162223828,1.6900569800565926,0.001,5000.0,-inf,0.5765640526399062,13.83223722704613,5.0,-2.4124155044555664,0.0
2.381007194519043,37.81599424993786,11.595103339059762,-6.283185307179586,0.0,29.7666162223828,-100.0,3.167326271133592,0,37.81599424993786,0.0,37.81599424993786,37.81599424993786,19.64448136661482,29.965210625389165,1.832673728866408,0.001,5000.0,-inf,0.5239076473759156,14.107306259138808,5.0,-2.4124155044555664,0.0
2.391130208969116,37.81599424993786,11.595103339059762,-6.283185307179586,0.0,29.965210625389165,19.64448136661482,4.391574301220632,0,37.81599424993786,0.0,37.81599424993786,37.81599424993786,19.445886963608455,30.162061620116265,0.6084256987793681,0.001,5000.0,-inf,0.47651688263832404,120.93710190033188,5.0,-2.4698994159698486,-5.678536941520055
2.4012155532836914,38.020043927880344,10.139639129835265,-6.283185307179586,0.0,30.162061620116265,19.445886963608455,4.417147496452363,0,38.020043927880344,0.0,38.020043927880344,38.020043927880344,17.997621437599342,30.343573829157833,0.5828525035476373,0.001,5000.0,-inf,0.5132710950350051,2.5356789450185486,5.0,-2.4698994159698486,0.0
2.411282539367676,38.020043927880344,10.139639129835265,-6.283185307179586,0.0,30.343573829157833,17.997621437599342,4.428076550458091,0,38.020043927880344,0.0,38.020043927880344,38.020043927880344,17.816109228557778,30.522928352832466,0.5719234495419094,0.001,5000.0,-inf,0.593073583415784,1.0856331691085725,5.0,-2.4698994159698486,0.0
2.4213480949401855,37.85847839906076,-8.034036892280932,-6.283185307179586,0.0,30.522928352832466,17.816109228557778,4.451371061682123,0,37.85847839906076,0.0,37.85847839906076,37.85847839906076,-0.6984868460526403,30.515897694666855,0.5486289383178766,0.001,5000.0,-inf,0.6253061004684511,2.3142797291441024,5.0,-2.4698994159698486,0.0
2.431509017944336,37.78494895677598,-7.259659005998446,-6.283185307179586,0.0,30.515897694666855,-0.6984868460526403,4.265240808792833,0,37.78494895677598,0.0,37.78494895677598,37.78494895677598,0.009392256110676733,30.51599312865803,0.7347591912071669,0.001,5000.0,-inf,0.567775490421606,18.31824262552353,5.0,-2.5193936824798584,-4.87104040546248
2.4415931701660156,37.78494895677598,-7.259659005998446,-6.283185307179586,0.0,30.51599312865803,0.009392256110676733,4.272332960573232,0,37.78494895677598,0.0,37.78494895677598,37.78494895677598,0.00929682211949956,30.516086879227462,0.7276670394267679,0.001,5000.0,-inf,0.6544472673768367,0.7032967793913066,5.0,-2.5193936824798584,0.0
2.451663017272949,37.36863822028471,-20.74113327839532,-6.283185307179586,0.0,30.516086879227462,0.00929682211949956,4.27234513131304,0,37.36863822028471,0.0,37.36863822028471,37.36863822028471,-13.888581937338074,30.37623098258635,0.7276548686869599,0.001,5000.0,-inf,0.739002540639153,0.0012086320356930259,5.0,-2.5193936824798584,0.0
2.461738109588623,37.36863822028471,-20.74113327839532,-6.283185307179586,0.0,30.37623098258635,-13.888581937338074,4.113786518188708,0,37.36863822028471,0.0,37.36863822028471,37.36863822028471,-13.748726040696962,30.23771129850342,0.8862134818112919,0.001,5000.0,-inf,0.6701022865752377,15.737683403422736,5.0,-2.5193936824798584,0.0
2.471808433532715,37.36863822028471,-20.74113327839532,-6.283185307179586,0.0,30.23771129850342,-13.748726040696962,4.0957923213835095,0,37.36863822028471,0.0,37.36863822028471,37.36863822028471,-13.610206356614032,30.10065211154638,0.9042076786164905,0.001,5000.0,-inf,0.7116267681715632,1.786853819708128,5.0,-2.5193936824798584,0.0
2.4818758964538574,37.36863822028471,-20.74113327839532,-6.283185307179586,0.0,30.10065211154638,-13.610206356614032,4.077989232050354,0,37.36863822028471,0.0,37.36863822028471,37.36863822028471,-13.473147169656993,29.96501170198476,0.9220107679496463,0.001,5000.0,-inf,0.7495941035304237,1.768378932468446,5.0,-2.56200909614563,-4.232984417183726
2.491941452026367,35.92455245815382,-35.855550290947775,-6.283185307179586,0.0,29.96501170198476,-13.473147169656993,4.060370166581297,0,35.92455245815382,0.0,35.92455245815382,35.92455245815382,-29.896009534778717,29.664091756616163,0.939629833418703,0.001,5000.0,-inf,0.7843430117350092,1.7504314930391367,5.0,-2.56200909614563,0.0
2.502016544342041,35.92455245815382,-35.855550290947775,-6.283185307179586,0.0,29.664091756616163,-29.896009534778717,3.8540127505784763,0,35.92455245815382,0.0,35.92455245815382,35.92455245815382,-29.59508958941012,29.36591849691222,1.1459872494215237,0.001,5000.0,-inf,0.7109087105615083,20.481937985003906,5.0,-2.56200909614563,0.0
2.512091636657715,35.92455245815382,-35.855550290947775,-6.283185307179586,0.0,29.36591849691222,-29.59508958941012,3.8152776936736097,0,35.92455245815382,0.0,35.92455245815382,35.92455245815382,-29.296916329706175,29.070749360325856,1.1847223063263903,0.001,5000.0,-inf,0.6820462533396091,3.8446354327301204,5.0,-2.56200909614563,0.0
2.5221707820892334,35.06866192641474,-28.30833653359952,-6.283185307179586,0.0,29.070749360325856,-29.296916329706175,3.7769357471485585,0,35.06866192641474,0.0,35.06866192641474,35.06866192641474,-22.310423967510634,28.84587935251848,1.2230642528514415,0.001,5000.0,-inf,0.6573766011140932,3.804087041462053,5.0,-2.5987014770507812,-3.6404257835600236
2.5322415828704834,34.43783535103521,-62.8803276871675,-6.283185307179586,0.0,28.84587935251848,-22.310423967510634,3.815318869677481,0,34.43783535103521,0.0,34.43783535103521,34.43783535103521,-57.28837168865077,28.268939574159877,1.1846811303225189,0.001,5000.0,-inf,0.6349406022423999,3.811327754629504,5.0,-2.5987014770507812,0.0
2.5423083305358887,34.43783535103521,-62.8803276871675,-6.283185307179586,0.0,28.268939574159877,-57.28837168865077,3.384767823495875,0,34.43783535103521,0.0,34.43783535103521,34.43783535103521,-56.71143191029216,27.698039899375154,1.6152321765041249,0.001,5000.0,-inf,0.5764465420181599,42.7696273406365,5.0,-2.5987014770507812,0.0
2.552384376525879,34.43783535103521,-62.8803276871675,-6.283185307179586,0.0,27.698039899375154,-56.71143191029216,3.3106112668096004,0,34.43783535103521,0.0,34.43783535103521,34.43783535103521,-56.14053223550744,27.132365314667652,1.6893887331903996,0.001,5000.0,-inf,0.523801887816344,7.359688191175735,5.0,-2.5987014770507812,0.0
2.5624544620513916,34.43783535103521,-62.8803276871675,-6.283185307179586,0.0,27.132365314667652,-56.14053223550744,3.237125821698397,0,34.43783535103521,0.0,34.43783535103521,34.43783535103521,-55.57485765079994,26.572721745055905,1.7628741783016029,0.001,5000.0,-inf,0.4764216990347096,7.297400297646619,5.0,-2.5987014770507812,0.0
2.5726239681243896,31.030239444838287,-84.61903294028208,-6.283185307179586,0.0,26.572721745055905,-55.57485765079994,3.1644324677998275,0,31.030239444838287,0.0,31.030239444838287,31.030239444838287,-80.1615152404997,25.757518728996917,1.8355675322001725,0.001,5000.0,-inf,0.43377952913123863,7.14816957448742,5.0,-2.63029408454895,-3.1066019599568624
2.5826914310455322,31.030239444838287,-84.61903294028208,-6.283185307179586,0.0,25.757518728996917,-80.1615152404997,2.8044374696545717,0,31.030239444838287,0.0,31.030239444838287,31.030239444838287,-79.34631222444071,24.958702672747958,2.1955625303454283,0.001,5000.0,-inf,0.3954015762181148,35.75826411927814,5.0,-2.63029408454895,0.0
2.5927605628967285,28.89828812385369,-106.24430527429426,-6.283185307179586,0.0,24.958702672747958,-79.34631222444071,2.7007552519403073,0,28.89828812385369,0.0,28.89828812385369,28.89828812385369,-100.0,23.951789487628325,2.2992447480596927,0.001,5000.0,-inf,0.36086141859630333,10.297036452248484,5.0,-2.63029408454895,0.0
2.6028783321380615,28.89828812385369,-106.24430527429426,-6.283185307179586,0.0,23.951789487628325,-100.0,2.353250528267966,0,28.89828812385369,0.0,28.89828812385369,28.89828812385369,-100.0,22.940012563495024,2.646749471732034,0.001,5000.0,-inf,0.329775276736673,34.3459823389447,5.0,-2.63029408454895,0.0
2.612962484359741,26.555933324446475,-116.13627406552256,-6.283185307179586,0.0,22.940012563495024,-100.0,2.2116017588893038,0,26.555933324446475,0.0,26.555933324446475,26.555933324446475,-100.0,21.931597341327056,2.7883982411106962,0.001,5000.0,-inf,0.3017977490630057,14.046671080007565,5.0,-2.6574950218200684,-2.697394552676376
2.6230294704437256,26.555933324446475,-116.13627406552256,-6.283185307179586,0.0,21.931597341327056,-100.0,2.070423627785788,0,26.555933324446475,0.0,26.555933324446475,26.555933324446475,-100.0,20.924898732928618,2.929576372214212,0.001,5000.0,-inf,0.27661797415670514,14.023872679045093,5.0,-2.6574950218200684,0.0
2.6330995559692383,26.555933324446475,-116.13627406552256,-6.283185307179586,0.0,20.924898732928618,-100.0,1.929485822610007,0,26.555933324446475,0.0,26.555933324446475,26.555933324446475,-100.0,19.91789018037735,3.070514177389993,0.001,5000.0,-inf,0.2539561767410346,13.995690981840566,5.0,-2.6574950218200684,0.0
2.6431667804718018,23.12102688763498,-113.96353215162556,-6.283185307179586,0.0,19.91789018037735,-100.0,1.7885046252528292,0,23.12102688763498,0.0,23.12102688763498,23.12102688763498,-100.0,18.911167730121,3.211495374747171,0.001,5000.0,-inf,0.23356055906693116,14.003978685612788,5.0,-2.6574950218200684,0.0
2.653240442276001,23.12102688763498,-113.96353215162556,-6.283185307179586,0.0,18.911167730121,-100.0,1.6475634822169405,0,23.12102688763498,0.0,23.12102688763498,23.12102688763498,-100.0,17.90380154970108,3.3524365177830595,0.001,5000.0,-inf,0.21520450316023804,13.991053677932406,5.0,-2.680914878845215,-2.324860361639686
2.663308620452881,23.12102688763498,-113.96353215162556,-6.283185307179586,0.0,17.90380154970108,-100.0,1.5065322169581514,0,23.12102688763498,0.0,23.12102688763498,23.12102688763498,-100.0,16.89698373201309,3.4934677830418486,0.001,5000.0,-inf,0.19868405284421425,14.007625091761586,5.0,-2.680914878845215,0.0
2.673379898071289,20.297375514720162,-93.16812265882697,-6.283185307179586,0.0,16.89698373201309,-100.0,1.365577722481833,0,20.297375514720162,0.0,20.297375514720162,20.297375514720162,-89.7677308761199,15.992907993185133,3.634422277518167,0.001,5000.0,-inf,0.18381564755979285,13.99569149188012,5.0,-2.680914878845215,0.0
2.6834590435028076,20.297375514720162,-93.16812265882697,-6.283185307179586,0.0,15.992907993185133,-89.7677308761199,1.3413298102847198,0,20.297375514720162,0.0,20.297375514720162,20.297375514720162,-88.86365513729194,15.097238289480057,3.6586701897152802,0.001,5000.0,-inf,0.2540265569879247,2.405750801182759,5.0,-2.680914878845215,0.0
2.69370174407959,18.530175052789797,-87.5657254985573,-6.283185307179586,0.0,15.097238289480057,-88.86365513729194,1.2249768091542887,0,18.530175052789797,0.0,18.530175052789797,18.530175052789797,-84.13278873524756,14.23549132577524,3.7750231908457113,0.001,5000.0,-inf,0.23362390128913224,11.359601919260989,5.0,-2.680914878845215,0.0
2.703770399093628,17.73726336583286,-79.13464665326762,-6.283185307179586,0.0,14.23549132577524,-84.13278873524756,1.151640898256058,0,17.73726336583286,0.0,17.73726336583286,17.73726336583286,-75.63287461321,13.473970003574829,3.848359101743942,0.001,5000.0,-inf,0.21526151116021902,7.283585622506996,5.0,-2.7010810375213623,-2.00286519381497
2.7138373851776123,17.73726336583286,-79.13464665326762,-6.283185307179586,0.0,13.473970003574829,-75.63287461321,1.1300270543683761,0,17.73726336583286,0.0,17.73726336583286,17.73726336583286,-74.8713532910096,12.720241131905157,3.869972945631624,0.001,5000.0,-inf,0.29066528077566883,2.147002460057775,5.0,-2.7010810375213623,0.0
2.7239105701446533,15.507990228146275,-110.65121817816612,-6.283185307179586,0.0,12.720241131905157,-74.8713532910096,1.0321202255566262,0,15.507990228146275,0.0,15.507990228146275,15.507990228146275,-100.0,11.712922635201055,3.967879774443374,0.001,5000.0,-inf,0.26659875269810196,9.719550383726345,5.0,-2.7010810375213623,0.0
2.733978748321533,15.507990228146275,-110.65121817816612,-6.283185307179586,0.0,11.712922635201055,-100.0,0.639809168928148,0,15.507990228146275,0.0,15.507990228146275,15.507990228146275,-100.0,10.706104817513067,4.3601908310718525,0.001,5000.0,-inf,0.24493887742829176,38.96544635347872,5.0,-2.7010810375213623,0.0
2.744053363800049,13.559179079595289,-96.74521411795611,-5.867798792300879,20.621114238561496,10.706104817513067,-100.0,0.4988546744518294,0,13.559179079595289,0.0,13.559179079595289,13.559179079595289,-93.89213985587389,9.760177612010127,4.501145325548171,0.001,5000.0,-inf,0.2254449896854626,13.991054524801234,5.0,-2.7184438705444336,-1.7234238924649754
2.7542002201080322,13.559179079595289,-96.74521411795611,-5.867798792300879,20.621114238561496,9.760177612010127,-93.89213985587389,0.42750346712267906,0,13.559179079595289,0.0,13.559179079595289,13.559179079595289,-92.94621265037095,8.817065747875544,4.572496532877321,0.001,5000.0,-inf,0.20790049071691633,7.0318535281722925,5.0,-2.7184438705444336,0.0
2.7642791271209717,13.559179079595289,-96.74521411795611,-5.867798792300879,20.621114238561496,8.817065747875544,-92.94621265037095,0.30492707819886666,0,13.559179079595289,0.0,13.559179079595289,13.559179079595289,-92.00310078623636,7.889775050148971,4.695072921801133,0.001,5000.0,-inf,0.1921104416452247,12.161674749697262,5.0,-2.7184438705444336,0.0
2.774353504180908,11.090789905112798,-81.89118209931988,-1.1288672170923588,157.218607419545,7.889775050148971,-92.00310078623636,0.1845374991584926,0,11.090789905112798,0.0,11.090789905112798,11.090789905112798,-78.69016724435605,7.097020634419862,4.815462500841507,0.001,5000.0,-inf,0.17789939748070224,11.950076746594654,5.0,-2.7184438705444336,0.0
2.7846715450286865,10.355346194928032,-71.459089012505,0.3189932124842769,140.68076982915193,7.097020634419862,-78.69016724435605,0.2066812163752203,0,10.355346194928032,0.0,10.355346194928032,10.355346194928032,-68.20076345199683,6.393322371272492,4.7933187836247795,0.001,5000.0,-inf,0.25706792760981323,2.1461164520874796,5.0,-2.7333931922912598,-1.4488527393303603
2.7947661876678467,9.688546425129234,-66.78832099501325,1.631715026231168,131.4854771172738,6.393322371272492,-68.20076345199683,0.2130574974581806,0,9.688546425129234,0.0,9.688546425129234,9.688546425129234,-63.49309694115651,5.752382247597964,4.7869425025418195,0.001,5000.0,-inf,0.37711907910196385,0.6316500059372856,5.0,-2.7333931922912598,0.0
2.8048455715179443,9.688546425129234,-66.78832099501325,1.631715026231168,131.4854771172738,5.752382247597964,-63.49309694115651,0.17040254525214993,0,9.688546425129234,0.0,9.688546425129234,9.688546425129234,-62.85215681748198,5.118871233228031,4.82959745474785,0.001,5000.0,-inf,0.3691570354943575,4.231900763023068,5.0,-2.7333931922912598,0.0
2.814918279647827,8.47006613805935,-60.43775194212885,4.168605205548876,125.83210494995305,5.118871233228031,-62.85215681748198,0.08812040447710456,0,8.47006613805935,0.0,8.47006613805935,8.47006613805935,-57.08655703729753,4.543855006051425,4.911879595522896,0.001,5000.0,-inf,0.3372413319449218,8.16882011411986,5.0,-2.7333931922912598,0.0
2.8250937461853027,8.47006613805935,-60.43775194212885,4.168605205548876,125.83210494995305,4.543855006051425,-57.08655703729753,0.06527413047422415,0,8.47006613805935,0.0,8.47006613805935,8.47006613805935,-56.51154081012092,3.9688237135568536,4.934725869525776,0.001,5000.0,-inf,0.397281974176649,2.245231107462156,5.0,-2.7333931922912598,0.0
2.8351597785949707,7.407300095780242,-52.84541810050189,6.283185307179586,105.14625527367896,3.9688237135568536,-56.51154081012092,-0.009480088203249637,0,7.407300095780242,0.0,7.407300095780242,7.407300095780242,-49.4069417182785,3.471491836958086,5.00948008820325,0.001,5000.0,-inf,0.36255377675898415,7.426383666883065,5.0,-2.5103797912597656,22.155045002368546
2.845231294631958,6.314163119883295,-108.7202122392219,6.283185307179586,0.0,3.471491836958086,-49.4069417182785,-0.008060560008652962,0,6.314163119883295,0.0,6.314163119883295,6.314163119883295,-100.0,2.4643402332593554,5.008060560008653,0.001,5000.0,-inf,0.47629839908308574,0.14094483783608205,5.0,-2.5103797912597656,0.0
2.855316400527954,6.314163119883295,-108.7202122392219,6.283185307179586,0.0,2.4643402332593554,-100.0,-0.6549923673436902,0,6.314163119883295,0.0,6.314163119883295,6.314163119883295,-100.0,1.455829643659746,5.65499236734369,0.001,5000.0,-inf,0.4336685591747772,64.14724981637295,5.0,-2.5103797912597656,0.0
2.8654685020446777,6.314163119883295,-108.7202122392219,6.283185307179586,0.0,1.455829643659746,-100.0,-0.7961838498876356,0,6.314163119883295,0.0,6.314163119883295,6.314163119883295,-100.0,0.4406194919873827,5.796183849887636,0.001,5000.0,-inf,0.3953017032572995,13.907611375965818,5.0,-2.5103797912597656,0.0
2.875539779663086,3.483936690172227,-93.70795502840134,6.283185307179586,0.0,0.4406194919873827,-100.0,-0.9383132711217664,0,3.483936690172227,0.0,3.483936690172227,3.483936690172227,-90.6646378302165,-0.4724892457731624,5.938313271121767,0.001,5000.0,-inf,0.3607715329315696,14.112352634818427,5.0,-1.7686749696731567,73.6455541877752
2.8856089115142822,3.483936690172227,-93.70795502840134,6.283185307179586,0.0,-0.4724892457731624,-90.6646378302165,0.0,0,3.483936690172227,0.0,3.483936690172227,3.483936690172227,-89.75152909245595,-1.376209226051581,5.0,0.001,5000.0,-inf,0.32969437963841264,93.18710738804039,5.0,-1.7686749696731567,0.0
2.895674467086792,3.483936690172227,-93.70795502840134,6.283185307179586,0.0,-1.376209226051581,-89.75152909245595,0.0,0,3.483936690172227,0.0,3.483936690172227,3.483936690172227,-88.84780911217753,-2.2705117861659434,5.0,0.001,5000.0,-inf,0.4467249416745714,0.0,5.0,-1.7686749696731567,0.0
2.905749797821045,1.1729883728913428,-76.62913883282853,6.283185307179586,0.0,-2.2705117861659434,-88.84780911217753,0.0,0,1.1729883728913428,0.0,1.1729883728913428,1.1729883728913428,-73.18563867377125,-3.0078813008017207,5.0,0.001,5000.0,-inf,0.5520524475071142,0.0,5.0,-1.7686749696731567,0.0
2.915825843811035,0.5397856935828134,-62.6659241319101,6.283185307179586,0.0,-3.0078813008017207,-73.18563867377125,0.0,0,0.5397856935828134,0.0,0.5397856935828134,0.5397856935828134,-59.11825713752557,-3.6035595785674968,5.0,0.001,5000.0,-inf,0.6468472027564028,0.0,5.0,-1.7686749696731567,0.0
2.925901174545288,-0.04980439827132648,-58.59167134114074,6.283185307179586,0.0,-3.6035595785674968,-59.11825713752557,0.0,0,-0.04980439827132648,0.0,-0.04980439827132648,-0.04980439827132648,-55.03791616084457,-4.15808478681209,5.0,0.001,5000.0,-inf,0.7321624824807625,0.0,5.0,-1.1300599575042725,63.38402470479661
2.935974597930908,-0.04980439827132648,-58.59167134114074,6.283185307179586,0.0,-4.15808478681209,-55.03791616084457,0.0,0,-0.04980439827132648,0.0,-0.04980439827132648,-0.04980439827132648,-54.483390952599976,-4.7069190513618935,5.0,0.001,5000.0,-inf,0.8089462342326863,0.0,5.0,-1.1300599575042725,0.0
2.9460482597351074,-1.0306150146489474,-48.8484123149416,6.283185307179586,0.0,-4.7069190513618935,-54.483390952599976,0.0,0,-1.0306150146489474,0.0,-1.0306150146489474,-1.0306150146489474,-45.17210827822865,-5.161967593139437,5.0,0.001,5000.0,-inf,0.8780516108094177,0.0,5.0,-1.1300599575042725,0.0
2.956123113632202,-1.0306150146489474,-48.8484123149416,6.283185307179586,0.0,-5.161967593139437,-45.17210827822865,0.0,0,-1.0306150146489474,0.0,-1.0306150146489474,-1.0306150146489474,-44.717059736451105,-5.612485436691839,5.0,0.001,5000.0,-inf,0.940246449728476,0.0,5.0,-1.1300599575042725,0.0
2.966195583343506,-1.8910476897985424,-42.719684313387305,6.283185307179586,0.0,-5.612485436691839,-44.717059736451105,0.0,0,-1.8910476897985424,0.0,-1.8910476897985424,-1.8910476897985424,-38.99824656649401,-6.0052940940268025,5.0,0.001,5000.0,-inf,0.9962218047556285,0.0,5.0,-0.5802061557769775,54.58976968778848
2.9762649536132812,-1.8910476897985424,-42.719684313387305,6.283185307179586,0.0,-6.0052940940268025,-38.99824656649401,0.0,0,-1.8910476897985424,0.0,-1.8910476897985424,-1.8910476897985424,-38.60543790915904,-6.394026542760948,5.0,0.001,5000.0,-inf,1.0465996242800657,0.0,5.0,-0.5802061557769775,0.0
2.9863603115081787,-2.61771689786243,-36.095543126507835,6.283185307179586,0.0,-6.394026542760948,-38.60543790915904,0.0,0,-2.61771689786243,0.0,-2.61771689786243,-2.61771689786243,-32.31923348160932,-6.7203007716465475,5.0,0.001,5000.0,-inf,1.0919396618520592,0.0,5.0,-0.5802061557769775,0.0
2.996432304382324,-2.946032811495716,-32.620854451502986,6.283185307179586,0.0,-6.7203007716465475,-32.31923348160932,0.0,0,-2.946032811495716,0.0,-2.946032811495716,-2.946032811495716,-28.846586491352156,-7.010843385230869,5.0,0.001,5000.0,-inf,1.1327456956668533,0.0,5.0,-0.5802061557769775,0.0
3.006537437438965,-2.946032811495716,-32.620854451502986,6.283185307179586,0.0,-7.010843385230869,-28.846586491352156,0.0,0,-2.946032811495716,0.0,-2.946032811495716,-2.946032811495716,-28.556043877767834,-7.299406008186981,5.0,0.001,5000.0,-inf,1.1694711261001682,0.0,5.0,-0.5802061557769775,0.0
3.016605854034424,-3.5231565918397227,-28.747922619320065,6.283185307179586,0.0,-7.299406008186981,-28.556043877767834,0.0,0,-3.5231565918397227,0.0,-3.5231565918397227,-3.5231565918397227,-24.971673202972806,-7.550831217080171,5.0,0.001,5000.0,-inf,1.2025240134901516,0.0,5.0,-0.10677670687437057,47.02124156405399
3.0266506671905518,-3.5231565918397227,-28.747922619320065,6.283185307179586,0.0,-7.550831217080171,-24.971673202972806,0.0,0,-3.5231565918397227,0.0,-3.5231565918397227,-3.5231565918397227,-24.720247994079614,-7.799141489353847,5.0,0.001,5000.0,-inf,1.2322716121411363,0.0,5.0,-0.10677670687437057,0.0
3.0367228984832764,-4.028781931889972,-25.144010081026757,6.283185307179586,0.0,-7.799141489353847,-24.720247994079614,0.0,0,-4.028781931889972,0.0,-4.028781931889972,-4.028781931889972,-21.37365052356288,-8.014421840997036,5.0,0.001,5000.0,-inf,1.2590444509270227,0.0,5.0,-0.10677670687437057,0.0
3.046799898147583,-4.2636254949304755,-23.286727720159703,6.283185307179586,0.0,-8.014421840997036,-21.37365052356288,0.0,0,-4.2636254949304755,0.0,-4.2636254949304755,-4.2636254949304755,-19.535931374093142,-8.21128541489569,5.0,0.001,5000.0,-inf,1.2831400058343205,0.0,5.0,-0.10677670687437057,0.0
3.056870937347412,-4.2636254949304755,-23.286727720159703,6.283185307179586,0.0,-8.21128541489569,-19.535931374093142,0.0,0,-4.2636254949304755,0.0,-4.2636254949304755,-4.2636254949304755,-19.33906780019449,-8.406049924799602,5.0,0.001,5000.0,-inf,1.3048260052508884,0.0,5.0,0.3008505403995514,40.47519220070548
3.0669407844543457,-4.2636254949304755,-23.286727720159703,6.283185307179586,0.0,-8.406049924799602,-19.33906780019449,0.0,0,-4.2636254949304755,0.0,-4.2636254949304755,-4.2636254949304755,-19.144303290290576,-8.598830131901593,5.0,0.001,5000.0,-inf,1.3243434047257998,0.0,5.0,0.3008505403995514,0.0
3.0770840644836426,-4.937514182779762,-22.333233399186287,6.283185307179586,0.0,-8.598830131901593,-19.144303290290576,0.0,0,-4.937514182779762,0.0,-4.937514182779762,-4.937514182779762,-18.671917450064456,-8.788224619281511,5.0,0.001,5000.0,-inf,1.3419090642532199,0.0,5.0,0.3008505403995514,0.0
3.0871644020080566,-4.937514182779762,-22.333233399186287,6.283185307179586,0.0,-8.788224619281511,-18.671917450064456,0.0,0,-4.937514182779762,0.0,-4.937514182779762,-4.937514182779762,-18.482522962684538,-8.974534689048104,5.0,0.001,5000.0,-inf,1.357718157827898,0.0,5.0,0.3008505403995514,0.0
3.097259283065796,-5.316561797278519,-18.87051543836903,6.283185307179586,0.0,-8.974534689048104,-18.482522962684538,0.0,0,-5.316561797278519,0.0,-5.316561797278519,-5.316561797278519,-15.212542546599444,-9.128103496641824,5.0,0.001,5000.0,-inf,1.3719463420451081,0.0,5.0,0.6518215537071228,34.76722621100116
3.107332944869995,-5.316561797278519,-18.87051543836903,6.283185307179586,0.0,-9.128103496641824,-15.212542546599444,0.0,0,-5.316561797278519,0.0,-5.316561797278519,-5.316561797278519,-15.058973739005724,-9.279802505206884,5.0,0.001,5000.0,-inf,1.3847517078405973,0.0,5.0,0.6518215537071228,0.0
3.117405414581299,-5.6766704836811845,-17.831569982686155,6.283185307179586,0.0,-9.279802505206884,-15.058973739005724,0.0,0,-5.6766704836811845,0.0,-5.6766704836811845,-5.6766704836811845,-14.228437961160456,-9.423118015609838,5.0,0.001,5000.0,-inf,1.3962765370565378,0.0,5.0,0.6518215537071228,0.0
3.1274731159210205,-5.838763869803512,-16.111783723639622,6.283185307179586,0.0,-9.423118015609838,-14.228437961160456,0.0,0,-5.838763869803512,0.0,-5.838763869803512,-5.838763869803512,-12.527429577833296,-9.549240435153859,5.0,0.001,5000.0,-inf,1.4066488833508841,0.0,5.0,0.6518215537071228,0.0
3.1375513076782227,-5.838763869803512,-16.111783723639622,6.283185307179586,0.0,-9.549240435153859,-12.527429577833296,0.0,0,-5.838763869803512,0.0,-5.838763869803512,-5.838763869803512,-12.401307158289274,-9.67422318673506,5.0,0.001,5000.0,-inf,1.4159839950157957,0.0,5.0,0.954011082649231,29.98449882898441
3.1476187705993652,-6.177105571371858,-16.79934597929449,6.283185307179586,0.0,-9.67422318673506,-12.401307158289274,0.0,0,-6.177105571371858,0.0,-6.177105571371858,-6.177105571371858,-13.302228363931288,-9.80814287755751,5.0,0.001,5000.0,-inf,1.4243855955142162,0.0,5.0,0.954011082649231,0.0
3.1576898097991943,-6.177105571371858,-16.79934597929449,6.283185307179586,0.0,-9.80814287755751,-13.302228363931288,0.0,0,-6.177105571371858,0.0,-6.177105571371858,-6.177105571371858,-13.16830867310884,-9.940761430399837,5.0,0.001,5000.0,-inf,1.4319470359627946,0.0,5.0,0.954011082649231,0.0
3.167778491973877,-6.473237645325933,-14.687556965138137,6.283185307179586,0.0,-9.940761430399837,-13.16830867310884,0.0,0,-6.473237645325933,0.0,-6.473237645325933,-6.473237645325933,-11.220033180064235,-10.053956779142899,5.0,0.001,5000.0,-inf,1.4387523323665152,0.0,5.0,0.954011082649231,0.0
3.1778435707092285,-6.60495789889048,-13.190592742020677,6.283185307179586,0.0,-10.053956779142899,-11.220033180064235,0.0,0,-6.60495789889048,0.0,-6.60495789889048,-6.60495789889048,-9.741593861768258,-10.152006688369413,5.0,0.001,5000.0,-inf,1.4448770991298638,0.0,5.0,0.954011082649231,0.0
3.187913179397583,-6.60495789889048,-13.190592742020677,6.283185307179586,0.0,-10.152006688369413,-9.741593861768258,0.0,0,-6.60495789889048,0.0,-6.60495789889048,-6.60495789889048,-9.643543952541744,-10.249113402340456,5.0,0.001,5000.0,-inf,1.4503893892168773,0.0,5.0,1.2141995429992676,25.838984254765005
3.1979894638061523,-6.845784971965651,-11.935648015544094,6.283185307179586,0.0,-10.249113402340456,-9.643543952541744,0.0,0,-6.845784971965651,0.0,-6.845784971965651,-6.845784971965651,-8.53231958516929,-10.335087481145427,5.0,0.001,5000.0,-inf,1.4553504502951897,0.0,5.0,1.2141995429992676,0.0
3.208096504211426,-6.845784971965651,-11.935648015544094,6.283185307179586,0.0,-10.335087481145427,-8.53231958516929,0.0,0,-6.845784971965651,0.0,-6.845784971965651,-6.845784971965651,-8.446345506364318,-10.42045503645515,5.0,0.001,5000.0,-inf,1.4598154052656707,0.0,5.0,1.2141995429992676,0.0
3.218165636062622,-7.038722724580544,-9.580768218121777,6.283185307179586,0.0,-10.42045503645515,-8.446345506364318,0.0,0,-7.038722724580544,0.0,-7.038722724580544,-7.038722724580544,-6.199035906247171,-10.482873946345453,5.0,0.001,5000.0,-inf,1.4638338647391036,0.0,5.0,1.2141995429992676,0.0
3.228240489959717,-7.038722724580544,-9.580768218121777,6.283185307179586,0.0,-10.482873946345453,-6.199035906247171,0.0,0,-7.038722724580544,0.0,-7.038722724580544,-7.038722724580544,-6.136616996356868,-10.544699466006177,5.0,0.001,5000.0,-inf,1.4674504782651931,0.0,5.0,1.2141995429992676,0.0
3.2382709980010986,-7.206952887968323,-8.378754687083092,6.283185307179586,0.0,-10.544699466006177,-6.136616996356868,0.0,0,-7.206952887968323,0.0,-7.206952887968323,-7.206952887968323,-5.041008109045237,-10.595263338380626,5.0,0.001,5000.0,-inf,1.4707054304386737,0.0,5.0,1.438223958015442,22.334303914810675
3.248340129852295,-7.273967777506162,-6.662261655560946,6.283185307179586,0.0,-10.595263338380626,-5.041008109045237,0.0,0,-7.273967777506162,0.0,-7.273967777506162,-7.273967777506162,-3.3409660946864825,-10.6289039664984,5.0,0.001,5000.0,-inf,1.4736348873948066,0.0,5.0,1.438223958015442,0.0
3.258413076400757,-7.336755261946825,-6.2297399555132955,6.283185307179586,0.0,-10.6289039664984,-3.3409660946864825,0.0,0,-7.336755261946825,0.0,-7.336755261946825,-7.336755261946825,-2.93759125096172,-10.658494166150566,5.0,0.001,5000.0,-inf,1.4762713986553262,0.0,5.0,1.438223958015442,0.0
3.2684900760650635,-7.336755261946825,-6.2297399555132955,6.283185307179586,0.0,-10.658494166150566,-2.93759125096172,0.0,0,-7.336755261946825,0.0,-7.336755261946825,-7.336755261946825,-2.9080010513095544,-10.687798091768416,5.0,0.001,5000.0,-inf,1.4786442587897937,0.0,5.0,1.438223958015442,0.0
3.2785749435424805,-7.336755261946825,-6.2297399555132955,6.283185307179586,0.0,-10.687798091768416,-2.9080010513095544,0.0,0,-7.336755261946825,0.0,-7.336755261946825,-7.336755261946825,-2.878697125691705,-10.716829370788638,5.0,0.001,5000.0,-inf,1.4807798329108142,0.0,5.0,1.6311110258102417,19.126385966571313
3.2886478900909424,-5.99953836992076,44.3049312291556,6.283185307179586,0.0,-10.716829370788638,-2.878697125691705,0.0,0,-5.99953836992076,0.0,-5.99953836992076,-5.99953836992076,49.02222223002347,-10.22303114657879,5.0,0.001,5000.0,-inf,1.4827018496197328,0.0,5.0,1.6311110258102417,0.0
3.298720121383667,-5.611682701129906,38.689670678815446,6.283185307179586,0.0,-10.22303114657879,49.02222223002347,0.0,0,-5.611682701129906,0.0,-5.611682701129906,-5.611682701129906,43.30101912426433,-9.786893266748509,5.0,0.001,5000.0,-inf,1.4844316646577598,0.0,5.0,1.6311110258102417,0.0
3.3087968826293945,-5.611682701129906,38.689670678815446,6.283185307179586,0.0,-9.786893266748509,43.30101912426433,0.0,0,-5.611682701129906,0.0,-5.611682701129906,-5.611682701129906,42.864881244434045,-9.354954092621881,5.0,0.001,5000.0,-inf,1.485988498191984,0.0,5.0,1.6311110258102417,0.0
3.318880319595337,-4.907395482583173,35.01113742428788,6.283185307179586,0.0,-9.354954092621881,42.864881244434045,0.0,0,-4.907395482583173,0.0,-4.907395482583173,-4.907395482583173,39.45869603432659,-8.957074818401468,5.0,0.001,5000.0,-inf,1.4873896483727855,0.0,5.0,1.6311110258102417,0.0
3.3289496898651123,-4.58834249608298,31.64054517164854,6.283185307179586,0.0,-8.957074818401468,39.45869603432659,0.0,0,-4.58834249608298,0.0,-4.58834249608298,-4.58834249608298,36.009277493967026,-8.594484070167624,5.0,0.001,5000.0,-inf,1.4886506835355071,0.0,5.0,1.7971891164779663,16.493393948003977
3.3390190601348877,-4.58834249608298,31.64054517164854,6.283185307179586,0.0,-8.594484070167624,36.009277493967026,0.0,0,-4.58834249608298,0.0,-4.58834249608298,-4.58834249608298,35.646686745733184,-8.23554438243414,5.0,0.001,5000.0,-inf,1.4897856151819564,0.0,5.0,1.7971891164779663,0.0
3.3490869998931885,-4.0132345677807475,28.62914788394613,6.283185307179586,0.0,-8.23554438243414,35.646686745733184,0.0,0,-4.0132345677807475,0.0,-4.0132345677807475,-4.0132345677807475,32.85145769859952,-7.904797885352274,5.0,0.001,5000.0,-inf,1.4908070536637608,0.0,5.0,1.7971891164779663,0.0
3.359187126159668,-4.0132345677807475,28.62914788394613,6.283185307179586,0.0,-7.904797885352274,32.85145769859952,0.0,0,-4.0132345677807475,0.0,-4.0132345677807475,-4.0132345677807475,32.520711201517656,-7.576334595941232,5.0,0.001,5000.0,-inf,1.4917263482973846,0.0,5.0,1.7971891164779663,0.0
3.3692643642425537,-3.5082925388079578,25.03404694903887,6.283185307179586,0.0,-7.576334595941232,32.520711201517656,0.0,0,-3.5082925388079578,0.0,-3.5082925388079578,-3.5082925388079578,29.102089006172143,-7.283065916316703,5.0,0.001,5000.0,-inf,1.4925537134676463,0.0,5.0,1.7971891164779663,0.0
3.379335403442383,-3.2816307267859366,22.624667891747062,6.283185307179586,0.0,-7.283065916316703,29.102089006172143,0.0,0,-3.2816307267859366,0.0,-3.2816307267859366,-3.2816307267859366,26.62610308127783,-7.014913388446463,5.0,0.001,5000.0,-inf,1.4932983421208816,0.0,5.0,1.9401837587356567,14.19859851802751
3.3894078731536865,-3.0687446125491156,21.15998579288014,6.283185307179586,0.0,-7.014913388446463,26.62610308127783,0.0,0,-3.0687446125491156,0.0,-3.0687446125491156,-3.0687446125491156,25.106154568777487,-6.762032406985143,5.0,0.001,5000.0,-inf,1.4939685079087934,0.0,5.0,1.9401837587356567,0.0
3.3994767665863037,-3.0687446125491156,21.15998579288014,6.283185307179586,0.0,-6.762032406985143,25.106154568777487,0.0,0,-3.0687446125491156,0.0,-3.0687446125491156,-3.0687446125491156,24.853273587316167,-6.511787443782777,5.0,0.001,5000.0,-inf,1.494571657117914,0.0,5.0,1.9401837587356567,0.0
3.409550189971924,-2.68316635010941,19.144282973435136,6.283185307179586,0.0,-6.511787443782777,24.853273587316167,0.0,0,-2.68316635010941,0.0,-2.68316635010941,-2.68316635010941,22.9729040671085,-6.280371654717558,5.0,0.001,5000.0,-inf,1.4951144914061225,0.0,5.0,1.9401837587356567,0.0
3.4196157455444336,-2.509291295460034,17.301720889566013,6.283185307179586,0.0,-6.280371654717558,22.9729040671085,0.0,0,-2.509291295460034,0.0,-2.509291295460034,-2.509291295460034,21.072801248823538,-6.068262202679072,5.0,0.001,5000.0,-inf,1.4956030422655102,0.0,5.0,2.063303232192993,12.231761334028139
3.4296860694885254,-2.509291295460034,17.301720889566013,6.283185307179586,0.0,-6.068262202679072,21.072801248823538,0.0,0,-2.509291295460034,0.0,-2.509291295460034,-2.509291295460034,20.86069179678505,-5.858188278587588,5.0,0.001,5000.0,-inf,1.4960427380389594,0.0,5.0,2.063303232192993,0.0
3.43975567817688,-2.509291295460034,17.301720889566013,6.283185307179586,0.0,-5.858188278587588,20.86069179678505,0.0,0,-2.509291295460034,0.0,-2.509291295460034,-2.509291295460034,20.650617872693566,-5.650244637436824,5.0,0.001,5000.0,-inf,1.4964384642350637,0.0,5.0,2.063303232192993,0.0
3.4498229026794434,-2.509291295460034,17.301720889566013,6.283185307179586,0.0,-5.650244637436824,20.650617872693566,0.0,0,-2.509291295460034,0.0,-2.509291295460034,-2.509291295460034,20.442674231542803,-5.444443646515113,5.0,0.001,5000.0,-inf,1.4967946178115574,0.0,5.0,2.063303232192993,0.0
3.4598915576934814,1.2766919569389645,94.04650750657473,6.283185307179586,0.0,-5.444443646515113,20.442674231542803,0.0,0,1.2766919569389645,0.0,1.2766919569389645,1.2766919569389645,100.0,-4.4375781451113046,5.0,0.001,5000.0,-inf,1.497115156030402,0.0,5.0,2.1693100929260254,10.528403305628567
3.4699630737304688,1.2766919569389645,94.04650750657473,6.283185307179586,0.0,-4.4375781451113046,100.0,0.0,0,1.2766919569389645,0.0,1.2766919569389645,1.2766919569389645,99.76077760862499,-3.4328358735637137,5.0,0.001,5000.0,-inf,1.4974036404273616,0.0,5.0,2.1693100929260254,0.0
3.480272054672241,1.2766919569389645,94.04650750657473,6.283185307179586,0.0,-3.4328358735637137,99.76077760862499,0.0,0,1.2766919569389645,0.0,1.2766919569389645,1.2766919569389645,98.7560353370774,-2.414761787388775,5.0,0.001,5000.0,-inf,1.4976632763846256,0.0,5.0,2.1693100929260254,0.0
3.4903364181518555,4.340193955574285,101.29570344964579,6.283185307179586,0.0,-2.414761787388775,98.7560353370774,0.0,0,4.340193955574285,0.0,4.340193955574285,4.340193955574285,100.0,-1.4083254394273492,5.0,0.001,5000.0,-inf,1.4978969487461633,0.0,5.0,2.1693100929260254,0.0
3.500476121902466,4.340193955574285,101.29570344964579,6.283185307179586,0.0,-1.4083254394273492,100.0,0.0,0,4.340193955574285,0.0,4.340193955574285,4.340193955574285,100.0,-0.39435506436631407,5.0,0.001,5000.0,-inf,1.498107253871547,0.0,5.0,2.1693100929260254,0.0
3.5105457305908203,4.340193955574285,101.29570344964579,6.283185307179586,0.0,-0.39435506436631407,100.0,0.0,0,4.340193955574285,0.0,4.340193955574285,4.340193955574285,100.0,0.6126058044691352,5.0,0.001,5000.0,-inf,1.4982965284843925,0.0,5.0,2.2605834007263184,9.064235823369243
3.520613431930542,4.340193955574285,101.29570344964579,6.283185307179586,0.0,0.6126058044691352,100.0,1.085764812625679,0,4.340193955574285,0.0,4.340193955574285,4.340193955574285,100.0,1.6193759384413031,3.914235187374321,0.001,5000.0,-inf,1.3534668756359531,107.84634704466657,5.0,2.2605834007263184,0.0
3.5306854248046875,4.340193955574285,101.29570344964579,6.283185307179586,0.0,1.6193759384413031,100.0,1.2267126313817824,0,4.340193955574285,0.0,4.340193955574285,4.340193955574285,100.0,2.626575225855854,3.7732873686182176,0.001,5000.0,-inf,1.2231201880723577,13.994034797017399,5.0,2.2605834007263184,0.0
3.5407392978668213,8.242752969044412,77.69374824584112,6.283185307179586,0.0,2.626575225855854,100.0,1.3677205316198195,0,8.242752969044412,0.0,8.242752969044412,8.242752969044412,83.30992598902968,3.464162646565319,3.6322794683801805,0.001,5000.0,-inf,1.1058081692651218,14.025231805354645,5.0,2.2605834007263184,0.0
3.5515644550323486,9.243686071036448,97.79900094154283,6.283185307179586,0.0,3.464162646565319,83.30992598902968,1.3180820304094416,0,9.243686071036448,0.0,9.243686071036448,9.243686071036448,100.0,4.546678363118053,3.6819179695905584,0.001,5000.0,-inf,1.0135842283544259,4.585476261578122,5.0,2.3391709327697754,7.259712800634305
3.561732292175293,9.243686071036448,97.79900094154283,6.283185307179586,0.0,4.546678363118053,100.0,1.6365349708365273,0,9.243686071036448,0.0,9.243686071036448,9.243686071036448,100.0,5.5634620774124866,3.3634650291634727,0.001,5000.0,-inf,0.9172258055189833,31.319634249656186,5.0,2.3391709327697754,0.0
3.571800947189331,11.02168644866831,88.4414807213248,6.283185307179586,0.0,5.5634620774124866,100.0,1.778884690837748,0,11.02168644866831,0.0,11.02168644866831,11.02168644866831,93.89970509258062,6.508905813909596,3.221115309162252,0.001,5000.0,-inf,0.830503224967085,14.137908171722195,5.0,2.3391709327697754,0.0
3.5818800926208496,12.145850514007407,112.22921086111513,6.283185307179586,0.0,6.508905813909596,93.89970509258062,1.8502438648731498,0,12.145850514007407,0.0,12.145850514007407,12.145850514007407,100.0,7.516820357061452,3.14975613512685,0.001,5000.0,-inf,0.7524529024703764,7.079883361168113,5.0,2.3391709327697754,0.0
3.5919620990753174,12.145850514007407,112.22921086111513,6.283185307179586,0.0,7.516820357061452,100.0,2.0523548499886033,0,12.145850514007407,0.0,12.145850514007407,12.145850514007407,100.0,8.525021002508229,2.9476451500113967,0.001,5000.0,-inf,0.6822076122233388,20.046702611055096,5.0,2.3391709327697754,0.0
3.6020278930664062,14.511108054798282,117.36338019341689,6.283185307179586,0.0,8.525021002508229,100.0,2.193502940351152,0,14.511108054798282,0.0,14.511108054798282,14.511108054798282,100.0,9.531600401617116,2.806497059648848,0.001,5000.0,-inf,0.6189868510010049,14.022549089272603,5.0,2.4068357944488525,6.722257751249438
3.612096071243286,15.590487655526285,106.01705212401617,6.283185307179586,0.0,9.531600401617116,100.0,2.3344240562263963,0,15.590487655526285,0.0,15.590487655526285,15.590487655526285,100.0,10.538418219305104,2.6655759437736037,0.001,5000.0,-inf,0.5620881659009045,13.996684742712354,5.0,2.4068357944488525,0.0
3.622164011001587,15.590487655526285,106.01705212401617,6.283185307179586,0.0,10.538418219305104,100.0,2.4753785507027146,0,15.590487655526285,0.0,15.590487655526285,15.590487655526285,100.0,11.545212195135182,2.5246214492972854,0.001,5000.0,-inf,0.510879349310814,14.000331533579615,5.0,2.4068357944488525,0.0
3.632388114929199,15.590487655526285,106.01705212401617,6.283185307179586,0.0,11.545212195135182,100.0,2.6163297073189256,0,15.590487655526285,0.0,15.590487655526285,15.590487655526285,100.0,12.567622587896413,2.3836702926810744,0.001,5000.0,-inf,0.46479141437973265,13.786162348716275,5.0,2.4068357944488525,0.0
3.642461061477661,18.688735174946416,102.54805410069316,6.283185307179586,0.0,12.567622587896413,100.0,2.759467162305498,0,18.688735174946416,0.0,18.688735174946416,18.688735174946416,100.0,13.574917242742604,2.240532837694502,0.001,5000.0,-inf,0.4233122729417594,14.210087812729295,5.0,2.4650955200195312,5.7837818646595185
3.652531623840332,18.688735174946416,102.54805410069316,6.283185307179586,0.0,13.574917242742604,100.0,2.9004884139839646,0,18.688735174946416,0.0,18.688735174946416,18.688735174946416,100.0,14.581973479009694,2.0995115860160354,0.001,5000.0,-inf,0.38598104564758345,14.003314472407018,5.0,2.4650955200195312,0.0
3.662562608718872,18.688735174946416,102.54805410069316,6.283185307179586,0.0,14.581973479009694,100.0,3.041476287061357,0,18.688735174946416,0.0,18.688735174946416,18.688735174946416,100.0,15.585071966863698,1.9585237129386428,0.001,5000.0,-inf,0.35238294108282514,14.055237325600741,5.0,2.4650955200195312,0.0
3.672649383544922,21.566072784984634,95.34456218059947,2.948353071838422,-110.50427948221547,15.585071966863698,100.0,3.1819100753609177,0,21.566072784984634,0.0,21.566072784984634,21.566072784984634,100.0,16.593749449468678,1.8180899246390823,0.001,5000.0,-inf,0.32214464697454265,13.922566005625546,5.0,2.4650955200195312,0.0
3.6827304363250732,21.566072784984634,95.34456218059947,2.948353071838422,-110.50427948221547,16.593749449468678,100.0,3.323124922925615,0,21.566072784984634,0.0,21.566072784984634,21.566072784984634,100.0,17.601854727483815,1.676875077074385,0.001,5000.0,-inf,0.2949301822770884,14.007946456022514,5.0,2.4650955200195312,0.0
3.692763090133667,21.566072784984634,95.34456218059947,2.948353071838422,-110.50427948221547,17.601854727483815,100.0,3.464259661847734,0,21.566072784984634,0.0,21.566072784984634,21.566072784984634,99.30878023810028,18.598185339766392,1.5357403381522658,0.001,5000.0,-inf,0.27043716404937956,14.067538022813688,5.0,2.5152573585510254,4.99985741444867
3.7028303146362305,23.970878665474626,79.67649809833628,-1.5406783099420105,-148.73146446270482,18.598185339766392,99.30878023810028,3.5968337499482983,0,23.970878665474626,0.0,23.970878665474626,23.970878665474626,85.04919142404452,19.454394643593744,1.4031662500517017,0.001,5000.0,-inf,0.24839344764444163,13.168881658177586,5.0,2.5152573585510254,0.0
3.712902307510376,23.970878665474626,79.67649809833628,-1.5406783099420105,-148.73146446270482,19.454394643593744,85.04919142404452,3.5741071643435696,0,23.970878665474626,0.0,23.970878665474626,23.970878665474626,84.19298212021717,20.30238575956163,1.4258928356564304,0.001,5000.0,-inf,0.3169585410557335,2.2564139876495712,5.0,2.5152573585510254,0.0
3.72305965423584,25.324039947372654,67.317871869411,-4.06661335872558,-125.66171840651312,20.30238575956163,84.19298212021717,3.6842638275408,0,25.324039947372654,0.0,25.324039947372654,25.324039947372654,72.33952605722202,21.037163407680563,1.3157361724592,0.001,5000.0,-inf,0.29026268695016016,10.845023427336013,5.0,2.5152573585510254,0.0
3.733128786087036,25.324039947372654,67.317871869411,-4.06661335872558,-125.66171840651312,21.037163407680563,72.33952605722202,3.6685981376474994,0,25.324039947372654,0.0,25.324039947372654,25.324039947372654,71.60474840910308,21.75816106058356,1.3314018623525006,0.001,5000.0,-inf,0.3772157654300845,1.5558133635363336,5.0,2.5584475994110107,4.289370871119741
3.743199110031128,26.50983102901499,58.939707490718234,-6.276560824562309,-109.84536755485466,21.75816106058356,71.60474840910308,3.7621900325727298,0,26.50983102901499,0.0,26.50983102901499,26.50983102901499,63.69137745914966,22.399553864042623,1.2378099674272702,0.001,5000.0,-inf,0.34449418888707606,9.293831603117415,5.0,2.5584475994110107,0.0
3.753272771835327,26.50983102901499,58.939707490718234,-6.276560824562309,-109.84536755485466,22.399553864042623,63.69137745914966,3.7728513155574643,0,26.50983102901499,0.0,26.50983102901499,26.50983102901499,63.0499846556906,23.034698086224,1.2271486844425357,0.001,5000.0,-inf,0.44205405833785216,1.0583324308436082,5.0,2.5584475994110107,0.0
3.7633512020111084,27.54922817810898,51.53312316079205,-6.283185307179586,-0.32844065320964455,23.034698086224,63.0499846556906,3.855357578628267,0,27.54922817810898,0.0,27.54922817810898,27.54922817810898,56.04765325267703,23.599570446047505,1.1446424213717332,0.001,5000.0,-inf,0.402848652504067,8.186420070564889,5.0,2.5584475994110107,0.0
3.7735564708709717,27.9727860751797,41.87955167174245,-6.283185307179586,0.0,23.599570446047505,56.04765325267703,3.8644163949734214,0,27.9727860751797,0.0,27.9727860751797,27.9727860751797,46.252767300874645,24.071592371865624,1.1355836050265786,0.001,5000.0,-inf,0.5000724972568616,0.8876607240385783,5.0,2.5584475994110107,0.0
3.783627510070801,27.9727860751797,41.87955167174245,-6.283185307179586,0.0,24.071592371865624,46.252767300874645,3.832550605069934,0,27.9727860751797,0.0,27.9727860751797,27.9727860751797,45.780745375056526,24.532652053135212,1.167449394930066,0.001,5000.0,-inf,0.5142219780482524,3.164101466711405,5.0,1.8100624084472656,-74.31062238109894
3.793792724609375,28.73304607949034,37.89287927940065,-6.283185307179586,0.0,24.532652053135212,45.780745375056526,3.8923787411894955,0,28.73304607949034,0.0,28.73304607949034,28.73304607949034,42.09327330575578,24.96053920691906,1.1076212588105045,0.001,5000.0,-inf,0.4677997802434272,5.885575350380449,5.0,1.8100624084472656,0.0
3.8038575649261475,28.73304607949034,37.89287927940065,-6.283185307179586,0.0,24.96053920691906,42.09327330575578,3.9154082220262265,0,28.73304607949034,0.0,28.73304607949034,28.73304607949034,41.66538615197193,25.37989466527532,1.0845917779737735,0.001,5000.0,-inf,0.5134028634229402,2.2881118936734444,5.0,1.8100624084472656,0.0
3.8139326572418213,29.382672529071638,32.249151568051175,-6.283185307179586,0.0,25.37989466527532,41.66538615197193,3.9698391146582646,0,29.382672529071638,0.0,29.382672529071638,29.382672529071638,36.25192943184749,25.745136200922474,1.0301608853417354,0.001,5000.0,-inf,0.4670625770806462,5.402520485828191,5.0,1.8100624084472656,0.0
3.8240108489990234,29.382672529071638,32.249151568051175,-6.283185307179586,0.0,25.745136200922474,36.25192943184749,3.9668383624476213,0,29.382672529071638,0.0,29.382672529071638,29.382672529071638,35.88668789620034,26.106809123071244,1.0331616375523787,0.001,5000.0,-inf,0.5703563193725816,0.2977470842920608,5.0,1.165695309638977,-63.93677698658655
3.834080696105957,29.382672529071638,32.249151568051175,-6.283185307179586,0.0,26.106809123071244,35.88668789620034,4.0138201561919775,0,29.382672529071638,0.0,29.382672529071638,29.382672529071638,35.52501497405157,26.464540592331467,0.9861798438080225,0.001,5000.0,-inf,0.5290960702723788,4.665591567125867,5.0,1.165695309638977,0.0
3.8442187309265137,30.279262677685455,29.69685108575651,-6.283185307179586,0.0,26.464540592331467,35.52501497405157,4.060285832666922,0,30.279262677685455,0.0,30.279262677685455,30.279262677685455,33.5115731711105,26.804282088031815,0.9397141673330784,0.001,5000.0,-inf,0.4946133949681877,4.58330211893993,5.0,1.165695309638977,0.0
3.854295015335083,30.53977148569464,25.930351119373597,-6.283185307179586,0.0,26.804282088031815,33.5115731711105,4.087715224035559,0,30.53977148569464,0.0,30.53977148569464,30.53977148569464,29.665840517036422,27.103203534300732,0.9122847759644408,0.001,5000.0,-inf,0.5235486968173262,2.7221731996082235,5.0,1.165695309638977,0.0
3.8643743991851807,30.53977148569464,25.930351119373597,-6.283185307179586,0.0,27.103203534300732,29.665840517036422,4.091106899972467,0,30.53977148569464,0.0,30.53977148569464,30.53977148569464,29.366919070767505,27.39920398410975,0.9088931000275329,0.001,5000.0,-inf,0.6211938271355937,0.3364963560619891,5.0,1.165695309638977,0.0
3.8745102882385254,31.051221211099275,25.06485516227789,-6.283185307179586,0.0,27.39920398410975,29.366919070767505,4.12955774848304,0,31.051221211099275,0.0,31.051221211099275,31.051221211099275,28.716872389267415,27.690275016606424,0.8704422515169599,0.001,5000.0,-inf,0.602949432108744,3.7935348648952183,5.0,0.610888659954071,-54.73685108084586
3.8845813274383545,31.275975962993684,22.641218053841026,-6.283185307179586,0.0,27.690275016606424,28.716872389267415,4.163807226217574,0,31.275975962993684,0.0,31.275975962993684,31.275975962993684,26.226919000228285,27.954407345948468,0.8361927737824262,0.001,5000.0,-inf,0.5991846262226883,3.4007888416435588,5.0,0.610888659954071,0.0
3.8946499824523926,31.275975962993684,22.641218053841026,-6.283185307179586,0.0,27.954407345948468,26.226919000228285,4.1758862184350685,0,31.275975962993684,0.0,31.275975962993684,31.275975962993684,25.962786670886242,28.21581768814069,0.8241137815649315,0.001,5000.0,-inf,0.6667214690542753,1.199662934190681,5.0,0.610888659954071,0.0
3.9047305583953857,31.275975962993684,22.641218053841026,-6.283185307179586,0.0,28.21581768814069,25.962786670886242,4.209842343048559,0,31.275975962993684,0.0,31.275975962993684,31.275975962993684,25.70137632869402,28.474902364061535,0.7901576569514406,0.001,5000.0,-inf,0.6576208221019383,3.368470691110985,5.0,0.610888659954071,0.0
3.9148054122924805,31.962820405849406,22.726683449412526,-6.283185307179586,0.0,28.474902364061535,25.70137632869402,4.243500094255555,0,31.962820405849406,0.0,31.962820405849406,31.962820405849406,26.214601491200398,28.739010644055938,0.7564999057444446,0.001,5000.0,-inf,0.6503228766675913,3.3407681690254423,5.0,0.610888659954071,0.0
3.9249539375305176,32.16293240151886,19.83951552697885,-6.283185307179586,0.0,28.739010644055938,26.214601491200398,4.2856075050798355,0,32.16293240151886,0.0,32.16293240151886,32.16293240151886,23.26343728444177,28.97510022446059,0.7143924949201645,0.001,5000.0,-inf,0.6177079547688236,4.149116234786475,5.0,0.133194699883461,-47.070283500916226
3.9350850582122803,32.16293240151886,19.83951552697885,-6.283185307179586,0.0,28.97510022446059,23.26343728444177,4.289148404268901,0,32.16293240151886,0.0,32.16293240151886,32.16293240151886,23.02734770403712,29.208393063031096,0.710851595731099,0.001,5000.0,-inf,0.7059371592919412,0.34950715723282183,5.0,0.133194699883461,0.0
3.9451546669006348,32.555642374523444,19.55161088494435,-6.283185307179586,0.0,29.208393063031096,23.02734770403712,4.319448505864725,0,32.555642374523444,0.0,32.555642374523444,32.555642374523444,22.898860196436697,29.43897562461855,0.6805514941352753,0.001,5000.0,-inf,0.7044958108728605,3.0090644565826903,5.0,0.133194699883461,0.0
3.9552297592163086,32.555642374523444,19.55161088494435,-6.283185307179586,0.0,29.43897562461855,22.898860196436697,4.350445189410964,0,32.555642374523444,0.0,32.555642374523444,32.555642374523444,22.668277634849243,29.66736061442698,0.6495548105890361,0.001,5000.0,-inf,0.7010235568989933,3.076565710273208,5.0,0.133194699883461,0.0
3.9654133319854736,32.90007227107628,17.09799380806656,-6.283185307179586,0.0,29.66736061442698,22.668277634849243,4.38011326236827,0,32.90007227107628,0.0,32.90007227107628,32.90007227107628,20.330705464715862,29.874399832975374,0.6198867376317301,0.001,5000.0,-inf,0.7031584567093323,2.913326553440882,5.0,0.133194699883461,0.0
3.9755241870880127,32.90007227107628,17.09799380806656,-6.283185307179586,0.0,29.874399832975374,20.330705464715862,4.385723031263711,0,32.90007227107628,0.0,32.90007227107628,32.90007227107628,20.123666246167467,30.077867306522226,0.6142769687362888,0.001,5000.0,-inf,0.7810759840026322,0.5548263562824229,5.0,-0.27810439467430115,-40.678962400962085
3.985591411590576,33.28398937535071,19.103641505340377,-6.283185307179586,0.0,30.077867306522226,20.123666246167467,4.412138085374787,0,33.28398937535071,0.0,33.28398937535071,33.28398937535071,22.30976357416886,30.302464705022498,0.5878619146252131,0.001,5000.0,-inf,0.7845326840977118,2.6238665984203964,5.0,-0.27810439467430115,0.0
3.9956631660461426,33.45805472759636,17.26576807816815,-6.283185307179586,0.0,30.302464705022498,22.30976357416886,4.465442694444839,0,33.45805472759636,0.0,33.45805472759636,33.45805472759636,20.421358100742015,30.508143609462362,0.5345573055551611,0.001,5000.0,-inf,0.7110794156879406,5.292484969249012,5.0,-0.27810439467430115,0.0
4.005736827850342,33.64331894384019,18.431519800004104,-6.283185307179586,0.0,30.508143609462362,20.421358100742015,4.475353686332151,0,33.64331894384019,0.0,33.64331894384019,33.64331894384019,21.566695134381934,30.725399202480393,0.5246463136678488,0.001,5000.0,-inf,0.7743806888153415,0.9838519577042939,5.0,-0.27810439467430115,0.0
4.015914678573608,33.81686150161373,17.235922527048057,-6.283185307179586,0.0,30.725399202480393,21.566695134381934,4.517222839691075,0,33.81686150161373,0.0,33.81686150161373,33.81686150161373,20.327384826181394,30.93228829083566,0.4827771603089248,0.001,5000.0,-inf,0.7304995012306157,4.113751959754225,5.0,-0.27810439467430115,0.0
4.0260255336761475,33.81686150161373,17.235922527048057,-6.283185307179586,0.0,30.93228829083566,20.327384826181394,4.533794208978807,0,33.81686150161373,0.0,33.81686150161373,33.81686150161373,20.120495737826126,31.135723707832074,0.466205791021193,0.001,5000.0,-inf,0.7707494668943733,1.6389681307538864,5.0,-0.6322369575500488,-35.0249864412375
4.036107778549194,34.13020777492534,15.596121082913077,-6.283185307179586,0.0,31.135723707832074,20.120495737826126,4.5602062764747515,0,34.13020777492534,0.0,34.13020777492534,34.13020777492534,18.59060515000634,31.323158741292566,0.4397937235252485,0.001,5000.0,-inf,0.7753743202519998,2.6196613778497437,5.0,-0.6322369575500488,0.0
4.046348333358765,34.30623104783681,17.45089743223732,-6.283185307179586,0.0,31.323158741292566,18.59060515000634,4.571148275281023,0,34.30623104783681,0.0,34.30623104783681,34.30623104783681,20.433969738781563,31.53241392837966,0.42885172471897715,0.001,5000.0,-inf,0.8295186618999173,1.0684966791101482,5.0,-0.6322369575500488,0.0
4.0564234256744385,34.30623104783681,17.45089743223732,-6.283185307179586,0.0,31.53241392837966,20.433969738781563,4.618877647360969,0,34.30623104783681,0.0,34.30623104783681,34.30623104783681,20.22471455169447,31.736179794546135,0.38112235263903127,0.001,5000.0,-inf,0.7600295354215448,4.737363250329057,5.0,-0.6322369575500488,0.0
4.0666961669921875,34.30623104783681,17.45089743223732,-6.283185307179586,0.0,31.736179794546135,20.22471455169447,4.6453123167534045,0,34.30623104783681,0.0,34.30623104783681,34.30623104783681,20.020948685527994,31.941849821328493,0.3546876832465955,0.001,5000.0,-inf,0.7672208001001541,2.5732828828038836,5.0,-0.9371485710144043,-29.681620906537933
4.076765537261963,34.80809874070909,16.630474439339753,-6.283185307179586,0.0,31.941849821328493,20.020948685527994,4.67206846184127,0,34.80809874070909,0.0,34.80809874070909,34.80809874070909,19.496723358720352,32.138169547874824,0.32793153815873044,0.001,5000.0,-inf,0.7709895362142787,2.6571815685611773,5.0,-0.9371485710144043,0.0
4.086918830871582,34.95450483593819,14.520150170101985,-6.283185307179586,0.0,32.138169547874824,19.496723358720352,4.6943109702896795,0,34.95450483593819,0.0,34.95450483593819,34.95450483593819,17.33648545816535,32.31419197489047,0.3056890297103205,0.001,5000.0,-inf,0.7894134611992581,2.1906692846287394,5.0,-0.9371485710144043,0.0
4.096985101699829,34.95450483593819,14.520150170101985,-6.283185307179586,0.0,32.31419197489047,17.33648545816535,4.69735173106632,0,34.95450483593819,0.0,34.95450483593819,34.95450483593819,17.160463031149703,32.48693384330014,0.30264826893368024,0.001,5000.0,-inf,0.8604721150793324,0.30207420687585435,5.0,-0.9371485710144043,0.0
4.107060670852661,35.281113570579365,16.297036833381853,-6.283185307179586,0.0,32.48693384330014,17.160463031149703,4.719775368373517,0,35.281113570579365,0.0,35.281113570579365,35.281113570579365,19.091216560661074,32.679288715968774,0.28022463162648314,0.001,5000.0,-inf,0.8688239939139438,2.225545472127923,5.0,-0.9371485710144043,0.0
4.117128133773804,35.281113570579365,16.297036833381853,-6.283185307179586,0.0,32.679288715968774,19.091216560661074,4.7660125858422395,0,35.281113570579365,0.0,35.281113570579365,35.281113570579365,18.898861687992444,32.86955230526444,0.23398741415776048,0.001,5000.0,-inf,0.8000644877594686,4.592737796095613,5.0,-1.199679970741272,-26.077215459669397
4.127198934555054,35.56799925044639,14.254913455539258,-6.283185307179586,0.0,32.86955230526444,18.898861687992444,4.790725939616946,0,35.56799925044639,0.0,35.56799925044639,35.56799925044639,16.95336040072121,33.04028622043284,0.20927406038305385,0.001,5000.0,-inf,0.8070970688885789,2.4539611408775355,5.0,-1.199679970741272,0.0
4.1372716426849365,35.70465542095764,13.551897921741254,-6.283185307179586,0.0,33.04028622043284,16.95336040072121,4.79517367486781,0,35.70465542095764,0.0,35.70465542095764,35.70465542095764,16.216267122266057,33.20362794611163,0.20482632513219023,0.001,5000.0,-inf,0.876387361999721,0.4415630030685066,5.0,-1.199679970741272,0.0
4.1473448276519775,35.83210835705065,12.671890192637889,-6.283185307179586,0.0,33.20362794611163,16.216267122266057,4.81067058367829,0,35.83210835705065,0.0,35.83210835705065,35.83210835705065,15.300370603576908,33.35775140926574,0.1893294163217103,0.001,5000.0,-inf,0.9052880432427073,1.538431872459911,5.0,-1.199679970741272,0.0
4.157416582107544,35.83210835705065,12.671890192637889,-6.283185307179586,0.0,33.35775140926574,15.300370603576908,4.823088903332973,0,35.83210835705065,0.0,35.83210835705065,35.83210835705065,15.146247140422801,33.5103006913874,0.17691109666702687,0.001,5000.0,-inf,0.9411408414017188,1.232984750518827,5.0,-1.4257224798202515,-22.44321087018275
4.1674888134002686,35.83210835705065,12.671890192637889,-6.283185307179586,0.0,33.5103006913874,15.146247140422801,4.842904568198464,0,35.83210835705065,0.0,35.83210835705065,35.83210835705065,14.99369785830114,33.66132068414943,0.15709543180153585,0.001,5000.0,-inf,0.9497452855158547,1.967356019693899,5.0,-1.4257224798202515,0.0
4.177558183670044,36.1891230446652,11.819437157203796,-6.283185307179586,0.0,33.66132068414943,14.99369785830114,4.8625218743639325,0,36.1891230446652,0.0,36.1891230446652,36.1891230446652,14.347239517719567,33.8057883512025,0.13747812563606754,0.001,5000.0,-inf,0.9581060259194448,1.948215791046275,5.0,-1.4257224798202515,0.0
4.187629699707031,36.1891230446652,11.819437157203796,-6.283185307179586,0.0,33.8057883512025,14.347239517719567,4.876282764345547,0,36.1891230446652,0.0,36.1891230446652,36.1891230446652,14.202771850666496,33.94883179566616,0.12371723565445336,0.001,5000.0,-inf,0.9843807439484084,1.3663176359028542,5.0,-1.4257224798202515,0.0
4.1976988315582275,36.1891230446652,11.819437157203796,-6.283185307179586,0.0,33.94883179566616,14.202771850666496,4.894864169899927,0,36.1891230446652,0.0,36.1891230446652,36.1891230446652,14.059728406202838,34.09040105478022,0.10513583010007288,0.001,5000.0,-inf,0.9925914369569291,1.8453830805853306,5.0,-1.4257224798202515,0.0
4.20776629447937,36.54066622810388,11.647949477194377,-6.283185307179586,0.0,34.09040105478022,14.059728406202838,4.913253431731261,0,36.54066622810388,0.0,36.54066622810388,36.54066622810388,14.098214650518035,34.23233430802862,0.08674656826873939,0.001,5000.0,-inf,1.000586184249146,1.8266033831338369,5.0,-1.4257224798202515,0.0
4.217833518981934,36.64265903821477,10.171644468681034,-6.283185307179586,0.0,34.23233430802862,14.098214650518035,4.9335089496291875,0,36.64265903821477,0.0,36.64265903821477,36.64265903821477,12.581969198867181,34.35899981663795,0.06649105037081249,0.001,5000.0,-inf,1.0018067266031525,2.012026044792099,5.0,-1.620347499847412,-19.33253996447602
4.2279040813446045,36.64265903821477,10.171644468681034,-6.283185307179586,0.0,34.35899981663795,12.581969198867181,4.936079666317985,0,36.64265903821477,0.0,36.64265903821477,36.64265903821477,12.455303690257853,34.48443172919669,0.06392033368201488,0.001,5000.0,-inf,1.0516260539428373,0.2552704204808481,5.0,-1.620347499847412,0.0
4.238093852996826,36.86995640797864,11.260710439041059,-6.283185307179586,0.0,34.48443172919669,12.455303690257853,4.952373478990116,0,36.86995640797864,0.0,36.86995640797864,36.86995640797864,13.646235117823007,34.62348374895983,0.04762652100988429,0.001,5000.0,-inf,1.061050063263891,1.599036095041251,5.0,-1.620347499847412,0.0
4.248170375823975,36.86995640797864,11.260710439041059,-6.283185307179586,0.0,34.62348374895983,13.646235117823007,4.983750076032607,0,36.86995640797864,0.0,36.86995640797864,36.86995640797864,13.507183098059873,34.75958918777789,0.016249923967393443,0.001,5000.0,-inf,1.02072158837036,3.1138317831181985,5.0,-1.620347499847412,0.0
4.258249998092651,36.86995640797864,11.260710439041059,-6.283185307179586,0.0,34.75958918777789,13.507183098059873,5.0014143172695045,1,-inf,0.0005822351607211356,-inf,-inf,-100.0,33.751626960910215,-0.0014143172695044726,0.001,0.0,-inf,1.0282920449656792,1.7524705555475997,5.0,-1.78792142868042,-16.62502069683279
4.268320560455322,36.86995640797864,11.260710439041059,-6.283185307179586,0.0,33.751626960910215,-100.0,3.725227774527431,1,-inf,0.0006197082786083028,-inf,-inf,-100.0,32.744570724643125,1.274772225472569,0.001,5000.0,-inf,0.9304628404691113,126.72445656784606,5.0,-1.78792142868042,0.0
4.278388023376465,37.19456699123236,8.057639536629779,-6.283185307179586,0.0,32.744570724643125,-100.0,3.5842399014500383,1,-inf,0.0006838648153897445,-inf,-inf,-100.0,31.737824432528868,1.4157600985499617,0.001,5000.0,-inf,0.8424165564222003,14.004310140671624,5.0,-1.78792142868042,0.0
4.28846001625061,37.19456699123236,8.057639536629779,-6.283185307179586,0.0,31.737824432528868,-100.0,3.4432954205540423,1,-inf,0.0007903057637792706,-inf,-inf,-100.0,30.730625145114317,1.5567045794459577,0.001,5000.0,-inf,0.7631749007799803,13.993703396851698,5.0,-1.78792142868042,0.0
4.298535585403442,37.32030437224882,6.26640684585161,-6.283185307179586,0.0,30.730625145114317,-100.0,3.302287520316005,1,-inf,0.0009015232708253422,-inf,-inf,-100.0,29.723068229831114,1.6977124796839949,0.001,5000.0,-inf,0.6918574107019823,13.995030761949835,5.0,-1.78792142868042,0.0
4.308606386184692,37.32030437224882,6.26640684585161,-6.283185307179586,0.0,29.723068229831114,-100.0,3.1612295521763567,0,37.32030437224882,0.0,37.32030437224882,37.32030437224882,13.863642988269316,29.862686216468347,1.8387704478236433,0.001,5000.0,-inf,0.627671669631784,14.006628787878787,5.0,-1.9322036504745483,-14.32678740530303
4.318677186965942,37.32030437224882,6.26640684585161,-6.283185307179586,0.0,29.862686216468347,13.863642988269316,4.319412500188262,0,37.32030437224882,0.0,37.32030437224882,37.32030437224882,13.724025001632082,30.000898138176677,0.6805874998117378,0.001,5000.0,-inf,0.5699045026686056,115.00405709228521,5.0,-1.9322036504745483,0.0
4.328844785690308,37.32030437224882,6.26640684585161,-6.283185307179586,0.0,30.000898138176677,13.724025001632082,4.337365989361056,0,37.32030437224882,0.0,37.32030437224882,37.32030437224882,13.585813079923753,30.139033233917573,0.6626340106389437,0.001,5000.0,-inf,0.6221286107010564,1.7657550872627497,5.0,-1.9322036504745483,0.0
4.338923215866089,37.58493911027348,6.573831266758219,-6.283185307179586,0.0,30.139033233917573,13.585813079923753,4.355322783547699,0,37.58493911027348,0.0,37.58493911027348,37.58493911027348,14.019737143114128,30.280330175797257,0.6446772164523011,0.001,5000.0,-inf,0.6686163511102033,1.7817054713335427,5.0,-1.9322036504745483,0.0
4.3489990234375,37.693081634204404,5.362574284354365,-6.283185307179586,0.0,30.280330175797257,14.019737143114128,4.379443596042758,0,37.693081634204404,0.0,37.693081634204404,37.693081634204404,12.775325742761513,30.409051899643416,0.6205564039572424,0.001,5000.0,-inf,0.6907279724135034,2.3939334216245407,5.0,-1.9322036504745483,0.0
4.359074831008911,37.693081634204404,5.362574284354365,-6.283185307179586,0.0,30.409051899643416,12.775325742761513,4.385020523377694,0,37.693081634204404,0.0,37.693081634204404,37.693081634204404,12.646604018915355,30.53647664816984,0.614979476622306,0.001,5000.0,-inf,0.7699313891169679,0.5534968086091946,5.0,-2.0564324855804443,-12.32941719315681
4.369141578674316,37.693081634204404,5.362574284354365,-6.283185307179586,0.0,30.53647664816984,12.646604018915355,4.401572770932932,0,37.693081634204404,0.0,37.693081634204404,37.693081634204404,12.519179270388928,30.66250406686282,0.5984272290670676,0.001,5000.0,-inf,0.8060679797689929,1.6442497721603575,5.0,-2.0564324855804443,0.0
4.3792102336883545,37.85022103443091,7.82033976349544,-6.283185307179586,0.0,30.66250406686282,12.519179270388928,4.417942362064684,0,37.85022103443091,0.0,37.85022103443091,37.85022103443091,15.00805673106353,30.813615012519012,0.582057637935316,0.001,5000.0,-inf,0.8391854942296174,1.62579720021478,5.0,-2.0564324855804443,0.0
4.3892481327056885,37.85022103443091,7.82033976349544,-6.283185307179586,0.0,30.813615012519012,15.00805673106353,4.463986669063297,0,37.85022103443091,0.0,37.85022103443091,37.85022103443091,14.856945785407337,30.962747534018938,0.5360133309367026,0.001,5000.0,-inf,0.7735732324566524,4.587046245344927,5.0,-2.0564324855804443,0.0
4.399408340454102,38.07903727261445,7.568330571243008,-6.283185307179586,0.0,30.962747534018938,14.856945785407337,4.483354112616725,0,38.07903727261445,0.0,38.07903727261445,38.07903727261445,14.68462030983852,31.111946327073465,0.5166458873832749,0.001,5000.0,-inf,0.8009048441709893,1.9062054667585573,5.0,-2.1633949279785156,-10.52758418397278
4.409478425979614,38.07903727261445,7.568330571243008,-6.283185307179586,0.0,31.111946327073465,14.68462030983852,4.502518688888671,0,38.07903727261445,0.0,38.07903727261445,38.07903727261445,14.535421516783993,31.25831926489686,0.4974813111113292,0.001,5000.0,-inf,0.8256027309672269,1.9031195140688695,5.0,-2.1633949279785156,0.0
4.419549226760864,38.07903727261445,7.568330571243008,-6.283185307179586,0.0,31.25831926489686,14.535421516783993,4.521518912253401,0,38.07903727261445,0.0,38.07903727261445,38.07903727261445,14.3890485789606,31.4032285065673,0.4784810877465988,0.001,5000.0,-inf,0.8483610428629316,1.8866646036832897,5.0,-2.1633949279785156,0.0
4.429632186889648,38.20755753504127,6.393247435573862,-6.283185307179586,0.0,31.4032285065673,14.3890485789606,4.540342476709028,0,38.20755753504127,0.0,38.20755753504127,38.20755753504127,13.197576464047831,31.536299143850872,0.4596575232909723,0.001,5000.0,-inf,0.869481385863183,1.8668688773141338,5.0,-2.1633949279785156,0.0
4.439704656600952,38.20755753504127,6.393247435573862,-6.283185307179586,0.0,31.536299143850872,13.197576464047831,4.547057644779601,0,38.20755753504127,0.0,38.20755753504127,38.20755753504127,13.064505826764258,31.667890983084106,0.45294235522039905,0.001,5000.0,-inf,0.9271622746457179,0.6666853575183497,5.0,-2.1633949279785156,0.0
4.449897050857544,38.333914196205924,6.276760222059255,-6.283185307179586,0.0,31.667890983084106,13.064505826764258,4.564149795899418,0,38.333914196205924,0.0,38.333914196205924,38.333914196205924,12.942783435181074,31.79980893463316,0.43585020410058206,0.001,5000.0,-inf,0.9465220535098496,1.6769515277298919,5.0,-2.255490779876709,-9.035742690058479
4.459964990615845,38.333914196205924,6.276760222059255,-6.283185307179586,0.0,31.79980893463316,12.942783435181074,4.581401085200453,0,38.333914196205924,0.0,38.333914196205924,38.333914196205924,12.810865483632021,31.928787956574062,0.4185989147995466,0.001,5000.0,-inf,0.9627685830716077,1.7134875371907339,5.0,-2.255490779876709,0.0
4.470253229141235,38.333914196205924,6.276760222059255,-6.283185307179586,0.0,31.928787956574062,12.810865483632021,4.59813896875669,0,38.333914196205924,0.0,38.333914196205924,38.333914196205924,12.681886461691118,32.05926222944386,0.4018610312433104,0.001,5000.0,-inf,0.9801806644661677,1.6268949747741848,5.0,-2.255490779876709,0.0
4.480320453643799,38.43845972094068,2.5987087081421527,-6.283185307179586,0.0,32.05926222944386,12.681886461691118,4.615115576739052,0,38.43845972094068,0.0,38.43845972094068,38.43845972094068,8.977906199638971,32.14964482671858,0.38488442326094763,0.001,5000.0,-inf,0.9939365842510139,1.686324565230459,5.0,-2.255490779876709,0.0
4.490604877471924,38.43845972094068,2.5987087081421527,-6.283185307179586,0.0,32.14964482671858,8.977906199638971,4.590729337736991,0,38.43845972094068,0.0,38.43845972094068,38.43845972094068,8.887523602364253,32.241047886227754,0.4092706622630091,0.001,5000.0,-inf,0.9842492888032717,2.3711818386336825,5.0,-2.255490779876709,0.0
4.500672101974487,38.43845972094068,2.5987087081421527,-6.283185307179586,0.0,32.241047886227754,8.887523602364253,4.602621940095529,0,38.43845972094068,0.0,38.43845972094068,38.43845972094068,8.796120542855077,32.32960040648429,0.3973780599044714,0.001,5000.0,-inf,1.013870751617125,1.181318878456465,5.0,-2.334785223007202,-7.8764949674363525
4.511372089385986,38.43845972094068,2.5987087081421527,-6.283185307179586,0.0,32.32960040648429,8.796120542855077,4.614105262336351,0,38.43845972094068,0.0,38.43845972094068,38.43845972094068,8.707568022598542,32.42277127471087,0.3858947376636488,0.001,5000.0,-inf,1.0440136103311632,1.0732089486835983,5.0,-2.334785223007202,0.0
4.521439075469971,38.51840863047136,1.9873882441084982,-6.283185307179586,0.0,32.42277127471087,8.707568022598542,4.626263658685508,0,38.51840863047136,0.0,38.51840863047136,38.51840863047136,8.083025599868993,32.50414298094124,0.3737363413144923,0.001,5000.0,-inf,1.0668069910251132,1.2077493946772568,5.0,-2.334785223007202,0.0
4.531505107879639,38.51840863047136,1.9873882441084982,-6.283185307179586,0.0,32.50414298094124,8.083025599868993,4.631410273330464,0,38.51840863047136,0.0,38.51840863047136,38.51840863047136,8.001653893638622,32.58468788836555,0.36858972666953616,0.001,5000.0,-inf,1.1097626536952703,0.5112853242964971,5.0,-2.334785223007202,0.0
4.541570425033569,38.57960016517457,3.0412709740588655,-6.283185307179586,0.0,32.58468788836555,8.001653893638622,4.641872843307564,0,38.57960016517457,0.0,38.57960016517457,38.57960016517457,9.036183250867882,32.67563993864657,0.35812715669243644,0.001,5000.0,-inf,1.1314035469203156,1.0394674918925841,5.0,-2.334785223007202,0.0
4.551642179489136,38.60737600228894,2.748232047183535,-6.283185307179586,0.0,32.67563993864657,9.036183250867882,4.664951423919199,0,38.60737600228894,0.0,38.60737600228894,38.60737600228894,8.679968110825904,32.76306244614096,0.3350485760808013,0.001,5000.0,-inf,1.110539783611744,2.291416129478831,5.0,-2.4030587673187256,-6.778714136918852
4.561707496643066,38.6550714850144,4.705272226393479,-6.283185307179586,0.0,32.76306244614096,8.679968110825904,4.673628423567993,0,38.6550714850144,0.0,38.6550714850144,38.6550714850144,10.597281265266925,32.86972744304528,0.326371576432007,0.001,5000.0,-inf,1.137819131853777,0.8620691743832245,5.0,-2.4030587673187256,0.0
4.571776866912842,38.6550714850144,4.705272226393479,-6.283185307179586,0.0,32.86972744304528,10.597281265266925,4.707734654679008,0,38.6550714850144,0.0,38.6550714850144,38.6550714850144,10.490616268362604,32.97536134260955,0.2922653453209918,0.001,5000.0,-inf,1.0810075862594972,3.3871265230348873,5.0,-2.4030587673187256,0.0
4.581849813461304,38.74035108565801,4.257487681789984,-6.283185307179586,0.0,32.97536134260955,10.490616268362604,4.721456750648964,0,38.74035108565801,0.0,38.74035108565801,38.74035108565801,10.022477424838444,33.076317221993115,0.2785432493510358,0.001,5000.0,-inf,1.0951224982624397,1.3622722908274825,5.0,-2.4030587673187256,0.0
4.59192419052124,38.74035108565801,4.257487681789984,-6.283185307179586,0.0,33.076317221993115,10.022477424838444,4.7309091853274206,0,38.74035108565801,0.0,38.74035108565801,38.74035108565801,9.921521545454882,33.176270371050315,0.26909081467257945,0.001,5000.0,-inf,1.1214883784966472,0.9382649291584004,5.0,-2.461843490600586,-5.835072772452964
4.602025032043457,38.76521873044936,1.233647892545524,-6.283185307179586,0.0,33.176270371050315,9.921521545454882,4.743893067401593,0,38.76521873044936,0.0,38.76521873044936,38.76521873044936,6.822596251944572,33.24518433456128,0.25610693259840733,0.001,5000.0,-inf,1.1340313766827548,1.28542577820017,5.0,-2.461843490600586,0.0
4.612058639526367,38.776434059812985,1.1148094798359005,-6.283185307179586,0.0,33.24518433456128,6.822596251944572,4.7225517693580255,0,38.776434059812985,0.0,38.776434059812985,38.776434059812985,6.646059205087605,33.31186828393331,0.27744823064197455,0.001,5000.0,-inf,1.1182032778064601,2.126981554731635,5.0,-2.461843490600586,0.0
4.622125625610352,38.776434059812985,1.1148094798359005,-6.283185307179586,0.0,33.31186828393331,6.646059205087605,4.73012215180154,0,38.776434059812985,0.0,38.776434059812985,38.776434059812985,6.579375255715577,33.378102763073905,0.26987784819846006,0.001,5000.0,-inf,1.1482629215121065,0.7520008849081706,5.0,-2.461843490600586,0.0
4.632156610488892,38.647582553120195,-6.395011122087336,-6.283185307179586,0.0,33.378102763073905,6.579375255715577,4.7387281393875025,0,38.647582553120195,0.0,38.647582553120195,38.647582553120195,-1.1255313320410458,33.36681257530188,0.2612718606124975,0.001,5000.0,-inf,1.1719029929427962,0.8579404405617146,5.0,-2.461843490600586,0.0
4.642229318618774,38.647582553120195,-6.395011122087336,-6.283185307179586,0.0,33.36681257530188,-1.1255313320410458,4.660098447221853,0,38.647582553120195,0.0,38.647582553120195,38.647582553120195,-1.1142411442690197,33.35558914946935,0.33990155277814704,0.001,5000.0,-inf,1.0597126936485166,7.8062117110668545,5.0,-2.5124571323394775,-5.024829577731491
4.652318477630615,38.647582553120195,-6.395011122087336,-6.283185307179586,0.0,33.35558914946935,-1.1142411442690197,4.6586400694830195,0,38.647582553120195,0.0,38.647582553120195,38.647582553120195,-1.1030177184364938,33.34446062831517,0.34135993051698055,0.001,5000.0,-inf,1.103741424283665,0.14454898937779911,5.0,-2.5124571323394775,0.0
4.662386417388916,38.647582553120195,-6.395011122087336,-6.283185307179586,0.0,33.34446062831517,-1.1030177184364938,4.657194310779759,0,38.647582553120195,0.0,38.647582553120195,38.647582553120195,-1.0918891972823097,33.33346755365419,0.3428056892202411,0.001,5000.0,-inf,1.1433672818552985,0.14360025367340779,5.0,-2.5124571323394775,0.0
4.672451496124268,37.76328281484715,-21.982385329186116,-6.283185307179586,0.0,33.33346755365419,-1.0918891972823097,4.655766565538764,0,37.76328281484715,0.0,37.76328281484715,37.76328281484715,-17.552570067993152,33.15679955391206,0.3442334344612359,0.001,5000.0,-inf,1.1790305536697687,0.14185137330124326,5.0,-2.5124571323394775,0.0
4.682532072067261,37.76328281484715,-21.982385329186116,-6.283185307179586,0.0,33.15679955391206,-17.552570067993152,4.466426236867758,0,37.76328281484715,0.0,37.76328281484715,37.76328281484715,-17.375902068251023,32.98164045353504,0.5335737631322424,0.001,5000.0,-inf,1.0661274983027917,18.782689574658054,5.0,-2.5560367107391357,-4.3231238617818875
4.692597150802612,37.403085631364085,-17.938878713241106,-6.283185307179586,0.0,32.98164045353504,-17.375902068251023,4.443670642812396,0,37.403085631364085,0.0,37.403085631364085,37.403085631364085,-13.517433535412064,32.84558642070124,0.5563293571876038,0.001,5000.0,-inf,1.052776373977993,2.260846105002337,5.0,-2.5560367107391357,0.0
4.702663421630859,37.16147347157405,-23.935257050378933,-6.283185307179586,0.0,32.84558642070124,-13.517433535412064,4.4632077635440535,0,37.16147347157405,0.0,37.16147347157405,37.16147347157405,-19.619369999506123,32.64809252880662,0.5367922364559465,0.001,5000.0,-inf,1.0510713509094265,1.9408499001272577,5.0,-2.5560367107391357,0.0
4.712730646133423,37.16147347157405,-23.935257050378933,-6.283185307179586,0.0,32.64809252880662,-19.619369999506123,4.374539254037867,0,37.16147347157405,0.0,37.16147347157405,37.16147347157405,-19.421876107611507,32.45256814177032,0.6254607459621333,0.001,5000.0,-inf,0.9509642158184839,8.807642015295137,5.0,-2.5560367107391357,0.0
4.722795724868774,37.16147347157405,-23.935257050378933,-6.283185307179586,0.0,32.45256814177032,-19.421876107611507,4.34914077877173,0,37.16147347157405,0.0,37.16147347157405,37.16147347157405,-19.226351720575206,32.25905339790917,0.65085922122827,0.001,5000.0,-inf,0.9406685315643183,2.5234253932788095,5.0,-2.5560367107391357,0.0
4.732866048812866,36.26391581780495,-29.725845137465814,-6.283185307179586,0.0,32.25905339790917,-19.226351720575206,4.324003958501532,0,36.26391581780495,0.0,36.26391581780495,36.26391581780495,-25.720982717570035,32.00003476978285,0.6759960414984683,0.001,5000.0,-inf,0.9322819897549454,2.496128268539553,5.0,-2.5935587882995605,-3.726005019177044
4.742937326431274,36.26391581780495,-29.725845137465814,-6.283185307179586,0.0,32.00003476978285,-25.720982717570035,4.222795040593899,0,36.26391581780495,0.0,36.26391581780495,36.26391581780495,-25.461964089443715,31.743600260728122,0.7772049594061006,0.001,5000.0,-inf,0.8440537907794509,10.049263037158607,5.0,-2.5935587882995605,0.0
4.7530059814453125,36.26391581780495,-29.725845137465814,-6.283185307179586,0.0,31.743600260728122,-25.461964089443715,4.189484395607501,0,36.26391581780495,0.0,36.26391581780495,36.26391581780495,-25.205529580388987,31.48981447893705,0.8105156043924993,0.001,5000.0,-inf,0.8191571013749177,3.3083510101354916,5.0,-2.5935587882995605,0.0
4.763077974319458,34.431546569432825,-60.856074652974776,-6.283185307179586,0.0,31.48981447893705,-25.205529580388987,4.1565187312472975,0,34.431546569432825,0.0,34.431546569432825,34.431546569432825,-57.914342562479,30.906501633336937,0.8434812687527025,0.001,5000.0,-inf,0.7978890676548567,3.2730031456659425,5.0,-2.5935587882995605,0.0
4.773318529129028,34.431546569432825,-60.856074652974776,-6.283185307179586,0.0,30.906501633336937,-57.914342562479,3.7477668030423814,0,34.431546569432825,0.0,34.431546569432825,34.431546569432825,-57.33102971687889,30.319400081232136,1.2522331969576186,0.001,5000.0,-inf,0.723100160889371,39.91501786826207,5.0,-2.5935587882995605,0.0
4.783449649810791,33.39626946462943,-51.424288273156485,-6.283185307179586,0.0,30.319400081232136,-57.33102971687889,3.671405714203711,0,33.39626946462943,0.0,33.39626946462943,33.39626946462943,-48.3474188897592,29.82958654580825,1.3285942857962891,0.001,5000.0,-inf,0.655790144800434,7.53727956040739,5.0,-2.6258654594421387,-3.1888546348810394
4.793552398681641,32.732576851077184,-65.79985306558484,-6.283185307179586,0.0,29.82958654580825,-48.3474188897592,3.692667927515563,0,32.732576851077184,0.0,32.732576851077184,32.732576851077184,-62.89686276031591,29.194155336576483,1.3073320724844368,0.001,5000.0,-inf,0.6885074544830085,2.1045968363325467,5.0,-2.6258654594421387,0.0
4.803619861602783,32.732576851077184,-65.79985306558484,-6.283185307179586,0.0,29.194155336576483,-62.89686276031591,3.4582131195175485,0,32.732576851077184,0.0,32.732576851077184,32.732576851077184,-62.261431551084144,28.567340683018685,1.5417868804824515,0.001,5000.0,-inf,0.6246567090347077,23.2883706485413,5.0,-2.6258654594421387,0.0
4.813686847686768,31.536670343003635,-59.53703798740538,-4.041214315823883,111.61433705551565,28.567340683018685,-62.261431551084144,3.376813380111775,0,31.536670343003635,0.0,31.536670343003635,31.536670343003635,-56.567708327420426,27.997874350483656,1.6231866198882252,0.001,5000.0,-inf,0.567191038131237,8.085810264034539,5.0,-2.6258654594421387,0.0
4.823758840560913,31.536670343003635,-59.53703798740538,-4.041214315823883,111.61433705551565,27.997874350483656,-56.567708327420426,3.3540253257935078,0,31.536670343003635,0.0,31.536670343003635,31.536670343003635,-55.9982419948854,27.433860456146494,1.6459746742064922,0.001,5000.0,-inf,0.6036797223798058,2.262516922223332,5.0,-2.653681993484497,-2.761770623742455
4.833832025527954,29.83522621762078,-84.43314561907475,-1.29345995917084,136.35566414414504,27.433860456146494,-55.9982419948854,3.2807580439116553,0,29.83522621762078,0.0,29.83522621762078,29.83522621762078,-82.03177985760047,26.60753916446529,1.7192419560883447,0.001,5000.0,-inf,0.5483117501418253,7.273497123459916,5.0,-2.653681993484497,0.0
4.843898296356201,29.06791048042814,-76.30231787785462,-0.05428017751031344,123.22474963697275,26.60753916446529,-82.03177985760047,2.9047376844491364,0,29.06791048042814,0.0,29.06791048042814,29.06791048042814,-73.84194656189177,25.86422613188834,2.0952623155508636,0.001,5000.0,-inf,0.4984805751276428,37.35448468238746,5.0,-2.653681993484497,0.0
4.854118585586548,29.06791048042814,-76.30231787785462,-0.05428017751031344,123.22474963697275,25.86422613188834,-73.84194656189177,2.8825721928454504,0,29.06791048042814,0.0,29.06791048042814,29.06791048042814,-73.09863352931482,25.117136954875626,2.1174278071545496,0.001,5000.0,-inf,0.5448609297121435,2.168773417671087,5.0,-2.653681993484497,0.0
4.864250898361206,27.423761782889148,-81.75917599746984,-2.1704391110150296,-105.23099944792361,25.117136954875626,-73.09863352931482,2.7854128383894396,0,27.423761782889148,0.0,27.423761782889148,27.423761782889148,-79.45255116945631,24.312098855682155,2.2145871616105604,0.001,5000.0,-inf,0.4953748367409292,9.589059932991288,5.0,-2.653681993484497,0.0
4.874536752700806,26.67769449901482,-73.88630980882184,-3.1306910335628118,-95.09795239303581,24.312098855682155,-79.45255116945631,2.609168328100939,0,26.67769449901482,0.0,26.67769449901482,26.67769449901482,-71.52071416548917,23.576447207511794,2.390831671899061,0.001,5000.0,-inf,0.4508373530668363,17.134649633329477,5.0,-2.6776318550109863,-2.328427054842149
4.884945392608643,25.982951585821766,-69.08563455220084,-4.0248841344929085,-88.91907584351237,23.576447207511794,-71.52071416548917,2.58549546739676,0,25.982951585821766,0.0,25.982951585821766,25.982951585821766,-66.67913017389087,22.882408152163983,2.41450453260324,0.001,5000.0,-inf,0.4985802089916355,2.2743471686781183,5.0,-2.6776318550109863,0.0
4.89501166343689,25.187954379540187,-79.33901119005567,-2.6634243965695443,135.87075341702956,22.882408152163983,-66.67913017389087,2.536745839564049,0,25.187954379540187,0.0,25.187954379540187,25.187954379540187,-77.03346496267946,22.10696843101137,2.463254160435951,0.001,5000.0,-inf,0.4587853080380431,4.842868691344345,5.0,-2.6776318550109863,0.0
4.9050774574279785,25.187954379540187,-79.33901119005567,-2.6634243965695443,135.87075341702956,22.10696843101137,-77.03346496267946,2.3246409307147977,0,25.187954379540187,0.0,25.187954379540187,25.187954379540187,-76.25802524152685,21.339370858762905,2.6753590692852023,0.001,5000.0,-inf,0.4179067772342388,21.07185076875461,5.0,-2.6776318550109863,0.0
4.915148019790649,23.74374903422313,-71.79694267663136,-0.19017365379086515,122.95470473087966,21.339370858762905,-76.25802524152685,2.2249316678115383,0,23.74374903422313,0.0,23.74374903422313,23.74374903422313,-69.39256450117114,20.640548710448197,2.7750683321884617,0.001,5000.0,-inf,0.38111609951081493,9.901062057155535,5.0,-2.6071364879608154,7.000142048817444
4.925220012664795,23.74374903422313,-71.79694267663136,-0.19017365379086515,122.95470473087966,20.640548710448197,-69.39256450117114,2.1957511744510367,0,23.74374903422313,0.0,23.74374903422313,23.74374903422313,-68.69374235285643,19.94866582697184,2.8042488255489633,0.001,5000.0,-inf,0.4157616484426038,2.897191620876437,5.0,-2.6071364879608154,0.0
4.935314893722534,22.37388357248095,-68.0568580693532,1.9791553786013432,107.77534158389521,19.94866582697184,-68.69374235285643,2.1058757922474935,0,22.37388357248095,0.0,22.37388357248095,22.37388357248095,-65.6316403238441,19.286122224278312,2.8941242077525065,0.001,5000.0,-inf,0.3791854835983435,8.903064997941712,5.0,-2.6071364879608154,0.0
4.945380687713623,22.37388357248095,-68.0568580693532,1.9791553786013432,107.77534158389521,19.286122224278312,-65.6316403238441,2.043740708160523,0,22.37388357248095,0.0,22.37388357248095,22.37388357248095,-64.96909672115056,18.632156680896085,2.956259291839477,0.001,5000.0,-inf,0.34626693523850915,6.17289447230673,5.0,-2.6071364879608154,0.0
4.955449104309082,22.37388357248095,-68.0568580693532,1.9791553786013432,107.77534158389521,18.632156680896085,-64.96909672115056,1.9588109681139465,0,22.37388357248095,0.0,22.37388357248095,22.37388357248095,-64.31513117776834,17.98460514680672,3.0411890318860535,0.001,5000.0,-inf,0.31664024171465827,8.435262808342767,5.0,-2.6071364879608154,0.0
4.965502977371216,20.488311292792876,-62.43763750826831,4.90199317586582,96.78498610048224,17.98460514680672,-64.31513117776834,1.8746934087752578,0,20.488311292792876,0.0,20.488311292792876,20.488311292792876,-59.93393136228215,17.382037008775697,3.125306591224742,0.001,5000.0,-inf,0.28997621754319247,8.366682055645127,5.0,-2.614959478378296,-0.7781071403163461
4.975586414337158,20.488311292792876,-62.43763750826831,4.90199317586582,96.78498610048224,17.382037008775697,-59.93393136228215,1.8341458676057765,0,20.488311292792876,0.0,20.488311292792876,20.488311292792876,-59.331363224251135,16.78377294760053,3.1658541323942235,0.001,5000.0,-inf,0.2975176287940123,4.021202423978442,5.0,-2.614959478378296,0.0
4.9856531620025635,19.427348984626466,-52.74759912986104,6.283185307179586,68.66838558079105,16.78377294760053,-59.331363224251135,1.7564145804215627,0,19.427348984626466,0.0,19.427348984626466,19.427348984626466,-50.1040230928351,16.279388390103318,3.2435854195784373,0.001,5000.0,-inf,0.27276586591461105,7.721588915091216,5.0,-2.614959478378296,0.0
4.995720863342285,18.929528069933436,-49.520034478374136,6.283185307179586,0.0,16.279388390103318,-50.1040230928351,1.7780741436861136,0,18.929528069933436,0.0,18.929528069933436,18.929528069933436,-46.86989479854402,15.807516287447402,3.221925856313886,0.001,5000.0,-inf,0.3422777876676266,2.151391120343827,5.0,-2.614959478378296,0.0
5.005787372589111,18.463657148638895,-46.30890552599545,6.283185307179586,0.0,15.807516287447402,-46.86989479854402,1.7443533322571962,0,18.463657148638895,0.0,18.463657148638895,18.463657148638895,-43.652764664803954,15.368085328299626,3.2556466677428038,0.001,5000.0,-inf,0.36622305998199967,3.3498018629992377,5.0,-1.9764219522476196,63.43187200985268
5.015868663787842,18.463657148638895,-46.30890552599545,6.283185307179586,0.0,15.368085328299626,-43.652764664803954,1.7150042993139083,0,18.463657148638895,0.0,18.463657148638895,18.463657148638895,-43.21333370565618,14.93243912754499,3.2849957006860917,0.001,5000.0,-inf,0.40190532356528663,2.9112374957469584,5.0,-1.9764219522476196,0.0
5.025933742523193,17.620736140031926,-41.90083740929691,6.283185307179586,0.0,14.93243912754499,-43.21333370565618,1.658408140799737,0,17.620736140031926,0.0,17.620736140031926,17.620736140031926,-39.21254039680998,14.537761821037943,3.341591859200263,0.001,5000.0,-inf,0.366714791208758,5.623021935773696,5.0,-1.9764219522476196,0.0
5.0360047817230225,17.241986490406727,-37.662189910421255,6.283185307179586,0.0,14.537761821037943,-39.21254039680998,1.6431612509772124,0,17.241986490406727,0.0,17.241986490406727,17.241986490406727,-34.95796524105247,14.185698782749041,3.3568387490227876,0.001,5000.0,-inf,0.44737210170157876,1.5139341154370023,5.0,-1.9764219522476196,0.0
5.046104192733765,17.241986490406727,-37.662189910421255,6.283185307179586,0.0,14.185698782749041,-34.95796524105247,1.6364181771743413,0,17.241986490406727,0.0,17.241986490406727,17.241986490406727,-34.605902202763566,13.836199553005784,3.3635818228256587,0.001,5000.0,-inf,0.5472321913612749,0.6676700052803926,5.0,-1.9764219522476196,0.0
5.056203126907349,16.556863497223183,-34.07905541616309,6.283185307179586,0.0,13.836199553005784,-34.605902202763566,1.5910089153931743,0,16.556863497223183,0.0,16.556863497223183,16.556863497223183,-31.358391471945687,13.519513221741127,3.408991084606826,0.001,5000.0,-inf,0.5137347618845038,4.496441010571695,5.0,-1.3089324235916138,66.09504698049955
5.066462993621826,16.25012870601804,-30.458556350550644,6.283185307179586,0.0,13.519513221741127,-31.358391471945687,1.579147936324301,0,16.25012870601804,0.0,16.25012870601804,16.25012870601804,-27.727940866273734,13.235028244186243,3.420852063675699,0.001,5000.0,-inf,0.5912217078882663,1.1560558630002908,5.0,-1.3089324235916138,0.0
5.0765275955200195,15.963862614831601,-28.482671363483295,6.283185307179586,0.0,13.235028244186243,-27.727940866273734,1.5756245455233366,0,15.963862614831601,0.0,15.963862614831601,15.963862614831601,-25.753836992837936,12.975826127502364,3.4243754544766634,0.001,5000.0,-inf,0.6820995370994397,0.3500775129115524,5.0,-1.3089324235916138,0.0
5.086698770523071,15.69621029889541,-26.636971867135554,6.283185307179586,0.0,12.975826127502364,-25.753836992837936,1.5590772879219519,0,15.69621029889541,0.0,15.69621029889541,15.69621029889541,-23.916587695742507,12.732566328573132,3.440922712078048,0.001,5000.0,-inf,0.7275790803370321,1.6268776809385268,5.0,-1.3089324235916138,0.0
5.096764087677002,15.440528119903197,-25.41855382971693,6.283185307179586,0.0,12.732566328573132,-23.916587695742507,1.5433934090428134,0,15.440528119903197,0.0,15.440528119903197,15.440528119903197,-22.710592038386864,12.503977016953236,3.4566065909571866,0.001,5000.0,-inf,0.7707232912067119,1.5582101029984603,5.0,-1.3089324235916138,0.0
5.106834650039673,15.440528119903197,-25.41855382971693,6.283185307179586,0.0,12.503977016953236,-22.710592038386864,1.5234508619895846,0,15.440528119903197,0.0,15.440528119903197,15.440528119903197,-22.48200272676697,12.277570606455592,3.4765491380104154,0.001,5000.0,-inf,0.7959530067632655,1.9802813720861276,5.0,-0.7342173457145691,57.068816733350694
5.116907358169556,14.9775058721376,-22.997881057401067,6.283185307179586,0.0,12.277570606455592,-22.48200272676697,1.4940398576361134,0,14.9775058721376,0.0,14.9775058721376,14.9775058721376,-20.29794579171906,12.073115322859422,3.505960142363887,0.001,5000.0,-inf,0.7883840977922749,2.919870602248195,5.0,-0.7342173457145691,0.0
5.126980781555176,14.759168610780643,-21.621873935366974,4.989851987730999,-128.07841325722453,12.073115322859422,-20.29794579171906,1.4872566872831288,0,14.759168610780643,0.0,14.759168610780643,14.759168610780643,-18.93582064744575,11.882366784323533,3.5127433127168715,0.001,5000.0,-inf,0.8539592277903588,0.6733729034627508,5.0,-0.7342173457145691,0.0
5.136999607086182,14.557078000353885,-20.221133061581963,3.3062300145120966,-168.46276961591525,11.882366784323533,-18.93582064744575,1.4741731433308374,0,14.557078000353885,0.0,14.557078000353885,14.557078000353885,-17.546421845551613,11.706572245159522,3.5258268566691626,0.001,5000.0,-inf,0.8925955457618062,1.3058959767091423,5.0,-0.7342173457145691,0.0
5.14706826210022,14.557078000353885,-20.221133061581963,3.3062300145120966,-168.46276961591525,11.706572245159522,-17.546421845551613,1.4634558958668171,0,14.557078000353885,0.0,14.557078000353885,14.557078000353885,-17.3706273063876,11.531673391434076,3.536544104133183,0.001,5000.0,-inf,0.9351492215058335,1.0644169900625133,5.0,-0.23938190937042236,49.14613080438541
5.157134771347046,14.124551927386516,-21.4941095939827,0.3428896514668698,-147.26132482739803,11.531673391434076,-17.3706273063876,1.4407280017368946,0,14.124551927386516,0.0,14.124551927386516,14.124551927386516,-18.90123105803026,11.341403974212016,3.5592719982631054,0.001,5000.0,-inf,0.9349949428175683,2.257773133928057,5.0,-0.23938190937042236,0.0
5.167173862457275,14.124551927386516,-21.4941095939827,0.3428896514668698,-147.26132482739803,11.341403974212016,-18.90123105803026,1.3987842458093798,0,14.124551927386516,0.0,14.124551927386516,14.124551927386516,-18.7109616408082,11.153562925539934,3.60121575419062,0.001,5000.0,-inf,0.8729807245497712,4.178043158187458,5.0,-0.23938190937042236,0.0
5.177239894866943,14.124551927386516,-21.4941095939827,0.3428896514668698,-147.26132482739803,11.153562925539934,-18.7109616408082,1.3743891931675087,0,14.124551927386516,0.0,14.124551927386516,14.124551927386516,-18.523120592136117,10.967108593331304,3.6256108068324915,0.001,5000.0,-inf,0.8737031337147663,2.423502294552587,5.0,-0.23938190937042236,0.0
5.187314748764038,13.575608003147408,-18.193465956648858,-3.4180574669023596,-124.64781982540542,10.967108593331304,-18.523120592136117,1.3501639971450214,0,13.575608003147408,0.0,13.575608003147408,13.575608003147408,-15.584966546832753,10.810092332380854,3.6498360028549786,0.001,5000.0,-inf,0.8749649270354307,2.4045208267956206,5.0,0.18667615950107574,42.28925533047779
5.197385787963867,13.394104687840711,-18.04793820450298,-4.467195734113065,-104.32196559386762,10.810092332380854,-15.584966546832753,1.3575632610649924,0,13.394104687840711,0.0,13.394104687840711,13.394104687840711,-15.463925849043124,10.65435452897189,3.6424367389350074,0.001,5000.0,-inf,0.9299056502689813,0.7347070916074363,5.0,0.18667615950107574,0.0
5.207457065582275,13.224316811472313,-16.87740180124379,-5.4486155947119155,-97.55594850075131,10.65435452897189,-15.463925849043124,1.3369703755656335,0,13.224316811472313,0.0,13.224316811472313,13.224316811472313,-14.307439518743365,10.51026033357004,3.6630296244343663,0.001,5000.0,-inf,0.9371409573697816,2.044714313278325,5.0,0.18667615950107574,0.0
5.217531681060791,13.224316811472313,-16.87740180124379,-5.4486155947119155,-97.55594850075131,10.51026033357004,-14.307439518743365,1.3283620515123722,0,13.224316811472313,0.0,13.224316811472313,13.224316811472313,-14.163345323341515,10.367570075547942,3.6716379484876276,0.001,5000.0,-inf,0.9820054747347742,0.8544568347664242,5.0,0.18667615950107574,0.0
5.227600574493408,12.867044144715809,-17.72986163191078,-6.283185307179586,-41.41600212120353,10.367570075547942,-14.163345323341515,1.3098263573432969,0,12.867044144715809,0.0,12.867044144715809,12.867044144715809,-15.230387562742912,10.214216926241225,3.690173642656703,0.001,5000.0,-inf,0.9905985711098859,1.840886915043787,5.0,0.2083883434534073,2.1563624739534
5.237671375274658,12.867044144715809,-17.72986163191078,-6.283185307179586,-41.41600212120353,10.214216926241225,-15.230387562742912,1.2776864940463424,0,12.867044144715809,0.0,12.867044144715809,12.867044144715809,-15.077034413436195,10.062379116291456,3.7223135059536574,0.001,5000.0,-inf,0.9548161140833299,3.19139103186244,5.0,0.2083883434534073,0.0
5.247740745544434,12.55541520529846,-15.503653399052888,-6.283185307179586,0.0,10.062379116291456,-15.077034413436195,1.2579627321464422,0,12.55541520529846,0.0,12.55541520529846,12.55541520529846,-13.010617310045886,9.931370393158256,3.742037267853558,0.001,5000.0,-inf,0.9623291107705763,1.9587880246199525,5.0,0.2083883434534073,0.0
5.257814645767212,11.740565109285642,-80.9562265700296,-6.283185307179586,0.0,9.931370393158256,-13.010617310045886,1.260285681941697,0,11.740565109285642,0.0,11.740565109285642,11.740565109285642,-79.1470318539022,9.134051091332987,3.739714318058303,0.001,5000.0,-inf,1.0160961996935187,0.23059090758139053,5.0,0.2083883434534073,0.0
5.267883539199829,11.740565109285642,-80.9562265700296,-6.283185307179586,0.0,9.134051091332987,-79.1470318539022,0.4872968342475962,0,11.740565109285642,0.0,11.740565109285642,11.740565109285642,-78.34971255207694,8.345156185169936,4.512703165752404,0.001,5000.0,-inf,0.9194865797241669,76.76998995640173,5.0,0.2083883434534073,0.0
5.278095722198486,10.264975223767703,-73.24172870686417,-6.283185307179586,0.0,8.345156185169936,-78.34971255207694,0.3848247404030216,0,10.264975223767703,0.0,10.264975223767703,10.264975223767703,-71.3219096682664,7.616803791823899,4.615175259596978,0.001,5000.0,-inf,0.8325379217517502,10.034298627242418,5.0,-0.21336185932159424,-41.29873141036117
5.288167953491211,9.59667013488814,-66.18049126450036,-6.283185307179586,0.0,7.616803791823899,-71.3219096682664,0.35313343417268184,0,9.59667013488814,0.0,9.59667013488814,9.59667013488814,-64.20062492143612,6.970160248477733,4.6468665658273185,0.001,5000.0,-inf,0.8140111201101423,3.146403742061711,5.0,-0.21336185932159424,0.0
5.298490285873413,9.59667013488814,-66.18049126450036,-6.283185307179586,0.0,6.970160248477733,-64.20062492143612,0.3338161855725216,0,9.59667013488814,0.0,9.59667013488814,9.59667013488814,-63.55398137808996,6.3141349284808035,4.6661838144274785,0.001,5000.0,-inf,0.838420340852288,1.871403466281247,5.0,-0.21336185932159424,0.0
5.308560848236084,9.59667013488814,-66.18049126450036,-6.283185307179586,0.0,6.3141349284808035,-63.55398137808996,0.24843907620641292,0,9.59667013488814,0.0,9.59667013488814,9.59667013488814,-62.89795605809302,5.680717139513244,4.751560923793587,0.001,5000.0,-inf,0.7595783067670592,8.477888949139587,5.0,-0.21336185932159424,0.0
5.318631649017334,7.84864029190308,-57.95589586700712,-6.283185307179586,0.0,5.680717139513244,-62.89795605809302,0.1663208389509241,0,7.84864029190308,0.0,7.84864029190308,7.84864029190308,-55.78797271461728,5.118887580314523,4.833679161049076,0.001,5000.0,-inf,0.6886204760903533,8.154092116326844,5.0,-0.5764930844306946,-36.05783025568182
5.328701972961426,7.339494568318243,-50.60814619557731,-6.283185307179586,0.0,5.118887580314523,-55.78797271461728,0.1587645340978604,0,7.339494568318243,0.0,7.339494568318243,7.339494568318243,-48.38753920757359,4.631609385636814,4.841235465902139,0.001,5000.0,-inf,0.7616914758572377,0.7503537021266263,5.0,-0.5764930844306946,0.0
5.338773727416992,6.862864709113824,-47.32341930168861,-6.283185307179586,0.0,4.631609385636814,-48.38753920757359,0.16454992191341816,0,6.862864709113824,0.0,6.862864709113824,6.862864709113824,-45.0921639782116,4.17745218217813,4.8354500780865814,0.001,5000.0,-inf,0.8331244444843617,0.57441708304955,5.0,-0.5764930844306946,0.0
5.348842144012451,6.862864709113824,-47.32341930168861,-6.283185307179586,0.0,4.17745218217813,-45.0921639782116,0.13392166572282221,0,6.862864709113824,0.0,6.862864709113824,6.862864709113824,-44.63800677475292,3.7280181339789964,4.866078334277177,0.001,5000.0,-inf,0.8179026858005479,3.0420132004082725,5.0,-0.5764930844306946,0.0
5.358912467956543,6.002150457647143,-42.819324253157475,-6.283185307179586,0.0,3.7280181339789964,-44.63800677475292,0.07554247100953032,0,6.002150457647143,0.0,6.002150457647143,6.002150457647143,-40.54519192948933,3.3197149168736626,4.9244575289904695,0.001,5000.0,-inf,0.7411124172204931,5.7971516147246325,5.0,-0.5764930844306946,0.0
5.369015455245972,6.002150457647143,-42.819324253157475,-6.283185307179586,0.0,3.3197149168736626,-40.54519192948933,0.059308169067419536,0,6.002150457647143,0.0,6.002150457647143,6.002150457647143,-40.13688871238399,2.9142124403752323,4.940691830932581,0.001,5000.0,-inf,0.7813349983862292,1.6068813586549389,5.0,-0.8891525268554688,-30.94722713864307
5.379085302352905,6.002150457647143,-42.819324253157475,-6.283185307179586,0.0,2.9142124403752323,-40.13688871238399,0.006620854528692599,0,6.002150457647143,0.0,6.002150457647143,6.002150457647143,-39.731386235885566,2.5141234556333387,4.993379145471307,0.001,5000.0,-inf,0.7082014985476063,5.232186147339723,5.0,-0.8891525268554688,0.0
5.389154672622681,4.905553903723022,-36.23618776105063,-6.283185307179586,0.0,2.5141234556333387,-39.731386235885566,-0.045336578570188246,0,4.905553903723022,0.0,4.905553903723022,4.905553903723022,-33.844757312960944,2.1733280625584466,5.045336578570188,0.001,5000.0,-inf,0.6423813486928457,5.159948607197242,5.0,-0.8891525268554688,0.0
5.399227857589722,4.905553903723022,-36.23618776105063,-6.283185307179586,0.0,2.1733280625584466,-33.844757312960944,-0.0341816443714269,0,4.905553903723022,0.0,4.905553903723022,4.905553903723022,-33.50396191988605,1.8358364570107357,5.034181644371427,0.001,5000.0,-inf,0.7085717905820504,1.1073889971503315,5.0,-0.8891525268554688,0.0
5.4093053340911865,4.289956683181623,-30.605856649309167,-6.283185307179586,0.0,1.8358364570107357,-33.50396191988605,-0.07802251521735754,0,4.289956683181623,0.0,4.289956683181623,4.289956683181623,-28.15173642313828,1.5521379947311276,5.0780225152173575,0.001,5000.0,-inf,0.6636467519761831,4.350381848030904,5.0,-1.1583553552627563,-26.71331740323649
5.419378995895386,4.289956683181623,-30.605856649309167,-6.283185307179586,0.0,1.5521379947311276,-28.15173642313828,-0.06421804496902492,0,4.289956683181623,0.0,4.289956683181623,4.289956683181623,-27.868037960858672,1.2714048051668516,5.064218044969025,0.001,5000.0,-inf,0.719237376760856,1.3703527591702758,5.0,-1.1583553552627563,0.0
5.429509878158569,3.7515510353577346,-26.764924351277397,-6.283185307179586,0.0,1.2714048051668516,-27.868037960858672,-0.10068370688522746,0,3.7515510353577346,0.0,3.7515510353577346,3.7515510353577346,-24.284778121086514,1.0253785772345871,5.100683706885228,0.001,5000.0,-inf,0.6974422887261276,3.599455700785465,5.0,-1.1583553552627563,0.0
5.439578294754028,3.7515510353577346,-26.764924351277397,-6.283185307179586,0.0,1.0253785772345871,-24.284778121086514,-0.09929478039802292,0,3.7515510353577346,0.0,3.7515510353577346,3.7515510353577346,-24.03875189315425,0.7833464087394318,5.099294780398023,0.001,5000.0,-inf,0.7776980598535148,0.13794884965635681,5.0,-1.1583553552627563,0.0
5.449647903442383,3.7515510353577346,-26.764924351277397,-6.283185307179586,0.0,0.7833464087394318,-24.03875189315425,-0.13071902170802202,0,3.7515510353577346,0.0,3.7515510353577346,3.7515510353577346,-23.796719724659095,0.5437227530456679,5.130719021708022,0.001,5000.0,-inf,0.765483432967085,3.120701338309328,5.0,-1.1583553552627563,0.0
5.459714889526367,3.067519880671435,-22.65379052188653,-6.283185307179586,0.0,0.5437227530456679,-23.796719724659095,-0.16184601182019745,0,3.067519880671435,0.0,3.067519880671435,3.067519880671435,-20.129993394260765,0.34107438967494735,5.161846011820198,0.001,5000.0,-inf,0.7554155085230492,3.0919870011239543,5.0,-1.3901416063308716,-23.024393709738536
5.4698193073272705,3.067519880671435,-22.65379052188653,-6.283185307179586,0.0,0.34107438967494735,-20.129993394260765,-0.153549519388115,0,3.067519880671435,0.0,3.067519880671435,3.067519880671435,-19.927345030890045,0.13972016982007965,5.153549519388115,0.001,5000.0,-inf,0.8195281834789094,0.8210757507810839,5.0,-1.3901416063308716,0.0
5.479849576950073,3.067519880671435,-22.65379052188653,-6.283185307179586,0.0,0.13972016982007965,-19.927345030890045,-0.1797126265340893,0,3.067519880671435,0.0,3.067519880671435,3.067519880671435,-19.725990811035174,-0.058136836591532376,5.179712626534089,0.001,5000.0,-inf,0.8196375439417607,2.6084151403562754,5.0,-1.3901416063308716,0.0
5.48991584777832,3.067519880671435,-22.65379052188653,-6.283185307179586,0.0,-0.058136836591532376,-19.725990811035174,0.0,0,3.067519880671435,0.0,3.067519880671435,3.067519880671435,-19.528133804623565,-0.25471232023912005,5.0,0.001,5000.0,-inf,0.7426737895475847,17.85294967723258,5.0,-1.3901416063308716,0.0
5.500078916549683,2.346824940555261,-17.940718207770416,-6.283185307179586,0.0,-0.25471232023912005,-19.528133804623565,0.0,0,2.346824940555261,0.0,2.346824940555261,2.346824940555261,-15.339180946976036,-0.4106054710996079,5.0,0.001,5000.0,-inf,0.8184064105928263,0.0,5.0,-1.589712142944336,-19.636838154221504
5.510144472122192,2.346824940555261,-17.940718207770416,-6.283185307179586,0.0,-0.4106054710996079,-15.339180946976036,0.0,0,2.346824940555261,0.0,2.346824940555261,2.346824940555261,-15.183287796115547,-0.5634336981848181,5.0,0.001,5000.0,-inf,0.8865657695335437,0.0,5.0,-1.589712142944336,0.0
5.520214557647705,2.346824940555261,-17.940718207770416,-6.283185307179586,0.0,-0.5634336981848181,-15.183287796115547,0.0,0,2.346824940555261,0.0,2.346824940555261,2.346824940555261,-15.030459569030338,-0.7147917115327144,5.0,0.001,5000.0,-inf,0.9479091925801894,0.0,5.0,-1.589712142944336,0.0
5.530279636383057,1.9189063088880882,-14.171279004485918,-6.283185307179586,0.0,-0.7147917115327144,-15.030459569030338,0.0,0,1.9189063088880882,0.0,1.9189063088880882,1.9189063088880882,-11.537580984065116,-0.8309183725528247,5.0,0.001,5000.0,-inf,1.0031182733221704,0.0,5.0,-1.589712142944336,0.0
5.540369510650635,1.9189063088880882,-14.171279004485918,-6.283185307179586,0.0,-0.8309183725528247,-11.537580984065116,0.0,0,1.9189063088880882,0.0,1.9189063088880882,1.9189063088880882,-11.421454323045005,-0.9461594106252355,5.0,0.001,5000.0,-inf,1.0528064459899533,0.0,5.0,-1.589712142944336,0.0
5.550437927246094,1.6780523677756665,-11.971921128008287,-6.283185307179586,0.0,-0.9461594106252355,-11.421454323045005,0.0,0,1.6780523677756665,0.0,1.6780523677756665,1.6780523677756665,-9.347709349607385,-1.0402760425703494,5.0,0.001,5000.0,-inf,1.0975258013909581,0.0,5.0,-1.7615439891815186,-17.06642197489936
5.5605127811431885,1.6780523677756665,-11.971921128008287,-6.283185307179586,0.0,-1.0402760425703494,-9.347709349607385,0.0,0,1.6780523677756665,0.0,1.6780523677756665,1.6780523677756665,-9.25359271766227,-1.1335046372240165,5.0,0.001,5000.0,-inf,1.1377732212518623,0.0,5.0,-1.7615439891815186,0.0
5.570626735687256,1.467068032286933,-10.467989664617116,-6.283185307179586,0.0,-1.1335046372240165,-9.25359271766227,0.0,0,1.467068032286933,0.0,1.467068032286933,1.467068032286933,-7.867416995106167,-1.2130753350917436,5.0,0.001,5000.0,-inf,1.1739958991266763,0.0,5.0,-1.7615439891815186,0.0
5.580729246139526,1.467068032286933,-10.467989664617116,-6.283185307179586,0.0,-1.2130753350917436,-7.867416995106167,0.0,0,1.467068032286933,0.0,1.467068032286933,1.467068032286933,-7.78784629723844,-1.291752133710271,5.0,0.001,5000.0,-inf,1.2065963092140088,0.0,5.0,-1.7615439891815186,0.0
5.590795993804932,1.28287820243787,-9.152763311793521,-6.283185307179586,0.0,-1.291752133710271,-7.78784629723844,0.0,0,1.28287820243787,0.0,1.28287820243787,1.28287820243787,-6.57813297564538,-1.3579725384855745,5.0,0.001,5000.0,-inf,1.235936678292608,0.0,5.0,-1.7615439891815186,0.0
5.600868225097656,1.28287820243787,-9.152763311793521,-6.283185307179586,0.0,-1.3579725384855745,-6.57813297564538,0.0,0,1.28287820243787,0.0,1.28287820243787,1.28287820243787,-6.511912570870076,-1.4235620280573789,5.0,0.001,5000.0,-inf,1.262343010463347,0.0,5.0,-1.9094927310943604,-14.68877526866449
5.6109559535980225,1.1216600013094824,-8.003102611674478,-6.283185307179586,0.0,-1.4235620280573789,-6.511912570870076,0.0,0,1.1216600013094824,0.0,1.1216600013094824,1.1216600013094824,-5.457880582307617,-1.4786196455591187,5.0,0.001,5000.0,-inf,1.2861087094170123,0.0,5.0,-1.9094927310943604,0.0
5.621026039123535,1.049002321665492,-7.232838001649683,-6.283185307179586,0.0,-1.4786196455591187,-5.457880582307617,0.0,0,1.049002321665492,0.0,1.049002321665492,1.049002321665492,-4.705216034425073,-1.5260015734417929,5.0,0.001,5000.0,-inf,1.307497838475311,0.0,5.0,-1.9094927310943604,0.0
5.631104230880737,1.049002321665492,-7.232838001649683,-6.283185307179586,0.0,-1.5260015734417929,-4.705216034425073,0.0,0,1.049002321665492,0.0,1.049002321665492,1.049002321665492,-4.657834106542398,-1.5729441187407636,5.0,0.001,5000.0,-inf,1.32674805462778,0.0,5.0,-1.9094927310943604,0.0
5.641175985336304,0.9173704688888386,-6.5447735440447685,-4.088757100643977,109.10760099083824,-1.5729441187407636,-4.657834106542398,0.0,0,0.9173704688888386,0.0,0.9173704688888386,0.9173704688888386,-4.054458956415166,-1.613779633799949,5.0,0.001,5000.0,-inf,1.3440732491650018,0.0,5.0,-2.0368781089782715,-12.647784300729098
5.651244878768921,0.9173704688888386,-6.5447735440447685,-4.088757100643977,109.10760099083824,-1.613779633799949,-4.054458956415166,0.0,0,0.9173704688888386,0.0,0.9173704688888386,0.9173704688888386,-4.013623441355981,-1.6541923805096166,5.0,0.001,5000.0,-inf,1.3596659242485019,0.0,5.0,-2.0368781089782715,0.0
5.661313772201538,0.8021720070425641,-5.723222890595998,-6.233981493915085,-106.57778894146902,-1.6541923805096166,-4.013623441355981,0.0,0,0.8021720070425641,0.0,0.8021720070425641,0.8021720070425641,-3.266858503043817,-1.6870860306362039,5.0,0.001,5000.0,-inf,1.373699331823652,0.0,5.0,-2.0368781089782715,0.0
5.671380996704102,0.7503123311668599,-5.173022402115903,-6.283185307179586,-4.908099096046216,-1.6870860306362039,-3.266858503043817,0.0,0,0.7503123311668599,0.0,0.7503123311668599,0.7503123311668599,-2.735624040312839,-1.714626172004643,5.0,0.001,5000.0,-inf,1.3863293986412866,0.0,5.0,-2.0368781089782715,0.0
5.68148946762085,0.7503123311668599,-5.173022402115903,-6.283185307179586,-4.908099096046216,-1.714626172004643,-2.735624040312839,0.0,0,0.7503123311668599,0.0,0.7503123311668599,0.7503123311668599,-2.7080838989444,-1.7420007593372362,5.0,0.001,5000.0,-inf,1.3976964587771579,0.0,5.0,-2.0368781089782715,0.0
5.691559791564941,0.6563351584718731,-4.68184047396128,-6.283185307179586,0.0,-1.7420007593372362,-2.7080838989444,0.0,0,0.6563351584718731,0.0,0.6563351584718731,0.6563351584718731,-2.283504556152171,-1.7649963899454981,5.0,0.001,5000.0,-inf,1.4079268128994422,0.0,5.0,-2.0368781089782715,0.0
5.701714754104614,0.6135993336222894,-4.231516551225411,-6.283185307179586,0.0,-1.7649963899454981,-2.283504556152171,0.0,0,0.6135993336222894,0.0,0.6135993336222894,0.6135993336222894,-1.8529208276576234,-1.7838127315393408,5.0,0.001,5000.0,-inf,1.4171341316094979,0.0,5.0,-2.1465582847595215,-10.800647993801798
5.711781740188599,0.6135993336222894,-4.231516551225411,-6.283185307179586,0.0,-1.7838127315393408,-1.8529208276576234,0.0,0,0.6135993336222894,0.0,0.6135993336222894,0.6135993336222894,-1.8341044860637812,-1.802276635877118,5.0,0.001,5000.0,-inf,1.4254207184485481,0.0,5.0,-2.1465582847595215,0.0
5.721853017807007,0.5366389335010835,-3.828399284477136,-6.283185307179586,0.0,-1.802276635877118,-1.8341044860637812,0.0,0,0.5366389335010835,0.0,0.5366389335010835,0.5366389335010835,-1.4894837150989346,-1.8172776398799775,5.0,0.001,5000.0,-inf,1.4328786466036934,0.0,5.0,-2.1465582847595215,0.0
5.73192024230957,0.501857174080817,-3.460358942656642,-6.283185307179586,0.0,-1.8172776398799775,-1.4894837150989346,0.0,0,0.501857174080817,0.0,0.501857174080817,0.501857174080817,-1.1412241286958476,-1.828766599391301,5.0,0.001,5000.0,-inf,1.4395907819433242,0.0,5.0,-2.2409942150115967,-9.380532859680285
5.74198842048645,0.501857174080817,-3.460358942656642,-6.283185307179586,0.0,-1.828766599391301,-1.1412241286958476,0.0,0,0.501857174080817,0.0,0.501857174080817,0.501857174080817,-1.1297351691845239,-1.840140974367338,5.0,0.001,5000.0,-inf,1.445631703748992,0.0,5.0,-2.2409942150115967,0.0
5.752057790756226,0.501857174080817,-3.460358942656642,-6.283185307179586,0.0,-1.840140974367338,-1.1297351691845239,0.0,0,0.501857174080817,0.0,0.501857174080817,0.501857174080817,-1.118360794208487,-1.851402163299423,5.0,0.001,5000.0,-inf,1.4510685333740931,0.0,5.0,-2.2409942150115967,0.0
5.7621355056762695,0.41045647470842495,-3.0308436359501103,-6.283185307179586,0.0,-1.851402163299423,-1.118360794208487,0.0,0,0.41045647470842495,0.0,0.41045647470842495,0.41045647470842495,-0.7689849979422623,-1.8591517748864759,5.0,0.001,5000.0,-inf,1.4559616800366837,0.0,5.0,-2.2409942150115967,0.0
5.772236108779907,0.41045647470842495,-3.0308436359501103,-6.283185307179586,0.0,-1.8591517748864759,-0.7689849979422623,0.0,0,0.41045647470842495,0.0,0.41045647470842495,0.41045647470842495,-0.7612353863552093,-1.866840711392494,5.0,0.001,5000.0,-inf,1.4603655120330155,0.0,5.0,-2.2409942150115967,0.0
5.782304525375366,2.2227961121001734,90.22663047004427,-6.283185307179586,0.0,-1.866840711392494,-0.7612353863552093,0.0,0,2.2227961121001734,0.0,2.2227961121001734,2.2227961121001734,94.31626729353694,-0.9172252405525013,5.0,0.001,5000.0,-inf,1.464328960829714,0.0,5.0,-2.3223042488098145,-8.075751835188255
5.79237699508667,2.2227961121001734,90.22663047004427,-6.283185307179586,0.0,-0.9172252405525013,94.31626729353694,0.0,0,2.2227961121001734,0.0,2.2227961121001734,2.2227961121001734,93.36665182269695,0.023207531977453177,5.0,0.001,5000.0,-inf,1.4678960647467427,0.0,5.0,-2.3223042488098145,0.0
5.8024444580078125,3.8103487244441077,78.91018655611455,-6.283185307179586,0.0,0.023207531977453177,93.36665182269695,0.936915572703813,0,3.8103487244441077,0.0,3.8103487244441077,3.8103487244441077,82.6973277485812,0.8557598127638697,4.063084427296187,0.001,5000.0,-inf,1.3261064582720683,93.06372221507823,5.0,-2.3223042488098145,0.0
5.812588453292847,3.8103487244441077,78.91018655611455,-6.283185307179586,0.0,0.8557598127638697,82.6973277485812,0.9467796512727539,0,3.8103487244441077,0.0,3.8103487244441077,3.8103487244441077,81.86477546779479,1.6861957091195618,4.053220348727246,0.001,5000.0,-inf,1.3282738518485362,0.9724056736790623,5.0,-2.3223042488098145,0.0
5.822654962539673,5.418469396560507,80.0292707435899,-6.283185307179586,0.0,1.6861957091195618,81.86477546779479,1.0547151539546866,0,5.418469396560507,0.0,5.418469396560507,5.418469396560507,83.76154443103086,2.529382070662975,3.9452848460453134,0.001,5000.0,-inf,1.2004464666636825,10.722237474322421,5.0,-2.3223042488098145,0.0
5.832719564437866,5.418469396560507,80.0292707435899,-6.283185307179586,0.0,2.529382070662975,83.76154443103086,1.191728934203125,0,5.418469396560507,0.0,5.418469396560507,5.418469396560507,82.91835806948744,3.363922334684215,3.808271065796875,0.001,5000.0,-inf,1.085401819997314,13.613432665730468,5.0,-2.392313241958618,-6.955962476903397
5.842786550521851,5.418469396560507,80.0292707435899,-6.283185307179586,0.0,3.363922334684215,82.91835806948744,1.3001327075506646,0,5.418469396560507,0.0,5.418469396560507,5.418469396560507,82.0838178054662,4.190258986252152,3.699867292449335,0.001,5000.0,-inf,0.9818616379975827,10.768245077839113,5.0,-2.392313241958618,0.0
5.852866888046265,8.306738557728984,95.73704841876753,-6.283185307179586,0.0,4.190258986252152,82.0838178054662,1.4074744361299634,0,8.306738557728984,0.0,8.306738557728984,8.306738557728984,99.85352799024436,5.196816251397342,3.5925255638700366,0.001,5000.0,-inf,0.8886754741978244,10.648624445294875,5.0,-2.392313241958618,0.0
5.862944841384888,8.306738557728984,95.73704841876753,-6.283185307179586,0.0,5.196816251397342,99.85352799024436,1.7260895550980715,0,8.306738557728984,0.0,8.306738557728984,8.306738557728984,98.84697072509917,6.19299141002913,3.2739104449019285,0.001,5000.0,-inf,0.804807926778042,31.615061933958167,5.0,-2.392313241958618,0.0
5.873028516769409,9.934049609511364,80.88640192615861,-6.038173509994172,12.178447803253885,6.19299141002913,98.84697072509917,1.85548850465507,0,9.934049609511364,0.0,9.934049609511364,9.934049609511364,84.62746012564085,7.046347246552628,3.14451149534493,0.001,5000.0,-inf,0.7293271341002379,12.832518364844114,5.0,-2.392313241958618,0.0
5.88309907913208,9.934049609511364,80.88640192615861,-6.038173509994172,12.178447803253885,7.046347246552628,84.62746012564085,1.8327632157737765,0,9.934049609511364,0.0,9.934049609511364,9.934049609511364,83.77410428911735,7.88999958817308,3.1672367842262235,0.001,5000.0,-inf,0.7497926800234009,2.256605744832136,5.0,-2.4525909423828125,-5.98553469542366
5.893168687820435,11.599823206662329,82.84434715453281,-1.9897315202046677,201.34220773503694,7.88999958817308,83.77410428911735,1.9423409852354045,0,11.599823206662329,0.0,11.599823206662329,11.599823206662329,86.55417077302207,8.761566218202422,3.0576590147645955,0.001,5000.0,-inf,0.6798134120210608,10.882028572605284,5.0,-2.4525909423828125,0.0
5.90348744392395,11.599823206662329,82.84434715453281,-1.9897315202046677,201.34220773503694,8.761566218202422,86.55417077302207,2.0921609782785597,0,11.599823206662329,0.0,11.599823206662329,11.599823206662329,85.68260414299272,9.64570411266804,2.9078390217214403,0.001,5000.0,-inf,0.6168320708189547,14.519191222293854,5.0,-2.4525909423828125,0.0
5.913560628890991,11.599823206662329,82.84434715453281,-1.9897315202046677,201.34220773503694,9.64570411266804,85.68260414299272,2.207224617203453,0,11.599823206662329,0.0,11.599823206662329,11.599823206662329,84.7984662485271,10.499894748110838,2.792775382796547,0.001,5000.0,-inf,0.5601488637370593,11.422766414135738,5.0,-2.4525909423828125,0.0
5.923629522323608,14.316436607865027,89.9931480583991,2.4178602686258355,146.01012431787365,10.499894748110838,84.7984662485271,2.3179699272207888,0,14.316436607865027,0.0,14.316436607865027,14.316436607865027,93.80968991815328,11.444454518843585,2.6820300727792112,0.001,5000.0,-inf,0.5091339773633534,10.998756790749953,5.0,-2.504490375518799,-5.154432657700322
5.9337005615234375,14.316436607865027,89.9931480583991,2.4178602686258355,146.01012431787365,11.444454518843585,93.80968991815328,2.540320531819635,0,14.316436607865027,0.0,14.316436607865027,14.316436607865027,92.86513014742054,12.379702884855487,2.459679468180365,0.001,5000.0,-inf,0.46322057962701807,22.078218561855987,5.0,-2.504490375518799,0.0
5.943767786026001,16.113140814231233,89.18463915807001,4.758047293939648,116.16198964498362,12.379702884855487,92.86513014742054,2.6618097053539738,0,16.113140814231233,0.0,16.113140814231233,16.113140814231233,92.91807708744577,13.315130027241302,2.3381902946460262,0.001,5000.0,-inf,0.4218985216643163,12.067792220527451,5.0,-2.504490375518799,0.0
5.953828811645508,16.113140814231233,89.18463915807001,4.758047293939648,116.16198964498362,13.315130027241302,92.91807708744577,2.7932989746882404,0,16.113140814231233,0.0,16.113140814231233,16.113140814231233,91.98264994505995,14.240569824888679,2.2067010253117596,0.001,5000.0,-inf,0.3847086694978847,13.069171504675273,5.0,-2.504490375518799,0.0
5.963897705078125,16.113140814231233,89.18463915807001,4.758047293939648,116.16198964498362,14.240569824888679,91.98264994505995,2.9135062749350147,0,16.113140814231233,0.0,16.113140814231233,16.113140814231233,91.05721014741256,15.157415170134403,2.0864937250649853,0.001,5000.0,-inf,0.3512378025480962,11.938481726042962,5.0,-2.432943820953369,7.105701837469217
5.973965883255005,18.390349019388285,75.48468370877994,6.283185307179586,50.55513162166648,15.157415170134403,91.05721014741256,3.032610225292942,0,18.390349019388285,0.0,18.390349019388285,18.390349019388285,78.71761755803382,15.949958169368175,1.967389774707058,0.001,5000.0,-inf,0.3211140222932866,11.829742011462654,5.0,-2.432943820953369,0.0
5.9840312004089355,19.315935641228126,92.09982136860232,6.283185307179586,0.0,15.949958169368175,78.71761755803382,3.020170319291883,0,19.315935641228126,0.0,19.315935641228126,19.315935641228126,95.46579884046227,16.910851712050775,1.979829680708117,0.001,5000.0,-inf,0.4152897087960873,1.235917935899434,5.0,-2.432943820953369,0.0
5.994095802307129,19.315935641228126,92.09982136860232,6.283185307179586,0.0,16.910851712050775,95.46579884046227,3.322177228091731,0,19.315935641228126,0.0,19.315935641228126,19.315935641228126,94.50490529777967,17.862005961299392,1.6778227719082688,0.001,5000.0,-inf,0.3787607379164786,30.006840991302383,5.0,-2.432943820953369,0.0
6.0043699741363525,20.998124075422197,83.31593172691655,6.283185307179586,0.0,17.862005961299392,94.50490529777967,3.445729887559712,0,20.998124075422197,0.0,20.998124075422197,20.998124075422197,86.45204984103935,18.750229176354836,1.554270112440288,0.001,5000.0,-inf,0.3458846641248307,12.025558996059445,5.0,-2.432943820953369,0.0
6.014436483383179,21.848382397462565,84.66258056565796,6.283185307179586,0.0,18.750229176354836,86.45204984103935,3.4895525831000707,0,21.848382397462565,0.0,21.848382397462565,21.848382397462565,87.76073378676568,19.633673414527564,1.5104474168999293,0.001,5000.0,-inf,0.3371337939977084,4.3533159773508725,5.0,-1.7020018100738525,72.61126900667898
6.024584054946899,22.648595990953368,79.1626745608955,6.283185307179586,0.0,19.633673414527564,87.76073378676568,3.626321615901516,0,22.648595990953368,0.0,22.648595990953368,22.648595990953368,82.1775971373213,20.467576462413138,1.373678384098484,0.001,5000.0,-inf,0.30842041459793756,13.478006234557423,5.0,-1.7020018100738525,0.0
6.034653425216675,22.648595990953368,79.1626745608955,6.283185307179586,0.0,20.467576462413138,82.1775971373213,3.687236676111053,0,22.648595990953368,0.0,22.648595990953368,22.648595990953368,81.34369408943573,21.286656237311007,1.3127633238889471,0.001,5000.0,-inf,0.2825783731381438,6.0495401974026075,5.0,-1.7020018100738525,0.0
6.044889688491821,24.381993316312084,86.38161888816586,6.283185307179586,0.0,21.286656237311007,81.34369408943573,3.7935688141178985,0,24.381993316312084,0.0,24.381993316312084,24.381993316312084,89.47695596716693,22.20256591564962,1.2064311858821015,0.001,5000.0,-inf,0.25932053582432946,10.387788507259154,5.0,-1.7020018100738525,0.0
6.054957389831543,24.381993316312084,86.38161888816586,6.283185307179586,0.0,22.20256591564962,89.47695596716693,4.003128787862616,0,24.381993316312084,0.0,24.381993316312084,24.381993316312084,88.56104628882832,23.094172080018808,0.9968712121373837,0.001,5000.0,-inf,0.23838848224189652,20.81507651780531,5.0,-1.0726537704467773,62.511592109313945
6.065141439437866,25.90500732696805,75.54201363437902,6.283185307179586,0.0,23.094172080018808,88.56104628882832,4.1187945540909165,0,25.90500732696805,0.0,25.90500732696805,25.90500732696805,78.35284888132826,23.892121379823003,0.8812054459090835,0.001,5000.0,-inf,0.21954963401770689,11.357541518305624,5.0,-1.0726537704467773,0.0
6.07520866394043,25.90500732696805,75.54201363437902,6.283185307179586,0.0,23.892121379823003,78.35284888132826,4.128425481988503,0,25.90500732696805,0.0,25.90500732696805,25.90500732696805,77.55489958152407,24.67288396518397,0.8715745180114967,0.001,5000.0,-inf,0.33288001650812127,0.9566616792080492,5.0,-1.0726537704467773,0.0
6.085388660430908,27.301581630771693,69.5419459200878,6.283185307179586,0.0,24.67288396518397,77.55489958152407,4.229752750940997,0,27.301581630771693,0.0,27.301581630771693,27.301581630771693,72.17064358567552,25.407580863601723,0.7702472490590031,0.001,5000.0,-inf,0.30459201485730913,9.953566196930057,5.0,-1.0726537704467773,0.0
6.0954577922821045,27.301581630771693,69.5419459200878,6.283185307179586,0.0,25.407580863601723,72.17064358567552,4.278767756760996,0,27.301581630771693,0.0,27.301581630771693,27.301581630771693,71.43594668725777,26.12687882971075,0.7212322432390037,0.001,5000.0,-inf,0.28339103655790815,4.867848245941486,5.0,-0.5307790637016296,53.81543461274359
6.105524301528931,27.301581630771693,69.5419459200878,6.283185307179586,0.0,26.12687882971075,71.43594668725777,4.372122503032084,0,27.301581630771693,0.0,27.301581630771693,27.301581630771693,70.71664872114874,26.838748627966755,0.6278774969679164,0.001,5000.0,-inf,0.26005193290211737,9.273795312960225,5.0,-0.5307790637016296,0.0
6.11559271812439,29.26582609052653,65.06996488901177,6.283185307179586,0.0,26.838748627966755,70.71664872114874,4.464591295126834,0,29.26582609052653,0.0,29.26582609052653,29.26582609052653,67.49704235157155,27.518336969323716,0.5354087048731664,0.001,5000.0,-inf,0.23904673961190565,9.184045099649024,5.0,-0.5307790637016296,0.0
6.125660181045532,29.26582609052653,65.06996488901177,6.283185307179586,0.0,27.518336969323716,67.49704235157155,4.527537599221036,0,29.26582609052653,0.0,29.26582609052653,29.26582609052653,66.81745401021459,28.1910192100567,0.47246240077896395,0.001,5000.0,-inf,0.2201420656507151,6.252449558270488,5.0,-0.5307790637016296,0.0
6.135728359222412,30.37356207409359,54.96683269037411,4.4190092847788796,-92.50205197699403,28.1910192100567,66.81745401021459,4.614917229510085,0,30.37356207409359,0.0,30.37356207409359,30.37356207409359,57.149375554411,28.766409305835936,0.3850827704899151,0.001,5000.0,-inf,0.2031278590856436,8.67879260318451,5.0,-0.5307790637016296,0.0
6.145794868469238,30.37356207409359,54.96683269037411,4.4190092847788796,-92.50205197699403,28.766409305835936,57.149375554411,4.598791058361142,0,30.37356207409359,0.0,30.37356207409359,30.37356207409359,56.57398545863177,29.33591185358506,0.401208941638858,0.001,5000.0,-inf,0.29730738996595246,1.6019625824142798,5.0,-0.06421968340873718,46.347683079910944
6.155914068222046,31.378523639411924,50.0286551767387,1.4237639420102552,-149.10828592299254,29.33591185358506,56.57398545863177,4.6727675140882265,0,31.378523639411924,0.0,31.378523639411924,31.378523639411924,52.071266962565566,29.86283140536103,0.32723248591177345,0.001,5000.0,-inf,0.27257665096935724,7.310504539309984,5.0,-0.06421968340873718,0.0
6.1659581661224365,31.834400885477265,45.21691670444459,0.06504113581131565,-134.76710338712695,29.86283140536103,52.071266962565566,4.701509066376201,0,31.834400885477265,0.0,31.834400885477265,31.834400885477265,47.18848618456083,30.33679718036999,0.29849093362379886,0.001,5000.0,-inf,0.319225033470689,2.8615364538468713,5.0,-0.06421968340873718,0.0
6.176026105880737,32.29472509826076,45.6860861544846,-1.2192509986038271,-127.46294778982919,30.33679718036999,47.18848618456083,4.719036467097408,0,32.29472509826076,0.0,32.29472509826076,32.29472509826076,47.64401407237537,30.8164742438943,0.28096353290259213,0.001,5000.0,-inf,0.3973175764414333,1.740912355654075,5.0,-0.06421968340873718,0.0
6.1860926151275635,32.29472509826076,45.6860861544846,-1.2192509986038271,-127.46294778982919,30.8164742438943,47.64401407237537,4.790746534868957,0,32.29472509826076,0.0,32.29472509826076,32.29472509826076,47.164337008851064,31.291254478514325,0.20925346513104337,0.001,5000.0,-inf,0.36258581879728996,7.123628063437971,5.0,-0.06421968340873718,0.0
6.196161508560181,32.29472509826076,45.6860861544846,-1.2192509986038271,-127.46294778982919,31.291254478514325,47.164337008851064,4.852418997080516,0,32.29472509826076,0.0,32.29472509826076,32.29472509826076,46.689556774231036,31.76136665009019,0.14758100291948395,0.001,5000.0,-inf,0.331327236917561,6.125048658453128,5.0,-0.06421968340873718,0.0
6.206238746643066,33.50168100052434,40.01090677411193,-4.586625403026262,-111.62935043127499,31.76136665009019,46.689556774231036,4.913486898754937,0,33.50168100052434,0.0,33.50168100052434,33.50168100052434,41.751221124546085,32.182103645613445,0.08651310124506306,0.001,5000.0,-inf,0.30319451322580493,6.059984012696199,5.0,0.33749258518218994,39.863330139352215
6.216306209564209,33.866815940658725,36.208789009490346,-5.643447795425513,-104.80032125330408,32.182103645613445,41.751221124546085,4.923006721631343,0,33.866815940658725,0.0,33.866815940658725,33.866815940658725,37.893501304535626,32.563595064949126,0.07699327836865688,0.001,5000.0,-inf,0.40851674385999004,0.9456029737555522,5.0,0.33749258518218994,0.0
6.226378440856934,34.20752390941805,33.856918029736384,-6.283185307179586,-63.572157043692094,32.563595064949126,37.893501304535626,4.9378383221382345,0,34.20752390941805,0.0,34.20752390941805,34.20752390941805,35.50084687420531,32.92116780575372,0.06216167786176552,0.001,5000.0,-inf,0.48632819080457756,1.472523820774901,5.0,0.33749258518218994,0.0
6.236594915390015,34.20752390941805,33.856918029736384,-6.283185307179586,-63.572157043692094,32.92116780575372,35.50084687420531,4.963971961547574,0,34.20752390941805,0.0,34.20752390941805,34.20752390941805,35.143274133400716,33.28020817094669,0.03602803845242608,0.001,5000.0,-inf,0.5213823615009602,2.5579899724428845,5.0,0.1211204007267952,-21.17875239200952
6.246662139892578,34.82388799666789,30.643619987297367,-6.283185307179586,0.0,33.28020817094669,35.143274133400716,5.010661885266545,1,-inf,0.0009701655433084266,-inf,-inf,-100.0,32.273485720690346,-0.010661885266545212,0.001,0.0,-inf,0.4859145343868195,4.637814891987595,5.0,0.1211204007267952,0.0
6.256865501403809,34.82388799666789,30.643619987297367,-6.283185307179586,0.0,32.273485720690346,-100.0,3.518288000896649,1,-inf,0.0009898205528625895,-inf,-inf,-100.0,31.2531495695673,1.481711999103351,0.001,5000.0,-inf,0.44232308094813755,146.26296272334315,5.0,0.1211204007267952,0.0
6.26693320274353,35.363106777716375,26.79740622084386,-6.283185307179586,0.0,31.2531495695673,-100.0,3.3754409397394225,1,-inf,0.0010480934648885328,-inf,-inf,-100.0,30.24637943559513,1.6245590602605775,0.001,5000.0,-inf,0.4030907728533238,14.188647074146873,5.0,0.1211204007267952,0.0
6.2769997119903564,35.60034585523648,23.63489731357691,-6.283185307179586,0.0,30.24637943559513,-100.0,3.234493120983319,1,-inf,0.001154368330865719,-inf,-inf,-100.0,29.239728510912514,1.765506879016681,0.001,5000.0,-inf,0.3677816955679914,14.00165790346265,5.0,0.1211204007267952,0.0
6.2870402336120605,35.60034585523648,23.63489731357691,-6.283185307179586,0.0,29.239728510912514,-100.0,3.0935619915277526,1,-inf,0.0012649520872194207,-inf,-inf,-100.0,28.235676348742103,1.9064380084722474,0.001,5000.0,-inf,0.33600352601119227,14.036235841664094,5.0,0.1211204007267952,0.0
6.297111749649048,36.032122583164444,21.381379658266418,-6.283185307179586,0.0,28.235676348742103,-100.0,2.9529946888238947,0,36.032122583164444,0.0,36.032122583164444,36.032122583164444,29.17782589268876,28.529541290144742,2.0470053111761053,0.001,5000.0,-inf,0.30740317341007306,13.956915938735456,5.0,-0.28850048780441284,-40.67122437445257
6.30713152885437,36.032122583164444,21.381379658266418,-6.283185307179586,0.0,28.529541290144742,29.17782589268876,4.285914039547152,0,36.032122583164444,0.0,36.032122583164444,36.032122583164444,28.88396095128612,28.81895220145178,0.7140859604528478,0.001,5000.0,-inf,0.28166285606906577,133.0288146484548,5.0,-0.28850048780441284,0.0
6.317198038101196,36.4171610145651,19.189261323401794,-6.283185307179586,0.0,28.81895220145178,28.88396095128612,4.32349291771611,0,36.4171610145651,0.0,36.4171610145651,36.4171610145651,26.787470136515118,29.08860851728009,0.6765070822838899,0.001,5000.0,-inf,0.2993202081768943,3.733059519197876,5.0,-0.28850048780441284,0.0
6.327265024185181,36.4171610145651,19.189261323401794,-6.283185307179586,0.0,29.08860851728009,26.787470136515118,4.340279893784364,0,36.4171610145651,0.0,36.4171610145651,36.4171610145651,26.517813820686808,29.355562979990633,0.6597201062156364,0.001,5000.0,-inf,0.3817678570242079,1.6675274931550783,5.0,-0.28850048780441284,0.0
6.3373353481292725,36.4171610145651,19.189261323401794,-6.283185307179586,0.0,29.355562979990633,26.517813820686808,4.3749569554055565,0,36.4171610145651,0.0,36.4171610145651,36.4171610145651,26.250859357976264,29.619917637536247,0.6250430445944435,0.001,5000.0,-inf,0.3987452765999606,3.4434901810222027,5.0,-0.28850048780441284,0.0
6.347402811050415,36.4171610145651,19.189261323401794,-6.283185307179586,0.0,29.619917637536247,26.250859357976264,4.409297062834837,0,36.4171610145651,0.0,36.4171610145651,36.4171610145651,25.98650470043065,29.88153581005793,0.5907029371651626,0.001,5000.0,-inf,0.41507188755964575,3.4109991462857563,5.0,-0.6411881446838379,-35.03242670392649
6.357448577880859,37.05554176488924,15.89275055115849,-6.283185307179586,0.0,29.88153581005793,25.98650470043065,4.443280060412417,0,37.05554176488924,0.0,37.05554176488924,37.05554176488924,23.0667565059898,30.11325906745174,0.556719939587583,0.001,5000.0,-inf,0.4306739071030011,3.3828176734693836,5.0,-0.6411881446838379,0.0
6.367515563964844,37.05554176488924,15.89275055115849,-6.283185307179586,0.0,30.11325906745174,23.0667565059898,4.446523834503142,0,37.05554176488924,0.0,37.05554176488924,37.05554176488924,22.83503324859599,30.343139029392677,0.5534761654968579,0.001,5000.0,-inf,0.5376065163927011,0.3222189902383714,5.0,-0.6411881446838379,0.0
6.377584218978882,37.31319224852318,12.807267852282962,-6.283185307179586,0.0,30.343139029392677,22.83503324859599,4.476389796600936,0,37.31319224852318,0.0,37.31319224852318,37.31319224852318,19.777321071413464,30.542270052362607,0.5236102033990644,0.001,5000.0,-inf,0.5543784039248116,2.9662315429571526,5.0,-0.6411881446838379,0.0
6.3876519203186035,37.31319224852318,12.807267852282962,-6.283185307179586,0.0,30.542270052362607,19.777321071413464,4.4736910180449,0,37.31319224852318,0.0,37.31319224852318,37.31319224852318,19.578190048443535,30.73937742254265,0.5263089819550997,0.001,5000.0,-inf,0.6489405635323304,0.2680630329574212,5.0,-0.6411881446838379,0.0
6.39775276184082,37.31319224852318,12.807267852282962,-6.283185307179586,0.0,30.73937742254265,19.578190048443535,4.499294739640407,0,37.31319224852318,0.0,37.31319224852318,37.31319224852318,19.381082678263493,30.93514266720477,0.5007052603595934,0.001,5000.0,-inf,0.6684803832646211,2.5348107421734025,5.0,-0.9448556303977966,-30.06358282585092
6.407821893692017,37.64059464260696,10.83968244950201,-6.283185307179586,0.0,30.93514266720477,19.381082678263493,4.524730800191303,0,37.64059464260696,0.0,37.64059464260696,37.64059464260696,17.545134424904205,31.111806939076093,0.47526919980869664,0.001,5000.0,-inf,0.6863455353902492,2.526142365279958,5.0,-0.9448556303977966,0.0
6.4178948402404785,37.64059464260696,10.83968244950201,-6.283185307179586,0.0,31.111806939076093,17.545134424904205,4.531104315719696,0,37.64059464260696,0.0,37.64059464260696,37.64059464260696,17.36847015303288,31.286758610556145,0.46889568428030426,0.001,5000.0,-inf,0.7634339341743785,0.6327359623848678,5.0,-0.9448556303977966,0.0
6.427964448928833,37.64059464260696,10.83968244950201,-6.283185307179586,0.0,31.286758610556145,17.36847015303288,4.553830907008189,0,37.64059464260696,0.0,37.64059464260696,37.64059464260696,17.19351848155283,31.459890613641374,0.44616909299181096,0.001,5000.0,-inf,0.7804777459531818,2.25694880425459,5.0,-0.9448556303977966,0.0
6.438046932220459,37.882590052046396,8.015179956516462,-6.283185307179586,0.0,31.459890613641374,17.19351848155283,4.576319870725321,0,37.882590052046396,0.0,37.882590052046396,37.882590052046396,14.437879394921485,31.60546029140718,0.423680129274679,0.001,5000.0,-inf,0.7966694645866249,2.2304984860039574,5.0,-1.2063164710998535,-25.93218685710232
6.448180913925171,37.882590052046396,8.015179956516462,-6.283185307179586,0.0,31.60546029140718,14.437879394921485,4.56914323474622,0,37.882590052046396,0.0,37.882590052046396,37.882590052046396,14.292309717155678,31.750298296598913,0.4308567652537798,0.001,5000.0,-inf,0.8602946459347067,0.7081753439286284,5.0,-1.2063164710998535,0.0
6.458247184753418,37.882590052046396,8.015179956516462,-6.283185307179586,0.0,31.750298296598913,14.292309717155678,4.587964858695405,0,37.882590052046396,0.0,37.882590052046396,37.882590052046396,14.147471711963945,31.892710578386506,0.41203514130459507,0.001,5000.0,-inf,0.8801281072185568,1.8697712658762549,5.0,-1.2063164710998535,0.0
6.468422174453735,37.882590052046396,8.015179956516462,-6.283185307179586,0.0,31.892710578386506,14.147471711963945,4.6064541980937515,0,37.882590052046396,0.0,37.882590052046396,37.882590052046396,14.005059430176352,32.03521191384088,0.39354580190624855,0.001,5000.0,-inf,0.8996742497793846,1.8171359326063778,5.0,-1.2063164710998535,0.0
6.4784932136535645,38.13794453372353,6.346381161251607,-6.283185307179586,0.0,32.03521191384088,14.005059430176352,4.624980262239488,0,38.13794453372353,0.0,38.13794453372353,38.13794453372353,12.449113781134251,32.16058742673382,0.37501973776051223,0.001,5000.0,-inf,0.9165439182106712,1.8395384804033625,5.0,-1.2063164710998535,0.0
6.488751649856567,38.18115396461123,4.29503954900976,-6.283185307179586,0.0,32.16058742673382,12.449113781134251,4.626973377554078,0,38.18115396461123,0.0,38.18115396461123,38.18115396461123,10.315606086887168,32.26640941367146,0.3730266224459218,0.001,5000.0,-inf,0.9748895263896041,0.19429036503702332,5.0,-1.4314367771148682,-21.94489506588886
6.498818397521973,38.221608581095026,4.016260171758545,-6.283185307179586,0.0,32.26640941367146,10.315606086887168,4.6204533787828765,0,38.221608581095026,0.0,38.221608581095026,38.221608581095026,9.971459339182111,32.366789578694856,0.37954662121712346,0.001,5000.0,-inf,1.0226420995421333,0.6476767857813588,5.0,-1.4314367771148682,0.0
6.508982181549072,38.217068703404685,-0.4519945678909904,-6.283185307179586,0.0,32.366789578694856,9.971459339182111,4.631065134409102,0,38.217068703404685,0.0,38.217068703404685,38.217068703404685,5.3982845568188385,32.42165657704719,0.36893486559089794,0.001,5000.0,-inf,1.0528465750980485,1.0440752772718787,5.0,-1.4314367771148682,0.0
6.519048452377319,38.217068703404685,-0.4519945678909904,-6.283185307179586,0.0,32.42165657704719,5.3982845568188385,4.593014766354795,0,38.217068703404685,0.0,38.217068703404685,38.217068703404685,5.343417558466507,32.47544486533912,0.4069852336452051,0.001,5000.0,-inf,0.9918734630009284,3.7799865216752986,5.0,-1.4314367771148682,0.0
6.529116630554199,38.217068703404685,-0.4519945678909904,-6.283185307179586,0.0,32.47544486533912,5.343417558466507,4.599996456732143,0,38.217068703404685,0.0,38.217068703404685,38.217068703404685,5.289629270174574,32.52870179532088,0.40000354326785725,0.001,5000.0,-inf,1.0364530087413848,0.6934412815001927,5.0,-1.4314367771148682,0.0
6.539165496826172,38.21007189089825,-0.23164957992974183,-6.283185307179586,0.0,32.52870179532088,5.289629270174574,4.60691454404667,0,38.21007189089825,0.0,38.21007189089825,38.21007189089825,5.44972051564763,32.583465308002246,0.39308545595333033,0.001,5000.0,-inf,1.076735605393044,0.6884445595442139,5.0,-1.6252672672271729,-19.28879187624561
6.549236297607422,38.21007189089825,-0.23164957992974183,-6.283185307179586,0.0,32.583465308002246,5.44972051564763,4.616182348276791,0,38.21007189089825,0.0,38.21007189089825,38.21007189089825,5.394957002966261,32.63779684520253,0.38381765172320925,0.001,5000.0,-inf,1.1055201766336533,0.9202648757957804,5.0,-1.6252672672271729,0.0
6.559301853179932,38.206142402692144,-0.19571865693894253,-6.283185307179586,0.0,32.63779684520253,5.394957002966261,4.623241128358018,0,38.206142402692144,0.0,38.206142402692144,38.206142402692144,5.372626900550672,32.691875319840385,0.3767588716419823,0.001,5000.0,-inf,1.1384824468105323,0.7012807221993118,5.0,-1.6252672672271729,0.0
6.569369792938232,38.206142402692144,-0.19571865693894253,-6.283185307179586,0.0,32.691875319840385,5.372626900550672,4.630588813783161,0,38.206142402692144,0.0,38.206142402692144,38.206142402692144,5.318548425912817,32.74542214499407,0.36941118621683877,0.001,5000.0,-inf,1.1672292058470437,0.7298102294548922,5.0,-1.6252672672271729,0.0
6.579437255859375,38.177824962117356,-1.4066673094401925,-6.283185307179586,0.0,32.74542214499407,5.318548425912817,4.637544584558299,0,38.177824962117356,0.0,38.177824962117356,38.177824962117356,4.02573550768309,32.785951087948,0.36245541544170123,0.001,5000.0,-inf,1.1943545488815936,0.6909159566438325,5.0,-1.7921571731567383,-16.577156254440393
6.589491367340088,38.16502144022365,-1.27123054381368,-6.283185307179586,0.0,32.785951087948,4.02573550768309,4.630290507389551,0,38.16502144022365,0.0,38.16502144022365,38.16502144022365,4.107839808461968,32.82725176732718,0.3697094926104487,0.001,5000.0,-inf,1.2177817572434961,0.7215035543084244,5.0,-1.7921571731567383,0.0
6.599563837051392,38.16502144022365,-1.27123054381368,-6.283185307179586,0.0,32.82725176732718,4.107839808461968,4.636893645510426,0,38.16502144022365,0.0,38.16502144022365,38.16502144022365,4.066539129082784,32.8682118595347,0.36310635448957385,0.001,5000.0,-inf,1.2409909970527886,0.655562966197315,5.0,-1.7921571731567383,0.0
6.609630107879639,38.00168604416598,-8.126670285009295,-6.283185307179586,0.0,32.8682118595347,4.066539129082784,4.642215051625687,0,38.00168604416598,0.0,38.00168604416598,38.00168604416598,-2.99319610037802,32.83808153694625,0.35778494837431296,0.001,5000.0,-inf,1.2659691402758304,0.5286372884314249,5.0,-1.7921571731567383,0.0
6.619702100753784,38.00168604416598,-8.126670285009295,-6.283185307179586,0.0,32.83808153694625,-2.99319610037802,4.5673994541686955,0,38.00168604416598,0.0,38.00168604416598,38.00168604416598,-2.9630657777895646,32.808237559546725,0.4326005458313045,0.001,5000.0,-inf,1.1443722262482472,7.42808284237778,5.0,-1.7921571731567383,0.0
6.6297831535339355,38.00168604416598,-8.126670285009295,-6.283185307179586,0.0,32.808237559546725,-2.9630657777895646,4.563522600558647,0,38.00168604416598,0.0,38.00168604416598,38.00168604416598,-2.933221800390042,32.7786675957611,0.4364773994413529,0.001,5000.0,-inf,1.1799350036234224,0.38456832779226885,5.0,-1.9358512163162231,-14.25387271480264
6.63986873626709,37.7314695669636,-8.935430867201553,-6.283185307179586,0.0,32.7786675957611,-2.933221800390042,4.559681245402654,0,37.7314695669636,0.0,37.7314695669636,37.7314695669636,-3.9826288959990563,32.73850046253505,0.44031875459734593,0.001,5000.0,-inf,1.2119415032610803,0.38087587575533643,5.0,-1.9358512163162231,0.0
6.649941682815552,37.7314695669636,-8.935430867201553,-6.283185307179586,0.0,32.73850046253505,-3.9826288959990563,4.543563775794917,0,37.7314695669636,0.0,37.7314695669636,37.7314695669636,-3.942461762773007,32.69878825592928,0.456436224205083,0.001,5000.0,-inf,1.20530049291402,1.6000749661674847,5.0,-1.9358512163162231,0.0
6.660006761550903,37.57993321285701,-7.54856931323866,-6.283185307179586,0.0,32.69878825592928,-3.942461762773007,4.5384057382023695,0,37.57993321285701,0.0,37.57993321285701,37.57993321285701,-2.667424356310933,32.671940419762414,0.4615942617976305,0.001,5000.0,-inf,1.234368675112243,0.5124686779081963,5.0,-1.9358512163162231,0.0
6.672055721282959,37.57993321285701,-7.54856931323866,-6.283185307179586,0.0,32.671940419762414,-2.667424356310933,4.547397415203629,0,37.57993321285701,0.0,37.57993321285701,37.57993321285701,-2.6405765201440676,32.64012421960179,0.45260258479637105,0.001,5000.0,-inf,1.2529967088377445,0.746261685756784,5.0,-2.05957293510437,-10.268249005679008
6.682133674621582,37.33789554149405,-12.017657186215207,-6.283185307179586,0.0,32.64012421960179,-2.6405765201440676,4.54321162554281,0,37.33789554149405,0.0,37.33789554149405,37.33789554149405,-7.319885864322945,32.566354751417094,0.4567883744571901,0.001,5000.0,-inf,1.27769703795397,0.4153412424303769,5.0,-2.05957293510437,0.0
6.6922924518585205,37.33789554149405,-12.017657186215207,-6.283185307179586,0.0,32.566354751417094,-7.319885864322945,4.486090806555165,0,37.33789554149405,0.0,37.33789554149405,37.33789554149405,-7.246116396138252,32.4927430691158,0.5139091934448352,0.001,5000.0,-inf,1.154927334158573,5.6228045615516855,5.0,-2.05957293510437,0.0
6.702362537384033,37.33789554149405,-12.017657186215207,-6.283185307179586,0.0,32.4927430691158,-7.246116396138252,4.476522865714829,0,37.33789554149405,0.0,37.33789554149405,37.33789554149405,-7.172504713836954,32.42051533321531,0.5234771342851712,0.001,5000.0,-inf,1.1749302503281727,0.95013501286513,5.0,-2.05957293510437,0.0
6.712584018707275,36.91634664870201,-13.96684024577351,-6.283185307179586,0.0,32.42051533321531,-7.172504713836954,4.467147099511775,0,36.91634664870201,0.0,36.91634664870201,36.91634664870201,-9.471008930286812,32.32370759232213,0.5328529004882254,0.001,5000.0,-inf,1.1939921485561338,0.9172610022517084,5.0,-2.05957293510437,0.0
6.72265362739563,36.79358005918618,-12.194969625629902,-6.283185307179586,0.0,32.32370759232213,-9.471008930286812,4.43060897362223,0,36.79358005918618,0.0,36.79358005918618,36.79358005918618,-7.725097158765848,32.245918886853836,0.5693910263777697,0.001,5000.0,-inf,1.123783949062725,3.6285546956557178,5.0,-2.166098117828369,-10.578880075766545
6.732763767242432,36.79358005918618,-12.194969625629902,-6.283185307179586,0.0,32.245918886853836,-7.725097158765848,4.437177672571879,0,36.79358005918618,0.0,36.79358005918618,36.79358005918618,-7.647308453297555,32.16860352893937,0.5628223274281208,0.001,5000.0,-inf,1.1565814378153518,0.649713955413475,5.0,-2.166098117828369,0.0
6.742843389511108,36.42118844100011,-18.58238339310815,-6.283185307179586,0.0,32.16860352893937,-7.647308453297555,4.4271314095185375,0,36.42118844100011,0.0,36.42118844100011,36.42118844100011,-14.329798481047408,32.024164573064155,0.5728685904814625,0.001,5000.0,-inf,1.1749188246222684,0.9966904300135682,5.0,-2.166098117828369,0.0
6.7529215812683105,36.42118844100011,-18.58238339310815,-6.283185307179586,0.0,32.024164573064155,-14.329798481047408,4.340085055418507,0,36.42118844100011,0.0,36.42118844100011,36.42118844100011,-14.185359525172192,31.881201799624616,0.6599149445814927,0.001,5000.0,-inf,1.0624269421600414,8.637100404229207,5.0,-2.166098117828369,0.0
6.7630016803741455,36.42118844100011,-18.58238339310815,-6.283185307179586,0.0,31.881201799624616,-14.185359525172192,4.321514656695725,0,36.42118844100011,0.0,36.42118844100011,36.42118844100011,-14.042396751732653,31.739653048683696,0.678485343304275,0.001,5000.0,-inf,1.0629328956390511,1.8422833473961253,5.0,-2.2578182220458984,-9.099127226282551
6.773136615753174,36.42118844100011,-18.58238339310815,-6.283185307179586,0.0,31.739653048683696,-14.042396751732653,4.303127459298391,0,36.42118844100011,0.0,36.42118844100011,36.42118844100011,-13.900848000791733,31.598768852481978,0.6968725407016088,0.001,5000.0,-inf,1.0642918974283402,1.8142392338663933,5.0,-2.2578182220458984,0.0
6.783402919769287,35.586006568354975,-20.734475330359857,-6.283185307179586,0.0,31.598768852481978,-13.900848000791733,4.28481915933956,0,35.586006568354975,0.0,35.586006568354975,35.586006568354975,-16.74723761448686,31.426836619701568,0.7151808406604401,0.001,5000.0,-inf,1.0665106744304809,1.7833389630869958,5.0,-2.2578182220458984,0.0
6.793513536453247,35.41076321794362,-17.484333252545525,-6.283185307179586,0.0,31.426836619701568,-16.74723761448686,4.232284750613352,0,35.41076321794362,0.0,35.41076321794362,35.41076321794362,-13.500406654303475,31.290339182942322,0.7677152493866481,0.001,5000.0,-inf,0.9648596069874328,5.195964832644832,5.0,-2.2578182220458984,0.0
6.803579568862915,35.41076321794362,-17.484333252545525,-6.283185307179586,0.0,31.290339182942322,-13.500406654303475,4.245643419068891,0,35.41076321794362,0.0,35.41076321794362,35.41076321794362,-13.36390921754423,31.155817639638663,0.754356580931109,0.001,5000.0,-inf,0.9917225283457844,1.327103660297053,5.0,-2.2578182220458984,0.0
6.813650369644165,34.89113275634611,-25.804057677329528,-6.283185307179586,0.0,31.155817639638663,-13.36390921754423,4.228175377373971,0,34.89113275634611,0.0,34.89113275634611,34.89113275634611,-22.06874256062208,30.933567729817945,0.7718246226260286,0.001,5000.0,-inf,1.0027711815128404,1.7345236068458303,5.0,-2.336790084838867,-7.841666666666667
6.823719263076782,34.89113275634611,-25.804057677329528,-6.283185307179586,0.0,30.933567729817945,-22.06874256062208,4.110012056568292,0,34.89113275634611,0.0,34.89113275634611,34.89113275634611,-21.846492650801363,30.71359772344057,0.8899879434317084,0.001,5000.0,-inf,0.9074940633615564,11.73548231456114,5.0,-2.336790084838867,0.0
6.83379054069519,34.89113275634611,-25.804057677329528,-6.283185307179586,0.0,30.71359772344057,-21.846492650801363,4.081438754773667,0,34.89113275634611,0.0,34.89113275634611,34.89113275634611,-21.62652264442399,30.495791009967785,0.918561245226333,0.001,5000.0,-inf,0.8914378453134756,2.8371079496804383,5.0,-2.336790084838867,0.0
6.8438568115234375,34.23190411227221,-21.839621964011844,-6.283185307179586,0.0,30.495791009967785,-21.62652264442399,4.05314551495125,0,34.23190411227221,0.0,34.23190411227221,34.23190411227221,-18.103508861707418,30.31355618682427,0.9468544850487497,0.001,5000.0,-inf,0.8778382602235979,2.8106972587130037,5.0,-2.336790084838867,0.0
6.853935480117798,33.97987128367226,-25.071205320370275,-6.283185307179586,0.0,30.31355618682427,-18.103508861707418,4.0628627775383235,0,33.97987128367226,0.0,33.97987128367226,33.97987128367226,-21.404890223522283,30.09782339196272,0.9371372224616765,0.001,5000.0,-inf,0.9250987638678672,0.9641414931046142,5.0,-2.336790084838867,0.0
6.864006280899048,33.97987128367226,-25.071205320370275,-6.283185307179586,0.0,30.09782339196272,-21.404890223522283,3.999646372639558,0,33.97987128367226,0.0,33.97987128367226,33.97987128367226,-21.189157428660735,29.884431608776133,1.0003536273604419,0.001,5000.0,-inf,0.8375888874810805,6.277197441584069,5.0,-2.404784917831421,-6.7516808712121215
6.874078035354614,33.97987128367226,-25.071205320370275,-6.283185307179586,0.0,29.884431608776133,-21.189157428660735,3.971928850942052,0,33.97987128367226,0.0,33.97987128367226,33.97987128367226,-20.975765645474148,29.673168847677413,1.028071149057948,0.001,5000.0,-inf,0.8312653833332272,2.752005305509339,5.0,-2.404784917831421,0.0
6.884156227111816,33.97987128367226,-25.071205320370275,-6.283185307179586,0.0,29.673168847677413,-20.975765645474148,3.944485982220097,0,33.97987128367226,0.0,33.97987128367226,33.97987128367226,-20.76450288437543,29.463900205865702,1.055514017779903,0.001,5000.0,-inf,0.8265089966534639,2.722995293510226,5.0,-2.404784917831421,0.0
6.894222974777222,32.70050582622567,-31.787498700491927,-6.283185307179586,0.0,29.463900205865702,-20.76450288437543,3.917300999977444,0,32.70050582622567,0.0,32.70050582622567,32.70050582622567,-28.550893080131956,29.176485569606047,1.082699000022556,0.001,5000.0,-inf,0.8229539606683031,2.700473196132175,5.0,-2.404784917831421,0.0
6.904443740844727,32.36052070312845,-33.82595919413609,-6.283185307179586,0.0,29.176485569606047,-28.550893080131956,3.7991990489435272,0,32.36052070312845,0.0,32.36052070312845,32.36052070312845,-30.641924060613686,28.863301631924266,1.2008009510564728,0.001,5000.0,-inf,0.7456585646014727,11.555097754306402,5.0,-2.404784917831421,0.0
6.91451096534729,32.36052070312845,-33.82595919413609,-6.283185307179586,0.0,28.863301631924266,-30.641924060613686,3.734442987863261,0,32.36052070312845,0.0,32.36052070312845,32.36052070312845,-30.328740122931904,28.5579753962268,1.265557012136739,0.001,5000.0,-inf,0.6760927081413255,6.4323648552564805,5.0,-2.463329315185547,-5.815346358792184
6.924685478210449,31.466185087247723,-29.62428193164738,-6.283185307179586,0.0,28.5579753962268,-30.328740122931904,3.6948291542424334,0,31.466185087247723,0.0,31.466185087247723,31.466185087247723,-26.71607224062646,28.286152375561457,1.3051708457575666,0.001,5000.0,-inf,0.6491393284025304,3.893437863179184,5.0,-2.463329315185547,0.0
6.934752464294434,31.466185087247723,-29.62428193164738,-6.283185307179586,0.0,28.286152375561457,-26.71607224062646,3.6929006101723396,0,31.466185087247723,0.0,31.466185087247723,31.466185087247723,-26.444249219961115,28.019938486662692,1.3070993898276604,0.001,5000.0,-inf,0.7342253955622774,0.19157114691575144,5.0,-2.463329315185547,0.0
6.944821357727051,30.836632980641703,-31.316732319058563,-6.283185307179586,0.0,28.019938486662692,-26.444249219961115,3.658348895933166,0,30.836632980641703,0.0,30.836632980641703,30.836632980641703,-28.500037825079552,27.73297464297641,1.341651104066834,0.001,5000.0,-inf,0.7163424309474723,3.4315304328524037,5.0,-2.463329315185547,0.0
6.9549360275268555,30.55073145762148,-28.301383059399384,-6.283185307179586,0.0,27.73297464297641,-28.500037825079552,3.597616071765902,0,30.55073145762148,0.0,30.55073145762148,30.55073145762148,-25.483626244754312,27.47521617820908,1.402383928234098,0.001,5000.0,-inf,0.6497081878527251,6.004429741091176,5.0,-2.5137364864349365,-4.983570620403545
6.965003728866577,30.55073145762148,-28.301383059399384,-6.283185307179586,0.0,27.47521617820908,-25.483626244754312,3.5916940025017285,0,30.55073145762148,0.0,30.55073145762148,30.55073145762148,-25.225867779986984,27.221249675364863,1.4083059974982715,0.001,5000.0,-inf,0.7318945774547405,0.588224567291068,5.0,-2.5137364864349365,0.0
6.975070476531982,29.800552133092257,-37.35226550476291,-6.283185307179586,0.0,27.221249675364863,-25.225867779986984,3.5587162767512113,0,29.800552133092257,0.0,29.800552133092257,29.800552133092257,-34.77296304703552,26.871199030791896,1.4412837232487887,0.001,5000.0,-inf,0.7192592383501697,3.275906662868522,5.0,-2.5137364864349365,0.0
6.985138654708862,29.800552133092257,-37.35226550476291,-6.283185307179586,0.0,26.871199030791896,-34.77296304703552,3.4142382338405106,0,29.800552133092257,0.0,29.800552133092257,29.800552133092257,-34.42291240246255,26.524623015356774,1.5857617661594894,0.001,5000.0,-inf,0.6523333145151528,14.349968819828161,5.0,-2.5137364864349365,0.0
6.995281934738159,29.144091166731716,-32.67041051104539,-6.283185307179586,0.0,26.524623015356774,-34.42291240246255,3.369218098125323,0,29.144091166731716,0.0,29.144091166731716,29.144091166731716,-30.050942359670447,26.219807891858377,1.630781901874677,0.001,5000.0,-inf,0.6101953425343065,4.438419878496479,5.0,-2.5137364864349365,0.0
7.005352973937988,28.793097921877244,-34.893042849567124,-6.283185307179586,0.0,26.219807891858377,-30.050942359670447,3.3702636812634688,0,28.793097921877244,0.0,28.793097921877244,28.793097921877244,-32.319752819548256,25.89431439428392,1.6297363187365312,0.001,5000.0,-inf,0.6991758082808759,0.10382077930582144,5.0,-2.5571377277374268,-4.3095097180464474
7.015417814254761,28.46416369719648,-32.62741242321007,-6.283185307179586,0.0,25.89431439428392,-32.319752819548256,3.3020064870042667,0,28.46416369719648,0.0,28.46416369719648,28.46416369719648,-30.05756312029751,25.591789821166813,1.6979935129957333,0.001,5000.0,-inf,0.6342582274527884,6.781746367645346,5.0,-2.5571377277374268,0.0
7.025485515594482,28.46416369719648,-32.62741242321007,-6.283185307179586,0.0,25.591789821166813,-30.05756312029751,3.2822749437603793,0,28.46416369719648,0.0,28.46416369719648,28.46416369719648,-29.7550385471804,25.292224979721894,1.7177250562396207,0.001,5000.0,-inf,0.6737916453232745,1.9598856360624668,5.0,-2.5571377277374268,0.0
7.035550117492676,27.675835335613687,-39.101355222205484,-6.283185307179586,0.0,25.292224979721894,-29.7550385471804,3.2433611116892616,0,27.675835335613687,0.0,27.675835335613687,27.675835335613687,-36.717744866313694,24.922675495043013,1.7566388883107384,0.001,5000.0,-inf,0.6479394148827096,3.866405493703925,5.0,-2.5571377277374268,0.0
7.0456223487854,27.675835335613687,-39.101355222205484,-6.283185307179586,0.0,24.922675495043013,-36.717744866313694,3.1219971206428854,0,27.675835335613687,0.0,27.675835335613687,27.675835335613687,-36.34819538163481,24.55656806408604,1.8780028793571146,0.001,5000.0,-inf,0.5881454733944387,12.049364983709223,5.0,-2.5945072174072266,-3.710150073379728
7.055692195892334,27.675835335613687,-39.101355222205484,-6.283185307179586,0.0,24.55656806408604,-36.34819538163481,3.074437575155698,0,27.675835335613687,0.0,27.675835335613687,27.675835335613687,-35.98208795067784,24.194233939834476,1.9255624248443022,0.001,5000.0,-inf,0.5432575772430891,4.72296599761087,5.0,-2.5945072174072266,0.0
7.0658485889434814,27.675835335613687,-39.101355222205484,-6.283185307179586,0.0,24.194233939834476,-35.98208795067784,3.027371872070048,0,27.675835335613687,0.0,27.675835335613687,27.675835335613687,-35.619753826426276,23.832465719588175,1.9726281279299518,0.001,5000.0,-inf,0.5057220510387266,4.634096263174077,5.0,-2.5945072174072266,0.0
7.07592248916626,26.15796760768468,-37.67345024068764,-6.283185307179586,0.0,23.832465719588175,-35.619753826426276,2.980347662478082,0,26.15796760768468,0.0,26.15796760768468,26.15796760768468,-35.34794835259114,23.47637401480425,2.019652337521918,0.001,5000.0,-inf,0.4708500439151612,4.667924890266326,5.0,-2.5945072174072266,0.0
7.085998296737671,26.15796760768468,-37.67345024068764,-6.283185307179586,0.0,23.47637401480425,-35.34794835259114,2.933212878546684,0,26.15796760768468,0.0,26.15796760768468,26.15796760768468,-34.99185664780721,23.12380280065454,2.066787121453316,0.001,5000.0,-inf,0.4391400958352082,4.6780154937790766,5.0,-2.6266820430755615,-3.19327512363645
7.096068859100342,26.15796760768468,-37.67345024068764,-6.283185307179586,0.0,23.12380280065454,-34.99185664780721,2.8874138256135637,0,26.15796760768468,0.0,26.15796760768468,26.15796760768468,-34.639285433657506,22.774965716496535,2.1125861743864363,0.001,5000.0,-inf,0.41479649704912464,4.547814837320912,5.0,-2.6266820430755615,0.0
7.106170654296875,25.06568192924613,-36.16125745082621,-6.283185307179586,0.0,22.774965716496535,-34.639285433657506,2.84210234597294,0,25.06568192924613,0.0,25.06568192924613,25.06568192924613,-33.87054123807662,22.432812445713754,2.15789765402706,0.001,5000.0,-inf,0.39489557210295156,4.485487852314984,5.0,-2.6266820430755615,0.0
7.116282224655151,25.06568192924613,-36.16125745082621,-6.283185307179586,0.0,22.432812445713754,-33.87054123807662,2.80188833001916,0,25.06568192924613,0.0,25.06568192924613,25.06568192924613,-33.52838796729384,22.093787791782876,2.19811166998084,0.001,5000.0,-inf,0.3933683901894446,3.9770297321686447,5.0,-2.6266820430755615,0.0
7.1263532638549805,24.45140140059433,-30.549084983771863,-6.283185307179586,0.0,22.093787791782876,-33.52838796729384,2.7578464111766645,0,24.45140140059433,0.0,24.45140140059433,24.45140140059433,-28.191471374960408,21.80987037846479,2.2421535888233355,0.001,5000.0,-inf,0.37923083899528687,4.373125550265238,5.0,-2.6266820430755615,0.0
7.136437892913818,24.173664314341405,-27.562138218833624,-6.283185307179586,0.0,21.80987037846479,-28.191471374960408,2.771467139235467,0,24.173664314341405,0.0,24.173664314341405,24.173664314341405,-25.19834428295701,21.55575442347428,2.228532860764533,0.001,5000.0,-inf,0.463898165169823,1.3506424459772979,5.0,-2.6543850898742676,-2.747056598420729
7.146509885787964,24.173664314341405,-27.562138218833624,-6.283185307179586,0.0,21.55575442347428,-25.19834428295701,2.7658221764568296,0,24.173664314341405,0.0,24.173664314341405,24.173664314341405,-24.9442283279665,21.304516333503944,2.2341778235431704,0.001,5000.0,-inf,0.5655601494206787,0.5604613554808907,5.0,-2.6543850898742676,0.0
7.156543731689453,24.173664314341405,-27.562138218833624,-6.283185307179586,0.0,21.304516333503944,-24.9442283279665,2.733190003410887,0,24.173664314341405,0.0,24.173664314341405,24.173664314341405,-24.692990237996163,21.056750674608914,2.266809996589113,0.001,5000.0,-inf,0.5703218152536726,3.25220990698084,5.0,-2.6543850898742676,0.0
7.166620969772339,23.478430696025285,-23.028794837020946,-6.283185307179586,0.0,21.056750674608914,-24.692990237996163,2.7010151920652867,0,23.478430696025285,0.0,23.478430696025285,23.478430696025285,-20.607114815604575,20.849087872410703,2.2989848079347133,0.001,5000.0,-inf,0.5765209763345199,3.192820401876101,5.0,-2.6543850898742676,0.0
7.176689147949219,23.478430696025285,-23.028794837020946,-6.283185307179586,0.0,20.849087872410703,-20.607114815604575,2.7128011539814527,0,23.478430696025285,0.0,23.478430696025285,23.478430696025285,-20.399452013406364,20.643702554829012,2.2871988460185473,0.001,5000.0,-inf,0.64726016828206,1.170615150934729,5.0,-2.6543850898742676,0.0
7.1867594718933105,23.086159697252743,-19.452174448885835,-6.283185307179586,0.0,20.643702554829012,-20.399452013406364,2.6861238375419982,0,23.086159697252743,0.0,23.086159697252743,23.086159697252743,-17.009717306462104,20.472409191355514,2.3138761624580018,0.001,5000.0,-inf,0.6632853055887084,2.649102113056245,5.0,-2.6782376766204834,-2.368601733036602
7.196826219558716,23.086159697252743,-19.452174448885835,-6.283185307179586,0.0,20.472409191355514,-17.009717306462104,2.696040113725151,0,23.086159697252743,0.0,23.086159697252743,23.086159697252743,-16.838423942988605,20.302901026438327,2.303959886274849,0.001,5000.0,-inf,0.7313273016532162,0.9850526220330776,5.0,-2.6782376766204834,0.0
7.2068939208984375,22.74972458475154,-16.75983583666971,-6.283185307179586,0.0,20.302901026438327,-16.838423942988605,2.6740219042714797,0,22.74972458475154,0.0,22.74972458475154,22.74972458475154,-14.313012278356496,20.158801893548066,2.3259780957285203,0.001,5000.0,-inf,0.7538352133219297,2.1870145637713247,5.0,-2.6782376766204834,0.0
7.216963052749634,22.597132536919553,-15.14905880964543,-6.283185307179586,0.0,20.158801893548066,-14.313012278356496,2.6791021423131647,0,22.597132536919553,0.0,22.597132536919553,22.597132536919553,-12.710728166273944,20.030815895717136,2.3208978576868353,0.001,5000.0,-inf,0.828305536681051,0.5045358544074913,5.0,-2.6782376766204834,0.0
7.227034091949463,22.597132536919553,-15.14905880964543,-6.283185307179586,0.0,20.030815895717136,-12.710728166273944,2.67720694373766,0,22.597132536919553,0.0,22.597132536919553,22.597132536919553,-12.582742168443014,19.904094606097406,2.32279305626234,0.001,5000.0,-inf,0.8954749830129459,0.18818302043118315,5.0,-2.6782376766204834,0.0
7.237114906311035,22.272155963228933,-16.12562309009978,-6.283185307179586,0.0,19.904094606097406,-12.582742168443014,2.660745823169207,0,22.272155963228933,0.0,22.272155963228933,22.272155963228933,-13.757561732968252,19.76540718019948,2.339254176830793,0.001,5000.0,-inf,0.9194224215774149,1.6329157524418176,5.0,-2.698775291442871,-2.0372971950238874
7.247181415557861,22.272155963228933,-16.12562309009978,-6.283185307179586,0.0,19.76540718019948,-13.757561732968252,2.629581387898245,0,22.272155963228933,0.0,22.272155963228933,22.272155963228933,-13.618874307070328,19.628312656055996,2.370418612101755,0.001,5000.0,-inf,0.8938360194523219,3.09585324036608,5.0,-2.698775291442871,0.0
7.257247686386108,22.272155963228933,-16.12562309009978,-6.283185307179586,0.0,19.628312656055996,-13.618874307070328,2.6117750287771364,0,22.272155963228933,0.0,22.272155963228933,22.272155963228933,-13.481779782926843,19.49260140951427,2.3882249712228636,0.001,5000.0,-inf,0.9135652151058106,1.7689131779707339,5.0,-2.698775291442871,0.0
7.267315626144409,21.860669581602064,-13.649080858559245,-6.283185307179586,0.0,19.49260140951427,-13.481779782926843,2.5941463995027294,0,21.860669581602064,0.0,21.860669581602064,21.860669581602064,-11.281012686471449,19.379024853374247,2.4058536004972706,0.001,5000.0,-inf,0.9318997601302114,1.7509669006384956,5.0,-2.698775291442871,0.0
7.277431964874268,21.71210613435511,-14.79147010329908,-6.283185307179586,0.0,19.379024853374247,-11.281012686471449,2.6002533526076803,0,21.71210613435511,0.0,21.71210613435511,21.71210613435511,-12.458388822318216,19.252991572019393,2.3997466473923197,0.001,5000.0,-inf,0.9853692333866884,0.603672264050058,5.0,-2.698775291442871,0.0
7.287503480911255,21.572501427651098,-13.831217190208626,-6.283185307179586,0.0,19.252991572019393,-12.458388822318216,2.570834931859533,0,21.572501427651098,0.0,21.572501427651098,21.572501427651098,-11.511707334576922,19.1370512269861,2.429165068140467,0.001,5000.0,-inf,0.9588238380405216,2.920952579543039,5.0,-2.716458320617676,-1.755746514215373
7.297571182250977,21.572501427651098,-13.831217190208626,-6.283185307179586,0.0,19.1370512269861,-11.511707334576922,2.564070098432285,0,21.572501427651098,0.0,21.572501427651098,21.572501427651098,-11.395766989543628,19.022322048398316,2.435929901567715,0.001,5000.0,-inf,1.0074013503746968,0.6719342577791555,5.0,-2.716458320617676,0.0
7.307636022567749,21.18037225027847,-19.50232382159877,-5.102008751467162,58.74515085648545,19.022322048398316,-11.395766989543628,2.549167416880328,0,21.18037225027847,0.0,21.18037225027847,21.18037225027847,-17.344273619718617,18.84775470400544,2.450832583119672,0.001,5000.0,-inf,1.0250619304995874,1.4806674604784742,5.0,-2.716458320617676,0.0
7.31770658493042,21.18037225027847,-19.50232382159877,-5.102008751467162,58.74515085648545,18.84775470400544,-17.344273619718617,2.4652429223635757,0,21.18037225027847,0.0,21.18037225027847,21.18037225027847,-17.16970627532574,18.674846106211028,2.5347570776364243,0.001,5000.0,-inf,0.9275557374496287,8.333645281602152,5.0,-2.716458320617676,0.0
7.327935695648193,20.836774396182946,-17.05346066436639,-3.0840115849873433,100.15730566756957,18.674846106211028,-17.16970627532574,2.442781392116287,0,20.836774396182946,0.0,20.836774396182946,20.836774396182946,-14.891532374394473,18.52251897279604,2.557218607883713,0.001,5000.0,-inf,0.9301563050976626,2.1958438878035498,5.0,-2.7316837310791016,-1.4884393063583814
7.3380067348480225,20.643196859809482,-19.162686691559188,-1.962382399370978,111.0326594228809,18.52251897279604,-14.891532374394473,2.444237332447501,0,20.643196859809482,0.0,20.643196859809482,20.643196859809482,-17.042008804545745,18.350888234081626,2.555762667552499,0.001,5000.0,-inf,0.9871406745878963,0.1445670404339677,5.0,-2.7316837310791016,0.0
7.348075866699219,20.643196859809482,-19.162686691559188,-1.962382399370978,111.0326594228809,18.350888234081626,-17.042008804545745,2.3987042647259704,0,20.643196859809482,0.0,20.643196859809482,20.643196859809482,-16.870378065831332,18.18101817295724,2.6012957352740296,0.001,5000.0,-inf,0.9088273781369313,4.522045037688205,5.0,-2.7316837310791016,0.0
7.358142375946045,20.643196859809482,-19.162686691559188,-1.962382399370978,111.0326594228809,18.18101817295724,-16.870378065831332,2.3766387635557007,0,20.643196859809482,0.0,20.643196859809482,20.643196859809482,-16.700508004706947,18.012902354701165,2.6233612364442993,0.001,5000.0,-inf,0.9134255593071922,2.191971479808323,5.0,-2.7316837310791016,0.0
7.368224382400513,20.643196859809482,-19.162686691559188,-1.962382399370978,111.0326594228809,18.012902354701165,-16.700508004706947,2.3548012496110937,0,20.643196859809482,0.0,20.643196859809482,20.643196859809482,-16.53239218645087,17.846222669969574,2.6451987503889063,0.001,5000.0,-inf,0.9184011392220125,2.1659888875522224,5.0,-2.7316837310791016,0.0
7.378296136856079,19.85377009773969,-19.62968392947733,2.77303411342299,117.74965568288569,17.846222669969574,-16.53239218645087,2.333147251931232,0,19.85377009773969,0.0,19.85377009773969,19.85377009773969,-17.622136501707214,17.668736838141903,2.666852748068768,0.001,5000.0,-inf,0.9233952365104925,2.1499727555305834,5.0,-2.744793176651001,-1.3016049616513587
7.388387203216553,19.85377009773969,-19.62968392947733,2.77303411342299,117.74965568288569,17.668736838141903,-17.622136501707214,2.2974017923227947,0,19.85377009773969,0.0,19.85377009773969,19.85377009773969,-17.444650669879543,17.49270171059687,2.7025982076772053,0.001,5000.0,-inf,0.8830264445702073,3.5422876365624956,5.0,-2.744793176651001,0.0
7.398455381393433,19.85377009773969,-19.62968392947733,2.77303411342299,117.74965568288569,17.49270171059687,-17.444650669879543,2.2745317327847663,0,19.85377009773969,0.0,19.85377009773969,19.85377009773969,-17.26861554233451,17.318838212448608,2.7254682672152337,0.001,5000.0,-inf,0.887641516379335,2.2715191503609105,5.0,-2.744793176651001,0.0
7.408524036407471,19.38667797908565,-15.506655334682453,5.574909902218086,93.01745932394414,17.318838212448608,-17.26861554233451,2.25195119431946,0,19.38667797908565,0.0,19.38667797908565,19.38667797908565,-13.43881556804541,17.183527414696673,2.74804880568054,0.001,5000.0,-inf,0.8927250874146236,2.242656882555173,5.0,-2.744793176651001,0.0
7.418570280075073,19.217773667417784,-16.64519231328628,6.283185307179586,69.79916740987385,17.183527414696673,-13.43881556804541,2.27130568237708,0,19.217773667417784,0.0,19.217773667417784,19.217773667417784,-14.610946060565169,17.03674229035804,2.72869431762292,0.001,5000.0,-inf,0.9074862968975036,1.9265397792445513,5.0,-2.636045217514038,10.824738353466074
7.428640604019165,19.217773667417784,-16.64519231328628,6.283185307179586,69.79916740987385,17.03674229035804,-14.610946060565169,2.239034460044474,0,19.217773667417784,0.0,19.217773667417784,19.217773667417784,-14.464160936226534,16.89108350415076,2.760965539955526,0.001,5000.0,-inf,0.8795898858386424,3.204586318351716,5.0,-2.636045217514038,0.0
7.4387125968933105,19.217773667417784,-16.64519231328628,6.283185307179586,69.79916740987385,16.89108350415076,-14.464160936226534,2.2201100812188415,0,19.217773667417784,0.0,19.217773667417784,19.217773667417784,-14.318502150019256,16.746867652527328,2.7798899187811585,0.001,5000.0,-inf,0.8971993185966836,1.8789110618029379,5.0,-2.636045217514038,0.0
7.448780298233032,18.699384260728873,-17.228864992337034,6.283185307179586,0.0,16.746867652527328,-14.318502150019256,2.2013764498536337,0,18.699384260728873,0.0,18.699384260728873,18.699384260728873,-15.276348384135488,16.59306993943431,2.7986235501463663,0.001,5000.0,-inf,0.9136324982502156,1.8607655047627456,5.0,-2.636045217514038,0.0
7.458845376968384,18.699384260728873,-17.228864992337034,6.283185307179586,0.0,16.59306993943431,-15.276348384135488,2.1702663076794493,0,18.699384260728873,0.0,18.699384260728873,18.699384260728873,-15.122550671042472,16.440860276250927,2.8297336923205507,0.001,5000.0,-inf,0.8887847238876108,3.090899037373278,5.0,-2.636045217514038,0.0
7.468912601470947,18.39508770758742,-15.017028273904343,6.283185307179586,0.0,16.440860276250927,-15.122550671042472,2.150494931964705,0,18.39508770758742,0.0,18.39508770758742,18.39508770758742,-13.062800842567848,16.309354127536523,2.849505068035295,0.001,5000.0,-inf,0.9027350088929744,1.9639351153547522,5.0,-2.636045217514038,0.0
7.478986501693726,18.39508770758742,-15.017028273904343,6.283185307179586,0.0,16.309354127536523,-13.062800842567848,2.152681569429435,0,18.39508770758742,0.0,18.39508770758742,18.39508770758742,-12.931294693853443,16.1790855550393,2.847318430570565,0.001,5000.0,-inf,0.962461508003677,0.21705967067111284,5.0,-1.8768746852874756,75.36014010839467
7.489054918289185,18.13254107085628,-13.1309446195338,6.283185307179586,0.0,16.1790855550393,-12.931294693853443,2.135759030766968,0,18.13254107085628,0.0,18.13254107085628,18.13254107085628,-11.17748910371682,16.066545938251878,2.864240969233032,0.001,5000.0,-inf,0.9781688163960348,1.6807547147085187,5.0,-1.8768746852874756,0.0
7.499125719070435,18.032034057911947,-9.981695982299783,6.283185307179586,0.0,16.066545938251878,-11.17748910371682,2.137541540318095,0,18.032034057911947,0.0,18.032034057911947,18.032034057911947,-8.016207862639714,15.985816305846143,2.862458459681905,0.001,5000.0,-inf,1.0303519347564314,0.17699779688281883,5.0,-1.8768746852874756,0.0
7.50919246673584,18.032034057911947,-9.981695982299783,6.283185307179586,0.0,15.985816305846143,-8.016207862639714,2.1578522041920634,0,18.032034057911947,0.0,18.032034057911947,18.032034057911947,-7.935478230233979,15.90593184889806,2.8421477958079366,0.001,5000.0,-inf,1.0284163167320823,2.0175993825460448,5.0,-1.8768746852874756,0.0
7.5192625522613525,18.032034057911947,-9.981695982299783,6.283185307179586,0.0,15.90593184889806,-7.935478230233979,2.147475676543389,0,18.032034057911947,0.0,18.032034057911947,18.032034057911947,-7.8555937732858965,15.826825347747386,2.852524323456611,0.001,5000.0,-inf,1.0584830215814744,1.030430935505503,5.0,-1.223220944404602,64.91044581764804
7.529364347457886,17.856400890519723,-5.8242192290277295,6.283185307179586,0.0,15.826825347747386,-7.8555937732858965,2.1371996109517752,0,17.856400890519723,0.0,17.856400890519723,17.856400890519723,-3.7946436862553927,15.788492634385015,2.8628003890482248,0.001,5000.0,-inf,1.0859677289573302,1.0172514282550742,5.0,-1.223220944404602,0.0
7.539432764053345,17.856400890519723,-5.8242192290277295,6.283185307179586,0.0,15.788492634385015,-3.7946436862553927,2.1724425319513485,0,17.856400890519723,0.0,17.856400890519723,17.856400890519723,-3.756310972893022,15.750672530647833,2.8275574680486515,0.001,5000.0,-inf,1.030693206934183,3.5003439384369917,5.0,-1.223220944404602,0.0
7.549500226974487,17.856400890519723,-5.8242192290277295,6.283185307179586,0.0,15.750672530647833,-3.756310972893022,2.1675310445617666,0,17.856400890519723,0.0,17.856400890519723,17.856400890519723,-3.71849086915584,15.7132367617,2.8324689554382334,0.001,5000.0,-inf,1.0776238862407648,0.48785750968770386,5.0,-1.223220944404602,0.0
7.559573411941528,17.712562042218398,-4.762837448670488,6.283185307179586,0.0,15.7132367617,-3.71849086915584,2.1626682379464417,0,17.712562042218398,0.0,17.712562042218398,17.712562042218398,-2.763512168152089,15.685399392471535,2.8373317620535583,0.001,5000.0,-inf,1.1198614976166883,0.4827476742694364,5.0,-1.223220944404602,0.0
7.5696423053741455,17.69704289865782,-1.5425011472474404,6.283185307179586,0.0,15.685399392471535,-2.763512168152089,2.168320793264494,0,17.69704289865782,0.0,17.69704289865782,17.69704289865782,0.4691423589388448,15.690123136888417,2.831679206735506,0.001,5000.0,-inf,1.1558972920879043,0.5613879376001265,5.0,-0.6604188084602356,55.89513283765865
7.579710960388184,17.69704289865782,-1.5425011472474404,6.283185307179586,0.0,15.690123136888417,0.4691423589388448,2.201308662753767,0,17.69704289865782,0.0,17.69704289865782,17.69704289865782,0.46441861452196265,15.694799207700136,2.798691337246233,0.001,5000.0,-inf,1.100849215126154,3.2762935509539273,5.0,-0.6604188084602356,0.0
7.589783430099487,17.69704289865782,-1.5425011472474404,6.283185307179586,0.0,15.694799207700136,0.46441861452196265,2.201916075223239,0,17.69704289865782,0.0,17.69704289865782,17.69704289865782,0.4597425437102436,15.699429950546655,2.798083924776761,0.001,5000.0,-inf,1.1407642936135387,0.06030422397699282,5.0,-0.6604188084602356,0.0
7.599850654602051,17.753093757945884,1.8595705191685032,6.283185307179586,0.0,15.699429950546655,0.4597425437102436,2.2025176185136344,0,17.753093757945884,0.0,17.753093757945884,17.753093757945884,3.913234326567732,15.73882535904335,2.7974823814863656,0.001,5000.0,-inf,1.1766878642521847,0.05975264485680613,5.0,-0.6604188084602356,0.0
7.610002040863037,17.753093757945884,1.8595705191685032,6.283185307179586,0.0,15.73882535904335,3.913234326567732,2.2425678935317466,0,17.753093757945884,0.0,17.753093757945884,17.753093757945884,3.873838918071037,15.778150194213529,2.7574321064682534,0.001,5000.0,-inf,1.0980038213153231,3.9453010641544477,5.0,-0.17584079504013062,47.73515665367091
7.620095729827881,17.753093757945884,1.8595705191685032,6.283185307179586,0.0,15.778150194213529,3.873838918071037,2.2476794163706044,0,17.753093757945884,0.0,17.753093757945884,17.753093757945884,3.834514082900858,15.81685458669764,2.7523205836293956,0.001,5000.0,-inf,1.1379969655762419,0.5064078016135876,5.0,-0.17584079504013062,0.0
7.63016152381897,17.899202934854443,4.841108992513329,6.283185307179586,0.0,15.81685458669764,3.834514082900858,2.2527047829666786,0,17.899202934854443,0.0,17.899202934854443,17.899202934854443,6.923457340670131,15.886544681994918,2.7472952170333214,0.001,5000.0,-inf,1.1741972690186175,0.4992518822184441,5.0,-0.17584079504013062,0.0
7.640286684036255,17.899202934854443,4.841108992513329,6.283185307179586,0.0,15.886544681994918,6.923457340670131,2.2933508288859903,0,17.899202934854443,0.0,17.899202934854443,17.899202934854443,6.853767245372854,15.9559401734463,2.7066491711140097,0.001,5000.0,-inf,1.0935370285660817,4.014360765365747,5.0,-0.17584079504013062,0.0
7.650352478027344,17.899202934854443,4.841108992513329,6.283185307179586,0.0,15.9559401734463,6.853767245372854,2.3023692967362104,0,17.899202934854443,0.0,17.899202934854443,17.899202934854443,6.784371753921473,16.024230261880234,2.6976307032637896,0.001,5000.0,-inf,1.121424873681202,0.8959519594980822,5.0,-0.17584079504013062,0.0
7.660420894622803,17.899202934854443,4.841108992513329,6.283185307179586,0.0,16.024230261880234,6.784371753921473,2.3112359542024477,0,17.899202934854443,0.0,17.899202934854443,17.899202934854443,6.716081665487538,16.09185056997749,2.6887640457975523,0.001,5000.0,-inf,1.1470172970021444,0.8806407027532288,5.0,0.24138574302196503,41.43914130949562
7.670683860778809,18.13445054295539,5.847561493023037,6.283185307179586,0.0,16.09185056997749,6.716081665487538,2.320019896451724,0,18.13445054295539,0.0,18.13445054295539,18.13445054295539,7.890161466000937,16.17282703006848,2.679980103548276,0.001,5000.0,-inf,1.1708480880873087,0.8558872859710062,5.0,0.24138574302196503,0.0
7.6807520389556885,18.13445054295539,5.847561493023037,6.283185307179586,0.0,16.17282703006848,7.890161466000937,2.3430973988695967,0,18.13445054295539,0.0,18.13445054295539,18.13445054295539,7.809185005909947,16.2514512961242,2.6569026011304033,0.001,5000.0,-inf,1.146017094841408,2.292122965291479,5.0,0.24138574302196503,0.0
7.6908276081085205,18.13445054295539,5.847561493023037,6.283185307179586,0.0,16.2514512961242,7.809185005909947,2.3532950315164873,0,18.13445054295539,0.0,18.13445054295539,18.13445054295539,7.730560739854227,16.32934109544877,2.6467049684835127,0.001,5000.0,-inf,1.1649139085039217,1.0121147988969261,5.0,0.24138574302196503,0.0
7.700932264328003,18.430808034610003,9.805496798669305,6.283185307179586,0.0,16.32934109544877,7.730560739854227,2.3634133607613697,0,18.430808034610003,0.0,18.430808034610003,18.430808034610003,11.906963737830539,16.44965687063739,2.6365866392386303,0.001,5000.0,-inf,1.1822678053299362,1.0013531410770347,5.0,0.24138574302196503,0.0
7.711017847061157,18.430808034610003,9.805496798669305,6.283185307179586,0.0,16.44965687063739,11.906963737830539,2.4220215992675405,0,18.430808034610003,0.0,18.430808034610003,18.430808034610003,11.786647962641917,16.56853208381118,2.5779784007324595,0.001,5000.0,-inf,1.0690410247969426,5.811090946040051,5.0,0.6006217002868652,35.61876063779491
7.721091270446777,18.430808034610003,9.805496798669305,6.283185307179586,0.0,16.56853208381118,11.786647962641917,2.437460971359985,0,18.430808034610003,0.0,18.430808034610003,18.430808034610003,11.667772749468126,16.686066498683775,2.562539028640015,0.001,5000.0,-inf,1.0788615577993794,1.5326837264166249,5.0,0.6006217002868652,0.0
7.731163501739502,18.749942052375097,10.589922999162988,6.283185307179586,0.0,16.686066498683775,11.667772749468126,2.4527270373104098,0,18.749942052375097,0.0,18.749942052375097,18.749942052375097,12.65379855285431,16.813518484439665,2.5472729626895902,0.001,5000.0,-inf,1.088248618604739,1.5156587956286993,5.0,0.6006217002868652,0.0
7.741241216659546,18.749942052375097,10.589922999162988,6.283185307179586,0.0,16.813518484439665,12.65379855285431,2.4804305733500964,0,18.749942052375097,0.0,18.749942052375097,18.749942052375097,12.52634656709842,16.939755434132554,2.5195694266499036,0.001,5000.0,-inf,1.0569563059795426,2.74898985131898,5.0,0.6006217002868652,0.0
7.75127911567688,18.93010065656197,8.94777920870837,6.283185307179586,0.0,16.939755434132554,12.52634656709842,2.496829226449542,0,18.93010065656197,0.0,18.93010065656197,18.93010065656197,10.938124431137785,17.04955122261135,2.503170773550458,0.001,5000.0,-inf,1.0647311847688723,1.6336738466015341,5.0,0.6006217002868652,0.0
7.761314392089844,18.93010065656197,8.94777920870837,6.283185307179586,0.0,17.04955122261135,10.938124431137785,2.4963184154769666,0,18.93010065656197,0.0,18.93010065656197,18.93010065656197,10.82832864265899,17.158216493630846,2.5036815845230334,0.001,5000.0,-inf,1.108258066291985,0.050901534900988636,5.0,0.9099274277687073,30.82184433726925
7.771385669708252,19.16258801797101,11.553312361169032,6.283185307179586,0.0,17.158216493630846,10.82832864265899,2.5104335955349084,0,19.16258801797101,0.0,19.16258801797101,19.16258801797101,13.557683885509197,17.294759691904428,2.4895664044650916,0.001,5000.0,-inf,1.1183830161727735,1.4015282462417828,5.0,0.9099274277687073,0.0
7.781519174575806,19.16258801797101,11.553312361169032,6.283185307179586,0.0,17.294759691904428,13.557683885509197,2.556843195721712,0,19.16258801797101,0.0,19.16258801797101,19.16258801797101,13.421140687235615,17.430762886386653,2.443156804278288,0.001,5000.0,-inf,1.0250839371631706,4.579817229416999,5.0,0.9099274277687073,0.0
7.791588544845581,19.367723396840475,10.096460139098557,6.283185307179586,0.0,17.430762886386653,13.421140687235615,2.574518210966488,0,19.367723396840475,0.0,19.367723396840475,19.367723396840475,12.03342064955238,17.551931854518955,2.425481789033512,0.001,5000.0,-inf,1.0321261891326479,1.7553247890615584,5.0,0.9099274277687073,0.0
7.8016581535339355,19.47378899102965,10.686829681225076,6.283185307179586,0.0,17.551931854518955,12.03342064955238,2.577604666128178,0,19.47378899102965,0.0,19.47378899102965,19.47378899102965,12.608686817735771,17.678896396847566,2.422395333871822,0.001,5000.0,-inf,1.0789135702193833,0.3065119268496802,5.0,1.176242709159851,26.447431040606133
7.811784267425537,19.47378899102965,10.686829681225076,6.283185307179586,0.0,17.678896396847566,12.608686817735771,2.601132363736017,0,19.47378899102965,0.0,19.47378899102965,19.47378899102965,12.48172227540716,17.80528773817168,2.398867636263983,0.001,5000.0,-inf,1.0622660347626813,2.3234676065961124,5.0,1.176242709159851,0.0
7.821854591369629,19.47378899102965,10.686829681225076,6.283185307179586,0.0,17.80528773817168,12.48172227540716,2.617557506098107,0,19.47378899102965,0.0,19.47378899102965,19.47378899102965,12.355330934083048,17.929709923114352,2.382442493901893,0.001,5000.0,-inf,1.069594677247485,1.6310440908632902,5.0,1.176242709159851,0.0
7.831926345825195,19.84865605007622,12.425959862386927,6.283185307179586,0.0,17.929709923114352,12.355330934083048,2.63371269857684,0,19.84865605007622,0.0,19.84865605007622,19.84865605007622,14.344905989348794,18.074188293927257,2.36628730142316,0.001,5000.0,-inf,1.0770615615991586,1.6040097631455166,5.0,1.176242709159851,0.0
7.841994524002075,19.84865605007622,12.425959862386927,6.283185307179586,0.0,18.074188293927257,14.344905989348794,2.673835421043304,0,19.84865605007622,0.0,19.84865605007622,19.84865605007622,14.200427618535889,18.217160729378563,2.326164578956696,0.001,5000.0,-inf,1.0070576567981708,3.985102544033263,5.0,1.176242709159851,0.0
7.852190017700195,20.06005659553251,10.497829267365665,6.283185307179586,0.0,18.217160729378563,14.200427618535889,2.6924067782983583,0,20.06005659553251,0.0,20.06005659553251,20.06005659553251,12.340725133519614,18.342980514707595,2.3075932217016417,0.001,5000.0,-inf,1.0137693854062826,1.8215260393401405,5.0,1.4055427312850952,22.490330425835417
7.862350940704346,20.06005659553251,10.497829267365665,6.283185307179586,0.0,18.342980514707595,12.340725133519614,2.6914245233942595,0,20.06005659553251,0.0,20.06005659553251,20.06005659553251,12.214905348190582,18.467095227453544,2.3085754766057405,0.001,5000.0,-inf,1.0623924468656543,0.09666985014034044,5.0,1.4055427312850952,0.0
7.872426509857178,20.27721970864185,10.803303372793437,6.283185307179586,0.0,18.467095227453544,12.214905348190582,2.7075423853254024,0,20.27721970864185,0.0,20.27721970864185,20.27721970864185,12.613427853981744,18.594182692050595,2.2924576146745976,0.001,5000.0,-inf,1.0707185076871089,1.599697415268342,5.0,1.4055427312850952,0.0
7.8826234340667725,20.27721970864185,10.803303372793437,6.283185307179586,0.0,18.594182692050595,12.613427853981744,2.7293198554269007,0,20.27721970864185,0.0,20.27721970864185,20.27721970864185,12.486340389384694,18.721504958656347,2.2706801445730993,0.001,5000.0,-inf,1.0609410869770008,2.1356901016295646,5.0,1.4055427312850952,0.0
7.892690896987915,20.4673169524428,9.447769720987438,6.283185307179586,0.0,18.721504958656347,12.486340389384694,2.7458740981057357,0,20.4673169524428,0.0,20.4673169524428,20.4673169524428,11.193581714773892,18.83419592752461,2.2541259018942643,0.001,5000.0,-inf,1.0679740863207012,1.64433112974964,5.0,1.6029725074768066,19.61067825510349
7.9028379917144775,20.57089978866386,10.285948773458326,6.283185307179586,0.0,18.83419592752461,11.193581714773892,2.748723247001185,0,20.57089978866386,0.0,20.57089978866386,20.57089978866386,12.022652634597573,18.956190922672427,2.251276752998815,0.001,5000.0,-inf,1.1111766776886312,0.2807846947551243,5.0,1.6029725074768066,0.0
7.912905931472778,20.57089978866386,10.285948773458326,6.283185307179586,0.0,18.956190922672427,12.022652634597573,2.774093255520116,0,20.57089978866386,0.0,20.57089978866386,20.57089978866386,11.900657639449758,19.07600602687057,2.225906744479884,0.001,5000.0,-inf,1.084973960554981,2.519880842355461,5.0,1.6029725074768066,0.0
7.922981023788452,20.890221785784856,15.858734101553383,6.283185307179586,0.0,19.07600602687057,11.900657639449758,2.7896474201563777,0,20.890221785784856,0.0,20.890221785784856,20.890221785784856,17.672949860467668,19.254062628205055,2.2103525798436223,0.001,5000.0,-inf,1.0928422505874449,1.543823535201179,5.0,1.6029725074768066,0.0
7.933057546615601,20.890221785784856,15.858734101553383,6.283185307179586,0.0,19.254062628205055,17.672949860467668,2.8722982665533845,0,20.890221785784856,0.0,20.890221785784856,20.890221785784856,17.494893259133185,19.430350319489236,2.1277017334466155,0.001,5000.0,-inf,0.9885580255287004,8.202318182054498,5.0,1.7729613780975342,16.869794624266515
7.943129777908325,20.890221785784856,15.858734101553383,6.283185307179586,0.0,19.430350319489236,17.494893259133185,2.895197977319825,0,20.890221785784856,0.0,20.890221785784856,20.890221785784856,17.318605567849005,19.604787320436078,2.104802022680175,0.001,5000.0,-inf,0.9825545349493711,2.273548938752186,5.0,1.7729613780975342,0.0
7.953199863433838,20.890221785784856,15.858734101553383,6.283185307179586,0.0,19.604787320436078,17.318605567849005,2.9178562805395414,0,20.890221785784856,0.0,20.890221785784856,20.890221785784856,17.14416856690216,19.77743056416859,2.0821437194604586,0.001,5000.0,-inf,0.9779082381705728,2.2500606536370698,5.0,1.7729613780975342,0.0
7.963271141052246,20.890221785784856,15.858734101553383,6.283185307179586,0.0,19.77743056416859,17.14416856690216,2.9402819646526246,0,20.890221785784856,0.0,20.890221785784856,20.890221785784856,16.97152532316965,19.948355507306076,2.0597180353473754,0.001,5000.0,-inf,0.9744793984565147,2.2266970450793373,5.0,1.7729613780975342,0.0
7.973348617553711,21.7068406737652,16.194705710368456,6.283185307179586,0.0,19.948355507306076,16.97152532316965,2.9624850242545473,0,21.7068406737652,0.0,21.7068406737652,21.7068406737652,17.95319087682758,20.12927836649362,2.0375149757454527,0.001,5000.0,-inf,0.9721494078522935,2.2032360580245767,5.0,1.7729613780975342,0.0
7.983415842056274,21.7068406737652,16.194705710368456,6.283185307179586,0.0,20.12927836649362,17.95319087682758,2.9976308800773825,0,21.7068406737652,0.0,21.7068406737652,21.7068406737652,17.772268017640037,20.30819577854693,2.0023691199226175,0.001,5000.0,-inf,0.928554039301178,3.491116723768885,5.0,1.9193235635757446,14.538484310242747
7.993484973907471,22.211953388238165,25.217481565529173,6.283185307179586,0.0,20.30819577854693,17.772268017640037,3.0208700891729707,0,22.211953388238165,0.0,22.211953388238165,22.211953388238165,27.121239175220406,20.581283111770055,1.9791299108270293,0.001,5000.0,-inf,0.9274419687220891,2.3079655166922053,5.0,1.9193235635757446,0.0
8.00355339050293,22.211953388238165,25.217481565529173,6.283185307179586,0.0,20.581283111770055,27.121239175220406,3.1525920274000123,0,22.211953388238165,0.0,22.211953388238165,22.211953388238165,26.848151841997282,20.851601489333422,1.8474079725999877,0.001,5000.0,-inf,0.8396977718498801,13.082686535482678,5.0,1.9193235635757446,0.0
8.013628005981445,22.655400235007797,22.060072387333644,6.283185307179586,0.0,20.851601489333422,26.848151841997282,3.187705726926652,0,22.655400235007797,0.0,22.655400235007797,22.655400235007797,23.86387113300802,21.092020814827325,1.812294273073348,0.001,5000.0,-inf,0.8095329406817076,3.485363744305729,5.0,1.9193235635757446,0.0
8.023790121078491,22.655400235007797,22.060072387333644,6.283185307179586,0.0,21.092020814827325,23.86387113300802,3.191521625405906,0,22.655400235007797,0.0,22.655400235007797,22.655400235007797,23.623451807514115,21.3320850510848,1.808478374594094,0.001,5000.0,-inf,0.8785796466135368,0.3755023873291183,5.0,2.045342445373535,12.400851652863478
8.033944845199585,23.16642917572309,25.38533463798077,6.283185307179586,0.0,21.3320850510848,23.623451807514115,3.2227264252270134,0,23.16642917572309,0.0,23.16642917572309,23.16642917572309,27.219678762619058,21.60849337958399,1.7772735747729866,0.001,5000.0,-inf,0.857816021928464,3.072934276598184,5.0,2.045342445373535,0.0
8.044052839279175,23.16642917572309,25.38533463798077,6.283185307179586,0.0,21.60849337958399,27.219678762619058,3.2973858607679496,0,23.16642917572309,0.0,23.16642917572309,23.16642917572309,26.943270434119867,21.88083579761686,1.7026141392320504,0.001,5000.0,-inf,0.7770344197356176,7.386177213111874,5.0,2.045342445373535,0.0
8.054242372512817,23.61269446142429,22.199227592036017,5.004046606533054,-63.63006948393033,21.88083579761686,26.943270434119867,3.3327497160075596,0,23.61269446142429,0.0,23.61269446142429,23.61269446142429,23.931086255843447,22.124682396337946,1.6672502839924404,0.001,5000.0,-inf,0.753611450900179,3.470606006058248,5.0,2.045342445373535,0.0
8.064310550689697,22.054548709474712,-152.16505529779806,2.869123858637135,-208.49181636803755,22.124682396337946,23.931086255843447,3.3367663980457474,0,22.054548709474712,0.0,22.054548709474712,22.054548709474712,-100.0,21.117864578649957,1.6632336019542526,0.001,5000.0,-inf,0.8282503058101611,0.3989482474010496,5.0,2.1538469791412354,10.77697790617822
8.074378490447998,22.054548709474712,-152.16505529779806,2.869123858637135,-208.49181636803755,21.117864578649957,-100.0,1.9565010410109944,0,22.054548709474712,0.0,22.054548709474712,22.054548709474712,-100.0,20.11107060281988,3.0434989589890056,0.001,5000.0,-inf,0.750425275229145,137.0951148070544,5.0,2.1538469791412354,0.0
8.084445476531982,19.309410469320895,-137.67720077998467,-0.8921790025941716,-188.64100963857365,20.11107060281988,-100.0,1.8155498843947835,0,19.309410469320895,0.0,19.309410469320895,19.309410469320895,-100.0,19.10437199442144,3.1844501156052165,0.001,5000.0,-inf,0.6803827477062305,14.00132625994695,5.0,2.1538469791412354,0.0
8.094517707824707,19.309410469320895,-137.67720077998467,-0.8921790025941716,-188.64100963857365,19.10437199442144,-100.0,1.6746120792190022,0,19.309410469320895,0.0,19.309410469320895,19.309410469320895,-100.0,18.09714886514898,3.3253879207809978,0.001,5000.0,-inf,0.6173444729356075,13.992709368934337,5.0,2.1538469791412354,0.0
8.104585886001587,16.88541659921861,-120.46883328805608,-4.585164472189686,-183.5357986499952,18.09714886514898,-100.0,1.5336008411208577,0,16.88541659921861,0.0,16.88541659921861,16.88541659921861,-100.0,17.090331047460992,3.4663991588791423,0.001,5000.0,-inf,0.5606100256420468,14.005635937388998,5.0,2.1538469791412354,0.0
8.114683866500854,16.88541659921861,-120.46883328805608,-4.585164472189686,-183.5357986499952,17.090331047460992,-100.0,1.3926463466445393,0,16.88541659921861,0.0,16.88541659921861,16.88541659921861,-100.0,16.080532997534235,3.6073536533554607,0.001,5000.0,-inf,0.5095490230778421,13.958681588515843,5.0,2.2472689151763916,9.25154648911555
8.124753713607788,14.763487739185482,-105.33808386024836,-6.283185307179586,-84.29418369370904,16.080532997534235,-100.0,1.2512746196547933,0,14.763487739185482,0.0,14.763487739185482,14.763487739185482,-100.0,15.073548286840875,3.7487253803452067,0.001,5000.0,-inf,0.4635941207700579,14.039113552419737,5.0,2.2472689151763916,0.0
8.134830236434937,14.763487739185482,-105.33808386024836,-6.283185307179586,-84.29418369370904,15.073548286840875,-100.0,1.110296760157723,0,14.763487739185482,0.0,14.763487739185482,14.763487739185482,-100.0,14.06589600412603,3.889703239842277,0.001,5000.0,-inf,0.42223470869305213,13.990724966874883,5.0,2.2472689151763916,0.0
8.145097017288208,12.91252325794478,-92.11565884582109,-6.283185307179586,0.0,14.06589600412603,-100.0,0.9692254405776444,0,12.91252325794478,0.0,12.91252325794478,12.91252325794478,-93.26903159200234,13.108323296374087,4.030774559422356,0.001,5000.0,-inf,0.3850112378237469,13.74056012261395,5.0,2.2472689151763916,0.0
8.155177116394043,12.91252325794478,-92.11565884582109,-6.283185307179586,0.0,13.108323296374087,-93.26903159200234,0.902474945572349,0,12.91252325794478,0.0,12.91252325794478,12.91252325794478,-92.3114588842504,12.177814642216633,4.097525054427651,0.001,5000.0,-inf,0.3515101140413722,6.622007810087526,5.0,2.2472689151763916,0.0
8.165351152420044,11.290750719823716,-80.55669165953731,-6.283185307179586,0.0,12.177814642216633,-92.3114588842504,0.7817794610678249,0,11.290750719823716,0.0,11.290750719823716,11.290750719823716,-81.44375558193022,11.349202938833255,4.218220538932175,0.001,5000.0,-inf,0.321359102637235,11.863087981610462,5.0,1.810916543006897,-42.88881728493427
8.17542028427124,10.55824622316106,-72.80269520556789,-6.283185307179586,0.0,11.349202938833255,-81.44375558193022,0.7744508556173535,0,10.55824622316106,0.0,10.55824622316106,10.55824622316106,-73.59365192124008,10.608178754227243,4.225549144382646,0.001,5000.0,-inf,0.4318820379970053,0.7278289289260556,5.0,1.810916543006897,0.0
8.185495615005493,10.55824622316106,-72.80269520556789,-6.283185307179586,0.0,10.608178754227243,-73.59365192124008,0.7492085063794134,0,10.55824622316106,0.0,10.55824622316106,10.55824622316106,-72.85262773663408,9.874164434921246,4.250791493620587,0.001,5000.0,-inf,0.47407661906194676,2.5053618490283527,5.0,1.810916543006897,0.0
8.195574045181274,9.23407135159457,-65.87583869660547,-6.283185307179586,0.0,9.874164434921246,-72.85262773663408,0.6538567435226339,0,9.23407135159457,0.0,9.23407135159457,9.23407135159457,-66.51593177993215,9.20378826090017,4.346143256477366,0.001,5000.0,-inf,0.4316689571557521,9.460973702622105,5.0,1.810916543006897,0.0
8.205647945404053,9.23407135159457,-65.87583869660547,-6.283185307179586,0.0,9.20378826090017,-66.51593177993215,0.6233710387267025,0,9.23407135159457,0.0,9.23407135159457,9.23407135159457,-65.84555560591107,8.54046670361282,4.376628961273298,0.001,5000.0,-inf,0.4571020663449324,3.0262067443351754,5.0,1.810916543006897,0.0
8.215717077255249,8.074429207367928,-57.60857140943252,-6.283185307179586,0.0,8.54046670361282,-65.84555560591107,0.5372097824466842,0,8.074429207367928,0.0,8.074429207367928,8.074429207367928,-58.074608905677415,7.955705809334896,4.462790217553316,0.001,5000.0,-inf,0.4163918597104392,8.556969712317528,5.0,1.1664302349090576,-64.00614448417114
8.225788831710815,7.5494963812596145,-52.06014972754665,-6.283185307179586,0.0,7.955705809334896,-58.074608905677415,0.5330527242501113,0,7.5494963812596145,0.0,7.5494963812596145,7.5494963812596145,-52.46635915562193,7.427277522741914,4.466947275749889,0.001,5000.0,-inf,0.5247526737393953,0.4127441961489995,5.0,1.1664302349090576,0.0
8.23586106300354,7.059386002678973,-48.67799955771482,-6.283185307179586,0.0,7.427277522741914,-52.46635915562193,0.5151552616276488,0,7.059386002678973,0.0,7.059386002678973,7.059386002678973,-49.04589107777776,6.933275963848758,4.4848447383723515,0.001,5000.0,-inf,0.5811324834286332,1.7769114014875955,5.0,1.1664302349090576,0.0
8.245929718017578,7.059386002678973,-48.67799955771482,-6.283185307179586,0.0,6.933275963848758,-49.04589107777776,0.4801997241610486,0,7.059386002678973,0.0,7.059386002678973,7.059386002678973,-48.55188951888461,6.444423738003417,4.519800275838952,0.001,5000.0,-inf,0.577263856126895,3.471718657344392,5.0,1.1664302349090576,0.0
8.255972623825073,6.173720595680281,-44.04441445128988,-6.283185307179586,0.0,6.444423738003417,-48.55188951888461,0.4167004281316324,0,6.173720595680281,0.0,6.173720595680281,6.173720595680281,-44.31511759361302,5.9993711861626915,4.583299571868368,0.001,5000.0,-inf,0.5245374705142055,6.322801114198054,5.0,0.6115216016769409,-55.25379246492415
8.266042709350586,6.173720595680281,-44.04441445128988,-6.283185307179586,0.0,5.9993711861626915,-44.31511759361302,0.39676079012664667,0,6.173720595680281,0.0,6.173720595680281,6.173720595680281,-43.87006504177229,5.55759587918224,4.603239209873354,0.001,5000.0,-inf,0.5743920550245529,1.9800862618761657,5.0,0.6115216016769409,0.0
8.276111125946045,5.398552272530436,-38.51647967091196,-6.283185307179586,0.0,5.55759587918224,-43.87006504177229,0.33936277266779075,0,5.398552272530436,0.0,5.398552272530436,5.398552272530436,-38.67552327756377,5.168194598776356,4.660637227332209,0.001,5000.0,-inf,0.5219528495220976,5.7007988212112055,5.0,0.6115216016769409,0.0
8.286185026168823,5.398552272530436,-38.51647967091196,-6.283185307179586,0.0,5.168194598776356,-38.67552327756377,0.33679201105305223,0,5.398552272530436,0.0,5.398552272530436,5.398552272530436,-38.286121997157885,4.782504025859869,4.663207988946947,0.001,5000.0,-inf,0.6197575645698878,0.25519029947563987,5.0,0.6115216016769409,0.0
8.29625916481018,4.721809196878006,-33.68419653222839,-6.283185307179586,0.0,4.782504025859869,-38.286121997157885,0.28668934364880294,0,4.721809196878006,0.0,4.721809196878006,4.721809196878006,-33.74489136121026,4.442553311849493,4.713310656351197,0.001,5000.0,-inf,0.5636390910308856,4.973394668062489,5.0,0.6115216016769409,0.0
8.306335926055908,4.413762586788998,-30.44036114696109,-6.283185307179586,0.0,4.442553311849493,-33.74489136121026,0.28450855004682657,0,4.413762586788998,0.0,4.413762586788998,4.413762586788998,-30.469151872021587,4.135522943075319,4.7154914499531735,0.001,5000.0,-inf,0.6572751819277971,0.216418107842042,5.0,0.6115216016769409,0.0
8.316405773162842,4.413762586788998,-30.44036114696109,-6.283185307179586,0.0,4.135522943075319,-30.469151872021587,0.27428169331032887,0,4.413762586788998,0.0,4.413762586788998,4.413762586788998,-30.162121503247413,3.8317949911168636,4.7257183066896715,0.001,5000.0,-inf,0.7249341418999778,1.0155920569495043,5.0,0.13373973965644836,-47.446784141490674
8.326475620269775,3.8606287410631257,-27.540170483059434,-6.283185307179586,0.0,3.8317949911168636,-30.162121503247413,0.23483008372388686,0,3.8606287410631257,0.0,3.8606287410631257,3.8606287410631257,-27.511336733113172,3.5547600365070475,4.765169916276113,0.001,5000.0,-inf,0.69231173630321,3.917796285037694,5.0,0.13373973965644836,0.0
8.336549758911133,3.8606287410631257,-27.540170483059434,-6.283185307179586,0.0,3.5547600365070475,-27.511336733113172,0.22255303777985497,0,3.8606287410631257,0.0,3.8606287410631257,3.8606287410631257,-27.234301778503355,3.2803979045898375,4.777446962220145,0.001,5000.0,-inf,0.7499234329224942,1.2186695439777713,5.0,0.13373973965644836,0.0
8.346623420715332,3.8606287410631257,-27.540170483059434,-6.283185307179586,0.0,3.2803979045898375,-27.234301778503355,0.18691268885754375,0,3.8606287410631257,0.0,3.8606287410631257,3.8606287410631257,-26.959939646586147,3.008812590328506,4.813087311142456,0.001,5000.0,-inf,0.7270408310930784,3.5379735408086157,5.0,0.13373973965644836,0.0
8.356708526611328,3.8606287410631257,-27.540170483059434,-6.283185307179586,0.0,3.008812590328506,-26.959939646586147,0.15163436618012943,0,3.8606287410631257,0.0,3.8606287410631257,3.8606287410631257,-26.688354332324813,2.739657710697144,4.848365633819871,0.001,5000.0,-inf,0.7077325376434522,3.498061700216775,5.0,-0.2776350677013397,-40.79033096926714
8.366780519485474,2.9524055572939707,-22.574946116731972,-6.283185307179586,0.0,2.739657710697144,-26.688354332324813,0.11666853617435202,0,2.9524055572939707,0.0,2.9524055572939707,2.9524055572939707,-22.362198270135146,2.5144258090701137,4.883331463825648,0.001,5000.0,-inf,0.691208049701755,3.471590026193685,5.0,-0.2776350677013397,0.0
8.376848220825195,2.9524055572939707,-22.574946116731972,-6.283185307179586,0.0,2.5144258090701137,-22.362198270135146,0.12839763056846448,0,2.9524055572939707,0.0,2.9524055572939707,2.9524055572939707,-22.136966368508116,2.291557443104511,4.871602369431535,0.001,5000.0,-inf,0.7506587553639421,1.1650220838232286,5.0,-0.2776350677013397,0.0
8.386921405792236,2.581449040163442,-18.418519131419288,-6.283185307179586,0.0,2.291557443104511,-22.136966368508116,0.09944837834955039,0,2.581449040163442,0.0,2.581449040163442,2.581449040163442,-18.128627534360355,2.1089444247523064,4.900551621650449,0.001,5000.0,-inf,0.7491007833913821,2.873892648018941,5.0,-0.2776350677013397,0.0
8.397015571594238,2.581449040163442,-18.418519131419288,-6.283185307179586,0.0,2.1089444247523064,-18.128627534360355,0.11396594412171937,0,2.581449040163442,0.0,2.581449040163442,2.581449040163442,-17.94601451600815,1.9277943787425862,4.88603405587828,0.001,5000.0,-inf,0.7939593803828985,1.4382135242210645,5.0,-0.2776350677013397,0.0
8.40708327293396,2.2575930958186885,-16.106029106559046,-6.283185307179586,0.0,1.9277943787425862,-17.94601451600815,0.09043106786388055,0,2.2575930958186885,0.0,2.2575930958186885,2.2575930958186885,-15.776230389482944,1.768964002914631,4.90956893213612,0.001,5000.0,-inf,0.8053499101073357,2.3376613452946784,5.0,-0.6318327784538269,-35.18158701778483
8.417150974273682,2.2575930958186885,-16.106029106559046,-6.283185307179586,0.0,1.768964002914631,-15.776230389482944,0.0898926565132189,0,2.2575930958186885,0.0,2.2575930958186885,2.2575930958186885,-15.617400013654988,1.6117326838741872,4.910107343486781,0.001,5000.0,-inf,0.8748149190966021,0.05347907456664178,5.0,-0.6318327784538269,0.0
8.427221059799194,5.240754725377016,148.33068681393905,-6.283185307179586,0.0,1.6117326838741872,-15.617400013654988,0.06946857560583633,0,5.240754725377016,0.0,5.240754725377016,5.240754725377016,100.0,2.618741236425457,4.930531424394164,0.001,5000.0,-inf,0.8880916401508627,2.0281933907748737,5.0,-0.6318327784538269,0.0
8.437295913696289,5.240754725377016,148.33068681393905,-6.283185307179586,0.0,2.618741236425457,100.0,1.366623773099564,0,5.240754725377016,0.0,5.240754725377016,5.240754725377016,100.0,3.626226626134929,3.633376226900436,0.001,5000.0,-inf,0.8042824761357765,128.75176263030343,5.0,-0.6318327784538269,0.0
8.44744324684143,5.240754725377016,148.33068681393905,-6.283185307179586,0.0,3.626226626134929,100.0,1.5076717276588902,0,5.240754725377016,0.0,5.240754725377016,5.240754725377016,100.0,4.640959940649089,3.4923282723411098,0.001,5000.0,-inf,0.7288542285221989,13.900002349568854,5.0,-0.936800479888916,-30.053975470501165
8.457512140274048,8.882341340227844,120.54330240957853,-6.283185307179586,0.0,4.640959940649089,100.0,1.6497343916908727,0,8.882341340227844,0.0,8.882341340227844,8.882341340227844,100.0,5.647849283910808,3.3502656083091273,0.001,5000.0,-inf,0.6609688056699791,14.10906421670771,5.0,-0.936800479888916,0.0
8.467581272125244,8.882341340227844,120.54330240957853,-6.283185307179586,0.0,5.647849283910808,100.0,1.7906988997475133,0,8.882341340227844,0.0,8.882341340227844,8.882341340227844,100.0,6.6547624690304366,3.2093011002524867,0.001,5000.0,-inf,0.5998719251029812,13.99966850567092,5.0,-0.936800479888916,0.0
8.47769021987915,10.926224924333715,101.8470404926768,-6.283185307179586,0.0,6.6547624690304366,100.0,1.9316667456642613,0,10.926224924333715,0.0,10.926224924333715,10.926224924333715,100.0,7.6656572444210616,3.0683332543357387,0.001,5000.0,-inf,0.5448847325926831,13.944858490566038,5.0,-0.936800479888916,0.0
8.487765789031982,10.926224924333715,101.8470404926768,-6.283185307179586,0.0,7.6656572444210616,100.0,2.0731920142189484,0,10.926224924333715,0.0,10.926224924333715,10.926224924333715,100.0,8.673214159704266,2.9268079857810516,0.001,5000.0,-inf,0.4953962593334148,14.046379555134836,5.0,-0.936800479888916,0.0
8.498003005981445,12.690776161753806,87.55651094081361,-2.230854053313022,201.07547927241,8.673214159704266,100.0,2.2142499823585973,0,12.690776161753806,0.0,12.690776161753806,12.690776161753806,91.57407294286315,9.610677811366296,2.7857500176414027,0.001,5000.0,-inf,0.4508566334000733,13.778937072057428,5.0,-1.19938063621521,-25.649564488332015
8.508074760437012,12.690776161753806,87.55651094081361,-2.230854053313022,201.07547927241,9.610677811366296,91.57407294286315,2.261235623019913,0,12.690776161753806,0.0,12.690776161753806,12.690776161753806,90.63660929120113,10.523547484832383,2.738764376980087,0.001,5000.0,-inf,0.4215625155660348,4.665089967056141,5.0,-1.19938063621521,0.0
8.518122434616089,14.204264861238995,75.28054202437623,2.171224829808192,218.95828126641968,10.523547484832383,90.63660929120113,2.379662740788545,0,14.204264861238995,0.0,14.204264861238995,14.204264861238995,78.96125940078284,11.316924492061041,2.620337259211455,0.001,5000.0,-inf,0.38440626400943134,11.786520507924054,5.0,-1.19938063621521,0.0
8.528163433074951,14.204264861238995,75.28054202437623,2.171224829808192,218.95828126641968,11.316924492061041,78.96125940078284,2.3739820228963744,0,14.204264861238995,0.0,14.204264861238995,14.204264861238995,78.16788239355418,12.101808078707249,2.6260179771036256,0.001,5000.0,-inf,0.49384695264372064,0.5657522920100279,5.0,-1.19938063621521,0.0
8.538232326507568,14.204264861238995,75.28054202437623,2.171224829808192,218.95828126641968,12.101808078707249,78.16788239355418,2.475931954954557,0,14.204264861238995,0.0,14.204264861238995,14.204264861238995,77.38299880690798,12.880969247190349,2.524068045045443,0.001,5000.0,-inf,0.4494622573793486,10.125236972707023,5.0,-1.19938063621521,0.0
8.548311471939087,14.204264861238995,75.28054202437623,2.171224829808192,218.95828126641968,12.880969247190349,77.38299880690798,2.5771656826757288,0,14.204264861238995,0.0,14.204264861238995,14.204264861238995,76.60383763842488,13.653070467360468,2.4228343173242712,0.001,5000.0,-inf,0.40951603164141376,10.043880050049017,5.0,-1.4254646301269531,-22.430869308101716
8.558385133743286,16.606469040601148,59.740386338555346,6.283185307179586,102.26029478987256,13.653070467360468,76.60383763842488,2.6774682418147147,0,16.606469040601148,0.0,16.606469040601148,16.606469040601148,62.69378491179603,14.284626453787109,2.3225317581852853,0.001,5000.0,-inf,0.3735644284772724,9.956911507310544,5.0,-1.4254646301269531,0.0
8.56847858428955,17.11504578597492,50.37609761544017,6.283185307179586,0.0,14.284626453787109,62.69378491179603,2.6267855526481556,0,17.11504578597492,0.0,17.11504578597492,17.11504578597492,53.20651694762799,14.821663801336983,2.3732144473518444,0.001,5000.0,-inf,0.3412079856295452,5.021344180986306,5.0,-1.4254646301269531,0.0
8.578550577163696,17.11504578597492,50.37609761544017,6.283185307179586,0.0,14.821663801336983,53.20651694762799,2.607098101663458,0,17.11504578597492,0.0,17.11504578597492,17.11504578597492,52.66947960007811,15.352150424553923,2.392901898336542,0.001,5000.0,-inf,0.4102143953349528,1.9546728468439343,5.0,-1.4254646301269531,0.0
8.58863115310669,17.938768060811864,40.85642222056565,6.283185307179586,0.0,15.352150424553923,52.66947960007811,2.6759958554383307,0,17.938768060811864,0.0,17.938768060811864,17.938768060811864,43.44303985682359,15.790081287025112,2.3240041445616693,0.001,5000.0,-inf,0.3741929558014575,6.834704104656104,5.0,-1.4254646301269531,0.0
8.598703384399414,17.938768060811864,40.85642222056565,6.283185307179586,0.0,15.790081287025112,43.44303985682359,2.645041778751752,0,17.938768060811864,0.0,17.938768060811864,17.938768060811864,43.0051089943524,16.22323869158506,2.354958221248248,0.001,5000.0,-inf,0.40385913255473715,3.0732094793074887,5.0,-0.9255595803260803,49.632006580504665
8.608767747879028,17.938768060811864,40.85642222056565,6.283185307179586,0.0,16.22323869158506,43.0051089943524,2.7013045067654327,0,17.938768060811864,0.0,17.938768060811864,17.938768060811864,42.57195158979245,16.651698286421272,2.2986954932345673,0.001,5000.0,-inf,0.36847321929926347,5.590291738532988,5.0,-0.9255595803260803,0.0
8.61884331703186,18.931351772477345,32.95520293973179,6.283185307179586,0.0,16.651698286421272,42.57195158979245,2.7569572759969025,0,18.931351772477345,0.0,18.931351772477345,18.931351772477345,35.23485642578787,17.006709518929405,2.2430427240030975,0.001,5000.0,-inf,0.3366258973693371,5.523536029309775,5.0,-0.9255595803260803,0.0
8.6289222240448,18.931351772477345,32.95520293973179,6.283185307179586,0.0,17.006709518929405,35.23485642578787,2.7332878969079957,0,18.931351772477345,0.0,18.931351772477345,18.931351772477345,34.879845193279735,17.358260235258193,2.2667121030920043,0.001,5000.0,-inf,0.3934035159476422,2.348407328147761,5.0,-0.9255595803260803,0.0
8.638994216918945,19.491678865336436,27.847739968330192,6.283185307179586,0.0,17.358260235258193,34.879845193279735,2.7789548848689445,0,19.491678865336436,0.0,19.491678865336436,19.491678865336436,29.981158598408435,17.66023025101999,2.2210451151310555,0.001,5000.0,-inf,0.37407688910914827,4.534056817908852,5.0,-0.9255595803260803,0.0
8.649065017700195,19.491678865336436,27.847739968330192,6.283185307179586,0.0,17.66023025101999,29.981158598408435,2.772243821126883,0,19.491678865336436,0.0,19.491678865336436,19.491678865336436,29.67918858264664,17.959123446584968,2.227756178873117,0.001,5000.0,-inf,0.4813077996450472,0.6663882930299169,5.0,-0.4041293263435364,51.77644412878788
8.659132242202759,19.92894914989008,21.695682304187493,6.283185307179586,0.0,17.959123446584968,29.67918858264664,2.811069168348362,0,19.92894914989008,0.0,19.92894914989008,19.92894914989008,23.665508007492605,18.19736942866361,2.188930831651638,0.001,5000.0,-inf,0.4750196230508277,3.8566088609221842,5.0,-0.4041293263435364,0.0
8.669272899627686,19.92894914989008,21.695682304187493,6.283185307179586,0.0,18.19736942866361,23.665508007492605,2.784286800087832,0,19.92894914989008,0.0,19.92894914989008,19.92894914989008,23.427262025413963,18.43493726726733,2.215713199912168,0.001,5000.0,-inf,0.5085270486089243,2.641087962866847,5.0,-0.4041293263435364,0.0
8.679344892501831,20.30991062642974,18.97255099615538,6.283185307179586,0.0,18.43493726726733,23.427262025413963,2.815163837671566,0,20.30991062642974,0.0,20.30991062642974,20.30991062642974,20.84752435531779,18.644913384017666,2.184836162328434,0.001,5000.0,-inf,0.5250039347549205,3.065633382544835,5.0,-0.4041293263435364,0.0
8.689417839050293,20.46844765810932,15.69876304086153,6.283185307179586,0.0,18.644913384017666,20.84752435531779,2.8187631173156515,0,20.46844765810932,0.0,20.46844765810932,20.46844765810932,17.522297314953185,18.821414548277446,2.1812368826843485,0.001,5000.0,-inf,0.6225035412794284,0.3573214279227129,5.0,0.04482712224125862,44.570518311084285
8.699503898620605,20.615948732694036,14.67907623819536,6.283185307179586,0.0,18.821414548277446,17.522297314953185,2.8102210099083744,0,20.615948732694036,0.0,20.615948732694036,20.615948732694036,16.47361042261195,18.98756836433803,2.1897789900916256,0.001,5000.0,-inf,0.6990745840580984,0.8469221649671913,5.0,0.04482712224125862,0.0
8.709574222564697,20.615948732694036,14.67907623819536,6.283185307179586,0.0,18.98756836433803,16.47361042261195,2.822995675233444,0,20.615948732694036,0.0,20.615948732694036,20.615948732694036,16.307456606551366,19.151789735070224,2.177004324766556,0.001,5000.0,-inf,0.7544028779165368,1.2685456193853992,5.0,0.04482712224125862,0.0
8.719646453857422,20.87964448945573,13.133447732783091,6.283185307179586,0.0,19.151789735070224,16.307456606551366,2.844325128975345,0,20.87964448945573,0.0,20.87964448945573,20.87964448945573,14.861302487168595,19.301476211032128,2.155674871024655,0.001,5000.0,-inf,0.7768383342774748,2.1176493194023274,5.0,0.04482712224125862,0.0
8.729726791381836,20.87964448945573,13.133447732783091,6.283185307179586,0.0,19.301476211032128,14.861302487168595,2.850819694416184,0,20.87964448945573,0.0,20.87964448945573,20.87964448945573,14.711616011206692,19.449774265954666,2.149180305583816,0.001,5000.0,-inf,0.8445054607888525,0.644280553613362,5.0,0.04482712224125862,0.0
8.739799499511719,20.87964448945573,13.133447732783091,6.283185307179586,0.0,19.449774265954666,14.711616011206692,2.87008455734572,0,20.87964448945573,0.0,20.87964448945573,20.87964448945573,14.563317956284154,19.596466317130997,2.12991544265428,0.001,5000.0,-inf,0.8645384390398676,1.912580279416885,5.0,0.431382954120636,38.37655443748817
8.749865531921387,21.21540875739045,11.117318292775865,6.283185307179586,0.0,19.596466317130997,14.563317956284154,2.8891384639611815,0,21.21540875739045,0.0,21.21540875739045,21.21540875739045,12.736260733035317,19.72466993044771,2.1108615360388185,0.001,5000.0,-inf,0.8832025375209321,1.8928914432225494,5.0,0.431382954120636,0.0
8.7599356174469,21.298535193204845,8.287951465295649,6.283185307179586,0.0,19.72466993044771,12.736260733035317,2.888816397593033,0,21.298535193204845,0.0,21.298535193204845,21.298535193204845,9.861816728052784,19.823979268336135,2.111183602406967,0.001,5000.0,-inf,0.944882283768839,0.03198248588182359,5.0,0.431382954120636,0.0
8.770007848739624,21.376574582503128,7.750909843508072,6.283185307179586,0.0,19.823979268336135,9.861816728052784,2.873975264847587,0,21.376574582503128,0.0,21.376574582503128,21.376574582503128,9.303505157675065,19.917686324117295,2.126024735152413,0.001,5000.0,-inf,0.9690266819989743,1.4734702087476805,5.0,0.431382954120636,0.0
8.780101299285889,21.376574582503128,7.750909843508072,6.283185307179586,0.0,19.917686324117295,9.303505157675065,2.8815111369531725,0,21.376574582503128,0.0,21.376574582503128,21.376574582503128,9.209798101893906,20.01064496579984,2.1184888630468275,0.001,5000.0,-inf,1.01417768840605,0.746610098404279,5.0,0.7642114162445068,32.974695878115035
8.790153503417969,21.505066579257825,6.375056139915954,6.283185307179586,0.0,20.01064496579984,9.209798101893906,2.893588276230917,0,21.505066579257825,0.0,21.505066579257825,21.505066579257825,7.869477753373938,20.089750562589618,2.106411723769083,0.001,5000.0,-inf,1.0401579026398609,1.2014419045870959,5.0,0.7642114162445068,0.0
8.800225019454956,21.505066579257825,6.375056139915954,6.283185307179586,0.0,20.089750562589618,7.869477753373938,2.891259856296286,0,21.505066579257825,0.0,21.505066579257825,21.505066579257825,7.790372156584161,20.168211420698753,2.108740143703714,0.001,5000.0,-inf,1.0861421123758748,0.23118862404427598,5.0,0.7642114162445068,0.0
8.8104088306427,21.505066579257825,6.375056139915954,6.283185307179586,0.0,20.168211420698753,7.790372156584161,2.9014533204636677,0,21.505066579257825,0.0,21.505066579257825,21.505066579257825,7.711911298475026,20.246748069259056,2.0985466795363323,0.001,5000.0,-inf,1.1113862473895282,1.0009478749614893,5.0,0.7642114162445068,0.0
8.820486068725586,21.66471737821371,5.293386544591103,6.283185307179586,0.0,20.246748069259056,7.711911298475026,2.911663842681018,0,21.66471737821371,0.0,21.66471737821371,21.66471737821371,6.711355853545756,20.314380000054204,2.088336157318982,0.001,5000.0,-inf,1.1337103321672894,1.0132262563778405,5.0,0.7642114162445068,0.0
8.830554246902466,21.66471737821371,5.293386544591103,6.283185307179586,0.0,20.314380000054204,6.711355853545756,2.911126758543046,0,21.66471737821371,0.0,21.66471737821371,21.66471737821371,6.643723922750608,20.381270196266453,2.088873241456954,0.001,5000.0,-inf,1.1703392989505605,0.053344719226909476,5.0,1.050779938697815,28.462798077150772
8.840620756149292,21.66471737821371,5.293386544591103,6.283185307179586,0.0,20.381270196266453,6.643723922750608,2.9198150667048095,0,21.66471737821371,0.0,21.66471737821371,21.66471737821371,6.576833726538359,20.44747595378949,2.0801849332951905,0.001,5000.0,-inf,1.1916057873575114,0.8630904664894408,5.0,1.050779938697815,0.0
8.850695133209229,21.66471737821371,5.293386544591103,6.283185307179586,0.0,20.44747595378949,6.576833726538359,2.928414970795912,0,21.66471737821371,0.0,21.66471737821371,21.66471737821371,6.510627969015323,20.51306647484632,2.071585029204088,0.001,5000.0,-inf,1.211050100830732,0.8536412762733003,5.0,1.050779938697815,0.0
8.860816478729248,21.78149117794554,2.9033920311950236,6.283185307179586,0.0,20.51306647484632,6.510627969015323,2.936935586168638,0,21.78149117794554,0.0,21.78149117794554,21.78149117794554,4.171816734294245,20.55529087346031,2.063064413831362,0.001,5000.0,-inf,1.2289300493658029,0.8418461118507027,5.0,1.050779938697815,0.0
8.870891332626343,21.78149117794554,2.9033920311950236,6.283185307179586,0.0,20.55529087346031,4.171816734294245,2.9194588896273865,0,21.78149117794554,0.0,21.78149117794554,21.78149117794554,4.129592335680252,20.59689591289685,2.0805411103726135,0.001,5000.0,-inf,1.2162527544343245,1.7346848619106374,5.0,1.2975181341171265,24.49049861561398
8.881135702133179,21.78149117794554,2.9033920311950236,6.283185307179586,0.0,20.59689591289685,4.129592335680252,2.924861351162362,0,21.78149117794554,0.0,21.78149117794554,21.78149117794554,4.087987296243712,20.638774765298823,2.075138648837638,0.001,5000.0,-inf,1.2437459078280164,0.5273591050547584,5.0,1.2975181341171265,0.0
8.891205549240112,21.847775834906784,2.18960087130364,6.283185307179586,0.0,20.638774765298823,4.087987296243712,2.930308340104273,0,21.847775834906784,0.0,21.847775834906784,21.847775834906784,3.398601940911601,20.67299816722113,2.069691659895727,0.001,5000.0,-inf,1.2680527605293572,0.5409207194576535,5.0,1.2975181341171265,0.0
8.901380777359009,21.866957532713997,1.9114269520703349,6.283185307179586,0.0,20.67299816722113,3.398601940911601,2.928205762820075,0,21.866957532713997,0.0,21.866957532713997,21.866957532713997,3.105386317563201,20.704596181399637,2.071794237179925,0.001,5000.0,-inf,1.2912474844764215,0.2066368694273633,5.0,1.2975181341171265,0.0
8.91152310371399,21.866957532713997,1.9114269520703349,6.283185307179586,0.0,20.704596181399637,3.105386317563201,2.9296973285715815,0,21.866957532713997,0.0,21.866957532713997,21.866957532713997,3.0737883033846947,20.735771545518688,2.0703026714284185,0.001,5000.0,-inf,1.3121227360287793,0.14706347432551484,5.0,1.2975181341171265,0.0
8.921594619750977,21.887468986584178,1.0207307794304878,6.283185307179586,0.0,20.735771545518688,3.0737883033846947,2.933745899406463,0,21.887468986584178,0.0,21.887468986584178,21.887468986584178,2.172428220495978,20.757651191180617,2.066254100593537,0.001,5000.0,-inf,1.3309104624259014,0.4019822656304569,5.0,1.5099618434906006,21.093518452761405
8.931645154953003,21.887468986584178,1.0207307794304878,6.283185307179586,0.0,20.757651191180617,2.172428220495978,2.9277954489702465,0,21.887468986584178,0.0,21.887468986584178,21.887468986584178,2.1505485748340485,20.779265355335653,2.0722045510297535,0.001,5000.0,-inf,1.3448532610171564,0.5920530913634284,5.0,1.5099618434906006,0.0
8.941713333129883,21.90543118845886,0.8926731420758778,6.283185307179586,0.0,20.779265355335653,2.1505485748340485,2.9306026354953323,0,21.90543118845886,0.0,21.90543118845886,21.90543118845886,2.018838975199084,20.799591385848387,2.0693973645046677,0.001,5000.0,-inf,1.3603679349154407,0.27881772409750594,5.0,1.5099618434906006,0.0
8.951778888702393,21.90543118845886,0.8926731420758778,6.283185307179586,0.0,20.799591385848387,2.018838975199084,2.9321311837707653,0,21.90543118845886,0.0,21.90543118845886,21.90543118845886,1.9985129446863497,20.819707528955508,2.0678688162292347,0.001,5000.0,-inf,1.3743311414238968,0.15185930517414023,5.0,1.5099618434906006,0.0
8.96187162399292,21.907806270147194,0.11810374431773814,6.283185307179586,0.0,20.819707528955508,1.9985129446863497,2.934744183500635,0,21.907806270147194,0.0,21.907806270147194,21.907806270147194,1.2062024855094244,20.831881411348526,2.065255816499365,0.001,5000.0,-inf,1.3868980272815072,0.25889906498608717,5.0,1.5099618434906006,0.0
8.9719717502594,21.90888000077163,0.1067445520975898,6.283185307179586,0.0,20.831881411348526,1.2062024855094244,2.9285254224438884,0,21.90888000077163,0.0,21.90888000077163,21.90888000077163,1.1837431415206954,20.84383736654496,2.0714745775561116,0.001,5000.0,-inf,1.3944797519374381,0.6157112191147077,5.0,1.692878246307373,18.110308523947786
8.982097625732422,21.90888000077163,0.1067445520975898,6.283185307179586,0.0,20.84383736654496,1.1837431415206954,2.9299746627315018,0,21.90888000077163,0.0,21.90888000077163,21.90888000077163,1.171787186324261,20.855702737674562,2.0700253372684982,0.001,5000.0,-inf,1.4050317767436944,0.14312246792630304,5.0,1.692878246307373,0.0
8.992327690124512,21.86741776199588,-2.0615388639483436,6.283185307179586,0.0,20.855702737674562,1.171787186324261,2.9315162551376814,0,21.86741776199588,0.0,21.86741776199588,21.86741776199588,-1.0498238396270247,20.84496297219483,2.0684837448623186,0.001,5000.0,-inf,1.414528599069325,0.15069234631325307,5.0,1.692878246307373,0.0
9.002773523330688,21.86741776199588,-2.0615388639483436,6.283185307179586,0.0,20.84496297219483,-1.0498238396270247,2.907796577711006,0,21.86741776199588,0.0,21.86741776199588,21.86741776199588,-1.0390840741472909,20.83410887326909,2.092203422288994,0.001,5000.0,-inf,1.366018850938628,2.2707310138409746,5.0,1.692878246307373,0.0
9.012847661972046,21.831163087503484,-1.8028706650323323,6.283185307179586,0.0,20.83410887326909,-1.0390840741472909,2.9063844015162,0,21.831163087503484,0.0,21.831163087503484,21.831163087503484,-0.80581645079794,20.825990966624268,2.0936155984838,0.001,5000.0,-inf,1.379416965844765,0.14017835619301802,5.0,1.692878246307373,0.0
9.022916078567505,21.79827822380383,-3.268694820838281,6.283185307179586,0.0,20.825990966624268,-0.80581645079794,2.9075805708194182,0,21.79827822380383,0.0,21.79827822380383,21.79827822380383,-2.2964075636587182,20.80286977860039,2.0924194291805818,0.001,5000.0,-inf,1.3914752692602885,0.11880411302784191,5.0,1.8503708839416504,15.642244849632963
9.033246040344238,21.79827822380383,-3.268694820838281,6.283185307179586,0.0,20.80286977860039,-2.2964075636587182,2.8894376933674675,0,21.79827822380383,0.0,21.79827822380383,21.79827822380383,-2.2732863756348394,20.779386817232513,2.1105623066325325,0.001,5000.0,-inf,1.3618458241929268,1.7563353905930912,5.0,1.8503708839416504,0.0
9.043315649032593,21.79827822380383,-3.268694820838281,6.283185307179586,0.0,20.779386817232513,-2.2732863756348394,2.886381290656204,0,21.79827822380383,0.0,21.79827822380383,21.79827822380383,-2.249803414266964,20.75673217722512,2.113618709343796,0.001,5000.0,-inf,1.375661241773634,0.30352745631497347,5.0,1.8503708839416504,0.0
9.053382635116577,21.707426594165813,-3.010684714244866,6.283185307179586,0.0,20.75673217722512,-2.249803414266964,2.8834444706688473,0,21.707426594165813,0.0,21.707426594165813,21.707426594165813,-2.0599902973041737,20.735994283569017,2.1165555293311527,0.001,5000.0,-inf,1.3880951175962708,0.2917278282552645,5.0,1.8503708839416504,0.0
9.06345510482788,21.707426594165813,-3.010684714244866,6.283185307179586,0.0,20.735994283569017,-2.0599902973041737,2.882439296726621,0,21.707426594165813,0.0,21.707426594165813,21.707426594165813,-2.0392524036480695,20.715453975499567,2.117560703273379,0.001,5000.0,-inf,1.3992856058366439,0.09979418861875555,5.0,1.985973834991455,13.46273108149691
9.073522090911865,21.656178384656304,-2.5433422485779356,6.283185307179586,0.0,20.715453975499567,-2.0392524036480695,2.879771032533459,0,21.656178384656304,0.0,21.656178384656304,21.656178384656304,-1.6026178394211992,20.69932044401217,2.120228967466541,0.001,5000.0,-inf,1.4093570452529796,0.265050946817823,5.0,1.985973834991455,0.0
9.083585977554321,21.656178384656304,-2.5433422485779356,6.283185307179586,0.0,20.69932044401217,-1.6026178394211992,2.881878683767492,0,21.656178384656304,0.0,21.656178384656304,21.656178384656304,-1.5864843079338011,20.68335424577709,2.118121316232508,0.001,5000.0,-inf,1.4184213407276816,0.2094271635713336,5.0,1.985973834991455,0.0
9.093666076660156,21.66675241315085,0.5262365477850354,6.283185307179586,0.0,20.68335424577709,-1.5864843079338011,2.8798047513294547,0,21.66675241315085,0.0,21.66675241315085,21.66675241315085,1.5096347151587959,20.6985715133195,2.1201952486705453,0.001,5000.0,-inf,1.4265792066549134,0.20574524280586712,5.0,1.985973834991455,0.0
9.104015350341797,21.671530777981527,0.475670829325019,6.283185307179586,0.0,20.6985715133195,1.5096347151587959,2.9128963590163184,0,21.671530777981527,0.0,21.671530777981527,21.671530777981527,1.4486300939870458,20.713563782625634,2.0871036409836816,0.001,5000.0,-inf,1.347002448393284,3.197481166776704,5.0,1.985973834991455,0.0
9.114080667495728,21.703703574437665,3.1911859449265423,6.283185307179586,0.0,20.713563782625634,1.4486300939870458,2.9143852305074596,0,21.703703574437665,0.0,21.703703574437665,21.703703574437665,4.1813257367385726,20.7556501522898,2.0856147694925404,0.001,5000.0,-inf,1.3623022035539556,0.14792097142808444,5.0,2.102729082107544,11.599758391169434
9.124155044555664,21.733839376011478,2.9835645717984978,6.283185307179586,0.0,20.7556501522898,4.1813257367385726,2.947604278687958,0,21.733839376011478,0.0,21.733839376011478,21.733839376011478,3.961753795520176,20.795562353844506,2.052395721312042,0.001,5000.0,-inf,1.2859341871946661,3.2973798759829123,5.0,2.102729082107544,0.0
9.134216785430908,21.733839376011478,2.9835645717984978,6.283185307179586,0.0,20.795562353844506,3.961753795520176,2.950996267493433,0,21.733839376011478,0.0,21.733839376011478,21.733839376011478,3.9218415939654694,20.83502290771674,2.049003732506567,0.001,5000.0,-inf,1.3073407684751994,0.3371174876725965,5.0,2.102729082107544,0.0
9.144286155700684,21.787984627863835,2.6997342656365673,6.283185307179586,0.0,20.83502290771674,3.9218415939654694,2.9561216230199987,0,21.787984627863835,0.0,21.787984627863835,21.787984627863835,3.6526959857836614,20.87180325608052,2.0438783769800013,0.001,5000.0,-inf,1.3263165442369942,0.5090045741936843,5.0,2.102729082107544,0.0
9.15436053276062,21.881998766280127,9.341290048468673,6.283185307179586,0.0,20.87180325608052,3.6526959857836614,2.9585794157091097,0,21.881998766280127,0.0,21.881998766280127,21.881998766280127,10.351485558668282,20.97608802472903,2.0414205842908903,0.001,5000.0,-inf,1.3436848898132947,0.24396473096932458,5.0,2.203256845474243,9.978558750443735
9.164551258087158,21.881998766280127,9.341290048468673,6.283185307179586,0.0,20.97608802472903,10.351485558668282,3.0401671790487477,0,21.881998766280127,0.0,21.881998766280127,21.881998766280127,10.24720079001977,21.080514433346003,1.9598328209512523,0.001,5000.0,-inf,1.2143164008319651,8.006080109643616,5.0,2.203256845474243,0.0
9.174776077270508,22.052153895615007,8.451545871699707,6.283185307179586,0.0,21.080514433346003,10.24720079001977,3.053744028568638,0,22.052153895615007,0.0,22.052153895615007,22.052153895615007,9.42318533396871,21.176864799517027,1.9462559714313619,0.001,5000.0,-inf,1.2162101507177416,1.3278327251008408,5.0,2.203256845474243,0.0
9.184842824935913,22.176644058033695,12.411742285135155,6.283185307179586,0.0,21.176864799517027,9.42318533396871,3.0589929252720713,0,22.176644058033695,0.0,22.176644058033695,22.176644058033695,13.411521543651823,21.311875202706116,1.9410070747279287,0.001,5000.0,-inf,1.2438992777032165,0.5214093844302087,5.0,2.203256845474243,0.0
9.194964170455933,22.29331498090753,11.60815348926417,6.283185307179586,0.0,21.311875202706116,13.411521543651823,3.117777743815375,0,22.29331498090753,0.0,22.29331498090753,22.29331498090753,12.589593267465586,21.439298826122645,1.8822222561846251,0.001,5000.0,-inf,1.1245093499328949,5.808004323835206,5.0,2.203256845474243,0.0
9.205040454864502,22.29331498090753,11.60815348926417,6.283185307179586,0.0,21.439298826122645,12.589593267465586,3.127397768331827,0,22.29331498090753,0.0,22.29331498090753,22.29331498090753,12.462169644049057,21.564871191803924,1.8726022316681732,0.001,5000.0,-inf,1.1474063443873725,0.9547194309313689,5.0,2.2898120880126953,8.589995977569032
9.215107440948486,22.716125931335846,21.00709153893417,6.283185307179586,0.0,21.564871191803924,12.462169644049057,3.14370366329304,0,22.716125931335846,0.0,22.716125931335846,22.716125931335846,22.15834627846609,21.78793895543335,1.85629633670696,0.001,5000.0,-inf,1.1465852150925637,1.6197394955332551,5.0,2.2898120880126953,0.0
9.225174188613892,22.716125931335846,21.00709153893417,6.283185307179586,0.0,21.78793895543335,22.15834627846609,3.27189491654533,0,22.716125931335846,0.0,22.716125931335846,22.716125931335846,21.935278514836664,22.008755869212596,1.72810508345467,0.001,5000.0,-inf,1.0369266935833072,12.734127993773367,5.0,2.2898120880126953,0.0
9.235244989395142,22.716125931335846,21.00709153893417,6.283185307179586,0.0,22.008755869212596,21.935278514836664,3.30057860683813,0,22.716125931335846,0.0,22.716125931335846,22.716125931335846,21.71446160105742,22.227437886068948,1.6994213931618698,0.001,5000.0,-inf,1.0075696883935965,2.848203525801452,5.0,2.2898120880126953,0.0
9.245316982269287,23.34858050634792,20.96272248223101,6.283185307179586,0.0,22.227437886068948,21.71446160105742,3.3289859200602274,0,23.34858050634792,0.0,23.34858050634792,23.34858050634792,22.08386510250998,22.44986641801502,1.6710140799397726,0.001,5000.0,-inf,0.9820434288604227,2.8204262629114747,5.0,2.2898120880126953,0.0
9.255384683609009,23.34858050634792,20.96272248223101,6.283185307179586,0.0,22.44986641801502,22.08386510250998,3.363819949547203,0,23.34858050634792,0.0,23.34858050634792,23.34858050634792,21.861436570563907,22.669960832264728,1.636180050452797,0.001,5000.0,-inf,0.9384620031919888,3.459978431177672,5.0,2.364337205886841,7.402396570914344
9.265492916107178,23.705307162693742,17.70947058858654,5.580850056966193,-34.866991955105924,22.669960832264728,21.861436570563907,3.392408882222701,0,23.705307162693742,0.0,23.705307162693742,23.705307162693742,18.744816919015555,22.859437799817748,1.6075911177772988,0.001,5000.0,-inf,0.9195933808036023,2.8282820642161686,5.0,2.364337205886841,0.0
9.275559425354004,23.705307162693742,17.70947058858654,5.580850056966193,-34.866991955105924,22.859437799817748,18.744816919015555,3.3877694611646403,0,23.705307162693742,0.0,23.705307162693742,23.705307162693742,18.555339951462535,23.04622530101715,1.6122305388353597,0.001,5000.0,-inf,0.9776340427232422,0.46087684859810424,5.0,2.364337205886841,0.0
9.285732984542847,24.141259835178364,21.69343613060935,1.6824366194968117,-193.9889080951438,23.04622530101715,18.555339951462535,3.4120249416570267,0,24.141259835178364,0.0,24.141259835178364,24.141259835178364,22.788470664770564,23.2780651561484,1.5879750583429733,0.001,5000.0,-inf,0.9691585387245095,2.384168612198882,5.0,2.364337205886841,0.0
9.295804023742676,24.141259835178364,21.69343613060935,1.6824366194968117,-193.9889080951438,23.2780651561484,22.788470664770564,3.486813828508482,0,24.141259835178364,0.0,24.141259835178364,24.141259835178364,22.556630809639312,23.50523386924835,1.513186171491518,0.001,5000.0,-inf,0.8772426848520586,7.426134023261905,5.0,2.4285032749176025,6.371345375346228
9.30592393875122,24.141259835178364,21.69343613060935,1.6824366194968117,-193.9889080951438,23.50523386924835,22.556630809639312,3.5162990497911624,0,24.141259835178364,0.0,24.141259835178364,24.141259835178364,22.329462096539363,23.731206127851856,1.4837009502088376,0.001,5000.0,-inf,0.8617473800844622,2.913583884625912,5.0,2.4285032749176025,0.0
9.315992593765259,24.141259835178364,21.69343613060935,1.6824366194968117,-193.9889080951438,23.731206127851856,22.329462096539363,3.5456634788646535,0,24.141259835178364,0.0,24.141259835178364,24.141259835178364,22.103489837935857,23.95375854163633,1.4543365211353465,0.001,5000.0,-inf,0.8477102127573968,2.9164202202330074,5.0,2.4285032749176025,0.0
9.326912879943848,18.46495760526403,-141.17644670120907,-5.848258010843149,-187.29741053962806,23.95375854163633,22.103489837935857,3.5745610942084447,0,18.46495760526403,0.0,18.46495760526403,18.46495760526403,-100.0,22.861729923777443,1.4254389057915553,0.001,5000.0,-inf,0.8437828134379866,2.6462324220449496,5.0,2.4285032749176025,0.0
9.337045669555664,18.46495760526403,-141.17644670120907,-5.848258010843149,-187.29741053962806,22.861729923777443,-100.0,2.200642189328842,0,18.46495760526403,0.0,18.46495760526403,18.46495760526403,-100.0,21.848450962595802,2.799357810671158,0.001,5000.0,-inf,0.7644045320941879,135.59137784499146,5.0,2.4285032749176025,0.0
9.347131490707397,16.14684323400889,-115.19995710678818,-6.283185307179586,-21.613949037122087,21.848450962595802,-100.0,2.0587831347634125,0,16.14684323400889,0.0,16.14684323400889,16.14684323400889,-100.0,20.839868847422462,2.9412168652365875,0.001,5000.0,-inf,0.6929640788847692,14.06519632177387,5.0,2.3248069286346436,-10.281398482377137
9.357200145721436,16.14684323400889,-115.19995710678818,-6.283185307179586,-21.613949037122087,20.839868847422462,-100.0,1.9175816386391449,0,16.14684323400889,0.0,16.14684323400889,16.14684323400889,-100.0,19.833003346018653,3.082418361360855,0.001,5000.0,-inf,0.6286676709962923,14.02386872202884,5.0,2.3248069286346436,0.0
9.367340087890625,16.14684323400889,-115.19995710678818,-6.283185307179586,-21.613949037122087,19.833003346018653,-100.0,1.7766204684426117,0,16.14684323400889,0.0,16.14684323400889,16.14684323400889,-100.0,18.819009129099708,3.2233795315573883,0.001,5000.0,-inf,0.570800903896663,13.90157535857042,5.0,2.3248069286346436,0.0
9.377490282058716,16.14684323400889,-115.19995710678818,-6.283185307179586,-21.613949037122087,18.819009129099708,-100.0,1.6346612780739593,0,16.14684323400889,0.0,16.14684323400889,16.14684323400889,-100.0,17.803989712290626,3.3653387219260407,0.001,5000.0,-inf,0.5187208135069967,13.985859582364409,5.0,2.3248069286346436,0.0
9.387568950653076,16.14684323400889,-115.19995710678818,-6.283185307179586,-21.613949037122087,17.803989712290626,-100.0,1.4925585597206878,0,16.14684323400889,0.0,16.14684323400889,16.14684323400889,-100.0,16.79612285285459,3.507441440279312,0.001,5000.0,-inf,0.4718487321562971,14.099354197714854,5.0,1.608894944190979,-71.03239656518345
9.397658109664917,16.14684323400889,-115.19995710678818,-6.283185307179586,-21.613949037122087,16.79612285285459,-100.0,1.351457199399643,0,16.14684323400889,0.0,16.14684323400889,16.14684323400889,-100.0,15.787206951670509,3.648542800600357,0.001,5000.0,-inf,0.4296638589406674,13.985443202495452,5.0,1.608894944190979,0.0
9.407725811004639,16.14684323400889,-115.19995710678818,-6.283185307179586,-21.613949037122087,15.787206951670509,-100.0,1.2102089732338714,0,16.14684323400889,0.0,16.14684323400889,16.14684323400889,-100.0,14.780436817698341,3.7897910267661286,0.001,5000.0,-inf,0.3916974730466007,14.029838728775427,5.0,1.608894944190979,0.0
9.417835235595703,10.097580765167635,-85.90956754817601,-6.283185307179586,0.0,14.780436817698341,-100.0,1.069261154477768,0,10.097580765167635,0.0,10.097580765167635,10.097580765167635,-90.59242360070672,13.864599542785228,3.930738845522232,0.001,5000.0,-inf,0.35752772574194064,13.942219706617612,5.0,1.608894944190979,0.0
9.42792296409607,9.443340489454739,-65.11205878378182,-6.283185307179586,0.0,13.864599542785228,-90.59242360070672,1.035119699982865,0,9.443340489454739,0.0,9.443340489454739,9.443340489454739,-69.5333178371123,13.163166310714768,3.964880300017135,0.001,5000.0,-inf,0.3788314308512515,3.384454140856745,5.0,1.608894944190979,0.0
9.438001871109009,9.443340489454739,-65.11205878378182,-6.283185307179586,0.0,13.163166310714768,-69.5333178371123,1.1475101051289447,0,9.443340489454739,0.0,9.443340489454739,9.443340489454739,-68.83188460504185,12.469416146255172,3.8524898948710553,0.001,5000.0,-inf,0.34594828776612635,11.151050902820245,5.0,0.992487907409668,-61.158123196290866
9.448074102401733,8.260148116701817,-58.92366011026894,-6.283185307179586,0.0,12.469416146255172,-68.83188460504185,1.0573994144253058,0,8.260148116701817,0.0,8.260148116701817,8.260148116701817,-63.1329281398223,11.83352669184392,3.942600585574694,0.001,5000.0,-inf,0.3163534589895137,8.946447721939007,5.0,0.992487907409668,0.0
9.458307027816772,8.260148116701817,-58.92366011026894,-6.283185307179586,0.0,11.83352669184392,-63.1329281398223,1.025364455459926,0,8.260148116701817,0.0,8.260148116701817,8.260148116701817,-62.49703868541104,11.193999156315298,3.974635544540074,0.001,5000.0,-inf,0.3499550826638892,3.130576806345031,5.0,0.992487907409668,0.0
9.468379259109497,8.260148116701817,-58.92366011026894,-6.283185307179586,0.0,11.193999156315298,-62.49703868541104,0.9421894950300315,0,8.260148116701817,0.0,8.260148116701817,8.260148116701817,-61.85751114988242,10.570955996821391,4.057810504969969,0.001,5000.0,-inf,0.3199595743975003,8.257848535505092,5.0,0.992487907409668,0.0
9.47854995727539,6.754309062922528,-49.87993308184681,-6.283185307179586,0.0,10.570955996821391,-61.85751114988242,0.8613587280561709,0,6.754309062922528,0.0,6.754309062922528,6.754309062922528,-53.696580015745674,10.02482428894049,4.138641271943829,0.001,5000.0,-inf,0.29296361695775025,7.947415767869182,5.0,0.992487907409668,0.0
9.488619327545166,6.313924902049458,-43.54428552032247,-6.283185307179586,0.0,10.02482428894049,-53.696580015745674,0.866509600294212,0,6.313924902049458,0.0,6.313924902049458,6.313924902049458,-47.2551849072135,9.548994334943055,4.133490399705788,0.001,5000.0,-inf,0.41329545379307864,0.5115386662760999,5.0,0.4617554545402527,-52.70761116635886
9.49875283241272,6.313924902049458,-43.54428552032247,-6.283185307179586,0.0,9.548994334943055,-47.2551849072135,0.8643073578198928,0,6.313924902049458,0.0,6.313924902049458,6.313924902049458,-46.779354953216064,9.074955513823618,4.135692642180107,0.001,5000.0,-inf,0.5219659084137709,0.21732288118502188,5.0,0.4617554545402527,0.0
9.508819818496704,6.313924902049458,-43.54428552032247,-6.283185307179586,0.0,9.074955513823618,-46.779354953216064,0.8027002224031461,0,6.313924902049458,0.0,6.313924902049458,6.313924902049458,-46.30531613209663,8.608800540707303,4.197299777596854,0.001,5000.0,-inf,0.4747693175723938,6.119719934326502,5.0,0.4617554545402527,0.0
9.518891096115112,11.486828248400831,171.6051789646373,-6.283185307179586,0.0,8.608800540707303,-46.30531613209663,0.7421789143780564,0,11.486828248400831,0.0,11.486828248400831,11.486828248400831,100.0,9.615928302548124,4.257821085621943,0.001,5000.0,-inf,0.43229238581515445,6.0092979578349945,5.0,0.4617554545402527,0.0
9.528960227966309,12.993960143664784,149.85940298784254,-6.283185307179586,0.0,9.615928302548124,100.0,2.3462299623567375,0,12.993960143664784,0.0,12.993960143664784,12.993960143664784,100.0,10.622841487667753,2.6537700376432625,0.001,5000.0,-inf,0.394063147233639,159.30380808233312,5.0,0.4617554545402527,0.0
9.539030313491821,14.406458160643933,140.1307082314138,-6.283185307179586,0.0,10.622841487667753,100.0,2.4871978082734856,0,14.406458160643933,0.0,14.406458160643933,14.406458160643933,100.0,11.629850040219022,2.5128021917265144,0.001,5000.0,-inf,0.35965683251027514,13.998674148258635,5.0,0.0047895899042487144,-45.378548521586524
9.549100875854492,15.8465294465008,143.17436069297653,-6.283185307179586,0.0,11.629850040219022,100.0,2.6281790056306633,0,15.8465294465008,0.0,15.8465294465008,15.8465294465008,100.0,12.636906276486112,2.3718209943693367,0.001,5000.0,-inf,0.32869114925924764,13.999337105518597,5.0,0.0047895899042487144,0.0
9.559179782867432,15.8465294465008,143.17436069297653,-6.283185307179586,0.0,12.636906276486112,100.0,2.769166878708056,0,15.8465294465008,0.0,15.8465294465008,15.8465294465008,100.0,13.644796977780057,2.230833121291944,0.001,5000.0,-inf,0.3008220343333229,13.988408951128353,5.0,0.0047895899042487144,0.0
9.569315433502197,18.44959471596582,129.55723220023498,-6.283185307179586,0.0,13.644796977780057,100.0,2.9102715768892082,0,18.44959471596582,0.0,18.44959471596582,18.44959471596582,100.0,14.65836204125662,2.0897284231107918,0.001,5000.0,-inf,0.2757398308999906,13.921622130222055,5.0,0.0047895899042487144,0.0
9.579389810562134,19.652559296494264,119.25874898290587,-6.283185307179586,0.0,14.65836204125662,100.0,3.052170685775927,0,19.652559296494264,0.0,19.652559296494264,19.652559296494264,100.0,15.665799747250272,1.947829314224073,0.001,5000.0,-inf,0.2531658478099915,14.085149686427641,5.0,-0.3886624574661255,-39.054727158768195
9.589455842971802,20.775155152578723,111.509965412871,-6.283185307179586,0.0,15.665799747250272,100.0,3.1932119646150383,0,20.775155152578723,0.0,20.775155152578723,20.775155152578723,100.0,16.67240298821707,1.8067880353849617,0.001,5000.0,-inf,0.23284926302899236,14.011605873993368,5.0,-0.3886624574661255,0.0
9.599531173706055,20.775155152578723,111.509965412871,-6.283185307179586,0.0,16.67240298821707,100.0,3.33413641835039,0,20.775155152578723,0.0,20.775155152578723,20.775155152578723,100.0,17.67993606164236,1.6658635816496101,0.001,5000.0,-inf,0.21456433672609312,13.987079675335432,5.0,-0.3886624574661255,0.0
9.609599113464355,20.775155152578723,111.509965412871,-6.283185307179586,0.0,17.67993606164236,100.0,3.4751910486299304,0,20.775155152578723,0.0,20.775155152578723,20.775155152578723,100.0,18.686730037472437,1.5248089513700696,0.001,5000.0,-inf,0.19810790305348383,14.010277540968033,5.0,-0.3886624574661255,0.0
9.619668960571289,23.62718896972999,94.57931235551209,-6.283185307179586,0.0,18.686730037472437,100.0,3.6161422052461414,0,23.62718896972999,0.0,23.62718896972999,23.62718896972999,99.51977128776964,19.688878918457277,1.3838577947538586,0.001,5000.0,-inf,0.18329711274813545,13.997348233734256,5.0,-0.7274284958839417,-33.641626811251065
9.629878997802734,23.62718896972999,94.57931235551209,-6.283185307179586,0.0,19.688878918457277,99.51977128776964,3.7516407614617155,0,23.62718896972999,0.0,23.62718896972999,23.62718896972999,98.5176224067848,20.69474751118402,1.2483592385382845,0.001,5000.0,-inf,0.16996740147332193,13.271112841612357,5.0,-0.7274284958839417,0.0
9.639955282211304,23.62718896972999,94.57931235551209,-6.283185307179586,0.0,20.69474751118402,98.5176224067848,3.882440875633611,0,23.62718896972999,0.0,23.62718896972999,23.62718896972999,97.51175381405805,21.677303675792864,1.1175591243663892,0.001,5000.0,-inf,0.15797066132598975,12.980986727672837,5.0,-0.7274284958839417,0.0
9.650329351425171,25.877562944033464,74.75765941102316,-6.283185307179586,0.0,21.677303675792864,97.51175381405805,4.009940052751581,0,25.877562944033464,0.0,25.877562944033464,25.877562944033464,78.95791867926376,22.49641858915444,0.9900599472484188,0.001,5000.0,-inf,0.1471735951933908,12.290179917783862,5.0,-0.7274284958839417,0.0
9.660401105880737,25.877562944033464,74.75765941102316,-6.283185307179586,0.0,22.49641858915444,78.95791867926376,3.9390777892742594,0,25.877562944033464,0.0,25.877562944033464,25.877562944033464,78.13880376590218,23.283413434136296,1.0609222107257406,0.001,5000.0,-inf,0.1374562356740517,7.035741765741511,5.0,-0.7274284958839417,0.0
9.670472145080566,25.877562944033464,74.75765941102316,-6.283185307179586,0.0,23.283413434136296,78.13880376590218,4.041065918438104,0,25.877562944033464,0.0,25.877562944033464,25.877562944033464,77.35180892092032,24.062426533956575,0.9589340815618961,0.001,5000.0,-inf,0.12871061210664655,10.126872425000107,5.0,-1.0191094875335693,-28.962352927250777
9.680540323257446,27.553027552825778,55.449622523502185,-6.283185307179586,0.0,24.062426533956575,77.35180892092032,4.1422578039631235,0,27.553027552825778,0.0,27.553027552825778,27.553027552825778,58.940223542371385,24.6558472063663,0.8577421960368765,0.001,5000.0,-inf,0.1208395508959819,10.050664951221474,5.0,-1.0191094875335693,0.0
9.690614223480225,27.553027552825778,55.449622523502185,-6.283185307179586,0.0,24.6558472063663,58.940223542371385,4.041220844314996,0,27.553027552825778,0.0,27.553027552825778,27.553027552825778,58.346802869961664,25.243627076796407,0.9587791556850043,0.001,5000.0,-inf,0.11375559580638372,10.029577166117928,5.0,-1.0191094875335693,0.0
9.700687170028687,28.493261966972945,46.84813271950386,-6.283185307179586,0.0,25.243627076796407,58.346802869961664,4.117575819451114,0,28.493261966972945,0.0,28.493261966972945,28.493261966972945,50.097767609680396,25.748259212125983,0.8824241805488864,0.001,5000.0,-inf,0.10738003622574536,7.580202552328334,5.0,-1.0191094875335693,0.0
9.710752248764038,28.493261966972945,46.84813271950386,-6.283185307179586,0.0,25.748259212125983,50.097767609680396,4.105733965794442,0,28.493261966972945,0.0,28.493261966972945,28.493261966972945,49.59313547435082,26.24741802540828,0.8942660342055584,0.001,5000.0,-inf,0.22484277559086832,1.1765286658990437,5.0,-1.0191094875335693,0.0
9.720829963684082,29.24002250219737,37.07772358607799,-6.283185307179586,0.0,26.24741802540828,49.59313547435082,4.170569878300668,0,29.24002250219737,0.0,29.24002250219737,29.24002250219737,40.07032806286708,26.65123536837849,0.8294301216993318,0.001,5000.0,-inf,0.2073584980317815,6.433592636885568,5.0,-1.2702497243881226,-24.92035534315929
9.730951070785522,29.578374315154896,33.50371505961124,-3.829796586493053,242.9354106598614,26.65123536837849,40.07032806286708,4.13187623220166,0,29.578374315154896,0.0,29.578374315154896,29.578374315154896,36.43085400638765,27.01995594357408,0.8681237677983402,0.001,5000.0,-inf,0.2295461227803872,3.8230645828756744,5.0,-1.2702497243881226,0.0
9.741081476211548,29.578374315154896,33.50371505961124,-3.829796586493053,242.9354106598614,27.01995594357408,36.43085400638765,4.147102372164248,0,29.578374315154896,0.0,29.578374315154896,29.578374315154896,36.06213343119205,27.385279975759477,0.8528976278357518,0.001,5000.0,-inf,0.32427217437777844,1.503013879728036,5.0,-1.2702497243881226,0.0
9.751275539398193,30.243464926397575,22.084060032280767,3.095068418295132,229.93729259753715,27.385279975759477,36.06213343119205,4.194560530918248,0,30.243464926397575,0.0,30.243464926397575,30.243464926397575,24.942244982918865,27.639542797132144,0.8054394690817519,0.001,5000.0,-inf,0.30794646838214074,4.655470334554272,5.0,-1.2702497243881226,0.0
9.761350631713867,30.243464926397575,22.084060032280767,3.095068418295132,229.93729259753715,27.639542797132144,24.942244982918865,4.118958441427689,0,30.243464926397575,0.0,30.243464926397575,30.243464926397575,24.6879821615462,27.88827649649743,0.8810415585723108,0.001,5000.0,-inf,0.28215182154392665,7.503860721250632,5.0,-1.4864836931228638,-21.46223200340764
9.771417617797852,30.243464926397575,22.084060032280767,3.095068418295132,229.93729259753715,27.88827649649743,24.6879821615462,4.151238531125102,0,30.243464926397575,0.0,30.243464926397575,30.243464926397575,24.439248462180913,28.13430607066924,0.8487614688748977,0.001,5000.0,-inf,0.31672623849040493,3.206529683076419,5.0,-1.4864836931228638,0.0
9.78148627281189,30.619680359600274,18.659089683376827,6.283185307179586,158.1204642360659,28.13430607066924,24.439248462180913,4.183195334515503,0,30.619680359600274,0.0,30.619680359600274,30.619680359600274,21.14446397230786,28.347202383863166,0.8168046654844971,0.001,5000.0,-inf,0.3488949370943402,3.173889992838684,5.0,-1.4864836931228638,0.0
9.79157567024231,30.90424299885656,14.186374146686735,6.283185307179586,0.0,28.347202383863166,21.14446397230786,4.180052973463922,0,30.90424299885656,0.0,30.90424299885656,30.90424299885656,16.74341476168013,28.516133349736116,0.8199470265360782,0.001,5000.0,-inf,0.46400544338490624,0.3114518060421245,5.0,-1.4864836931228638,0.0
9.801650762557983,30.90424299885656,14.186374146686735,6.283185307179586,0.0,28.516133349736116,16.74341476168013,4.159692816579858,0,30.90424299885656,0.0,30.90424299885656,30.90424299885656,16.57448379580718,28.683122804063512,0.8403071834201423,0.001,5000.0,-inf,0.518600031162773,2.020840727423391,5.0,-1.4864836931228638,0.0
9.81172227859497,31.097438866010066,9.595175881699813,6.283185307179586,0.0,28.683122804063512,16.57448379580718,4.181382030526964,0,31.097438866010066,0.0,31.097438866010066,31.097438866010066,12.009491943646367,28.804076594770017,0.8186179694730358,0.001,5000.0,-inf,0.5634599304197767,2.153520271174035,5.0,-0.8870907425880432,59.51367682219539
9.8217933177948,31.097438866010066,9.595175881699813,6.283185307179586,0.0,28.804076594770017,12.009491943646367,4.1526656427042665,0,31.097438866010066,0.0,31.097438866010066,31.097438866010066,11.888538152939862,28.92380652853694,0.8473343572957335,0.001,5000.0,-inf,0.5813471586820487,2.8513827871094968,5.0,-0.8870907425880432,0.0
9.831867694854736,31.266133327198705,8.390719983651032,6.283185307179586,0.0,28.92380652853694,11.888538152939862,4.168218295524571,0,31.266133327198705,0.0,31.266133327198705,31.266133327198705,10.733046782312798,29.031935288823895,0.8317817044754294,0.001,5000.0,-inf,0.6395794325426185,1.5437830773828551,5.0,-0.8870907425880432,0.0
9.841938495635986,31.265850190830864,-0.02812257270519407,6.283185307179586,0.0,29.031935288823895,10.733046782312798,4.171801408258474,0,31.265850190830864,0.0,31.265850190830864,31.265850190830864,2.205792329301775,29.0541493839371,0.8281985917415264,0.001,5000.0,-inf,0.7256214892883567,0.3557922365591918,5.0,-0.8870907425880432,0.0
9.852010726928711,31.265850190830864,-0.02812257270519407,6.283185307179586,0.0,29.0541493839371,2.205792329301775,4.089638837044212,0,31.265850190830864,0.0,31.265850190830864,31.265850190830864,2.183578234188569,29.07614288895761,0.9103611629557884,0.001,5000.0,-inf,0.6580593403595211,8.157335631640008,5.0,-0.8870907425880432,0.0
9.862076997756958,31.265338959811185,-0.025447210647097936,6.283185307179586,0.0,29.07614288895761,2.183578234188569,4.0924957867959515,0,31.265338959811185,0.0,31.265338959811185,31.265338959811185,2.1637488602064785,29.097923770988757,0.9075042132040485,0.001,5000.0,-inf,0.742253406323569,0.2838141155235932,5.0,-0.37100744247436523,51.268568958575116
9.872162818908691,31.265338959811185,-0.025447210647097936,6.283185307179586,0.0,29.097923770988757,2.1637488602064785,4.095346816540491,0,31.265338959811185,0.0,31.265338959811185,31.265338959811185,2.1419679781753302,29.119527276929375,0.9046531834595086,0.001,5000.0,-inf,0.8180280656912121,0.2826770078160554,5.0,-0.37100744247436523,0.0
9.882308721542358,31.186810731555504,-3.9067153196660427,6.283185307179586,0.0,29.119527276929375,2.1419679781753302,4.098153498551866,0,31.186810731555504,0.0,31.186810731555504,31.186810731555504,-1.8394318650399142,29.100864580325414,0.9018465014481336,0.001,5000.0,-inf,0.8862252591220909,0.27663206643257615,5.0,-0.37100744247436523,0.0
9.892500162124634,31.186810731555504,-3.9067153196660427,6.283185307179586,0.0,29.100864580325414,-1.8394318650399142,4.055726722595159,0,31.186810731555504,0.0,31.186810731555504,31.186810731555504,-1.820769168435953,29.08230831953126,0.9442732774048412,0.001,5000.0,-inf,0.8295733376857429,4.16298124040431,5.0,-0.37100744247436523,0.0
9.902575492858887,31.186810731555504,-3.9067153196660427,6.283185307179586,0.0,29.08230831953126,-1.820769168435953,4.053315473050017,0,31.186810731555504,0.0,31.186810731555504,31.186810731555504,-1.8022129076418003,29.06415042843323,0.9466845269499826,0.001,5000.0,-inf,0.8966160039171687,0.23932212338637152,5.0,0.07334534078836441,44.10304683617691
9.912644386291504,30.847610498231404,-11.241645230466867,6.283185307179586,0.0,29.06415042843323,-1.8022129076418003,4.050958930904234,0,30.847610498231404,0.0,30.847610498231404,30.847610498231404,-9.458185160668693,28.968916969984495,0.9490410690957658,0.001,5000.0,-inf,0.9569544035254518,0.23404182014176397,5.0,0.07334534078836441,0.0
9.922724485397339,30.748849377045378,-9.815975488981818,6.283185307179586,0.0,28.968916969984495,-9.458185160668693,3.961066524191143,0,30.748849377045378,0.0,30.748849377045378,30.748849377045378,-8.036043081920935,28.887912859299973,1.0389334758088569,0.001,5000.0,-inf,0.8662589631729066,8.917809812113454,5.0,0.07334534078836441,0.0
9.932789325714111,30.748849377045378,-9.815975488981818,6.283185307179586,0.0,28.887912859299973,-8.036043081920935,3.9639473694827876,0,30.748849377045378,0.0,30.748849377045378,30.748849377045378,-7.955038971236414,28.807846662340772,1.0360526305172124,0.001,5000.0,-inf,0.929633066855616,0.2862286137658531,5.0,0.07334534078836441,0.0
9.942873001098633,30.748849377045378,-9.815975488981818,6.283185307179586,0.0,28.807846662340772,-7.955038971236414,3.953548143015345,0,30.748849377045378,0.0,30.748849377045378,30.748849377045378,-7.874972774277213,28.72843799322301,1.046451856984655,0.001,5000.0,-inf,0.9695503106576541,1.0312932607296654,5.0,0.07334534078836441,0.0
9.952944993972778,30.25808327946226,-16.261057353556204,6.283185307179586,0.0,28.72843799322301,-7.874972774277213,3.94323159130845,0,30.25808327946226,0.0,30.25808327946226,30.25808327946226,-14.731412067316956,28.58006331585489,1.0567684086915499,0.001,5000.0,-inf,1.0057017782275552,1.0242810768241402,5.0,0.4559375047683716,37.98574609421233
9.963016748428345,30.25808327946226,-16.261057353556204,6.283185307179586,0.0,28.58006331585489,-14.731412067316956,3.853894743546516,0,30.25808327946226,0.0,30.25808327946226,30.25808327946226,-14.583037389948835,28.433186544046983,1.1461052564534842,0.001,5000.0,-inf,0.9101316004047998,8.870038299291545,5.0,0.4559375047683716,0.0
9.97308349609375,29.928871333210502,-16.35804130942927,6.283185307179586,0.0,28.433186544046983,-14.583037389948835,3.8348157422670894,0,29.928871333210502,0.0,29.928871333210502,29.928871333210502,-14.862356520265752,28.283570951244176,1.1651842577329106,0.001,5000.0,-inf,0.9241603919576642,1.8952497781375865,5.0,0.4559375047683716,0.0
9.98315715789795,29.928871333210502,-16.35804130942927,6.283185307179586,0.0,28.283570951244176,-14.862356520265752,3.811076367971528,0,29.928871333210502,0.0,29.928871333210502,29.928871333210502,-14.712740927462946,28.135359774928112,1.1889236320284722,0.001,5000.0,-inf,0.9219212694523433,2.3565784475378977,5.0,0.4559375047683716,0.0
9.993230104446411,29.641198525879222,-14.30487037607064,6.283185307179586,0.0,28.135359774928112,-14.712740927462946,3.7918229592153065,0,29.641198525879222,0.0,29.641198525879222,29.641198525879222,-12.79903162511953,28.006435813496207,1.2081770407846935,0.001,5000.0,-inf,0.9342507661238215,1.9113978877572,5.0,0.4559375047683716,0.0
10.003302574157715,29.641198525879222,-14.30487037607064,6.283185307179586,0.0,28.006435813496207,-12.79903162511953,3.792910697638274,0,29.641198525879222,0.0,29.641198525879222,29.641198525879222,-12.670107663687626,27.878816537814757,1.2070893023617262,0.001,5000.0,-inf,0.9908256895114395,0.10799123294921159,5.0,0.7853530049324036,32.70454115085095
10.013370037078857,29.269018320232192,-18.49394518607433,6.283185307179586,0.0,27.878816537814757,-12.670107663687626,3.77633323865719,0,29.269018320232192,0.0,29.269018320232192,29.269018320232192,-17.103743403656896,27.706625235285703,1.2236667613428098,0.001,5000.0,-inf,1.004795921811982,1.6466372025338671,5.0,0.7853530049324036,0.0
10.023452997207642,29.269018320232192,-18.49394518607433,6.283185307179586,0.0,27.706625235285703,-17.103743403656896,3.70789009890343,0,29.269018320232192,0.0,29.269018320232192,29.269018320232192,-16.931552101127842,27.535905070531598,1.2921099010965702,0.001,5000.0,-inf,0.9093163296307838,6.788000634691924,5.0,0.7853530049324036,0.0
10.033583879470825,28.943595054400557,-16.17208655889449,6.283185307179586,0.0,27.535905070531598,-16.931552101127842,3.685711188863146,0,28.943595054400557,0.0,28.943595054400557,28.943595054400557,-14.764396575025533,27.386328707143065,1.314288811136854,0.001,5000.0,-inf,0.9139537020273947,2.1892377646992993,5.0,0.7853530049324036,0.0
10.043656826019287,28.770783037528233,-17.13820569871273,6.283185307179586,0.0,27.386328707143065,-14.764396575025533,3.6864420532497744,0,28.770783037528233,0.0,28.770783037528233,28.770783037528233,-15.753751368327563,27.227642011672142,1.3135579467502256,0.001,5000.0,-inf,0.9725583318246552,0.072557159229639,5.0,1.0689829587936401,28.15759544604606
10.053724527359009,28.609446176704218,-16.024813884190735,6.283185307179586,0.0,27.227642011672142,-15.753751368327563,3.6543323679508246,0,28.609446176704218,0.0,28.609446176704218,28.609446176704218,-14.643009719158659,27.080220563105012,1.3456676320491754,0.001,5000.0,-inf,0.9386448266641331,3.1893760269052063,5.0,1.0689829587936401,0.0
10.063793659210205,28.609446176704218,-16.024813884190735,6.283185307179586,0.0,27.080220563105012,-14.643009719158659,3.6448007816431156,0,28.609446176704218,0.0,28.609446176704218,28.609446176704218,-14.49558827059153,26.934262573547773,1.3551992183568844,0.001,5000.0,-inf,0.9803894320271884,0.9466145094302824,5.0,1.0689829587936401,0.0
10.07385802268982,28.235941502381696,-18.600747423828096,6.283185307179586,0.0,26.934262573547773,-14.49558827059153,3.625840877590773,0,28.235941502381696,0.0,28.235941502381696,28.235941502381696,-17.299068494994174,26.76015846035541,1.3741591224092269,0.001,5000.0,-inf,0.9877592770391499,1.8838651933375103,5.0,1.0689829587936401,0.0
10.083924531936646,28.235941502381696,-18.600747423828096,6.283185307179586,0.0,26.76015846035541,-17.299068494994174,3.573431499499816,0,28.235941502381696,0.0,28.235941502381696,28.235941502381696,-17.12496438180181,26.58776984805443,1.426568500500184,0.001,5000.0,-inf,0.8939833493352349,5.206311026583626,5.0,1.0689829587936401,0.0
10.093993663787842,28.235941502381696,-18.600747423828096,6.283185307179586,0.0,26.58776984805443,-17.12496438180181,3.5510381349096027,0,28.235941502381696,0.0,28.235941502381696,28.235941502381696,-16.952575769500832,26.41707212741393,1.4489618650903973,0.001,5000.0,-inf,0.8990351341987237,2.2239617994030674,5.0,1.3131910562515259,24.253143276584662
10.104062557220459,27.743205082349835,-16.304445844656765,6.283185307179586,0.0,26.41707212741393,-16.952575769500832,3.5288643401429427,0,27.743205082349835,0.0,27.743205082349835,27.743205082349835,-14.978312889720861,26.266257091126935,1.4711356598570573,0.001,5000.0,-inf,0.9042827056206655,2.2022077118057695,5.0,1.3131910562515259,0.0
10.11412763595581,27.743205082349835,-16.304445844656765,6.283185307179586,0.0,26.266257091126935,-14.978312889720861,3.5274928638605627,0,27.743205082349835,0.0,27.743205082349835,27.743205082349835,-14.827497853433865,26.117017157783867,1.4725071361394373,0.001,5000.0,-inf,0.963854435058599,0.13626085979466376,5.0,1.3131910562515259,0.0
10.12416386604309,27.466607616326005,-13.774549210234932,6.283185307179586,0.0,26.117017157783867,-14.827497853433865,3.508107423555403,0,27.466607616326005,0.0,27.466607616326005,27.466607616326005,-12.424958751692794,25.992317412926912,1.491892576444597,0.001,5000.0,-inf,0.971341397497043,1.9315460224181575,5.0,1.3131910562515259,0.0
10.13422679901123,27.466607616326005,-13.774549210234932,6.283185307179586,0.0,25.992317412926912,-12.424958751692794,3.51467485029284,0,27.466607616326005,0.0,27.466607616326005,27.466607616326005,-12.300259006835839,25.868540731050366,1.48532514970716,0.001,5000.0,-inf,1.0192890045138934,0.6526354451758872,5.0,1.3131910562515259,0.0
10.144294261932373,27.222092279380647,-12.1567963752787,6.283185307179586,0.0,25.868540731050366,-12.300259006835839,3.4985931122786935,0,27.222092279380647,0.0,27.222092279380647,27.222092279380647,-10.80324482694842,25.75977946432704,1.5014068877213065,0.001,5000.0,-inf,1.0319995246324816,1.5973972926558664,5.0,1.5234565734863281,20.88565102069815
10.154511451721191,27.222092279380647,-12.1567963752787,6.283185307179586,0.0,25.75977946432704,-10.80324482694842,3.4983366767363013,0,27.222092279380647,0.0,27.222092279380647,27.222092279380647,-10.694483560225093,25.65051189609882,1.5016633232636987,0.001,5000.0,-inf,1.0787995721692334,0.025098441713672363,5.0,1.5234565734863281,0.0
10.164557933807373,27.222092279380647,-12.1567963752787,6.283185307179586,0.0,25.65051189609882,-10.694483560225093,3.484126829851584,0,27.222092279380647,0.0,27.222092279380647,27.222092279380647,-10.585215991996874,25.544167713256858,1.5158731701484158,0.001,5000.0,-inf,1.091455285811267,1.4144102147220257,5.0,1.5234565734863281,0.0
10.174616813659668,26.980359900435243,-7.995292905562761,6.283185307179586,0.0,25.544167713256858,-10.585215991996874,3.4703313199359918,0,26.980359900435243,0.0,26.980359900435243,26.980359900435243,-6.559100718384376,25.478190507191528,1.5296686800640082,0.001,5000.0,-inf,1.1042288715487187,1.3714757625268772,5.0,1.5234565734863281,0.0
10.184682846069336,26.980359900435243,-7.995292905562761,6.283185307179586,0.0,25.478190507191528,-6.559100718384376,3.5013556638229706,0,26.980359900435243,0.0,26.980359900435243,26.980359900435243,-6.493123512319046,25.412830515476546,1.4986443361770294,0.001,5000.0,-inf,1.0606055433123849,3.082082654252271,5.0,1.5234565734863281,0.0
10.194747686386108,26.844595718065698,-6.753917036356849,6.283185307179586,0.0,25.412830515476546,-6.493123512319046,3.4928650370435266,0,26.844595718065698,0.0,26.844595718065698,26.844595718065698,-5.322151833767697,25.359263907128057,1.5071349629564734,0.001,5000.0,-inf,1.0934736655694484,0.8435927955354526,5.0,1.7044974565505981,17.98745706502428
10.204813480377197,26.844595718065698,-6.753917036356849,6.283185307179586,0.0,25.359263907128057,-5.322151833767697,3.4970754286602515,0,26.844595718065698,0.0,26.844595718065698,26.844595718065698,-5.268585225419208,25.30623141362449,1.5029245713397485,0.001,5000.0,-inf,1.1341262990125036,0.4182870840047278,5.0,1.7044974565505981,0.0
10.21488070487976,26.795356432037366,-2.4466832643734695,6.283185307179586,0.0,25.30623141362449,-5.268585225419208,3.4901865456532373,0,26.795356432037366,0.0,26.795356432037366,26.795356432037366,-0.9575582459605951,25.29659145978812,1.5098134543467627,0.001,5000.0,-inf,1.164775493543759,0.6842882072670599,5.0,1.7044974565505981,0.0
10.224944114685059,26.795356432037366,-2.4466832643734695,6.283185307179586,0.0,25.29659145978812,-0.9575582459605951,3.5319472219107317,0,26.795356432037366,0.0,26.795356432037366,26.795356432037366,-0.9479182921242253,25.28705216955254,1.4680527780892683,0.001,5000.0,-inf,1.080694756016879,4.149754115698407,5.0,1.7044974565505981,0.0
10.235013723373413,26.752322272879233,-2.13956930719523,6.283185307179586,0.0,25.28705216955254,-0.9479182921242253,3.5307081208161133,0,26.752322272879233,0.0,26.752322272879233,26.752322272879233,-0.6742992038685349,25.280262240430712,1.4692918791838867,0.001,5000.0,-inf,1.122625280415191,0.12305354984166023,5.0,1.7044974565505981,0.0
10.245079517364502,26.82642073998475,7.367520789269558,6.283185307179586,0.0,25.280262240430712,-0.6742992038685349,3.5324937216216146,0,26.82642073998475,0.0,26.82642073998475,26.82642073998475,8.913679288823598,25.369985499854646,1.4675062783783854,0.001,5000.0,-inf,1.160362752373672,0.17739294158831853,5.0,1.8603752851486206,15.485894976195551
10.255148649215698,26.82642073998475,7.367520789269558,6.283185307179586,0.0,25.369985499854646,8.913679288823598,3.6409347628678868,0,26.82642073998475,0.0,26.82642073998475,26.82642073998475,8.823956029399664,25.45883507656383,1.3590652371321132,0.001,5000.0,-inf,1.0493264771363047,10.76965152992694,5.0,1.8603752851486206,0.0
10.265213966369629,26.960590402820756,6.666054886421538,6.283185307179586,0.0,25.45883507656383,8.823956029399664,3.652476471012933,0,26.960590402820756,0.0,26.960590402820756,26.960590402820756,8.167810212678464,25.541046676807554,1.3475235289870668,0.001,5000.0,-inf,1.0735563298754034,1.146681020432544,5.0,1.8603752851486206,0.0
10.275281429290771,26.960590402820756,6.666054886421538,6.283185307179586,0.0,25.541046676807554,8.167810212678464,3.6574246368798424,0,26.960590402820756,0.0,26.960590402820756,26.960590402820756,8.08559861243474,25.622448141033484,1.3425753631201576,0.001,5000.0,-inf,1.116200696887863,0.49150077886233656,5.0,1.8603752851486206,0.0
10.285346746444702,27.16389946768248,10.102956270194847,6.283185307179586,0.0,25.622448141033484,8.08559861243474,3.6679987258690354,0,27.16389946768248,0.0,27.16389946768248,27.16389946768248,11.644407596843843,25.739652796565355,1.3320012741309646,0.001,5000.0,-inf,1.1368407786239079,1.050547024746621,5.0,1.994587779045105,13.334154487528721
10.295411586761475,27.25568227756463,9.131048544116206,6.283185307179586,0.0,25.739652796565355,11.644407596843843,3.7199954674875886,0,27.25568227756463,0.0,27.25568227756463,27.25568227756463,10.647078025115482,25.84681393672836,1.2800045325124114,0.001,5000.0,-inf,1.028156700761517,5.166176509716073,5.0,1.994587779045105,0.0
10.305476427078247,27.25568227756463,9.131048544116206,6.283185307179586,0.0,25.84681393672836,10.647078025115482,3.7250247313931255,0,27.25568227756463,0.0,27.25568227756463,27.25568227756463,10.539916884952477,25.952896517127456,1.2749752686068745,0.001,5000.0,-inf,1.0753410306853655,0.49968640805517384,5.0,1.994587779045105,0.0
10.315541744232178,27.53580299023903,13.913333242383661,5.167572311186513,-55.41145185085833,25.952896517127456,10.539916884952477,3.738804681247369,0,27.53580299023903,0.0,27.53580299023903,27.53580299023903,15.496239715495236,26.10887108455725,1.2611953187526308,0.001,5000.0,-inf,1.0898041176637516,1.3690527226817093,5.0,1.994587779045105,0.0
10.325605154037476,27.53580299023903,13.913333242383661,5.167572311186513,-55.41145185085833,26.10887108455725,15.496239715495236,3.8102043489929676,0,27.53580299023903,0.0,27.53580299023903,27.53580299023903,15.340265148065441,26.263246459264156,1.1897956510070324,0.001,5000.0,-inf,0.9858237058973764,7.0949776593625575,5.0,1.994587779045105,0.0
10.335815191268921,27.53580299023903,13.913333242383661,5.167572311186513,-55.41145185085833,26.263246459264156,15.340265148065441,3.8302571557776366,0,27.53580299023903,0.0,27.53580299023903,27.53580299023903,15.185889773358536,26.418294959242772,1.1697428442223634,0.001,5000.0,-inf,0.9900670751955322,1.964028762099861,5.0,2.1101455688476562,11.318057631234822
10.345881938934326,28.0153737527451,15.906949415289976,1.1211244280142312,-134.2171934186967,26.418294959242772,15.185889773358536,3.850420192027574,0,28.0153737527451,0.0,28.0153737527451,28.0153737527451,17.504028208792302,26.59450359434882,1.149579807972426,0.001,5000.0,-inf,0.9926324780775645,2.00293450477838,5.0,2.1101455688476562,0.0
10.355951070785522,28.0153737527451,15.906949415289976,1.1211244280142312,-134.2171934186967,26.59450359434882,17.504028208792302,3.898270785296758,0,28.0153737527451,0.0,28.0153737527451,28.0153737527451,17.327819573686256,26.768979694330007,1.101729214703242,0.001,5000.0,-inf,0.9063536892950562,4.752206444044025,5.0,2.1101455688476562,0.0
10.36605954170227,28.0153737527451,15.906949415289976,1.1211244280142312,-134.2171934186967,26.768979694330007,17.327819573686256,3.9209353529430637,0,28.0153737527451,0.0,28.0153737527451,28.0153737527451,17.153343473705068,26.942373767958944,1.0790646470569363,0.001,5000.0,-inf,0.9095828235292754,2.242136108711987,5.0,2.1101455688476562,0.0
10.37612509727478,28.0153737527451,15.906949415289976,1.1211244280142312,-134.2171934186967,26.942373767958944,17.153343473705068,3.943465762251303,0,28.0153737527451,0.0,28.0153737527451,28.0153737527451,16.97994940007613,27.113286392263813,1.0565342377486968,0.001,5000.0,-inf,0.9126104873864322,2.23836718658359,5.0,2.1101455688476562,0.0
10.386194229125977,28.533394190291983,12.860149944567658,-2.829583377514701,-98.07855266652001,27.113286392263813,16.97994940007613,3.9656595889176955,0,28.533394190291983,0.0,28.533394190291983,28.533394190291983,14.280257742595827,27.257076190343078,1.0343404110823045,0.001,5000.0,-inf,0.9164380996237366,2.2041450041947326,5.0,2.2096424102783203,9.881372386522388
10.39626169204712,28.533394190291983,12.860149944567658,-2.829583377514701,-98.07855266652001,27.257076190343078,14.280257742595827,3.9587932440739895,0,28.533394190291983,0.0,28.533394190291983,28.533394190291983,14.136467944516562,27.399394557210417,1.0412067559260105,0.001,5000.0,-inf,0.9689287725850819,0.6820332885742376,5.0,2.2096424102783203,0.0
10.406332731246948,28.533394190291983,12.860149944567658,-2.829583377514701,-98.07855266652001,27.399394557210417,14.136467944516562,3.9772799174546245,0,28.533394190291983,0.0,28.533394190291983,28.533394190291983,13.994149577649223,27.540330186175193,1.0227200825453755,0.001,5000.0,-inf,0.9789990192239553,1.835627189391611,5.0,2.2096424102783203,0.0
10.416398048400879,29.05025958020544,17.140184791078227,-5.581977625957604,-91.27433749067887,27.540330186175193,13.994149577649223,3.99558772184102,0,29.05025958020544,0.0,29.05025958020544,29.05025958020544,18.650114185108475,27.72804950040533,1.0044122781589802,0.001,5000.0,-inf,0.9886012315656085,1.8188999021502128,5.0,2.2096424102783203,0.0
10.426599979400635,29.05025958020544,17.140184791078227,-5.581977625957604,-91.27433749067887,27.72804950040533,18.650114185108475,4.068428071907832,0,29.05025958020544,0.0,29.05025958020544,29.05025958020544,18.462394870878338,27.916401578968276,0.9315719280921684,0.001,5000.0,-inf,0.8947411084090477,7.139859117705747,5.0,2.0583484172821045,-14.829936901145127
10.436664581298828,29.46729323490515,20.70754026330775,-6.283185307179586,-34.818020388067765,27.916401578968276,18.462394870878338,4.0929201697643425,0,29.46729323490515,0.0,29.46729323490515,29.46729323490515,22.25843191924462,28.140423835113513,0.9070798302356575,0.001,5000.0,-inf,0.8929656858329448,2.433488984885462,5.0,2.0583484172821045,0.0
10.44672966003418,29.46729323490515,20.70754026330775,-6.283185307179586,-34.818020388067765,28.140423835113513,22.25843191924462,4.1622436561083385,0,29.46729323490515,0.0,29.46729323490515,29.46729323490515,22.034409663099385,28.3622019032596,0.8377563438916615,0.001,5000.0,-inf,0.8086691172496503,6.887525489543485,5.0,2.0583484172821045,0.0
10.456795930862427,29.46729323490515,20.70754026330775,-6.283185307179586,-34.818020388067765,28.3622019032596,22.034409663099385,4.191052363087338,0,29.46729323490515,0.0,29.46729323490515,29.46729323490515,21.8126315949533,28.581773760371174,0.808947636912662,0.001,5000.0,-inf,0.8016963900250651,2.861904618953733,5.0,2.0583484172821045,0.0
10.466862440109253,30.133505542951195,22.083368489787446,-6.283185307179586,0.0,28.581773760371174,21.8126315949533,4.219574642401498,0,30.133505542951195,0.0,30.133505542951195,30.133505542951195,23.635100272367467,28.819696715812626,0.7804253575985021,0.001,5000.0,-inf,0.796339955400517,2.8333833124081846,5.0,2.0583484172821045,0.0
10.476931095123291,30.133505542951195,22.083368489787446,-6.283185307179586,0.0,28.819696715812626,23.635100272367467,4.2711085429374425,0,30.133505542951195,0.0,30.133505542951195,30.133505542951195,23.397177316926015,29.05527482251903,0.7288914570625575,0.001,5000.0,-inf,0.7217059598604654,5.118250696254275,5.0,1.379471778869629,-67.42475906324738
10.487137079238892,30.133505542951195,22.083368489787446,-6.283185307179586,0.0,29.05527482251903,23.397177316926015,4.301710248321926,0,30.133505542951195,0.0,30.133505542951195,30.133505542951195,23.16159921021961,29.29166173615044,0.6982897516780744,0.001,5000.0,-inf,0.7190311030518687,2.998408094492938,5.0,1.379471778869629,0.0
10.497202634811401,30.67859594787862,18.05918582096786,-6.283185307179586,0.0,29.29166173615044,23.16159921021961,4.332448635163258,0,30.67859594787862,0.0,30.67859594787862,30.67859594787862,19.446120032696037,29.48739773800924,0.6675513648367417,0.001,5000.0,-inf,0.7148382630478615,3.0538191975496,5.0,1.379471778869629,0.0
10.507272243499756,30.850013033309217,17.062398953199207,-6.283185307179586,0.0,29.48739773800924,19.446120032696037,4.322696883648255,0,30.850013033309217,0.0,30.850013033309217,30.850013033309217,18.425014248499185,29.67293042156898,0.6773031163517453,0.001,5000.0,-inf,0.7782604519962175,0.9684340093852437,5.0,1.379471778869629,0.0
10.517341613769531,31.01192481192074,15.951594218810314,-6.283185307179586,0.0,29.67293042156898,18.425014248499185,4.33846040150465,0,31.01192481192074,0.0,31.01192481192074,31.01192481192074,17.29058860916207,29.847035760456993,0.6615395984953496,0.001,5000.0,-inf,0.8161018891837348,1.5654919259163722,5.0,0.7949526309967041,-58.04922574229294
10.527495861053467,31.01192481192074,15.951594218810314,-6.283185307179586,0.0,29.847035760456993,17.29058860916207,4.3514908925556,0,31.01192481192074,0.0,31.01192481192074,31.01192481192074,17.11648327027406,30.020840764214704,0.6485091074443998,0.001,5000.0,-inf,0.8592534758159099,1.2832552415346996,5.0,0.7949526309967041,0.0
10.537559270858765,31.294856998808974,14.129778810683693,-6.283185307179586,0.0,30.020840764214704,17.11648327027406,4.374082539692799,0,31.294856998808974,0.0,31.294856998808974,31.294856998808974,15.403795045277963,30.175855466312154,0.6259174603072006,0.001,5000.0,-inf,0.8671026170171181,2.244929658464856,5.0,0.7949526309967041,0.0
10.547629594802856,31.42258579633732,12.777156774268818,-6.283185307179586,0.0,30.175855466312154,15.403795045277963,4.378657715736481,0,31.42258579633732,0.0,31.42258579633732,31.42258579633732,14.023887104293983,30.317080552407766,0.6213422842635188,0.001,5000.0,-inf,0.9303923553154063,0.4543226284558681,5.0,0.7949526309967041,0.0
10.55769658088684,31.42258579633732,12.777156774268818,-6.283185307179586,0.0,30.317080552407766,14.023887104293983,4.384630148380028,0,31.42258579633732,0.0,31.42258579633732,31.42258579633732,13.88266201819837,30.45683711775363,0.6153698516199722,0.001,5000.0,-inf,0.9843477793331956,0.5932691864001093,5.0,0.7949526309967041,0.0
10.567858457565308,31.543569571068712,6.01449247707704,-1.8343286205492202,221.1669716268874,30.45683711775363,13.88266201819837,4.402783816667492,0,31.543569571068712,0.0,31.543569571068712,31.543569571068712,7.101224930392123,30.528998889762327,0.5972161833325078,0.001,5000.0,-inf,0.9944607753228173,1.7864483954949284,5.0,0.29167550802230835,-49.526001830040826
10.577924966812134,31.543569571068712,6.01449247707704,-1.8343286205492202,221.1669716268874,30.528998889762327,7.101224930392123,4.345072093870647,0,31.543569571068712,0.0,31.543569571068712,31.543569571068712,7.029063158383424,30.59975701904272,0.6549279061293527,0.001,5000.0,-inf,0.9000146977905356,5.733042247494143,5.0,0.29167550802230835,0.0
10.58799409866333,31.649385166219485,5.259623075776635,2.4470537063205047,212.80849245842165,30.59975701904272,7.029063158383424,4.354256614249815,0,31.649385166219485,0.0,31.649385166219485,31.649385166219485,6.3092512229534,30.66328570148896,0.6457433857501851,0.001,5000.0,-inf,0.9467329614908754,0.9121462023636551,5.0,0.29167550802230835,0.0
10.598151206970215,31.649385166219485,5.259623075776635,2.4470537063205047,212.80849245842165,30.66328570148896,6.3092512229534,4.355952510437988,0,31.649385166219485,0.0,31.649385166219485,31.649385166219485,6.245722540507161,30.72672418178764,0.6440474895620119,0.001,5000.0,-inf,1.002059665341788,0.16696643738884862,5.0,0.29167550802230835,0.0
10.608218669891357,31.655137883835152,0.28601321099853627,6.283185307179586,190.72452191756537,30.72672418178764,6.245722540507161,4.364198610855342,0,31.655137883835152,0.0,31.655137883835152,31.655137883835152,1.214426913046047,30.73895037970517,0.6358013891446577,0.001,5000.0,-inf,1.0415720948726348,0.8190842600509243,5.0,0.29167550802230835,0.0
10.618337154388428,31.655137883835152,0.28601321099853627,6.283185307179586,190.72452191756537,30.73895037970517,1.214426913046047,4.315597322289184,0,31.655137883835152,0.0,31.655137883835152,31.655137883835152,1.2022007151285192,30.751114829003562,0.6844026777108159,0.001,5000.0,-inf,0.948755633314276,4.803218167723648,5.0,-0.14165090024471283,-42.82522826343072
10.628406524658203,31.655137883835152,0.28601321099853627,6.283185307179586,190.72452191756537,30.751114829003562,1.2022007151285192,4.317178083211784,0,31.655137883835152,0.0,31.655137883835152,31.655137883835152,1.1900362658301267,30.763097744798667,0.6828219167882157,0.001,5000.0,-inf,1.0038800699828485,0.15698706872911905,5.0,-0.14165090024471283,0.0
10.638585329055786,31.36622677222676,-9.571352087702104,6.283185307179586,0.0,30.763097744798667,1.1900362658301267,4.318734046930115,0,31.36622677222676,0.0,31.36622677222676,31.36622677222676,-8.968223060274012,30.671811956474244,0.681265953069885,0.001,5000.0,-inf,1.0534920629845637,0.15286311216473863,5.0,-0.14165090024471283,0.0
10.648651599884033,31.36622677222676,-9.571352087702104,6.283185307179586,0.0,30.671811956474244,-8.968223060274012,4.204371443303654,0,31.36622677222676,0.0,31.36622677222676,31.36622677222676,-8.876937271949588,30.582454301769438,0.7956285566963457,0.001,5000.0,-inf,0.9531428566861073,11.360970271686565,5.0,-0.14165090024471283,0.0
10.659250259399414,31.203578973965325,-8.086320122790857,6.283185307179586,0.0,30.582454301769438,-8.876937271949588,4.192774229528226,0,31.203578973965325,0.0,31.203578973965325,31.203578973965325,-7.465195450594971,30.50333323697281,0.8072257704717742,0.001,5000.0,-inf,0.9886816385158116,1.094215146604019,5.0,-0.14165090024471283,0.0
10.669405460357666,31.070425862462816,-13.107813931687744,6.283185307179586,0.0,30.50333323697281,-7.465195450594971,4.195814698670244,0,31.070425862462816,0.0,31.070425862462816,31.070425862462816,-12.540721306197739,30.37597969194694,0.8041853013297562,0.001,5000.0,-inf,1.0398134746642305,0.299400194493189,5.0,0.2708234488964081,40.61705433863924
10.679599285125732,30.94794034291761,-12.256161093840864,6.283185307179586,0.0,30.37597969194694,-12.540721306197739,4.127229943810595,0,30.94794034291761,0.0,30.94794034291761,30.94794034291761,-11.684200442870194,30.256873000077356,0.8727700561894052,0.001,5000.0,-inf,0.9408321271978074,6.7280688475733275,5.0,0.2708234488964081,0.0
10.689666032791138,30.94794034291761,-12.256161093840864,6.283185307179586,0.0,30.256873000077356,-11.684200442870194,4.119120215582128,0,30.94794034291761,0.0,30.94794034291761,30.94794034291761,-11.565093751000608,30.140450119559276,0.8808797844178722,0.001,5000.0,-inf,0.9869019432148766,0.805595659890867,5.0,0.2708234488964081,0.0
10.69991660118103,27.0636427152095,-193.08261723537692,6.283185307179586,0.0,30.140450119559276,-11.565093751000608,4.104012079228293,0,27.0636427152095,0.0,27.0636427152095,27.0636427152095,-100.0,29.115393280570018,0.8959879207717067,0.001,5000.0,-inf,1.0068310811645178,1.4738827915856572,5.0,0.2708234488964081,0.0
10.7100989818573,27.0636427152095,-193.08261723537692,6.283185307179586,0.0,29.115393280570018,-100.0,3.0761550592798033,0,27.0636427152095,0.0,27.0636427152095,27.0636427152095,-100.0,28.097155212943065,1.9238449407201967,0.001,5000.0,-inf,0.911147973048066,100.9446663434961,5.0,0.6259679794311523,34.87833953825981
10.720261812210083,27.0636427152095,-193.08261723537692,6.283185307179586,0.0,28.097155212943065,-100.0,2.9336017298120294,0,27.0636427152095,0.0,27.0636427152095,27.0636427152095,-100.0,27.080872177664745,2.0663982701879706,0.001,5000.0,-inf,0.8250331757432595,14.026931919485804,5.0,0.6259679794311523,0.0
10.73032808303833,27.0636427152095,-193.08261723537692,6.283185307179586,0.0,27.080872177664745,-100.0,2.7913221048730645,0,27.0636427152095,0.0,27.0636427152095,27.0636427152095,-100.0,26.074245094840037,2.2086778951269355,0.001,5000.0,-inf,0.7475298581689336,14.134293361123612,5.0,0.6259679794311523,0.0
10.740476369857788,20.69645399770643,-158.25264499764745,6.283185307179586,0.0,26.074245094840037,-100.0,2.6503943132776056,0,20.69645399770643,0.0,20.69645399770643,20.69645399770643,-100.0,25.059416412894237,2.3496056867223944,0.001,5000.0,-inf,0.6777768723520402,13.886855397627158,5.0,0.6259679794311523,0.0
10.750544548034668,19.354632419582035,-133.45365674887282,6.283185307179586,0.0,25.059416412894237,-100.0,2.5083182978051934,0,19.354632419582035,0.0,19.354632419582035,19.354632419582035,-100.0,24.05259859520625,2.4916817021948066,0.001,5000.0,-inf,0.6149991851168362,14.111392644864903,5.0,0.6259679794311523,0.0
10.76059603691101,19.354632419582035,-133.45365674887282,6.283185307179586,0.0,24.05259859520625,-100.0,2.367363803328875,0,19.354632419582035,0.0,19.354632419582035,19.354632419582035,-100.0,23.04744970757197,2.632636196671125,0.001,5000.0,-inf,0.5584992666051526,14.023245333143576,5.0,0.9317508339881897,30.421647809483147
10.77066159248352,16.924289118147332,-120.74862154206099,6.283185307179586,0.0,23.04744970757197,-100.0,2.2266429590600763,0,16.924289118147332,0.0,16.924289118147332,16.924289118147332,-100.0,22.040894150320995,2.7733570409399237,0.001,5000.0,-inf,0.5076493399446373,13.980434885593823,5.0,0.9317508339881897,0.0
10.780728578567505,16.924289118147332,-120.74862154206099,6.283185307179586,0.0,22.040894150320995,-100.0,2.0857251810449395,0,16.924289118147332,0.0,16.924289118147332,16.924289118147332,-100.0,21.034195541922557,2.9142748189550605,0.001,5000.0,-inf,0.4618844059501736,13.998010610079575,5.0,0.9317508339881897,0.0
10.790871858596802,16.924289118147332,-120.74862154206099,6.283185307179586,0.0,21.034195541922557,-100.0,1.9447873758691583,0,16.924289118147332,0.0,16.924289118147332,16.924289118147332,-100.0,20.01986753899287,3.0552126241308417,0.001,5000.0,-inf,0.42069596535515624,13.894697254606996,5.0,0.9317508339881897,0.0
10.801000356674194,13.841118239289262,-102.20712072616412,6.283185307179586,0.0,20.01986753899287,-100.0,1.802781455459002,0,13.841118239289262,0.0,13.841118239289262,13.841118239289262,-100.0,19.00701773125361,3.197218544540998,0.001,5000.0,-inf,0.38362636881964063,14.02043218304223,5.0,1.1950328350067139,25.994179887952544
10.811070442199707,13.841118239289262,-102.20712072616412,6.283185307179586,0.0,19.00701773125361,-100.0,1.660982482375506,0,13.841118239289262,0.0,13.841118239289262,13.841118239289262,-100.0,18.000009178702342,3.339017517624494,0.001,5000.0,-inf,0.35026373193767657,14.081208419158557,5.0,1.1950328350067139,0.0
10.821125507354736,13.841118239289262,-102.20712072616412,6.283185307179586,0.0,18.000009178702342,-100.0,1.5200012850183282,0,13.841118239289262,0.0,13.841118239289262,13.841118239289262,-100.0,16.994502663199412,3.479998714981672,0.001,5000.0,-inf,0.3202373587439089,14.020913358941527,5.0,1.1950328350067139,0.0
10.83119249343872,13.841118239289262,-102.20712072616412,6.283185307179586,0.0,16.994502663199412,-100.0,1.379230372847918,0,13.841118239289262,0.0,13.841118239289262,13.841118239289262,-100.0,15.987804054800975,3.620769627152082,0.001,5000.0,-inf,0.293213622869518,13.98342175066313,5.0,1.1950328350067139,0.0
10.841264724731445,10.585278012039472,-80.93681804909023,6.283185307179586,0.0,15.987804054800975,-100.0,1.2382925676721368,0,10.585278012039472,0.0,10.585278012039472,10.585278012039472,-86.33934409185174,15.118174211445707,3.761707432327863,0.001,5000.0,-inf,0.2688922605825662,13.992709368934337,5.0,1.1950328350067139,0.0
10.851386547088623,9.88062238999317,-68.19270192591985,6.283185307179586,0.0,15.118174211445707,-86.33934409185174,1.2531509486838814,0,9.88062238999317,0.0,9.88062238999317,9.88062238999317,-73.43025374737239,14.374926227372319,3.7468490513161186,0.001,5000.0,-inf,0.36081336935936104,1.4679551258087478,5.0,1.4217214584350586,22.39602864276629
10.861459493637085,9.88062238999317,-68.19270192591985,6.283185307179586,0.0,14.374926227372319,-73.43025374737239,1.2781871343584013,0,9.88062238999317,0.0,9.88062238999317,9.88062238999317,-72.687005763299,13.642753903550865,3.7218128656415987,0.001,5000.0,-inf,0.41075520357377293,2.485487791885753,5.0,1.4217214584350586,0.0
10.871615648269653,8.63939994006316,-61.64086630788369,6.283185307179586,0.0,13.642753903550865,-72.687005763299,1.1831154888641313,0,8.63939994006316,0.0,8.63939994006316,8.63939994006316,-66.6442202713714,12.96590489710787,3.8168845111358687,0.001,5000.0,-inf,0.37467968321639566,9.360988379341716,5.0,1.4217214584350586,0.0
10.881686449050903,8.63939994006316,-61.64086630788369,6.283185307179586,0.0,12.96590489710787,-66.6442202713714,1.148784482881388,0,8.63939994006316,0.0,8.63939994006316,8.63939994006316,-65.9673712649284,12.301560643036021,3.8512155171186118,0.001,5000.0,-inf,0.3934784027155189,3.408964860734947,5.0,1.4217214584350586,0.0
10.891876220703125,8.63939994006316,-61.64086630788369,6.283185307179586,0.0,12.301560643036021,-65.9673712649284,1.0625447773757588,0,8.63939994006316,0.0,8.63939994006316,8.63939994006316,-65.30302701085655,11.636137709596527,3.937455222624241,0.001,5000.0,-inf,0.35913056244396707,8.463359970076104,5.0,1.4217214584350586,0.0
10.902031898498535,7.06610712411005,-52.17610360411624,6.283185307179586,0.0,11.636137709596527,-65.30302701085655,0.9760290092349484,0,7.06610712411005,0.0,7.06610712411005,7.06610712411005,-56.74613418960272,11.059842254631814,4.023970990765052,0.001,5000.0,-inf,0.32821750619957035,8.51895559151267,5.0,1.616902470588684,19.218905531035777
10.912372350692749,7.06610712411005,-52.17610360411624,6.283185307179586,0.0,11.059842254631814,-56.74613418960272,0.9809165737524268,0,7.06610712411005,0.0,7.06610712411005,7.06610712411005,-56.169838734638006,10.479020722439587,4.019083426247573,0.001,5000.0,-inf,0.44539575557961336,0.47266448562213786,5.0,1.616902470588684,0.0
10.92246413230896,6.179176149650284,-44.084875496545465,6.283185307179586,0.0,10.479020722439587,-56.169838734638006,0.9053645137951623,0,6.179176149650284,0.0,6.179176149650284,6.179176149650284,-48.38472006933477,9.990732693938362,4.0946354862048375,0.001,5000.0,-inf,0.405856180021652,7.486493746148992,5.0,1.616902470588684,0.0
10.932857036590576,6.179176149650284,-44.084875496545465,6.283185307179586,0.0,9.990732693938362,-48.38472006933477,0.9148553764580232,0,6.179176149650284,0.0,6.179176149650284,6.179176149650284,-47.896432040833545,9.492949660307044,4.085144623541977,0.001,5000.0,-inf,0.5019561461059482,0.9132060111098211,5.0,1.616902470588684,0.0
10.9429292678833,5.403108126216652,-38.549766869890064,6.283185307179586,0.0,9.492949660307044,-47.896432040833545,0.8500486320346509,0,5.403108126216652,0.0,5.403108126216652,5.403108126216652,-42.63960840398045,9.06347366223095,4.1499513679653495,0.001,5000.0,-inf,0.4567605314953534,6.4341993883901,5.0,1.616902470588684,0.0
10.953001737594604,5.403108126216652,-38.549766869890064,6.283185307179586,0.0,9.06347366223095,-42.63960840398045,0.8424902286725285,0,5.403108126216652,0.0,5.403108126216652,5.403108126216652,-42.21013240590436,8.638313382062359,4.157509771327471,0.001,5000.0,-inf,0.5530159632321734,0.7504021931820747,5.0,1.7849547863006592,16.68432078017374
10.963086128234863,5.403108126216652,-38.549766869890064,6.283185307179586,0.0,8.638313382062359,-42.21013240590436,0.7872625494296868,0,5.403108126216652,0.0,5.403108126216652,5.403108126216652,-41.78497212573577,8.216937400254114,4.212737450570313,0.001,5000.0,-inf,0.502714366908956,5.476550960090981,5.0,1.7849547863006592,0.0
10.97330904006958,4.4190885445730475,-32.63082498471031,6.283185307179586,0.0,8.216937400254114,-41.78497212573577,0.7325215147782183,0,4.4190885445730475,0.0,4.4190885445730475,4.4190885445730475,-36.428673840391376,7.844530279328139,4.2674784852217815,0.001,5000.0,-inf,0.45744293021806043,5.3547399739445165,5.0,1.7849547863006592,0.0
10.983429193496704,4.4190885445730475,-32.63082498471031,6.283185307179586,0.0,7.844530279328139,-36.428673840391376,0.7339475007020259,0,4.4190885445730475,0.0,4.4190885445730475,4.4190885445730475,-36.0562667194654,7.479635328117843,4.266052499297974,0.001,5000.0,-inf,0.5616986371962545,0.1409055637423123,5.0,1.7849547863006592,0.0
10.993765354156494,3.8635182653034925,-27.56723307529262,6.283185307179586,0.0,7.479635328117843,-36.0562667194654,0.6865862787418442,0,3.8635182653034925,0.0,3.8635182653034925,3.8635182653034925,-31.18335013810697,7.157319211179884,4.313413721258156,0.001,5000.0,-inf,0.5239947512594851,4.582090344669983,5.0,1.9296494722366333,13.998881276958919
11.003831624984741,3.8635182653034925,-27.56723307529262,6.283185307179586,0.0,7.157319211179884,-31.18335013810697,0.6901911881841142,0,3.8635182653034925,0.0,3.8635182653034925,3.8635182653034925,-30.86103402116901,6.846663684683049,4.309808811815886,0.001,5000.0,-inf,0.6215952761335366,0.35811766877503565,5.0,1.9296494722366333,0.0
11.013899326324463,3.3794432339516747,-24.107214745542198,6.283185307179586,0.0,6.846663684683049,-30.86103402116901,0.6499225756439369,0,3.3794432339516747,0.0,3.3794432339516747,3.3794432339516747,-27.574435196273573,6.569052506515456,4.350077424356063,0.001,5000.0,-inf,0.5966649889771901,3.99978219271357,5.0,1.9296494722366333,0.0
11.023975133895874,3.3794432339516747,-24.107214745542198,6.283185307179586,0.0,6.569052506515456,-27.574435196273573,0.6439229989494283,0,3.3794432339516747,0.0,3.3794432339516747,3.3794432339516747,-27.29682401810598,6.294014960398346,4.356077001050572,0.001,5000.0,-inf,0.6839230801976406,0.5954437549533628,5.0,1.9296494722366333,0.0
11.034236907958984,3.3794432339516747,-24.107214745542198,6.283185307179586,0.0,6.294014960398346,-27.29682401810598,0.6081938542747087,0,3.3794432339516747,0.0,3.3794432339516747,3.3794432339516747,-27.021786471988868,6.016723492841185,4.391806145725291,0.001,5000.0,-inf,0.6694514927738228,3.481770740125808,5.0,1.9296494722366333,0.0
11.04430341720581,2.763303492496996,-20.406969386058762,6.283185307179586,0.0,6.016723492841185,-27.021786471988868,0.5721234242778772,0,2.763303492496996,0.0,2.763303492496996,2.763303492496996,-23.66038938640295,5.778545964299451,4.427876575722123,0.001,5000.0,-inf,0.6531584228309243,3.583211330998779,5.0,2.0542337894439697,12.376119084837288
11.054580450057983,2.5839150079515396,-17.817372854743116,6.283185307179586,0.0,5.778545964299451,-23.66038938640295,0.5723925411378936,0,2.5839150079515396,0.0,2.5839150079515396,2.5839150079515396,-21.012003811091027,5.562604910842887,4.427607458862107,0.001,5000.0,-inf,0.7378425805478319,0.026186241095795107,5.0,2.0542337894439697,0.0
11.064644575119019,2.4161413646430265,-16.660597656639208,6.283185307179586,0.0,5.562604910842887,-21.012003811091027,0.5686446494070939,0,2.4161413646430265,0.0,2.4161413646430265,2.4161413646430265,-19.80706120283907,5.363264169805937,4.431355350592906,0.001,5000.0,-inf,0.8140583224930488,0.3724011484426256,5.0,2.0542337894439697,0.0
11.074776411056519,2.2598969629646324,-15.580991891043613,6.283185307179586,0.0,5.363264169805937,-19.80706120283907,0.5527863717444406,0,2.2598969629646324,0.0,2.2598969629646324,2.2598969629646324,-18.68435909788492,5.1739573088288315,4.447213628255559,0.001,5000.0,-inf,0.8483296079443967,1.5651928989452562,5.0,2.0542337894439697,0.0
11.084894895553589,2.2598969629646324,-15.580991891043613,6.283185307179586,0.0,5.1739573088288315,-18.68435909788492,0.5375104322571873,0,2.2598969629646324,0.0,2.2598969629646324,2.2598969629646324,-18.495052236907814,4.986815409497174,4.4624895677428125,0.001,5000.0,-inf,0.8809616673416215,1.5097062699138613,5.0,2.0542337894439697,0.0
11.09506630897522,2.2598969629646324,-15.580991891043613,6.283185307179586,0.0,4.986815409497174,-18.495052236907814,0.5132036349605262,0,2.2598969629646324,0.0,2.2598969629646324,2.2598969629646324,-18.307910337576153,4.800598084567538,4.486796365039474,0.001,5000.0,-inf,0.8819746266908157,2.3897167767234246,5.0,2.161501884460449,10.546036285218696
11.105133771896362,1.847511552238043,-13.645233336637565,6.283185307179586,0.0,4.800598084567538,-18.307910337576153,0.48900462846369386,0,1.847511552238043,0.0,1.847511552238043,1.847511552238043,-16.59831986896706,4.6334951147334476,4.510995371536306,0.001,5000.0,-inf,0.8824362128798624,2.4036846906098144,5.0,2.161501884460449,0.0
11.115205764770508,1.847511552238043,-13.645233336637565,6.283185307179586,0.0,4.6334951147334476,-16.59831986896706,0.48270611737301217,0,1.847511552238043,0.0,1.847511552238043,1.847511552238043,-16.43121689913297,4.468000015211841,4.517293882626988,0.001,5000.0,-inf,0.9401535669186334,0.6253490415833963,5.0,2.161501884460449,0.0
11.125287532806396,1.615765194063747,-11.52700476816937,6.283185307179586,0.0,4.468000015211841,-16.43121689913297,0.461207833138328,0,1.615765194063747,0.0,1.615765194063747,1.615765194063747,-14.379239589317464,4.323031857139875,4.538792166861672,0.001,5000.0,-inf,0.9435389037265491,2.13239227069651,5.0,2.161501884460449,0.0
11.1353600025177,1.5103757234520447,-10.416520834775776,6.283185307179586,0.0,4.323031857139875,-14.379239589317464,0.4614320641064079,0,1.5103757234520447,0.0,1.5103757234520447,1.5103757234520447,-13.229176968463605,4.1897813728195485,4.538567935893592,0.001,5000.0,-inf,0.9991850133538943,0.022261766429363932,5.0,2.2538607120513916,9.169432149028333
11.145507574081421,1.4126684625632546,-9.739850631592747,6.283185307179586,0.0,4.1897813728195485,-13.229176968463605,0.45427762251010073,0,1.4126684625632546,0.0,1.4126684625632546,1.4126684625632546,-12.51696354184904,4.062764589518152,4.545722377489899,0.001,5000.0,-inf,1.0426596747471368,0.7050397773872844,5.0,2.2538607120513916,0.0
11.155579566955566,1.4126684625632546,-9.739850631592747,6.283185307179586,0.0,4.062764589518152,-12.51696354184904,0.4436174071140509,0,1.4126684625632546,0.0,1.4126684625632546,1.4126684625632546,-12.389946758547644,3.937973134055018,4.556382592885949,0.001,5000.0,-inf,1.0704007603564465,1.0584018008406533,5.0,2.2538607120513916,0.0
11.16565227508545,1.2354616380183254,-8.813908701926934,6.283185307179586,0.0,3.937973134055018,-12.389946758547644,0.4274167711822262,0,1.2354616380183254,0.0,1.2354616380183254,1.2354616380183254,-11.516420197963626,3.821971594699843,4.5725832288177735,0.001,5000.0,-inf,1.0776465579282184,1.608369439769836,5.0,2.2538607120513916,0.0
11.175719261169434,1.2354616380183254,-8.813908701926934,6.283185307179586,0.0,3.821971594699843,-11.516420197963626,0.4199118212783418,0,1.2354616380183254,0.0,1.2354616380183254,1.2354616380183254,-11.400418658608451,3.7072037387120362,4.580088178721658,0.001,5000.0,-inf,1.1119713088801602,0.7455011699900989,5.0,2.3333823680877686,7.899251610458507
11.185884237289429,1.0803138423424439,-7.707688535593265,6.283185307179586,0.0,3.7072037387120362,-11.400418658608451,0.40500433683360065,0,1.0803138423424439,0.0,1.0803138423424439,1.0803138423424439,-10.334578431962857,3.6021529957409166,4.594995663166399,0.001,5000.0,-inf,1.1196296663765193,1.4665538087607746,5.0,2.3333823680877686,0.0
11.196129322052002,1.0100823472812746,-6.965364750444373,6.283185307179586,0.0,3.6021529957409166,-10.334578431962857,0.4009556350840998,0,1.0100823472812746,0.0,1.0100823472812746,1.0100823472812746,-9.557435398904015,3.504236259966327,4.5990443649159,0.001,5000.0,-inf,1.1576666997388676,0.3951847977179578,5.0,2.3333823680877686,0.0
11.206195592880249,1.0100823472812746,-6.965364750444373,6.283185307179586,0.0,3.504236259966327,-9.557435398904015,0.3950187224062457,0,1.0100823472812746,0.0,1.0100823472812746,1.0100823472812746,-9.459518663129426,3.4090141831984084,4.604981277593755,0.001,5000.0,-inf,1.1890070307260916,0.5897827287931185,5.0,2.3333823680877686,0.0
11.216267347335815,0.8833946607447675,-6.302160592905385,6.283185307179586,0.0,3.4090141831984084,-9.459518663129426,0.38266679901648293,0,0.8833946607447675,0.0,0.8833946607447675,0.8833946607447675,-8.827780115359026,3.320102949488781,4.617333200983517,0.001,5000.0,-inf,1.19670034945382,1.226392426886079,5.0,2.3333823680877686,0.0
11.226363897323608,0.8261238033574732,-5.69626241932555,6.283185307179586,0.0,3.320102949488781,-8.827780115359026,0.3765366117748391,0,0.8261238033574732,0.0,0.8261238033574732,0.8261238033574732,-8.190241565456859,3.2374097661110457,4.623463388225161,0.001,5000.0,-inf,1.2235774898392187,0.6071566276654308,5.0,2.3333823680877686,0.0
11.236432075500488,0.8261238033574732,-5.69626241932555,6.283185307179586,0.0,3.2374097661110457,-8.190241565456859,0.37133495160097785,0,0.8261238033574732,0.0,0.8261238033574732,0.8261238033574732,-8.107548382079123,3.155781524422599,4.628665048399022,0.001,5000.0,-inf,1.250683445941003,0.5166436352711871,5.0,2.401850938796997,6.800492552511307
11.246503353118896,0.8261238033574732,-5.69626241932555,6.283185307179586,0.0,3.155781524422599,-8.107548382079123,0.36073392959837264,0,0.8261238033574732,0.0,0.8261238033574732,0.8261238033574732,-8.025920140390676,3.0749502545455507,4.639266070401628,0.001,5000.0,-inf,1.257809116763396,1.0525995215571005,5.0,2.401850938796997,0.0
11.256699085235596,0.8261238033574732,-5.69626241932555,6.283185307179586,0.0,3.0749502545455507,-8.025920140390676,0.3502338342324704,0,0.8261238033574732,0.0,0.8261238033574732,0.8261238033574732,-7.9450888705136276,2.9939442567784256,4.64976616576753,0.001,5000.0,-inf,1.2649551953952605,1.02985202491781,5.0,2.401850938796997,0.0
11.266972541809082,0.6317779888167155,-4.83074906105545,6.283185307179586,0.0,2.9939442567784256,-7.9450888705136276,0.33970130724384334,0,0.6317779888167155,0.0,0.6317779888167155,0.6317779888167155,-7.19291532901716,2.9200481535090037,4.6602986927561565,0.001,5000.0,-inf,1.2715360023486901,1.0252174536668928,5.0,2.401850938796997,0.0
11.277366876602173,0.6317779888167155,-4.83074906105545,6.283185307179586,0.0,2.9200481535090037,-7.19291532901716,0.33687758820108893,0,0.6317779888167155,0.0,0.6317779888167155,0.6317779888167155,-7.1190192257477385,2.8460506842781315,4.663122411798911,0.001,5000.0,-inf,1.294382402113821,0.2716594278482695,5.0,2.460803508758545,5.6716058444388375
11.287433862686157,0.5524084542161675,-3.9413702621646975,6.283185307179586,0.0,2.8460506842781315,-7.1190192257477385,0.3272569035414611,0,0.5524084542161675,0.0,0.5524084542161675,0.5524084542161675,-6.235012492226661,2.7832829002854167,4.672743096458539,0.001,5000.0,-inf,1.3002615641074027,0.9556668281218194,5.0,2.460803508758545,0.0
11.297498226165771,0.5164929474247455,-3.561663406957991,6.283185307179586,0.0,2.7832829002854167,-6.235012492226661,0.32730948111769176,0,0.5164929474247455,0.0,0.5164929474247455,0.5164929474247455,-5.8284533598186625,2.7246232271482227,4.672690518882308,0.001,5000.0,-inf,1.3202354076966625,0.005224133283458037,5.0,2.460803508758545,0.0
11.307564735412598,0.5164929474247455,-3.561663406957991,6.283185307179586,0.0,2.7246232271482227,-5.8284533598186625,0.3231627182025646,0,0.5164929474247455,0.0,0.5164929474247455,0.5164929474247455,-5.769793686681468,2.6665415456489643,4.676837281797435,0.001,5000.0,-inf,1.3382118669269962,0.4119365326599767,5.0,2.460803508758545,0.0
11.317633628845215,0.4517465331116475,-3.222648508794376,6.283185307179586,0.0,2.6665415456489643,-5.769793686681468,0.31561787952404036,0,0.4517465331116475,0.0,0.4517465331116475,0.4517465331116475,-5.4374435213316925,2.611792506286801,4.684382120475959,0.001,5000.0,-inf,1.3463569863420408,0.749321534587254,5.0,2.511561870574951,5.041106270126918
11.327700853347778,0.4517465331116475,-3.222648508794376,6.283185307179586,0.0,2.611792506286801,-5.4374435213316925,0.31127651566683523,0,0.4517465331116475,0.0,0.4517465331116475,0.4517465331116475,-5.382694481969529,2.557603712508104,4.688723484333165,0.001,5000.0,-inf,1.3617212877078368,0.4312374136585173,5.0,2.511561870574951,0.0
11.337859153747559,0.4517465331116475,-3.222648508794376,6.283185307179586,0.0,2.557603712508104,-5.382694481969529,0.30423757493143927,0,0.4517465331116475,0.0,0.4517465331116475,0.4517465331116475,-5.328505688190832,2.5034751510455235,4.695762425068561,0.001,5000.0,-inf,1.3693326853480814,0.6929250424163685,5.0,2.511561870574951,0.0
11.34828805923462,0.36941527052830986,-2.7280094165008473,3.6725978181797085,-86.50064421618958,2.5034751510455235,-5.328505688190832,0.29720146426446503,0,0.36941527052830986,0.0,0.36941527052830986,0.36941527052830986,-4.862069297018061,2.452769089875383,4.702798535735535,0.001,5000.0,-inf,1.3767710345736497,0.6746739315745214,5.0,2.511561870574951,0.0
11.35835886001587,0.3454554861874277,-2.382009986017669,2.8254483774526244,-84.22105970369934,2.452769089875383,-4.862069297018061,0.294766979612373,0,0.3454554861874277,0.0,0.3454554861874277,0.3454554861874277,-4.489323589705624,2.4075580063608912,4.705233020387627,0.001,5000.0,-inf,1.3890939311162849,0.24173694872651774,5.0,2.511561870574951,0.0
11.368507862091064,0.3229449700226368,-2.2271589175582576,1.960012499348797,-85.62501274442468,2.4075580063608912,-4.489323589705624,0.29216488499346854,0,0.3229449700226368,0.0,0.3229449700226368,0.3229449700226368,-4.311771953896512,2.3637978238530266,4.707835115006532,0.001,5000.0,-inf,1.4001845380046563,0.256389209463671,5.0,2.5552656650543213,4.306215936853975
11.37857723236084,0.3229449700226368,-2.2271589175582576,1.960012499348797,-85.62501274442468,2.3637978238530266,-4.311771953896512,0.28781397580045864,0,0.3229449700226368,0.0,0.3229449700226368,0.3229449700226368,-4.268011771388647,2.320821633011154,4.712186024199541,0.001,5000.0,-inf,1.4101660842041905,0.43209347520666275,5.0,2.5552656650543213,0.0
11.388651132583618,0.2824626492518337,-2.0150140620454815,0.40363535688418395,-77.4689239203453,2.320821633011154,-4.268011771388647,0.28223491090767516,0,0.2824626492518337,0.0,0.2824626492518337,0.2824626492518337,-4.053373045804802,2.2799883573820177,4.717765089092325,0.001,5000.0,-inf,1.4174154757867752,0.5538137930102318,5.0,2.5552656650543213,0.0
11.398741245269775,0.26409967603205087,-1.8211887169286132,-0.507664658118232,-90.38020614609948,2.2799883573820177,-4.053373045804802,0.27866463957543447,0,0.26409967603205087,0.0,0.26409967603205087,0.26409967603205087,-3.83707739827858,2.24127181404788,4.721335360424566,0.001,5000.0,-inf,1.4256739282080977,0.3538385985657822,5.0,2.5552656650543213,0.0
11.409441709518433,0.24699368290857737,-1.7030081980004124,-1.3565844710196955,-84.51525675129028,2.24127181404788,-3.83707739827858,0.2754072799839174,0,0.24699368290857737,0.0,0.24699368290857737,0.24699368290857737,-3.6972863291397147,2.2017091338658714,4.724592720016083,0.001,5000.0,-inf,1.4331065353872878,0.3044129222641747,5.0,2.5928945541381836,3.516566030168668
11.419562101364136,0.24699368290857737,-1.7030081980004124,-1.3565844710196955,-84.51525675129028,2.2017091338658714,-3.6972863291397147,0.2712664154498249,0,0.24699368290857737,0.0,0.24699368290857737,0.24699368290857737,-3.657723648957706,2.1646915372751243,4.7287335845501755,0.001,5000.0,-inf,1.4397958818485592,0.4091604946947411,5.0,2.5928945541381836,0.0
11.429631471633911,0.21594527474218864,-1.5408133482325306,-3.082137559499693,-85.63257792687958,2.1646915372751243,-3.657723648957706,0.26647957872894035,0,0.21594527474218864,0.0,0.21594527474218864,0.21594527474218864,-3.4895596107654665,2.1295538694758736,4.733520421271059,0.001,5000.0,-inf,1.4458162936637033,0.4753859072252898,5.0,2.5928945541381836,0.0
11.439711809158325,0.21594527474218864,-1.5408133482325306,-3.082137559499693,-85.63257792687958,2.1295538694758736,-3.4895596107654665,0.26324194561896763,0,0.21594527474218864,0.0,0.21594527474218864,0.21594527474218864,-3.4544219429662153,2.0947321303390316,4.736758054381032,0.001,5000.0,-inf,1.451234664297333,0.3211830062367786,5.0,2.5928945541381836,0.0
11.449780702590942,0.21594527474218864,-1.5408133482325306,-3.082137559499693,-85.63257792687958,2.0947321303390316,-3.4544219429662153,0.2587182788178023,0,0.21594527474218864,0.0,0.21594527474218864,0.21594527474218864,-3.419600203829374,2.060300540304518,4.741281721182197,0.001,5000.0,-inf,1.4561111978676,0.4492714945727169,5.0,2.2886087894439697,-30.220377912483425
11.459850549697876,0.17661485451321846,-1.30414365246854,-5.145801428666126,-68.42830867643998,2.060300540304518,-3.419600203829374,0.25424607360433876,0,0.17661485451321846,0.0,0.17661485451321846,0.17661485451321846,-3.1878293382598395,2.0281995862652438,4.745753926395661,0.001,5000.0,-inf,1.4605000780808401,0.44411848223437217,5.0,2.2886087894439697,0.0
11.469918966293335,0.17661485451321846,-1.30414365246854,-5.145801428666126,-68.42830867643998,2.0281995862652438,-3.1878293382598395,0.25206964869453574,0,0.17661485451321846,0.0,0.17661485451321846,0.17661485451321846,-3.1557283842205655,1.9964263982307964,4.747930351305464,0.001,5000.0,-inf,1.4644500702727563,0.21616357340484132,5.0,2.2886087894439697,0.0
11.479984760284424,0.1544244810390224,-1.1018097170020524,-6.283185307179586,-56.474065691812996,1.9964263982307964,-3.1557283842205655,0.24794241191010588,0,0.1544244810390224,0.0,0.1544244810390224,0.1544244810390224,-2.9438116341938265,1.9667945967724307,4.752057588089894,0.001,5000.0,-inf,1.4680050632454806,0.4100259540463133,5.0,2.2886087894439697,0.0
11.490050315856934,0.1544244810390224,-1.1018097170020524,-6.283185307179586,-56.474065691812996,1.9667945967724307,-2.9438116341938265,0.24591312720620206,0,0.1544244810390224,0.0,0.1544244810390224,0.1544244810390224,-2.914179832735461,1.9374617577177444,4.754086872793798,0.001,5000.0,-inf,1.4712045569209327,0.2016068253049077,5.0,1.5777281522750854,-70.62507698138235
11.500115633010864,0.13505350377404607,-0.9634846185254932,-6.283185307179586,0.0,1.9374617577177444,-2.914179832735461,0.24210284775312965,0,0.13505350377404607,0.0,0.13505350377404607,0.13505350377404607,-2.7658928724691916,1.9096221687425454,4.75789715224687,0.001,5000.0,-inf,1.4740841012288395,0.3785553296335465,5.0,1.5777281522750854,0.0
11.510186672210693,0.13505350377404607,-0.9634846185254932,-6.283185307179586,0.0,1.9096221687425454,-2.7658928724691916,0.23968817489926444,0,0.13505350377404607,0.0,0.13505350377404607,0.13505350377404607,-2.7380532834939926,1.8820471267932566,4.760311825100736,0.001,5000.0,-inf,1.4766756911059558,0.23976402096679186,5.0,1.5777281522750854,0.0
11.520257472991943,0.13505350377404607,-0.9634846185254932,-6.283185307179586,0.0,1.8820471267932566,-2.7380532834939926,0.236106064916116,0,0.13505350377404607,0.0,0.13505350377404607,0.13505350377404607,-2.7104782415447035,1.8547504404007469,4.763893935083884,0.001,5000.0,-inf,1.4790081219953604,0.3556926664479044,5.0,1.5777281522750854,0.0
11.530327558517456,0.1104611084247964,-0.8156376345882935,-6.283185307179586,0.0,1.8547504404007469,-2.7104782415447035,0.23256027924065756,0,0.1104611084247964,0.0,0.1104611084247964,0.1104611084247964,-2.559926966564244,1.8289717569083788,4.767439720759342,0.001,5000.0,-inf,1.4811073097958243,0.35211078063588835,5.0,1.5777281522750854,0.0
11.540381908416748,0.1104611084247964,-0.8156376345882935,-6.283185307179586,0.0,1.8289717569083788,-2.559926966564244,0.23045677630153064,0,0.1104611084247964,0.0,0.1104611084247964,0.1104611084247964,-2.534148283071876,1.8034925433736841,4.769543223698469,0.001,5000.0,-inf,1.482996578816242,0.20921322215721244,5.0,0.9656527638435364,-60.87667472907923
11.550453662872314,0.09657479720112304,-0.6890835714621821,-6.283185307179586,0.0,1.8034925433736841,-2.534148283071876,0.22714747324159704,0,0.09657479720112304,0.0,0.09657479720112304,0.09657479720112304,-2.3960013176347434,1.7793606064272534,4.7728525267584025,0.001,5000.0,-inf,1.484696920934618,0.32857265082595716,5.0,0.9656527638435364,0.0
11.560564517974854,0.09657479720112304,-0.6890835714621821,-6.283185307179586,0.0,1.7793606064272534,-2.3960013176347434,0.22515047172346805,0,0.09657479720112304,0.0,0.09657479720112304,0.09657479720112304,-2.371869380688312,1.7553789787969645,4.7748495282765315,0.001,5000.0,-inf,1.4862272288411562,0.19751064552665684,5.0,0.9656527638435364,0.0
11.57063341140747,0.08445389536160808,-0.6025261575458062,-6.283185307179586,0.0,1.7553789787969645,-2.371869380688312,0.22203436322469192,0,0.08445389536160808,0.0,0.08445389536160808,0.08445389536160808,-2.2734512409811627,1.732487840527274,4.777965636775308,0.001,5000.0,-inf,1.4876045059570409,0.30947874457403746,5.0,0.9656527638435364,0.0
11.580703258514404,0.08445389536160808,-0.6025261575458062,-6.283185307179586,0.0,1.732487840527274,-2.2734512409811627,0.21981378526400674,0,0.08445389536160808,0.0,0.08445389536160808,0.08445389536160808,-2.250560102711472,1.7098250443880045,4.780186214735993,0.001,5000.0,-inf,1.4888440553613367,0.22051754481517327,5.0,0.4386502206325531,-52.33471150203618
11.590804815292358,0.07383994271964031,-0.5268544110158344,-6.283185307179586,0.0,1.7098250443880045,-2.250560102711472,0.21686990518720595,0,0.07383994271964031,0.0,0.07383994271964031,0.07383994271964031,-2.1628395126841986,1.6879769982490225,4.783130094812794,0.001,5000.0,-inf,1.4899596498252032,0.2914283552041798,5.0,0.4386502206325531,0.0
11.600875854492188,0.07383994271964031,-0.5268544110158344,-6.283185307179586,0.0,1.6879769982490225,-2.1628395126841986,0.2146883846280212,0,0.07383994271964031,0.0,0.07383994271964031,0.07383994271964031,-2.1409914665452163,1.666414989262946,4.785311615371979,0.001,5000.0,-inf,1.4909636848426828,0.21661325270402734,5.0,0.4386502206325531,0.0
11.610938549041748,0.07383994271964031,-0.5268544110158344,-6.283185307179586,0.0,1.666414989262946,-2.1409914665452163,0.2118881838313603,0,0.07383994271964031,0.0,0.07383994271964031,0.07383994271964031,-2.11942945755914,1.6450878180121877,4.78811181616864,0.001,5000.0,-inf,1.4918673163584146,0.27827544430265905,5.0,0.4386502206325531,0.0
11.621010780334473,0.07383994271964031,-0.5268544110158344,-6.283185307179586,0.0,1.6450878180121877,-2.11942945755914,0.2091179999461149,0,0.07383994271964031,0.0,0.07383994271964031,0.07383994271964031,-2.098102286308382,1.6239552465086955,4.790882000053885,0.001,5000.0,-inf,1.492680584722573,0.27503179829144214,5.0,0.4386502206325531,0.0
11.631093740463257,0.05644502996339011,-0.43169033692401737,-6.283185307179586,0.0,1.6239552465086955,-2.098102286308382,0.2063727116481336,0,0.05644502996339011,0.0,0.05644502996339011,0.05644502996339011,-1.999200553469323,1.6037973870386208,4.793627288351867,0.001,5000.0,-inf,1.493412526250316,0.27227007375981266,5.0,-0.015104287303984165,-45.00211268724433
11.641156911849976,0.05644502996339011,-0.43169033692401737,-6.283185307179586,0.0,1.6037973870386208,-1.999200553469323,0.2045396286507137,0,0.05644502996339011,0.0,0.05644502996339011,0.05644502996339011,-1.979042693999248,1.5838819412272729,4.795460371349287,0.001,5000.0,-inf,1.4940712736252846,0.18215758501730012,5.0,-0.015104287303984165,0.0
11.651224613189697,0.05644502996339011,-0.43169033692401737,-6.283185307179586,0.0,1.5838819412272729,-1.979042693999248,0.20195304483182575,0,0.05644502996339011,0.0,0.05644502996339011,0.05644502996339011,-1.9591272481879,1.5641580332060063,4.798046955168174,0.001,5000.0,-inf,1.4946641462627563,0.256919005799537,5.0,-0.015104287303984165,0.0
11.661357402801514,0.04616300206302847,-0.340878880998138,-6.283185307179586,0.0,1.5641580332060063,-1.9591272481879,0.1993908521669619,0,0.04616300206302847,0.0,0.04616300206302847,0.04616300206302847,-1.858873912141116,1.5453224549393862,4.800609147833038,0.001,5000.0,-inf,1.4951977316364808,0.2528615280708024,5.0,-0.015104287303984165,0.0
11.671426057815552,0.04616300206302847,-0.340878880998138,-6.283185307179586,0.0,1.5453224549393862,-1.858873912141116,0.19775640457010293,0,0.04616300206302847,0.0,0.04616300206302847,0.04616300206302847,-1.840038333874496,1.5267957437429984,4.802243595429897,0.001,5000.0,-inf,1.4956779584728328,0.16233028091439777,5.0,-0.40579116344451904,-38.80229043460373
11.68162727355957,0.04036205803618581,-0.2879842192948296,-6.283185307179586,0.0,1.5267957437429984,-1.840038333874496,0.19535102078527483,0,0.04036205803618581,0.0,0.04036205803618581,0.04036205803618581,-1.7744179050016422,1.5086945238740272,4.804648979214726,0.001,5000.0,-inf,1.4961101626255497,0.23579383528267112,5.0,-0.40579116344451904,0.0
11.691695213317871,0.037752328402347025,-0.2602843829868399,-6.283185307179586,0.0,1.5086945238740272,-1.7744179050016422,0.1934730542923474,0,0.037752328402347025,0.0,0.037752328402347025,0.037752328402347025,-1.7312265784585201,1.4912646389741377,4.8065269457076525,0.001,5000.0,-inf,1.4964991463629946,0.18652937323935517,5.0,-0.40579116344451904,0.0
11.70176887512207,0.03530668050761341,-0.2434390380775273,-6.283185307179586,0.0,1.4912646389741377,-1.7312265784585201,0.19146478367179412,0,0.03530668050761341,0.0,0.03530668050761341,0.03530668050761341,-1.6993969965440516,1.4741454883598808,4.808535216328206,0.001,5000.0,-inf,1.4968492317266953,0.199358551000405,5.0,-0.40579116344451904,0.0
11.711914539337158,0.03530668050761341,-0.2434390380775273,-6.283185307179586,0.0,1.4741454883598808,-1.6993969965440516,0.1893863984049428,0,0.03530668050761341,0.0,0.03530668050761341,0.03530668050761341,-1.6822778459297947,1.4570776622185957,4.810613601595057,0.001,5000.0,-inf,1.4971643085540256,0.20485452926388834,5.0,-0.40579116344451904,0.0
11.721973896026611,0.030858584317224526,-0.22021822311090636,-6.283185307179586,0.0,1.4570776622185957,-1.6822778459297947,0.18716809425130548,0,0.030858584317224526,0.0,0.030858584317224526,0.030858584317224526,-1.6464373010122777,1.4405155621408927,4.812831905748695,0.001,5000.0,-inf,1.4974478776986233,0.22052147290523477,5.0,-0.7421765327453613,-33.44004787637467
11.732041597366333,0.030858584317224526,-0.22021822311090636,-6.283185307179586,0.0,1.4405155621408927,-1.6464373010122777,0.18520780568960224,0,0.030858584317224526,0.0,0.030858584317224526,0.030858584317224526,-1.6298752009345747,1.4241064653968643,4.814792194310398,0.001,5000.0,-inf,1.4977030899287609,0.19471063905809466,5.0,-0.7421765327453613,0.0
11.742106676101685,0.030858584317224526,-0.22021822311090636,-6.283185307179586,0.0,1.4241064653968643,-1.6298752009345747,0.18307615314621528,0,0.030858584317224526,0.0,0.030858584317224526,0.030858584317224526,-1.6134661041905463,1.4078668020213654,4.8169238468537845,0.001,5000.0,-inf,1.4979327809358849,0.21178697151170392,5.0,-0.7421765327453613,0.0
11.752167701721191,0.025239871093387087,-0.18636788148541947,-6.283185307179586,0.0,1.4078668020213654,-1.6134661041905463,0.1809666912410857,0,0.025239871093387087,0.0,0.025239871093387087,0.025239871093387087,-1.5689948124133979,1.392081105016801,4.819033308758915,0.001,5000.0,-inf,1.4981395028422964,0.20966668656917598,5.0,-0.7421765327453613,0.0
11.762243032455444,0.025239871093387087,-0.18636788148541947,-6.283185307179586,0.0,1.392081105016801,-1.5689948124133979,0.17920140657821815,0,0.025239871093387087,0.0,0.025239871093387087,0.025239871093387087,-1.5532091154088334,1.3764320094796003,4.820798593421782,0.001,5000.0,-inf,1.4983255525580668,0.1752086069855887,5.0,-1.03180730342865,-28.74652736695142
11.77230954170227,0.022073435656773287,-0.15747528151974816,-4.226660367275079,102.27647155508538,1.3764320094796003,-1.5532091154088334,0.17716839017305575,0,0.022073435656773287,0.0,0.022073435656773287,0.022073435656773287,-1.5118338553425752,1.3612131199951294,4.822831609826944,0.001,5000.0,-inf,1.49849299730226,0.20195843020790782,5.0,-1.03180730342865,0.0
11.782382726669312,0.022073435656773287,-0.15747528151974816,-4.226660367275079,102.27647155508538,1.3612131199951294,-1.5118338553425752,0.17545149824589237,0,0.022073435656773287,0.0,0.022073435656773287,0.022073435656773287,-1.4966149658581043,1.346137440619599,4.824548501754108,0.001,5000.0,-inf,1.4986436975720343,0.17044181485607196,5.0,-1.03180730342865,0.0
11.792474746704102,0.0192967253526867,-0.1376932105562837,-1.2312642373898388,148.53753717294674,1.346137440619599,-1.4966149658581043,0.17349309202816285,0,0.0192967253526867,0.0,0.0192967253526867,0.0192967253526867,-1.4645339258231957,1.3313573348985615,4.8265069079718375,0.001,5000.0,-inf,1.4987793278148311,0.1940549276535665,5.0,-1.03180730342865,0.0
11.80264925956726,0.0192967253526867,-0.1376932105562837,-1.2312642373898388,148.53753717294674,1.3313573348985615,-1.4645339258231957,0.17174468762756667,0,0.0192967253526867,0.0,0.0192967253526867,0.0192967253526867,-1.4497538201021585,1.3166067960075178,4.828255312372433,0.001,5000.0,-inf,1.4989013950333483,0.17184158338695124,5.0,-1.03180730342865,0.0
11.812714338302612,0.01687408251276539,-0.12038885069491152,1.3821790793704318,129.87033502275804,1.3166067960075178,-1.4497538201021585,0.16982741324003092,0,0.01687408251276539,0.0,0.01687408251276539,0.01687408251276539,-1.420121564189664,1.302313160650178,4.830172586759969,0.001,5000.0,-inf,1.4990112555300135,0.19048776844653087,5.0,-1.2811824083328247,-24.776269660792117
11.822797298431396,0.015781583269381103,-0.1088115963745176,2.642394123745663,125.51588624342727,1.302313160650178,-1.420121564189664,0.16812262684912832,0,0.015781583269381103,0.0,0.015781583269381103,0.015781583269381103,-1.3953431737553146,1.288243971063232,4.8318773731508715,0.001,5000.0,-inf,1.4991101299770122,0.1690759825614988,5.0,-1.2811824083328247,0.0
11.832869291305542,0.015781583269381103,-0.1088115963745176,2.642394123745663,125.51588624342727,1.288243971063232,-1.3953431737553146,0.16640072421129937,0,0.015781583269381103,0.0,0.015781583269381103,0.015781583269381103,-1.3812739841683686,1.2743317893374457,4.833599275788701,0.001,5000.0,-inf,1.499199116979311,0.17095947736907402,5.0,-1.2811824083328247,0.0
11.842939615249634,0.015781583269381103,-0.1088115963745176,2.642394123745663,125.51588624342727,1.2743317893374457,-1.3812739841683686,0.16459371066555872,0,0.015781583269381103,0.0,0.015781583269381103,0.015781583269381103,-1.3673618024425822,1.2605620130380717,4.835406289334442,0.001,5000.0,-inf,1.49927920528138,0.17943946548023493,5.0,-1.2811824083328247,0.0
11.853016138076782,0.01290527119380125,-0.09530154471441342,6.283185307179586,120.63121617077027,1.2605620130380717,-1.3673618024425822,0.16280506380090423,0,0.01290527119380125,0.0,0.01290527119380125,0.01290527119380125,-1.3429582865586838,1.247029663207655,4.837194936199095,0.001,5000.0,-inf,1.4993512847532422,0.17750635763315809,5.0,-1.2742444276809692,0.6885292447473027
11.863086462020874,0.01290527119380125,-0.09530154471441342,6.283185307179586,120.63121617077027,1.247029663207655,-1.3429582865586838,0.16115456998348487,0,0.01290527119380125,0.0,0.01290527119380125,0.01290527119380125,-1.329425936728267,1.2336419133651235,4.838845430016515,0.001,5000.0,-inf,1.4994161562779182,0.16389679483823288,5.0,-1.2742444276809692,0.0
11.873152732849121,0.01290527119380125,-0.09530154471441342,6.283185307179586,120.63121617077027,1.2336419133651235,-1.329425936728267,0.15941560850383463,0,0.01290527119380125,0.0,0.01290527119380125,0.01290527119380125,-1.3160381868857356,1.2203943165556164,4.840584391496165,0.001,5000.0,-inf,1.4994745406501266,0.17275131072080127,5.0,-1.2742444276809692,0.0
11.883224487304688,0.01290527119380125,-0.09530154471441342,6.283185307179586,120.63121617077027,1.2203943165556164,-1.3160381868857356,0.15769482244892896,0,0.01290527119380125,0.0,0.01290527119380125,0.01290527119380125,-1.3027905900762284,1.2072729296253462,4.842305177551071,0.001,5000.0,-inf,1.4995270865851142,0.1708526615196253,5.0,-1.2742444276809692,0.0
11.893296957015991,0.01290527119380125,-0.09530154471441342,6.283185307179586,120.63121617077027,1.2072729296253462,-1.3027905900762284,0.1559903042467862,0,0.01290527119380125,0.0,0.01290527119380125,0.01290527119380125,-1.2896692031459582,1.1942827756390573,4.844009695753214,0.001,5000.0,-inf,1.4995743779266029,0.1692254482760953,5.0,-1.2742444276809692,0.0
11.903382539749146,0.00922080618192148,-0.07306676219225999,6.283185307179586,0.0,1.1942827756390573,-1.2896692031459582,0.15430289655800847,0,0.00922080618192148,0.0,0.00922080618192148,0.00922080618192148,-1.2581287316493959,1.1815938142270488,4.845697103441991,0.001,5000.0,-inf,1.4996169401339428,0.16730889363791765,5.0,-0.7298700213432312,53.97550352229209
11.913451910018921,0.00922080618192148,-0.07306676219225999,6.283185307179586,0.0,1.1815938142270488,-1.2581287316493959,0.15284184667529288,0,0.00922080618192148,0.0,0.00922080618192148,0.00922080618192148,-1.2454397702373874,1.1690530200318245,4.847158153324707,0.001,5000.0,-inf,1.4996552461205486,0.1450984365031377,5.0,-0.7298700213432312,0.0
11.923521995544434,0.008069868709912133,-0.057550358753456536,6.283185307179586,0.0,1.1690530200318245,-1.2454397702373874,0.15121302510208157,0,0.008069868709912133,0.0,0.008069868709912133,0.008069868709912133,-1.218533510075369,1.1567822833696624,4.848786974897918,0.001,5000.0,-inf,1.499689721508494,0.16174853421896698,5.0,-0.7298700213432312,0.0
11.933620929718018,0.008069868709912133,-0.057550358753456536,6.283185307179586,0.0,1.1567822833696624,-1.218533510075369,0.14976418457099905,0,0.008069868709912133,0.0,0.008069868709912133,0.008069868709912133,-1.2062627734132068,1.1446003150249175,4.850235815429001,0.001,5000.0,-inf,1.4997207493576448,0.14346469698478517,5.0,-0.7298700213432312,0.0
11.943769931793213,0.008069868709912133,-0.057550358753456536,6.283185307179586,0.0,1.1446003150249175,-1.2062627734132068,0.1481814163693564,0,0.008069868709912133,0.0,0.008069868709912133,0.008069868709912133,-1.194080805068462,1.1324815864563267,4.851818583630644,0.001,5000.0,-inf,1.4997486744218804,0.15595308680752237,5.0,-0.23563891649246216,48.69750751738395
11.953890800476074,0.006595163312729256,-0.04871822077649791,6.283185307179586,0.0,1.1324815864563267,-1.194080805068462,0.14660661405320113,0,0.006595163312729256,0.0,0.006595163312729256,0.006595163312729256,-1.1746046439200954,1.1205935671009324,4.853393385946799,0.001,5000.0,-inf,1.4997738069796926,0.1555995207033981,5.0,-0.23563891649246216,0.0
11.963958263397217,0.006595163312729256,-0.04871822077649791,6.283185307179586,0.0,1.1205935671009324,-1.1746046439200954,0.1451370529549296,0,0.006595163312729256,0.0,0.006595163312729256,0.006595163312729256,-1.1627166245647012,1.1088879605953312,4.854862947045071,0.001,5000.0,-inf,1.4997964262817236,0.14597134449686697,5.0,-0.23563891649246216,0.0
11.9740309715271,0.005768756635537382,-0.041151618565506184,6.283185307179586,0.0,1.1088879605953312,-1.1627166245647012,0.1436171482376994,0,0.005768756635537382,0.0,0.005768756635537382,0.005768756635537382,-1.1442708225253,1.097362054578493,4.856382851762301,0.001,5000.0,-inf,1.4998167836535514,0.15089335436227824,5.0,-0.23563891649246216,0.0
11.984333992004395,0.005768756635537382,-0.041151618565506184,6.283185307179586,0.0,1.097362054578493,-1.1442708225253,0.14218797941573602,0,0.005768756635537382,0.0,0.005768756635537382,0.005768756635537382,-1.1327449165084618,1.0856913605081544,4.857812020584264,0.001,5000.0,-inf,1.4998351052881964,0.13871357677225524,5.0,-0.23563891649246216,0.0
11.994447469711304,3.76189504106745,186.42198463238125,6.283185307179586,0.0,1.0856913605081544,-1.1327449165084618,0.140669341306057,0,3.76189504106745,0.0,3.76189504106745,3.76189504106745,100.0,2.0970391311990726,4.859330658693943,0.001,5000.0,-inf,1.499851594759377,0.15015983163156144,5.0,0.18989889323711395,42.076308670642874
